

================================================================
== Vitis HLS Report for 'dense_array_ap_fixed_16u_array_ap_fixed_8_2_5_3_0_1u_config10_s'
================================================================
* Date:           Fri Jun 26 18:52:42 2026

* Version:        2022.2 (Build 3670227 on Oct 13 2022)
* Project:        myproject_prj
* Solution:       solution1 (Vivado IP Flow Target)
* Product family: zynq
* Target device:  xc7z020-clg400-1


================================================================
== Performance Estimates
================================================================
+ Timing: 
    * Summary: 
    +--------+---------+----------+------------+
    |  Clock |  Target | Estimated| Uncertainty|
    +--------+---------+----------+------------+
    |ap_clk  |  5.00 ns|  4.170 ns|     0.62 ns|
    +--------+---------+----------+------------+

+ Latency: 
    * Summary: 
    +---------+---------+-----------+----------+-----+-----+------------------------------------------+
    |  Latency (cycles) |  Latency (absolute)  |  Interval |                 Pipeline                 |
    |   min   |   max   |    min    |    max   | min | max |                   Type                   |
    +---------+---------+-----------+----------+-----+-----+------------------------------------------+
    |       19|       20|  95.000 ns|  0.100 us|   16|   16|  loop rewind stp(delay=0 clock cycles(s))|
    +---------+---------+-----------+----------+-----+-----+------------------------------------------+

    + Detail: 
        * Instance: 
        N/A

        * Loop: 
        +-------------+---------+---------+----------+-----------+-----------+------+----------+
        |             |  Latency (cycles) | Iteration|  Initiation Interval  | Trip |          |
        |  Loop Name  |   min   |   max   |  Latency |  achieved |   target  | Count| Pipelined|
        +-------------+---------+---------+----------+-----------+-----------+------+----------+
        |- ReuseLoop  |       19|       19|         5|          1|          1|    16|       yes|
        +-------------+---------+---------+----------+-----------+-----------+------+----------+

============================================================
+ Verbose Summary: Synthesis Manager
============================================================
InlineROM: 1
ExposeGlobal: 0
============================================================
+ Verbose Summary: CDFG Model
============================================================
IsTopModel: 0
ResetActiveHigh: 1
IsCombinational: 2
IsDatapathOnly: 0
HasWiredReturn: 1
HasMFsm: 2
HasVarLatency: 1
IsPipeline: 0
IsRtlPipelined: 0
IsInstanceOverlapped: 0
IsDontTouch: 0
HasImplIP: 0
IsGatedGlobalClock: 0

+ Individual pipeline summary: 
  * Pipeline-0: initiation interval (II) = 1, depth = 5


============================================================
+ Verbose Summary: Schedule
============================================================
* Number of FSM states : 6
* Pipeline : 1
  Pipeline-0 : II = 1, D = 5, States = { 2 3 4 5 6 }
* Dataflow Pipeline: 0

* FSM state transitions: 
1 --> 2 
2 --> 3 
3 --> 4 
4 --> 5 
5 --> 6 
6 --> 2 

* FSM state operations: 

State 1 <SV = 0> <Delay = 1.58>
ST_1 : Operation 7 [1/1] (0.00ns)   --->   "%specinterface_ln0 = specinterface void @_ssdm_op_SpecInterface, i8 %layer10_out, void @empty_2, i32 0, i32 0, void @empty_0, i32 0, i32 0, void @empty_0, void @empty_0, void @empty_0, i32 0, i32 0, i32 0, i32 0, void @empty_0, void @empty_0, i32 4294967295, i32 0"   --->   Operation 7 'specinterface' 'specinterface_ln0' <Predicate = true> <Delay = 0.00>
ST_1 : Operation 8 [1/1] (0.00ns)   --->   "%specinterface_ln0 = specinterface void @_ssdm_op_SpecInterface, i128 %layer9_out, void @empty_2, i32 0, i32 0, void @empty_0, i32 0, i32 0, void @empty_0, void @empty_0, void @empty_0, i32 0, i32 0, i32 0, i32 0, void @empty_0, void @empty_0, i32 4294967295, i32 0"   --->   Operation 8 'specinterface' 'specinterface_ln0' <Predicate = true> <Delay = 0.00>
ST_1 : Operation 9 [1/1] (0.00ns)   --->   "%rbegin = specregionbegin i32 @_ssdm_op_SpecRegionBegin, void @nnet_KD_KD_dense_resource_MD_ap_fixed_MD_8_MC_AC_2_MC_AC_IC_ap_q_mode_JC_5_M_2" [firmware/nnet_utils/nnet_dense_stream.h:24]   --->   Operation 9 'specregionbegin' 'rbegin' <Predicate = true> <Delay = 0.00>
ST_1 : Operation 10 [1/1] (1.58ns)   --->   "%br_ln42 = br void %rewind_header" [firmware/nnet_utils/nnet_dense_resource.h:42->firmware/nnet_utils/nnet_dense_resource.h:240->firmware/nnet_utils/nnet_dense_stream.h:24]   --->   Operation 10 'br' 'br_ln42' <Predicate = true> <Delay = 1.58>

State 2 <SV = 1> <Delay = 1.73>
ST_2 : Operation 11 [1/1] (0.00ns)   --->   "%do_init = phi i1 1, void %nnet::dense_resource<ap_fixed<8, 2, (ap_q_mode)5, (ap_o_mode)3, 0>, ap_fixed<8, 2, (ap_q_mode)5, (ap_o_mode)3, 0>, config10>.region_begin, i1 0, void %for.body12.split.i.i, i1 1, void %nnet::dense_resource<ap_fixed<8, 2, (ap_q_mode)5, (ap_o_mode)3, 0>, ap_fixed<8, 2, (ap_q_mode)5, (ap_o_mode)3, 0>, config10>.region_end"   --->   Operation 11 'phi' 'do_init' <Predicate = true> <Delay = 0.00>
ST_2 : Operation 12 [1/1] (0.00ns)   --->   "%in_index3 = phi i4 0, void %nnet::dense_resource<ap_fixed<8, 2, (ap_q_mode)5, (ap_o_mode)3, 0>, ap_fixed<8, 2, (ap_q_mode)5, (ap_o_mode)3, 0>, config10>.region_begin, i4 %in_index, void %for.body12.split.i.i, i4 0, void %nnet::dense_resource<ap_fixed<8, 2, (ap_q_mode)5, (ap_o_mode)3, 0>, ap_fixed<8, 2, (ap_q_mode)5, (ap_o_mode)3, 0>, config10>.region_end"   --->   Operation 12 'phi' 'in_index3' <Predicate = true> <Delay = 0.00>
ST_2 : Operation 13 [1/1] (1.73ns)   --->   "%in_index = add i4 %in_index3, i4 1" [firmware/nnet_utils/nnet_dense_resource.h:42->firmware/nnet_utils/nnet_dense_resource.h:240->firmware/nnet_utils/nnet_dense_stream.h:24]   --->   Operation 13 'add' 'in_index' <Predicate = true> <Delay = 1.73> <CoreInst = "Adder">   --->   Core 1 'Adder' <Latency = 0> <II = 1> <Delay = 1.73> <FuncUnit> <Opcode : 'add' 'sub'> <InPorts = 2> <OutPorts = 1>
ST_2 : Operation 14 [1/1] (1.30ns)   --->   "%icmp_ln42 = icmp_eq  i4 %in_index3, i4 15" [firmware/nnet_utils/nnet_dense_resource.h:42->firmware/nnet_utils/nnet_dense_resource.h:240->firmware/nnet_utils/nnet_dense_stream.h:24]   --->   Operation 14 'icmp' 'icmp_ln42' <Predicate = true> <Delay = 1.30> <CoreInst = "Cmp">   --->   Core 9 'Cmp' <Latency = 0> <II = 1> <Delay = 1.30> <FuncUnit> <Opcode : 'icmp'> <InPorts = 2> <OutPorts = 1>
ST_2 : Operation 15 [1/1] (0.00ns)   --->   "%br_ln42 = br i1 %icmp_ln42, void %rewind_header, void %nnet::dense_resource<ap_fixed<8, 2, (ap_q_mode)5, (ap_o_mode)3, 0>, ap_fixed<8, 2, (ap_q_mode)5, (ap_o_mode)3, 0>, config10>.region_end" [firmware/nnet_utils/nnet_dense_resource.h:42->firmware/nnet_utils/nnet_dense_resource.h:240->firmware/nnet_utils/nnet_dense_stream.h:24]   --->   Operation 15 'br' 'br_ln42' <Predicate = true> <Delay = 0.00>
ST_2 : Operation 16 [1/1] (0.00ns)   --->   "%br_ln101 = br void %rewind_header" [firmware/nnet_utils/nnet_dense_stream.h:101]   --->   Operation 16 'br' 'br_ln101' <Predicate = (icmp_ln42)> <Delay = 0.00>

State 3 <SV = 2> <Delay = 2.32>
ST_3 : Operation 17 [1/1] (2.18ns)   --->   "%layer9_out_read = read i128 @_ssdm_op_Read.ap_fifo.volatile.i128P0A, i128 %layer9_out" [firmware/nnet_utils/nnet_dense_stream.h:43]   --->   Operation 17 'read' 'layer9_out_read' <Predicate = (do_init)> <Delay = 2.18> <CoreInst = "FIFO_SRL">   --->   Core 81 'FIFO_SRL' <Latency = 0> <II = 1> <Delay = 3.63> <Storage> <Opcode : 'read' 'write' 'nbread' 'nbwrite'> <Ports = 0> <Width = 128> <Depth = 1> <FIFO>
ST_3 : Operation 18 [1/1] (0.00ns)   --->   "%data_V = trunc i128 %layer9_out_read" [firmware/nnet_utils/nnet_dense_stream.h:43]   --->   Operation 18 'trunc' 'data_V' <Predicate = (do_init)> <Delay = 0.00>
ST_3 : Operation 19 [1/1] (0.00ns)   --->   "%data_V_70 = partselect i8 @_ssdm_op_PartSelect.i8.i128.i32.i32, i128 %layer9_out_read, i32 112, i32 119" [firmware/nnet_utils/nnet_dense_stream.h:43]   --->   Operation 19 'partselect' 'data_V_70' <Predicate = (do_init)> <Delay = 0.00>
ST_3 : Operation 20 [1/1] (0.00ns)   --->   "%data_V_71 = partselect i8 @_ssdm_op_PartSelect.i8.i128.i32.i32, i128 %layer9_out_read, i32 120, i32 127" [firmware/nnet_utils/nnet_dense_stream.h:43]   --->   Operation 20 'partselect' 'data_V_71' <Predicate = (do_init)> <Delay = 0.00>
ST_3 : Operation 21 [1/1] (0.00ns)   --->   "%data_V_72 = partselect i8 @_ssdm_op_PartSelect.i8.i128.i32.i32, i128 %layer9_out_read, i32 8, i32 15" [firmware/nnet_utils/nnet_dense_stream.h:43]   --->   Operation 21 'partselect' 'data_V_72' <Predicate = (do_init)> <Delay = 0.00>
ST_3 : Operation 22 [1/1] (0.00ns)   --->   "%data_V_73 = partselect i8 @_ssdm_op_PartSelect.i8.i128.i32.i32, i128 %layer9_out_read, i32 16, i32 23" [firmware/nnet_utils/nnet_dense_stream.h:43]   --->   Operation 22 'partselect' 'data_V_73' <Predicate = (do_init)> <Delay = 0.00>
ST_3 : Operation 23 [1/1] (0.00ns)   --->   "%data_V_74 = partselect i8 @_ssdm_op_PartSelect.i8.i128.i32.i32, i128 %layer9_out_read, i32 24, i32 31" [firmware/nnet_utils/nnet_dense_stream.h:43]   --->   Operation 23 'partselect' 'data_V_74' <Predicate = (do_init)> <Delay = 0.00>
ST_3 : Operation 24 [1/1] (0.00ns)   --->   "%data_V_75 = partselect i8 @_ssdm_op_PartSelect.i8.i128.i32.i32, i128 %layer9_out_read, i32 32, i32 39" [firmware/nnet_utils/nnet_dense_stream.h:43]   --->   Operation 24 'partselect' 'data_V_75' <Predicate = (do_init)> <Delay = 0.00>
ST_3 : Operation 25 [1/1] (0.00ns)   --->   "%data_V_76 = partselect i8 @_ssdm_op_PartSelect.i8.i128.i32.i32, i128 %layer9_out_read, i32 40, i32 47" [firmware/nnet_utils/nnet_dense_stream.h:43]   --->   Operation 25 'partselect' 'data_V_76' <Predicate = (do_init)> <Delay = 0.00>
ST_3 : Operation 26 [1/1] (0.00ns)   --->   "%data_V_77 = partselect i8 @_ssdm_op_PartSelect.i8.i128.i32.i32, i128 %layer9_out_read, i32 48, i32 55" [firmware/nnet_utils/nnet_dense_stream.h:43]   --->   Operation 26 'partselect' 'data_V_77' <Predicate = (do_init)> <Delay = 0.00>
ST_3 : Operation 27 [1/1] (0.00ns)   --->   "%data_V_78 = partselect i8 @_ssdm_op_PartSelect.i8.i128.i32.i32, i128 %layer9_out_read, i32 56, i32 63" [firmware/nnet_utils/nnet_dense_stream.h:43]   --->   Operation 27 'partselect' 'data_V_78' <Predicate = (do_init)> <Delay = 0.00>
ST_3 : Operation 28 [1/1] (0.00ns)   --->   "%data_V_79 = partselect i8 @_ssdm_op_PartSelect.i8.i128.i32.i32, i128 %layer9_out_read, i32 64, i32 71" [firmware/nnet_utils/nnet_dense_stream.h:43]   --->   Operation 28 'partselect' 'data_V_79' <Predicate = (do_init)> <Delay = 0.00>
ST_3 : Operation 29 [1/1] (0.00ns)   --->   "%data_V_80 = partselect i8 @_ssdm_op_PartSelect.i8.i128.i32.i32, i128 %layer9_out_read, i32 72, i32 79" [firmware/nnet_utils/nnet_dense_stream.h:43]   --->   Operation 29 'partselect' 'data_V_80' <Predicate = (do_init)> <Delay = 0.00>
ST_3 : Operation 30 [1/1] (0.00ns)   --->   "%data_V_81 = partselect i8 @_ssdm_op_PartSelect.i8.i128.i32.i32, i128 %layer9_out_read, i32 80, i32 87" [firmware/nnet_utils/nnet_dense_stream.h:43]   --->   Operation 30 'partselect' 'data_V_81' <Predicate = (do_init)> <Delay = 0.00>
ST_3 : Operation 31 [1/1] (0.00ns)   --->   "%data_V_82 = partselect i8 @_ssdm_op_PartSelect.i8.i128.i32.i32, i128 %layer9_out_read, i32 88, i32 95" [firmware/nnet_utils/nnet_dense_stream.h:43]   --->   Operation 31 'partselect' 'data_V_82' <Predicate = (do_init)> <Delay = 0.00>
ST_3 : Operation 32 [1/1] (0.00ns)   --->   "%data_V_83 = partselect i8 @_ssdm_op_PartSelect.i8.i128.i32.i32, i128 %layer9_out_read, i32 96, i32 103" [firmware/nnet_utils/nnet_dense_stream.h:43]   --->   Operation 32 'partselect' 'data_V_83' <Predicate = (do_init)> <Delay = 0.00>
ST_3 : Operation 33 [1/1] (0.00ns)   --->   "%data_V_84 = partselect i8 @_ssdm_op_PartSelect.i8.i128.i32.i32, i128 %layer9_out_read, i32 104, i32 111" [firmware/nnet_utils/nnet_dense_stream.h:43]   --->   Operation 33 'partselect' 'data_V_84' <Predicate = (do_init)> <Delay = 0.00>
ST_3 : Operation 34 [1/1] (1.58ns)   --->   "%br_ln42 = br void %for.body12.split.i.i" [firmware/nnet_utils/nnet_dense_resource.h:42->firmware/nnet_utils/nnet_dense_resource.h:240->firmware/nnet_utils/nnet_dense_stream.h:24]   --->   Operation 34 'br' 'br_ln42' <Predicate = (do_init)> <Delay = 1.58>
ST_3 : Operation 35 [1/1] (0.00ns)   --->   "%zext_ln42 = zext i4 %in_index3" [firmware/nnet_utils/nnet_dense_resource.h:42->firmware/nnet_utils/nnet_dense_resource.h:240->firmware/nnet_utils/nnet_dense_stream.h:24]   --->   Operation 35 'zext' 'zext_ln42' <Predicate = true> <Delay = 0.00>
ST_3 : Operation 36 [1/1] (0.00ns)   --->   "%w10_V_addr = getelementptr i6 %w10_V, i64 0, i64 %zext_ln42" [firmware/nnet_utils/nnet_dense_resource.h:55->firmware/nnet_utils/nnet_dense_resource.h:240->firmware/nnet_utils/nnet_dense_stream.h:24]   --->   Operation 36 'getelementptr' 'w10_V_addr' <Predicate = true> <Delay = 0.00>
ST_3 : Operation 37 [2/2] (2.32ns)   --->   "%w_V = load i4 %w10_V_addr" [firmware/nnet_utils/nnet_dense_resource.h:55->firmware/nnet_utils/nnet_dense_resource.h:240->firmware/nnet_utils/nnet_dense_stream.h:24]   --->   Operation 37 'load' 'w_V' <Predicate = true> <Delay = 2.32> <CoreInst = "ROM">   --->   Core 95 'ROM' <Latency = 1> <II = 1> <Delay = 2.32> <Storage> <Opcode : 'load'> <Ports = 0> <Width = 6> <Depth = 16> <ROM>

State 4 <SV = 3> <Delay = 3.65>
ST_4 : Operation 38 [1/1] (0.00ns)   --->   "%data_V_54_rewind = phi i8 0, void %nnet::dense_resource<ap_fixed<8, 2, (ap_q_mode)5, (ap_o_mode)3, 0>, ap_fixed<8, 2, (ap_q_mode)5, (ap_o_mode)3, 0>, config10>.region_begin, i8 %data_V_54_phi, void %for.body12.split.i.i, i8 0, void %nnet::dense_resource<ap_fixed<8, 2, (ap_q_mode)5, (ap_o_mode)3, 0>, ap_fixed<8, 2, (ap_q_mode)5, (ap_o_mode)3, 0>, config10>.region_end" [firmware/nnet_utils/nnet_dense_stream.h:43]   --->   Operation 38 'phi' 'data_V_54_rewind' <Predicate = true> <Delay = 0.00>
ST_4 : Operation 39 [1/1] (0.00ns)   --->   "%data_V_53_rewind = phi i8 0, void %nnet::dense_resource<ap_fixed<8, 2, (ap_q_mode)5, (ap_o_mode)3, 0>, ap_fixed<8, 2, (ap_q_mode)5, (ap_o_mode)3, 0>, config10>.region_begin, i8 %data_V_53_phi, void %for.body12.split.i.i, i8 0, void %nnet::dense_resource<ap_fixed<8, 2, (ap_q_mode)5, (ap_o_mode)3, 0>, ap_fixed<8, 2, (ap_q_mode)5, (ap_o_mode)3, 0>, config10>.region_end" [firmware/nnet_utils/nnet_dense_stream.h:43]   --->   Operation 39 'phi' 'data_V_53_rewind' <Predicate = true> <Delay = 0.00>
ST_4 : Operation 40 [1/1] (0.00ns)   --->   "%data_V_52_rewind = phi i8 0, void %nnet::dense_resource<ap_fixed<8, 2, (ap_q_mode)5, (ap_o_mode)3, 0>, ap_fixed<8, 2, (ap_q_mode)5, (ap_o_mode)3, 0>, config10>.region_begin, i8 %data_V_52_phi, void %for.body12.split.i.i, i8 0, void %nnet::dense_resource<ap_fixed<8, 2, (ap_q_mode)5, (ap_o_mode)3, 0>, ap_fixed<8, 2, (ap_q_mode)5, (ap_o_mode)3, 0>, config10>.region_end" [firmware/nnet_utils/nnet_dense_stream.h:43]   --->   Operation 40 'phi' 'data_V_52_rewind' <Predicate = true> <Delay = 0.00>
ST_4 : Operation 41 [1/1] (0.00ns)   --->   "%data_V_51_rewind = phi i8 0, void %nnet::dense_resource<ap_fixed<8, 2, (ap_q_mode)5, (ap_o_mode)3, 0>, ap_fixed<8, 2, (ap_q_mode)5, (ap_o_mode)3, 0>, config10>.region_begin, i8 %data_V_51_phi, void %for.body12.split.i.i, i8 0, void %nnet::dense_resource<ap_fixed<8, 2, (ap_q_mode)5, (ap_o_mode)3, 0>, ap_fixed<8, 2, (ap_q_mode)5, (ap_o_mode)3, 0>, config10>.region_end" [firmware/nnet_utils/nnet_dense_stream.h:43]   --->   Operation 41 'phi' 'data_V_51_rewind' <Predicate = true> <Delay = 0.00>
ST_4 : Operation 42 [1/1] (0.00ns)   --->   "%data_V_50_rewind = phi i8 0, void %nnet::dense_resource<ap_fixed<8, 2, (ap_q_mode)5, (ap_o_mode)3, 0>, ap_fixed<8, 2, (ap_q_mode)5, (ap_o_mode)3, 0>, config10>.region_begin, i8 %data_V_50_phi, void %for.body12.split.i.i, i8 0, void %nnet::dense_resource<ap_fixed<8, 2, (ap_q_mode)5, (ap_o_mode)3, 0>, ap_fixed<8, 2, (ap_q_mode)5, (ap_o_mode)3, 0>, config10>.region_end" [firmware/nnet_utils/nnet_dense_stream.h:43]   --->   Operation 42 'phi' 'data_V_50_rewind' <Predicate = true> <Delay = 0.00>
ST_4 : Operation 43 [1/1] (0.00ns)   --->   "%data_V_49_rewind = phi i8 0, void %nnet::dense_resource<ap_fixed<8, 2, (ap_q_mode)5, (ap_o_mode)3, 0>, ap_fixed<8, 2, (ap_q_mode)5, (ap_o_mode)3, 0>, config10>.region_begin, i8 %data_V_49_phi, void %for.body12.split.i.i, i8 0, void %nnet::dense_resource<ap_fixed<8, 2, (ap_q_mode)5, (ap_o_mode)3, 0>, ap_fixed<8, 2, (ap_q_mode)5, (ap_o_mode)3, 0>, config10>.region_end" [firmware/nnet_utils/nnet_dense_stream.h:43]   --->   Operation 43 'phi' 'data_V_49_rewind' <Predicate = true> <Delay = 0.00>
ST_4 : Operation 44 [1/1] (0.00ns)   --->   "%data_V_48_rewind = phi i8 0, void %nnet::dense_resource<ap_fixed<8, 2, (ap_q_mode)5, (ap_o_mode)3, 0>, ap_fixed<8, 2, (ap_q_mode)5, (ap_o_mode)3, 0>, config10>.region_begin, i8 %data_V_48_phi, void %for.body12.split.i.i, i8 0, void %nnet::dense_resource<ap_fixed<8, 2, (ap_q_mode)5, (ap_o_mode)3, 0>, ap_fixed<8, 2, (ap_q_mode)5, (ap_o_mode)3, 0>, config10>.region_end" [firmware/nnet_utils/nnet_dense_stream.h:43]   --->   Operation 44 'phi' 'data_V_48_rewind' <Predicate = true> <Delay = 0.00>
ST_4 : Operation 45 [1/1] (0.00ns)   --->   "%data_V_47_rewind = phi i8 0, void %nnet::dense_resource<ap_fixed<8, 2, (ap_q_mode)5, (ap_o_mode)3, 0>, ap_fixed<8, 2, (ap_q_mode)5, (ap_o_mode)3, 0>, config10>.region_begin, i8 %data_V_47_phi, void %for.body12.split.i.i, i8 0, void %nnet::dense_resource<ap_fixed<8, 2, (ap_q_mode)5, (ap_o_mode)3, 0>, ap_fixed<8, 2, (ap_q_mode)5, (ap_o_mode)3, 0>, config10>.region_end" [firmware/nnet_utils/nnet_dense_stream.h:43]   --->   Operation 45 'phi' 'data_V_47_rewind' <Predicate = true> <Delay = 0.00>
ST_4 : Operation 46 [1/1] (0.00ns)   --->   "%data_V_46_rewind = phi i8 0, void %nnet::dense_resource<ap_fixed<8, 2, (ap_q_mode)5, (ap_o_mode)3, 0>, ap_fixed<8, 2, (ap_q_mode)5, (ap_o_mode)3, 0>, config10>.region_begin, i8 %data_V_46_phi, void %for.body12.split.i.i, i8 0, void %nnet::dense_resource<ap_fixed<8, 2, (ap_q_mode)5, (ap_o_mode)3, 0>, ap_fixed<8, 2, (ap_q_mode)5, (ap_o_mode)3, 0>, config10>.region_end" [firmware/nnet_utils/nnet_dense_stream.h:43]   --->   Operation 46 'phi' 'data_V_46_rewind' <Predicate = true> <Delay = 0.00>
ST_4 : Operation 47 [1/1] (0.00ns)   --->   "%data_V_45_rewind = phi i8 0, void %nnet::dense_resource<ap_fixed<8, 2, (ap_q_mode)5, (ap_o_mode)3, 0>, ap_fixed<8, 2, (ap_q_mode)5, (ap_o_mode)3, 0>, config10>.region_begin, i8 %data_V_45_phi, void %for.body12.split.i.i, i8 0, void %nnet::dense_resource<ap_fixed<8, 2, (ap_q_mode)5, (ap_o_mode)3, 0>, ap_fixed<8, 2, (ap_q_mode)5, (ap_o_mode)3, 0>, config10>.region_end" [firmware/nnet_utils/nnet_dense_stream.h:43]   --->   Operation 47 'phi' 'data_V_45_rewind' <Predicate = true> <Delay = 0.00>
ST_4 : Operation 48 [1/1] (0.00ns)   --->   "%data_V_44_rewind = phi i8 0, void %nnet::dense_resource<ap_fixed<8, 2, (ap_q_mode)5, (ap_o_mode)3, 0>, ap_fixed<8, 2, (ap_q_mode)5, (ap_o_mode)3, 0>, config10>.region_begin, i8 %data_V_44_phi, void %for.body12.split.i.i, i8 0, void %nnet::dense_resource<ap_fixed<8, 2, (ap_q_mode)5, (ap_o_mode)3, 0>, ap_fixed<8, 2, (ap_q_mode)5, (ap_o_mode)3, 0>, config10>.region_end" [firmware/nnet_utils/nnet_dense_stream.h:43]   --->   Operation 48 'phi' 'data_V_44_rewind' <Predicate = true> <Delay = 0.00>
ST_4 : Operation 49 [1/1] (0.00ns)   --->   "%data_V_43_rewind = phi i8 0, void %nnet::dense_resource<ap_fixed<8, 2, (ap_q_mode)5, (ap_o_mode)3, 0>, ap_fixed<8, 2, (ap_q_mode)5, (ap_o_mode)3, 0>, config10>.region_begin, i8 %data_V_43_phi, void %for.body12.split.i.i, i8 0, void %nnet::dense_resource<ap_fixed<8, 2, (ap_q_mode)5, (ap_o_mode)3, 0>, ap_fixed<8, 2, (ap_q_mode)5, (ap_o_mode)3, 0>, config10>.region_end" [firmware/nnet_utils/nnet_dense_stream.h:43]   --->   Operation 49 'phi' 'data_V_43_rewind' <Predicate = true> <Delay = 0.00>
ST_4 : Operation 50 [1/1] (0.00ns)   --->   "%data_V_55_rewind = phi i8 0, void %nnet::dense_resource<ap_fixed<8, 2, (ap_q_mode)5, (ap_o_mode)3, 0>, ap_fixed<8, 2, (ap_q_mode)5, (ap_o_mode)3, 0>, config10>.region_begin, i8 %data_V_55_phi, void %for.body12.split.i.i, i8 0, void %nnet::dense_resource<ap_fixed<8, 2, (ap_q_mode)5, (ap_o_mode)3, 0>, ap_fixed<8, 2, (ap_q_mode)5, (ap_o_mode)3, 0>, config10>.region_end" [firmware/nnet_utils/nnet_dense_stream.h:43]   --->   Operation 50 'phi' 'data_V_55_rewind' <Predicate = true> <Delay = 0.00>
ST_4 : Operation 51 [1/1] (0.00ns)   --->   "%data_V_56_rewind = phi i8 0, void %nnet::dense_resource<ap_fixed<8, 2, (ap_q_mode)5, (ap_o_mode)3, 0>, ap_fixed<8, 2, (ap_q_mode)5, (ap_o_mode)3, 0>, config10>.region_begin, i8 %data_V_56_phi, void %for.body12.split.i.i, i8 0, void %nnet::dense_resource<ap_fixed<8, 2, (ap_q_mode)5, (ap_o_mode)3, 0>, ap_fixed<8, 2, (ap_q_mode)5, (ap_o_mode)3, 0>, config10>.region_end" [firmware/nnet_utils/nnet_dense_stream.h:43]   --->   Operation 51 'phi' 'data_V_56_rewind' <Predicate = true> <Delay = 0.00>
ST_4 : Operation 52 [1/1] (0.00ns)   --->   "%data_V_57_rewind = phi i8 0, void %nnet::dense_resource<ap_fixed<8, 2, (ap_q_mode)5, (ap_o_mode)3, 0>, ap_fixed<8, 2, (ap_q_mode)5, (ap_o_mode)3, 0>, config10>.region_begin, i8 %data_V_57_phi, void %for.body12.split.i.i, i8 0, void %nnet::dense_resource<ap_fixed<8, 2, (ap_q_mode)5, (ap_o_mode)3, 0>, ap_fixed<8, 2, (ap_q_mode)5, (ap_o_mode)3, 0>, config10>.region_end" [firmware/nnet_utils/nnet_dense_stream.h:43]   --->   Operation 52 'phi' 'data_V_57_rewind' <Predicate = true> <Delay = 0.00>
ST_4 : Operation 53 [1/1] (0.00ns)   --->   "%p_rewind = phi i8 0, void %nnet::dense_resource<ap_fixed<8, 2, (ap_q_mode)5, (ap_o_mode)3, 0>, ap_fixed<8, 2, (ap_q_mode)5, (ap_o_mode)3, 0>, config10>.region_begin, i8 %p_phi, void %for.body12.split.i.i, i8 0, void %nnet::dense_resource<ap_fixed<8, 2, (ap_q_mode)5, (ap_o_mode)3, 0>, ap_fixed<8, 2, (ap_q_mode)5, (ap_o_mode)3, 0>, config10>.region_end" [firmware/nnet_utils/nnet_dense_stream.h:43]   --->   Operation 53 'phi' 'p_rewind' <Predicate = true> <Delay = 0.00>
ST_4 : Operation 54 [1/1] (1.58ns)   --->   "%br_ln0 = br i1 %do_init, void %for.body12.split.i.i, void %rewind_init"   --->   Operation 54 'br' 'br_ln0' <Predicate = true> <Delay = 1.58>
ST_4 : Operation 55 [1/1] (0.00ns)   --->   "%data_V_54_phi = phi i8 %data_V_84, void %rewind_init, i8 %data_V_54_rewind, void %rewind_header"   --->   Operation 55 'phi' 'data_V_54_phi' <Predicate = true> <Delay = 0.00>
ST_4 : Operation 56 [1/1] (0.00ns)   --->   "%data_V_53_phi = phi i8 %data_V_83, void %rewind_init, i8 %data_V_53_rewind, void %rewind_header"   --->   Operation 56 'phi' 'data_V_53_phi' <Predicate = true> <Delay = 0.00>
ST_4 : Operation 57 [1/1] (0.00ns)   --->   "%data_V_52_phi = phi i8 %data_V_82, void %rewind_init, i8 %data_V_52_rewind, void %rewind_header"   --->   Operation 57 'phi' 'data_V_52_phi' <Predicate = true> <Delay = 0.00>
ST_4 : Operation 58 [1/1] (0.00ns)   --->   "%data_V_51_phi = phi i8 %data_V_81, void %rewind_init, i8 %data_V_51_rewind, void %rewind_header"   --->   Operation 58 'phi' 'data_V_51_phi' <Predicate = true> <Delay = 0.00>
ST_4 : Operation 59 [1/1] (0.00ns)   --->   "%data_V_50_phi = phi i8 %data_V_80, void %rewind_init, i8 %data_V_50_rewind, void %rewind_header"   --->   Operation 59 'phi' 'data_V_50_phi' <Predicate = true> <Delay = 0.00>
ST_4 : Operation 60 [1/1] (0.00ns)   --->   "%data_V_49_phi = phi i8 %data_V_79, void %rewind_init, i8 %data_V_49_rewind, void %rewind_header"   --->   Operation 60 'phi' 'data_V_49_phi' <Predicate = true> <Delay = 0.00>
ST_4 : Operation 61 [1/1] (0.00ns)   --->   "%data_V_48_phi = phi i8 %data_V_78, void %rewind_init, i8 %data_V_48_rewind, void %rewind_header"   --->   Operation 61 'phi' 'data_V_48_phi' <Predicate = true> <Delay = 0.00>
ST_4 : Operation 62 [1/1] (0.00ns)   --->   "%data_V_47_phi = phi i8 %data_V_77, void %rewind_init, i8 %data_V_47_rewind, void %rewind_header"   --->   Operation 62 'phi' 'data_V_47_phi' <Predicate = true> <Delay = 0.00>
ST_4 : Operation 63 [1/1] (0.00ns)   --->   "%data_V_46_phi = phi i8 %data_V_76, void %rewind_init, i8 %data_V_46_rewind, void %rewind_header"   --->   Operation 63 'phi' 'data_V_46_phi' <Predicate = true> <Delay = 0.00>
ST_4 : Operation 64 [1/1] (0.00ns)   --->   "%data_V_45_phi = phi i8 %data_V_75, void %rewind_init, i8 %data_V_45_rewind, void %rewind_header"   --->   Operation 64 'phi' 'data_V_45_phi' <Predicate = true> <Delay = 0.00>
ST_4 : Operation 65 [1/1] (0.00ns)   --->   "%data_V_44_phi = phi i8 %data_V_74, void %rewind_init, i8 %data_V_44_rewind, void %rewind_header"   --->   Operation 65 'phi' 'data_V_44_phi' <Predicate = true> <Delay = 0.00>
ST_4 : Operation 66 [1/1] (0.00ns)   --->   "%data_V_43_phi = phi i8 %data_V_73, void %rewind_init, i8 %data_V_43_rewind, void %rewind_header"   --->   Operation 66 'phi' 'data_V_43_phi' <Predicate = true> <Delay = 0.00>
ST_4 : Operation 67 [1/1] (0.00ns)   --->   "%data_V_55_phi = phi i8 %data_V_72, void %rewind_init, i8 %data_V_55_rewind, void %rewind_header"   --->   Operation 67 'phi' 'data_V_55_phi' <Predicate = true> <Delay = 0.00>
ST_4 : Operation 68 [1/1] (0.00ns)   --->   "%data_V_56_phi = phi i8 %data_V_71, void %rewind_init, i8 %data_V_56_rewind, void %rewind_header"   --->   Operation 68 'phi' 'data_V_56_phi' <Predicate = true> <Delay = 0.00>
ST_4 : Operation 69 [1/1] (0.00ns)   --->   "%data_V_57_phi = phi i8 %data_V_70, void %rewind_init, i8 %data_V_57_rewind, void %rewind_header"   --->   Operation 69 'phi' 'data_V_57_phi' <Predicate = true> <Delay = 0.00>
ST_4 : Operation 70 [1/1] (0.00ns)   --->   "%p_phi = phi i8 %data_V, void %rewind_init, i8 %p_rewind, void %rewind_header"   --->   Operation 70 'phi' 'p_phi' <Predicate = true> <Delay = 0.00>
ST_4 : Operation 71 [1/1] (2.06ns)   --->   "%a_V = mux i8 @_ssdm_op_Mux.ap_auto.16i8.i4, i8 %p_phi, i8 %data_V_55_phi, i8 %data_V_43_phi, i8 %data_V_44_phi, i8 %data_V_45_phi, i8 %data_V_46_phi, i8 %data_V_47_phi, i8 %data_V_48_phi, i8 %data_V_49_phi, i8 %data_V_50_phi, i8 %data_V_51_phi, i8 %data_V_52_phi, i8 %data_V_53_phi, i8 %data_V_54_phi, i8 %data_V_57_phi, i8 %data_V_56_phi, i4 %in_index3" [firmware/nnet_utils/nnet_dense_stream.h:43]   --->   Operation 71 'mux' 'a_V' <Predicate = true> <Delay = 2.06> <CoreInst = "Multiplexer">   --->   Core 76 'Multiplexer' <Latency = 0> <II = 1> <Delay = 2.06> <FuncUnit> <Opcode : 'mux'> <InPorts = 2> <OutPorts = 1>
ST_4 : Operation 72 [1/2] (2.32ns)   --->   "%w_V = load i4 %w10_V_addr" [firmware/nnet_utils/nnet_dense_resource.h:55->firmware/nnet_utils/nnet_dense_resource.h:240->firmware/nnet_utils/nnet_dense_stream.h:24]   --->   Operation 72 'load' 'w_V' <Predicate = true> <Delay = 2.32> <CoreInst = "ROM">   --->   Core 95 'ROM' <Latency = 1> <II = 1> <Delay = 2.32> <Storage> <Opcode : 'load'> <Ports = 0> <Width = 6> <Depth = 16> <ROM>

State 5 <SV = 4> <Delay = 4.17>
ST_5 : Operation 73 [1/1] (0.00ns)   --->   "%sext_ln1270 = sext i8 %a_V" [firmware/nnet_utils/nnet_dense_stream.h:24]   --->   Operation 73 'sext' 'sext_ln1270' <Predicate = true> <Delay = 0.00>
ST_5 : Operation 74 [1/1] (0.00ns)   --->   "%sext_ln1270_12 = sext i6 %w_V" [firmware/nnet_utils/nnet_dense_stream.h:24]   --->   Operation 74 'sext' 'sext_ln1270_12' <Predicate = true> <Delay = 0.00>
ST_5 : Operation 75 [1/1] (4.17ns)   --->   "%mul_ln1270 = mul i13 %sext_ln1270, i13 %sext_ln1270_12" [firmware/nnet_utils/nnet_dense_stream.h:24]   --->   Operation 75 'mul' 'mul_ln1270' <Predicate = true> <Delay = 4.17> <CoreInst = "Multiplier">   --->   Core 3 'Multiplier' <Latency = 0> <II = 1> <Delay = 4.17> <FuncUnit> <Opcode : 'mul'> <InPorts = 2> <OutPorts = 1>
ST_5 : Operation 76 [1/1] (0.00ns)   --->   "%trunc_ln = partselect i8 @_ssdm_op_PartSelect.i8.i13.i32.i32, i13 %mul_ln1270, i32 5, i32 12" [firmware/nnet_utils/nnet_dense_stream.h:24]   --->   Operation 76 'partselect' 'trunc_ln' <Predicate = true> <Delay = 0.00>

State 6 <SV = 5> <Delay = 4.10>
ST_6 : Operation 77 [1/1] (0.00ns)   --->   "%res_V4 = phi i8 34, void %nnet::dense_resource<ap_fixed<8, 2, (ap_q_mode)5, (ap_o_mode)3, 0>, ap_fixed<8, 2, (ap_q_mode)5, (ap_o_mode)3, 0>, config10>.region_begin, i8 %res_V, void %for.body12.split.i.i, i8 34, void %nnet::dense_resource<ap_fixed<8, 2, (ap_q_mode)5, (ap_o_mode)3, 0>, ap_fixed<8, 2, (ap_q_mode)5, (ap_o_mode)3, 0>, config10>.region_end"   --->   Operation 77 'phi' 'res_V4' <Predicate = true> <Delay = 0.00>
ST_6 : Operation 78 [1/1] (0.00ns)   --->   "%empty = speclooptripcount i32 @_ssdm_op_SpecLoopTripCount, i64 16, i64 16, i64 16"   --->   Operation 78 'speclooptripcount' 'empty' <Predicate = true> <Delay = 0.00>
ST_6 : Operation 79 [1/1] (0.00ns)   --->   "%specpipeline_ln43 = specpipeline void @_ssdm_op_SpecPipeline, i32 1, i32 0, i32 0, i32 0, void @empty_0" [firmware/nnet_utils/nnet_dense_resource.h:43->firmware/nnet_utils/nnet_dense_resource.h:240->firmware/nnet_utils/nnet_dense_stream.h:24]   --->   Operation 79 'specpipeline' 'specpipeline_ln43' <Predicate = true> <Delay = 0.00>
ST_6 : Operation 80 [1/1] (0.00ns)   --->   "%specloopname_ln45 = specloopname void @_ssdm_op_SpecLoopName, void @empty_3" [firmware/nnet_utils/nnet_dense_resource.h:45->firmware/nnet_utils/nnet_dense_resource.h:240->firmware/nnet_utils/nnet_dense_stream.h:24]   --->   Operation 80 'specloopname' 'specloopname_ln45' <Predicate = true> <Delay = 0.00>
ST_6 : Operation 81 [1/1] (1.91ns)   --->   "%res_V = add i8 %trunc_ln, i8 %res_V4" [firmware/nnet_utils/nnet_dense_stream.h:24]   --->   Operation 81 'add' 'res_V' <Predicate = true> <Delay = 1.91> <CoreInst = "Adder">   --->   Core 1 'Adder' <Latency = 0> <II = 1> <Delay = 1.91> <FuncUnit> <Opcode : 'add' 'sub'> <InPorts = 2> <OutPorts = 1>
ST_6 : Operation 82 [1/1] (0.00ns)   --->   "%rend = specregionend i32 @_ssdm_op_SpecRegionEnd, void @nnet_KD_KD_dense_resource_MD_ap_fixed_MD_8_MC_AC_2_MC_AC_IC_ap_q_mode_JC_5_M_2, i32 %rbegin" [firmware/nnet_utils/nnet_dense_stream.h:53]   --->   Operation 82 'specregionend' 'rend' <Predicate = (icmp_ln42)> <Delay = 0.00>
ST_6 : Operation 83 [1/1] (2.18ns)   --->   "%write_ln77 = write void @_ssdm_op_Write.ap_fifo.volatile.i8P0A, i8 %layer10_out, i8 %res_V" [firmware/nnet_utils/nnet_dense_stream.h:77]   --->   Operation 83 'write' 'write_ln77' <Predicate = (icmp_ln42)> <Delay = 2.18> <CoreInst = "FIFO_SRL">   --->   Core 81 'FIFO_SRL' <Latency = 0> <II = 1> <Delay = 3.63> <Storage> <Opcode : 'read' 'write' 'nbread' 'nbwrite'> <Ports = 0> <Width = 8> <Depth = 1> <FIFO>
ST_6 : Operation 84 [1/1] (0.00ns)   --->   "%return_ln101 = return void @_ssdm_op_Return" [firmware/nnet_utils/nnet_dense_stream.h:101]   --->   Operation 84 'return' 'return_ln101' <Predicate = (icmp_ln42)> <Delay = 0.00>


============================================================
+ Verbose Summary: Binding
============================================================
STG Binding: 
---------------- STG Properties BEGIN ----------------
- Is combinational: 0
- Is one-state seq: 0
- Is datapath-only: 0
- Is pipelined: 0
- Is top level: 0
Port [ Return ] is wired: 1; IO mode=ap_ctrl_hs:ce=0
Port [ layer9_out]:  wired=1; compound=1; hidden=0; nouse=0; global=0; static=0; extern=0; dir=0; type=3; pingpong=0; private_global=0; IO mode=ap_fifo:ce=0
Port [ layer10_out]:  wired=1; compound=1; hidden=0; nouse=0; global=0; static=0; extern=0; dir=1; type=3; pingpong=0; private_global=0; IO mode=ap_fifo:ce=0
Port [ w10_V]:  wired=0; compound=1; hidden=1; nouse=0; global=1; static=1; extern=0; dir=0; type=1; pingpong=0; private_global=1; MemPort=[1]; IO mode=ap_memory:ce=0
---------------- STG Properties END ------------------

---------------- Datapath Model BEGIN ----------------

<LifeTime>
<method=bitvector/>
specinterface_ln0 (specinterface    ) [ 0000000]
specinterface_ln0 (specinterface    ) [ 0000000]
rbegin            (specregionbegin  ) [ 0011111]
br_ln42           (br               ) [ 0111111]
do_init           (phi              ) [ 0011111]
in_index3         (phi              ) [ 0011111]
in_index          (add              ) [ 0111111]
icmp_ln42         (icmp             ) [ 0011111]
br_ln42           (br               ) [ 0111111]
br_ln101          (br               ) [ 0111111]
layer9_out_read   (read             ) [ 0000000]
data_V            (trunc            ) [ 0011111]
data_V_70         (partselect       ) [ 0011111]
data_V_71         (partselect       ) [ 0011111]
data_V_72         (partselect       ) [ 0011111]
data_V_73         (partselect       ) [ 0011111]
data_V_74         (partselect       ) [ 0011111]
data_V_75         (partselect       ) [ 0011111]
data_V_76         (partselect       ) [ 0011111]
data_V_77         (partselect       ) [ 0011111]
data_V_78         (partselect       ) [ 0011111]
data_V_79         (partselect       ) [ 0011111]
data_V_80         (partselect       ) [ 0011111]
data_V_81         (partselect       ) [ 0011111]
data_V_82         (partselect       ) [ 0011111]
data_V_83         (partselect       ) [ 0011111]
data_V_84         (partselect       ) [ 0011111]
br_ln42           (br               ) [ 0011111]
zext_ln42         (zext             ) [ 0000000]
w10_V_addr        (getelementptr    ) [ 0010100]
data_V_54_rewind  (phi              ) [ 0011100]
data_V_53_rewind  (phi              ) [ 0011100]
data_V_52_rewind  (phi              ) [ 0011100]
data_V_51_rewind  (phi              ) [ 0011100]
data_V_50_rewind  (phi              ) [ 0011100]
data_V_49_rewind  (phi              ) [ 0011100]
data_V_48_rewind  (phi              ) [ 0011100]
data_V_47_rewind  (phi              ) [ 0011100]
data_V_46_rewind  (phi              ) [ 0011100]
data_V_45_rewind  (phi              ) [ 0011100]
data_V_44_rewind  (phi              ) [ 0011100]
data_V_43_rewind  (phi              ) [ 0011100]
data_V_55_rewind  (phi              ) [ 0011100]
data_V_56_rewind  (phi              ) [ 0011100]
data_V_57_rewind  (phi              ) [ 0011100]
p_rewind          (phi              ) [ 0011100]
br_ln0            (br               ) [ 0000000]
data_V_54_phi     (phi              ) [ 0110111]
data_V_53_phi     (phi              ) [ 0110111]
data_V_52_phi     (phi              ) [ 0110111]
data_V_51_phi     (phi              ) [ 0110111]
data_V_50_phi     (phi              ) [ 0110111]
data_V_49_phi     (phi              ) [ 0110111]
data_V_48_phi     (phi              ) [ 0110111]
data_V_47_phi     (phi              ) [ 0110111]
data_V_46_phi     (phi              ) [ 0110111]
data_V_45_phi     (phi              ) [ 0110111]
data_V_44_phi     (phi              ) [ 0110111]
data_V_43_phi     (phi              ) [ 0110111]
data_V_55_phi     (phi              ) [ 0110111]
data_V_56_phi     (phi              ) [ 0110111]
data_V_57_phi     (phi              ) [ 0110111]
p_phi             (phi              ) [ 0110111]
a_V               (mux              ) [ 0010010]
w_V               (load             ) [ 0010010]
sext_ln1270       (sext             ) [ 0000000]
sext_ln1270_12    (sext             ) [ 0000000]
mul_ln1270        (mul              ) [ 0000000]
trunc_ln          (partselect       ) [ 0010001]
res_V4            (phi              ) [ 0011111]
empty             (speclooptripcount) [ 0000000]
specpipeline_ln43 (specpipeline     ) [ 0000000]
specloopname_ln45 (specloopname     ) [ 0000000]
res_V             (add              ) [ 0111111]
rend              (specregionend    ) [ 0000000]
write_ln77        (write            ) [ 0000000]
return_ln101      (return           ) [ 0000000]
</LifeTime>

<model>

<comp_list>
<comp id="0" class="1000" name="layer9_out">
<pin_list>
<pin id="1" dir="1" index="0" bw="1" slack="0"/>
</pin_list>
<bind>
<StgValue><ssdm name="layer9_out"/></StgValue>
</bind>
</comp>

<comp id="2" class="1000" name="layer10_out">
<pin_list>
<pin id="3" dir="1" index="0" bw="1" slack="0"/>
</pin_list>
<bind>
<StgValue><ssdm name="layer10_out"/></StgValue>
</bind>
</comp>

<comp id="4" class="1000" name="w10_V">
<pin_list>
<pin id="5" dir="1" index="0" bw="1" slack="0"/>
</pin_list>
<bind>
<StgValue><ssdm name="w10_V"/><MemPortTyVec>1 </MemPortTyVec>
</StgValue>
</bind>
</comp>

<comp id="6" class="1001" name="const_6">
<pin_list>
<pin id="7" dir="1" index="0" bw="1" slack="2147483647"/>
</pin_list>
<bind>
<StgValue><ssdm name="_ssdm_op_SpecInterface"/></StgValue>
</bind>
</comp>

<comp id="8" class="1001" name="const_8">
<pin_list>
<pin id="9" dir="1" index="0" bw="1" slack="2147483647"/>
</pin_list>
<bind>
<StgValue><ssdm name="empty_2"/></StgValue>
</bind>
</comp>

<comp id="10" class="1001" name="const_10">
<pin_list>
<pin id="11" dir="1" index="0" bw="1" slack="2147483647"/>
</pin_list>
<bind>
<StgValue><ssdm name=""/></StgValue>
</bind>
</comp>

<comp id="12" class="1001" name="const_12">
<pin_list>
<pin id="13" dir="1" index="0" bw="1" slack="2147483647"/>
</pin_list>
<bind>
<StgValue><ssdm name="empty_0"/></StgValue>
</bind>
</comp>

<comp id="14" class="1001" name="const_14">
<pin_list>
<pin id="15" dir="1" index="0" bw="1" slack="2147483647"/>
</pin_list>
<bind>
<StgValue><ssdm name=""/></StgValue>
</bind>
</comp>

<comp id="16" class="1001" name="const_16">
<pin_list>
<pin id="17" dir="1" index="0" bw="1" slack="2147483647"/>
</pin_list>
<bind>
<StgValue><ssdm name="_ssdm_op_SpecRegionBegin"/></StgValue>
</bind>
</comp>

<comp id="18" class="1001" name="const_18">
<pin_list>
<pin id="19" dir="1" index="0" bw="1" slack="2147483647"/>
</pin_list>
<bind>
<StgValue><ssdm name="nnet_KD_KD_dense_resource_MD_ap_fixed_MD_8_MC_AC_2_MC_AC_IC_ap_q_mode_JC_5_M_2"/></StgValue>
</bind>
</comp>

<comp id="20" class="1001" name="const_20">
<pin_list>
<pin id="21" dir="1" index="0" bw="1" slack="0"/>
</pin_list>
<bind>
<StgValue><ssdm name=""/></StgValue>
</bind>
</comp>

<comp id="22" class="1001" name="const_22">
<pin_list>
<pin id="23" dir="1" index="0" bw="1" slack="0"/>
</pin_list>
<bind>
<StgValue><ssdm name=""/></StgValue>
</bind>
</comp>

<comp id="24" class="1001" name="const_24">
<pin_list>
<pin id="25" dir="1" index="0" bw="1" slack="0"/>
</pin_list>
<bind>
<StgValue><ssdm name=""/></StgValue>
</bind>
</comp>

<comp id="26" class="1001" name="const_26">
<pin_list>
<pin id="27" dir="1" index="0" bw="1" slack="0"/>
</pin_list>
<bind>
<StgValue><ssdm name=""/></StgValue>
</bind>
</comp>

<comp id="28" class="1001" name="const_28">
<pin_list>
<pin id="29" dir="1" index="0" bw="1" slack="0"/>
</pin_list>
<bind>
<StgValue><ssdm name=""/></StgValue>
</bind>
</comp>

<comp id="30" class="1001" name="const_30">
<pin_list>
<pin id="31" dir="1" index="0" bw="1" slack="0"/>
</pin_list>
<bind>
<StgValue><ssdm name="_ssdm_op_Read.ap_fifo.volatile.i128P0A"/></StgValue>
</bind>
</comp>

<comp id="32" class="1001" name="const_32">
<pin_list>
<pin id="33" dir="1" index="0" bw="1" slack="0"/>
</pin_list>
<bind>
<StgValue><ssdm name="_ssdm_op_PartSelect.i8.i128.i32.i32"/></StgValue>
</bind>
</comp>

<comp id="34" class="1001" name="const_34">
<pin_list>
<pin id="35" dir="1" index="0" bw="1" slack="0"/>
</pin_list>
<bind>
<StgValue><ssdm name=""/></StgValue>
</bind>
</comp>

<comp id="36" class="1001" name="const_36">
<pin_list>
<pin id="37" dir="1" index="0" bw="1" slack="0"/>
</pin_list>
<bind>
<StgValue><ssdm name=""/></StgValue>
</bind>
</comp>

<comp id="38" class="1001" name="const_38">
<pin_list>
<pin id="39" dir="1" index="0" bw="1" slack="0"/>
</pin_list>
<bind>
<StgValue><ssdm name=""/></StgValue>
</bind>
</comp>

<comp id="40" class="1001" name="const_40">
<pin_list>
<pin id="41" dir="1" index="0" bw="1" slack="0"/>
</pin_list>
<bind>
<StgValue><ssdm name=""/></StgValue>
</bind>
</comp>

<comp id="42" class="1001" name="const_42">
<pin_list>
<pin id="43" dir="1" index="0" bw="1" slack="0"/>
</pin_list>
<bind>
<StgValue><ssdm name=""/></StgValue>
</bind>
</comp>

<comp id="44" class="1001" name="const_44">
<pin_list>
<pin id="45" dir="1" index="0" bw="1" slack="0"/>
</pin_list>
<bind>
<StgValue><ssdm name=""/></StgValue>
</bind>
</comp>

<comp id="46" class="1001" name="const_46">
<pin_list>
<pin id="47" dir="1" index="0" bw="1" slack="0"/>
</pin_list>
<bind>
<StgValue><ssdm name=""/></StgValue>
</bind>
</comp>

<comp id="48" class="1001" name="const_48">
<pin_list>
<pin id="49" dir="1" index="0" bw="1" slack="0"/>
</pin_list>
<bind>
<StgValue><ssdm name=""/></StgValue>
</bind>
</comp>

<comp id="50" class="1001" name="const_50">
<pin_list>
<pin id="51" dir="1" index="0" bw="1" slack="0"/>
</pin_list>
<bind>
<StgValue><ssdm name=""/></StgValue>
</bind>
</comp>

<comp id="52" class="1001" name="const_52">
<pin_list>
<pin id="53" dir="1" index="0" bw="1" slack="0"/>
</pin_list>
<bind>
<StgValue><ssdm name=""/></StgValue>
</bind>
</comp>

<comp id="54" class="1001" name="const_54">
<pin_list>
<pin id="55" dir="1" index="0" bw="1" slack="0"/>
</pin_list>
<bind>
<StgValue><ssdm name=""/></StgValue>
</bind>
</comp>

<comp id="56" class="1001" name="const_56">
<pin_list>
<pin id="57" dir="1" index="0" bw="1" slack="0"/>
</pin_list>
<bind>
<StgValue><ssdm name=""/></StgValue>
</bind>
</comp>

<comp id="58" class="1001" name="const_58">
<pin_list>
<pin id="59" dir="1" index="0" bw="1" slack="0"/>
</pin_list>
<bind>
<StgValue><ssdm name=""/></StgValue>
</bind>
</comp>

<comp id="60" class="1001" name="const_60">
<pin_list>
<pin id="61" dir="1" index="0" bw="1" slack="0"/>
</pin_list>
<bind>
<StgValue><ssdm name=""/></StgValue>
</bind>
</comp>

<comp id="62" class="1001" name="const_62">
<pin_list>
<pin id="63" dir="1" index="0" bw="1" slack="0"/>
</pin_list>
<bind>
<StgValue><ssdm name=""/></StgValue>
</bind>
</comp>

<comp id="64" class="1001" name="const_64">
<pin_list>
<pin id="65" dir="1" index="0" bw="1" slack="0"/>
</pin_list>
<bind>
<StgValue><ssdm name=""/></StgValue>
</bind>
</comp>

<comp id="66" class="1001" name="const_66">
<pin_list>
<pin id="67" dir="1" index="0" bw="1" slack="0"/>
</pin_list>
<bind>
<StgValue><ssdm name=""/></StgValue>
</bind>
</comp>

<comp id="68" class="1001" name="const_68">
<pin_list>
<pin id="69" dir="1" index="0" bw="1" slack="0"/>
</pin_list>
<bind>
<StgValue><ssdm name=""/></StgValue>
</bind>
</comp>

<comp id="70" class="1001" name="const_70">
<pin_list>
<pin id="71" dir="1" index="0" bw="1" slack="0"/>
</pin_list>
<bind>
<StgValue><ssdm name=""/></StgValue>
</bind>
</comp>

<comp id="72" class="1001" name="const_72">
<pin_list>
<pin id="73" dir="1" index="0" bw="1" slack="0"/>
</pin_list>
<bind>
<StgValue><ssdm name=""/></StgValue>
</bind>
</comp>

<comp id="74" class="1001" name="const_74">
<pin_list>
<pin id="75" dir="1" index="0" bw="1" slack="0"/>
</pin_list>
<bind>
<StgValue><ssdm name=""/></StgValue>
</bind>
</comp>

<comp id="76" class="1001" name="const_76">
<pin_list>
<pin id="77" dir="1" index="0" bw="1" slack="0"/>
</pin_list>
<bind>
<StgValue><ssdm name=""/></StgValue>
</bind>
</comp>

<comp id="78" class="1001" name="const_78">
<pin_list>
<pin id="79" dir="1" index="0" bw="1" slack="0"/>
</pin_list>
<bind>
<StgValue><ssdm name=""/></StgValue>
</bind>
</comp>

<comp id="80" class="1001" name="const_80">
<pin_list>
<pin id="81" dir="1" index="0" bw="1" slack="0"/>
</pin_list>
<bind>
<StgValue><ssdm name=""/></StgValue>
</bind>
</comp>

<comp id="82" class="1001" name="const_82">
<pin_list>
<pin id="83" dir="1" index="0" bw="1" slack="0"/>
</pin_list>
<bind>
<StgValue><ssdm name=""/></StgValue>
</bind>
</comp>

<comp id="84" class="1001" name="const_84">
<pin_list>
<pin id="85" dir="1" index="0" bw="1" slack="0"/>
</pin_list>
<bind>
<StgValue><ssdm name=""/></StgValue>
</bind>
</comp>

<comp id="86" class="1001" name="const_86">
<pin_list>
<pin id="87" dir="1" index="0" bw="1" slack="0"/>
</pin_list>
<bind>
<StgValue><ssdm name=""/></StgValue>
</bind>
</comp>

<comp id="88" class="1001" name="const_88">
<pin_list>
<pin id="89" dir="1" index="0" bw="1" slack="0"/>
</pin_list>
<bind>
<StgValue><ssdm name=""/></StgValue>
</bind>
</comp>

<comp id="90" class="1001" name="const_90">
<pin_list>
<pin id="91" dir="1" index="0" bw="1" slack="0"/>
</pin_list>
<bind>
<StgValue><ssdm name=""/></StgValue>
</bind>
</comp>

<comp id="92" class="1001" name="const_92">
<pin_list>
<pin id="93" dir="1" index="0" bw="1" slack="0"/>
</pin_list>
<bind>
<StgValue><ssdm name=""/></StgValue>
</bind>
</comp>

<comp id="94" class="1001" name="const_94">
<pin_list>
<pin id="95" dir="1" index="0" bw="1" slack="0"/>
</pin_list>
<bind>
<StgValue><ssdm name=""/></StgValue>
</bind>
</comp>

<comp id="96" class="1001" name="const_96">
<pin_list>
<pin id="97" dir="1" index="0" bw="1" slack="2"/>
</pin_list>
<bind>
<StgValue><ssdm name=""/></StgValue>
</bind>
</comp>

<comp id="98" class="1001" name="const_98">
<pin_list>
<pin id="99" dir="1" index="0" bw="1" slack="0"/>
</pin_list>
<bind>
<StgValue><ssdm name="_ssdm_op_Mux.ap_auto.16i8.i4"/></StgValue>
</bind>
</comp>

<comp id="100" class="1001" name="const_100">
<pin_list>
<pin id="101" dir="1" index="0" bw="1" slack="0"/>
</pin_list>
<bind>
<StgValue><ssdm name="_ssdm_op_PartSelect.i8.i13.i32.i32"/></StgValue>
</bind>
</comp>

<comp id="102" class="1001" name="const_102">
<pin_list>
<pin id="103" dir="1" index="0" bw="1" slack="0"/>
</pin_list>
<bind>
<StgValue><ssdm name=""/></StgValue>
</bind>
</comp>

<comp id="104" class="1001" name="const_104">
<pin_list>
<pin id="105" dir="1" index="0" bw="1" slack="0"/>
</pin_list>
<bind>
<StgValue><ssdm name=""/></StgValue>
</bind>
</comp>

<comp id="106" class="1001" name="const_106">
<pin_list>
<pin id="107" dir="1" index="0" bw="1" slack="4"/>
</pin_list>
<bind>
<StgValue><ssdm name=""/></StgValue>
</bind>
</comp>

<comp id="108" class="1001" name="const_108">
<pin_list>
<pin id="109" dir="1" index="0" bw="1" slack="2147483647"/>
</pin_list>
<bind>
<StgValue><ssdm name="_ssdm_op_SpecLoopTripCount"/></StgValue>
</bind>
</comp>

<comp id="110" class="1001" name="const_110">
<pin_list>
<pin id="111" dir="1" index="0" bw="1" slack="2147483647"/>
</pin_list>
<bind>
<StgValue><ssdm name=""/></StgValue>
</bind>
</comp>

<comp id="112" class="1001" name="const_112">
<pin_list>
<pin id="113" dir="1" index="0" bw="1" slack="2147483647"/>
</pin_list>
<bind>
<StgValue><ssdm name="_ssdm_op_SpecPipeline"/></StgValue>
</bind>
</comp>

<comp id="114" class="1001" name="const_114">
<pin_list>
<pin id="115" dir="1" index="0" bw="1" slack="2147483647"/>
</pin_list>
<bind>
<StgValue><ssdm name=""/></StgValue>
</bind>
</comp>

<comp id="116" class="1001" name="const_116">
<pin_list>
<pin id="117" dir="1" index="0" bw="1" slack="2147483647"/>
</pin_list>
<bind>
<StgValue><ssdm name="_ssdm_op_SpecLoopName"/></StgValue>
</bind>
</comp>

<comp id="118" class="1001" name="const_118">
<pin_list>
<pin id="119" dir="1" index="0" bw="1" slack="2147483647"/>
</pin_list>
<bind>
<StgValue><ssdm name="empty_3"/></StgValue>
</bind>
</comp>

<comp id="120" class="1001" name="const_120">
<pin_list>
<pin id="121" dir="1" index="0" bw="1" slack="2147483647"/>
</pin_list>
<bind>
<StgValue><ssdm name="_ssdm_op_SpecRegionEnd"/></StgValue>
</bind>
</comp>

<comp id="122" class="1001" name="const_122">
<pin_list>
<pin id="123" dir="1" index="0" bw="1" slack="0"/>
</pin_list>
<bind>
<StgValue><ssdm name="_ssdm_op_Write.ap_fifo.volatile.i8P0A"/></StgValue>
</bind>
</comp>

<comp id="124" class="1004" name="layer9_out_read_read_fu_124">
<pin_list>
<pin id="125" dir="0" index="0" bw="128" slack="0"/>
<pin id="126" dir="0" index="1" bw="128" slack="0"/>
<pin id="127" dir="1" index="2" bw="128" slack="0"/>
</pin_list>
<bind>
<opcode="read(1150) " fcode="read"/>
<opset="layer9_out_read/3 "/>
</bind>
</comp>

<comp id="130" class="1004" name="write_ln77_write_fu_130">
<pin_list>
<pin id="131" dir="0" index="0" bw="0" slack="0"/>
<pin id="132" dir="0" index="1" bw="8" slack="0"/>
<pin id="133" dir="0" index="2" bw="8" slack="0"/>
<pin id="134" dir="1" index="3" bw="0" slack="2147483647"/>
</pin_list>
<bind>
<opcode="write(1151) " fcode="write"/>
<opset="write_ln77/6 "/>
</bind>
</comp>

<comp id="137" class="1004" name="w10_V_addr_gep_fu_137">
<pin_list>
<pin id="138" dir="0" index="0" bw="6" slack="0"/>
<pin id="139" dir="0" index="1" bw="1" slack="0"/>
<pin id="140" dir="0" index="2" bw="4" slack="0"/>
<pin id="141" dir="1" index="3" bw="4" slack="0"/>
</pin_list>
<bind>
<opcode="getelementptr(29) " fcode="getelementptr"/>
<opset="w10_V_addr/3 "/>
</bind>
</comp>

<comp id="144" class="1004" name="grp_access_fu_144">
<pin_list>
<pin id="145" dir="0" index="0" bw="4" slack="0"/>
<pin id="146" dir="0" index="1" bw="6" slack="2147483647"/>
<pin id="147" dir="0" index="2" bw="0" slack="2147483647"/>
<pin id="148" dir="1" index="3" bw="6" slack="1"/>
</pin_list>
<bind>
<opcode="load(27) " fcode="load"/>
<opset="w_V/3 "/>
</bind>
</comp>

<comp id="150" class="1005" name="do_init_reg_150">
<pin_list>
<pin id="151" dir="0" index="0" bw="1" slack="1"/>
<pin id="152" dir="1" index="1" bw="1" slack="1"/>
</pin_list>
<bind>
<opset="do_init (phireg) "/>
</bind>
</comp>

<comp id="154" class="1004" name="do_init_phi_fu_154">
<pin_list>
<pin id="155" dir="0" index="0" bw="1" slack="1"/>
<pin id="156" dir="0" index="1" bw="0" slack="2147483647"/>
<pin id="157" dir="0" index="2" bw="1" slack="0"/>
<pin id="158" dir="0" index="3" bw="0" slack="2147483647"/>
<pin id="159" dir="0" index="4" bw="1" slack="0"/>
<pin id="160" dir="0" index="5" bw="0" slack="2147483647"/>
<pin id="161" dir="1" index="6" bw="1" slack="1"/>
</pin_list>
<bind>
<opcode="phi(47) " fcode="phi"/>
<opset="do_init/2 "/>
</bind>
</comp>

<comp id="166" class="1005" name="in_index3_reg_166">
<pin_list>
<pin id="167" dir="0" index="0" bw="4" slack="1"/>
<pin id="168" dir="1" index="1" bw="4" slack="1"/>
</pin_list>
<bind>
<opset="in_index3 (phireg) "/>
</bind>
</comp>

<comp id="170" class="1004" name="in_index3_phi_fu_170">
<pin_list>
<pin id="171" dir="0" index="0" bw="1" slack="1"/>
<pin id="172" dir="0" index="1" bw="0" slack="2147483647"/>
<pin id="173" dir="0" index="2" bw="4" slack="0"/>
<pin id="174" dir="0" index="3" bw="0" slack="2147483647"/>
<pin id="175" dir="0" index="4" bw="1" slack="0"/>
<pin id="176" dir="0" index="5" bw="0" slack="2147483647"/>
<pin id="177" dir="1" index="6" bw="4" slack="0"/>
</pin_list>
<bind>
<opcode="phi(47) " fcode="phi"/>
<opset="in_index3/2 "/>
</bind>
</comp>

<comp id="181" class="1005" name="data_V_54_rewind_reg_181">
<pin_list>
<pin id="182" dir="0" index="0" bw="8" slack="2"/>
<pin id="183" dir="1" index="1" bw="8" slack="2"/>
</pin_list>
<bind>
<opset="data_V_54_rewind (phireg) "/>
</bind>
</comp>

<comp id="185" class="1004" name="data_V_54_rewind_phi_fu_185">
<pin_list>
<pin id="186" dir="0" index="0" bw="1" slack="3"/>
<pin id="187" dir="0" index="1" bw="0" slack="2147483647"/>
<pin id="188" dir="0" index="2" bw="8" slack="0"/>
<pin id="189" dir="0" index="3" bw="0" slack="2147483647"/>
<pin id="190" dir="0" index="4" bw="1" slack="2"/>
<pin id="191" dir="0" index="5" bw="0" slack="2147483647"/>
<pin id="192" dir="1" index="6" bw="8" slack="0"/>
</pin_list>
<bind>
<opcode="phi(47) " fcode="phi"/>
<opset="data_V_54_rewind/4 "/>
</bind>
</comp>

<comp id="195" class="1005" name="data_V_53_rewind_reg_195">
<pin_list>
<pin id="196" dir="0" index="0" bw="8" slack="2"/>
<pin id="197" dir="1" index="1" bw="8" slack="2"/>
</pin_list>
<bind>
<opset="data_V_53_rewind (phireg) "/>
</bind>
</comp>

<comp id="199" class="1004" name="data_V_53_rewind_phi_fu_199">
<pin_list>
<pin id="200" dir="0" index="0" bw="1" slack="3"/>
<pin id="201" dir="0" index="1" bw="0" slack="2147483647"/>
<pin id="202" dir="0" index="2" bw="8" slack="0"/>
<pin id="203" dir="0" index="3" bw="0" slack="2147483647"/>
<pin id="204" dir="0" index="4" bw="1" slack="2"/>
<pin id="205" dir="0" index="5" bw="0" slack="2147483647"/>
<pin id="206" dir="1" index="6" bw="8" slack="0"/>
</pin_list>
<bind>
<opcode="phi(47) " fcode="phi"/>
<opset="data_V_53_rewind/4 "/>
</bind>
</comp>

<comp id="209" class="1005" name="data_V_52_rewind_reg_209">
<pin_list>
<pin id="210" dir="0" index="0" bw="8" slack="2"/>
<pin id="211" dir="1" index="1" bw="8" slack="2"/>
</pin_list>
<bind>
<opset="data_V_52_rewind (phireg) "/>
</bind>
</comp>

<comp id="213" class="1004" name="data_V_52_rewind_phi_fu_213">
<pin_list>
<pin id="214" dir="0" index="0" bw="1" slack="3"/>
<pin id="215" dir="0" index="1" bw="0" slack="2147483647"/>
<pin id="216" dir="0" index="2" bw="8" slack="0"/>
<pin id="217" dir="0" index="3" bw="0" slack="2147483647"/>
<pin id="218" dir="0" index="4" bw="1" slack="2"/>
<pin id="219" dir="0" index="5" bw="0" slack="2147483647"/>
<pin id="220" dir="1" index="6" bw="8" slack="0"/>
</pin_list>
<bind>
<opcode="phi(47) " fcode="phi"/>
<opset="data_V_52_rewind/4 "/>
</bind>
</comp>

<comp id="223" class="1005" name="data_V_51_rewind_reg_223">
<pin_list>
<pin id="224" dir="0" index="0" bw="8" slack="2"/>
<pin id="225" dir="1" index="1" bw="8" slack="2"/>
</pin_list>
<bind>
<opset="data_V_51_rewind (phireg) "/>
</bind>
</comp>

<comp id="227" class="1004" name="data_V_51_rewind_phi_fu_227">
<pin_list>
<pin id="228" dir="0" index="0" bw="1" slack="3"/>
<pin id="229" dir="0" index="1" bw="0" slack="2147483647"/>
<pin id="230" dir="0" index="2" bw="8" slack="0"/>
<pin id="231" dir="0" index="3" bw="0" slack="2147483647"/>
<pin id="232" dir="0" index="4" bw="1" slack="2"/>
<pin id="233" dir="0" index="5" bw="0" slack="2147483647"/>
<pin id="234" dir="1" index="6" bw="8" slack="0"/>
</pin_list>
<bind>
<opcode="phi(47) " fcode="phi"/>
<opset="data_V_51_rewind/4 "/>
</bind>
</comp>

<comp id="237" class="1005" name="data_V_50_rewind_reg_237">
<pin_list>
<pin id="238" dir="0" index="0" bw="8" slack="2"/>
<pin id="239" dir="1" index="1" bw="8" slack="2"/>
</pin_list>
<bind>
<opset="data_V_50_rewind (phireg) "/>
</bind>
</comp>

<comp id="241" class="1004" name="data_V_50_rewind_phi_fu_241">
<pin_list>
<pin id="242" dir="0" index="0" bw="1" slack="3"/>
<pin id="243" dir="0" index="1" bw="0" slack="2147483647"/>
<pin id="244" dir="0" index="2" bw="8" slack="0"/>
<pin id="245" dir="0" index="3" bw="0" slack="2147483647"/>
<pin id="246" dir="0" index="4" bw="1" slack="2"/>
<pin id="247" dir="0" index="5" bw="0" slack="2147483647"/>
<pin id="248" dir="1" index="6" bw="8" slack="0"/>
</pin_list>
<bind>
<opcode="phi(47) " fcode="phi"/>
<opset="data_V_50_rewind/4 "/>
</bind>
</comp>

<comp id="251" class="1005" name="data_V_49_rewind_reg_251">
<pin_list>
<pin id="252" dir="0" index="0" bw="8" slack="2"/>
<pin id="253" dir="1" index="1" bw="8" slack="2"/>
</pin_list>
<bind>
<opset="data_V_49_rewind (phireg) "/>
</bind>
</comp>

<comp id="255" class="1004" name="data_V_49_rewind_phi_fu_255">
<pin_list>
<pin id="256" dir="0" index="0" bw="1" slack="3"/>
<pin id="257" dir="0" index="1" bw="0" slack="2147483647"/>
<pin id="258" dir="0" index="2" bw="8" slack="0"/>
<pin id="259" dir="0" index="3" bw="0" slack="2147483647"/>
<pin id="260" dir="0" index="4" bw="1" slack="2"/>
<pin id="261" dir="0" index="5" bw="0" slack="2147483647"/>
<pin id="262" dir="1" index="6" bw="8" slack="0"/>
</pin_list>
<bind>
<opcode="phi(47) " fcode="phi"/>
<opset="data_V_49_rewind/4 "/>
</bind>
</comp>

<comp id="265" class="1005" name="data_V_48_rewind_reg_265">
<pin_list>
<pin id="266" dir="0" index="0" bw="8" slack="2"/>
<pin id="267" dir="1" index="1" bw="8" slack="2"/>
</pin_list>
<bind>
<opset="data_V_48_rewind (phireg) "/>
</bind>
</comp>

<comp id="269" class="1004" name="data_V_48_rewind_phi_fu_269">
<pin_list>
<pin id="270" dir="0" index="0" bw="1" slack="3"/>
<pin id="271" dir="0" index="1" bw="0" slack="2147483647"/>
<pin id="272" dir="0" index="2" bw="8" slack="0"/>
<pin id="273" dir="0" index="3" bw="0" slack="2147483647"/>
<pin id="274" dir="0" index="4" bw="1" slack="2"/>
<pin id="275" dir="0" index="5" bw="0" slack="2147483647"/>
<pin id="276" dir="1" index="6" bw="8" slack="0"/>
</pin_list>
<bind>
<opcode="phi(47) " fcode="phi"/>
<opset="data_V_48_rewind/4 "/>
</bind>
</comp>

<comp id="279" class="1005" name="data_V_47_rewind_reg_279">
<pin_list>
<pin id="280" dir="0" index="0" bw="8" slack="2"/>
<pin id="281" dir="1" index="1" bw="8" slack="2"/>
</pin_list>
<bind>
<opset="data_V_47_rewind (phireg) "/>
</bind>
</comp>

<comp id="283" class="1004" name="data_V_47_rewind_phi_fu_283">
<pin_list>
<pin id="284" dir="0" index="0" bw="1" slack="3"/>
<pin id="285" dir="0" index="1" bw="0" slack="2147483647"/>
<pin id="286" dir="0" index="2" bw="8" slack="0"/>
<pin id="287" dir="0" index="3" bw="0" slack="2147483647"/>
<pin id="288" dir="0" index="4" bw="1" slack="2"/>
<pin id="289" dir="0" index="5" bw="0" slack="2147483647"/>
<pin id="290" dir="1" index="6" bw="8" slack="0"/>
</pin_list>
<bind>
<opcode="phi(47) " fcode="phi"/>
<opset="data_V_47_rewind/4 "/>
</bind>
</comp>

<comp id="293" class="1005" name="data_V_46_rewind_reg_293">
<pin_list>
<pin id="294" dir="0" index="0" bw="8" slack="2"/>
<pin id="295" dir="1" index="1" bw="8" slack="2"/>
</pin_list>
<bind>
<opset="data_V_46_rewind (phireg) "/>
</bind>
</comp>

<comp id="297" class="1004" name="data_V_46_rewind_phi_fu_297">
<pin_list>
<pin id="298" dir="0" index="0" bw="1" slack="3"/>
<pin id="299" dir="0" index="1" bw="0" slack="2147483647"/>
<pin id="300" dir="0" index="2" bw="8" slack="0"/>
<pin id="301" dir="0" index="3" bw="0" slack="2147483647"/>
<pin id="302" dir="0" index="4" bw="1" slack="2"/>
<pin id="303" dir="0" index="5" bw="0" slack="2147483647"/>
<pin id="304" dir="1" index="6" bw="8" slack="0"/>
</pin_list>
<bind>
<opcode="phi(47) " fcode="phi"/>
<opset="data_V_46_rewind/4 "/>
</bind>
</comp>

<comp id="307" class="1005" name="data_V_45_rewind_reg_307">
<pin_list>
<pin id="308" dir="0" index="0" bw="8" slack="2"/>
<pin id="309" dir="1" index="1" bw="8" slack="2"/>
</pin_list>
<bind>
<opset="data_V_45_rewind (phireg) "/>
</bind>
</comp>

<comp id="311" class="1004" name="data_V_45_rewind_phi_fu_311">
<pin_list>
<pin id="312" dir="0" index="0" bw="1" slack="3"/>
<pin id="313" dir="0" index="1" bw="0" slack="2147483647"/>
<pin id="314" dir="0" index="2" bw="8" slack="0"/>
<pin id="315" dir="0" index="3" bw="0" slack="2147483647"/>
<pin id="316" dir="0" index="4" bw="1" slack="2"/>
<pin id="317" dir="0" index="5" bw="0" slack="2147483647"/>
<pin id="318" dir="1" index="6" bw="8" slack="0"/>
</pin_list>
<bind>
<opcode="phi(47) " fcode="phi"/>
<opset="data_V_45_rewind/4 "/>
</bind>
</comp>

<comp id="321" class="1005" name="data_V_44_rewind_reg_321">
<pin_list>
<pin id="322" dir="0" index="0" bw="8" slack="2"/>
<pin id="323" dir="1" index="1" bw="8" slack="2"/>
</pin_list>
<bind>
<opset="data_V_44_rewind (phireg) "/>
</bind>
</comp>

<comp id="325" class="1004" name="data_V_44_rewind_phi_fu_325">
<pin_list>
<pin id="326" dir="0" index="0" bw="1" slack="3"/>
<pin id="327" dir="0" index="1" bw="0" slack="2147483647"/>
<pin id="328" dir="0" index="2" bw="8" slack="0"/>
<pin id="329" dir="0" index="3" bw="0" slack="2147483647"/>
<pin id="330" dir="0" index="4" bw="1" slack="2"/>
<pin id="331" dir="0" index="5" bw="0" slack="2147483647"/>
<pin id="332" dir="1" index="6" bw="8" slack="0"/>
</pin_list>
<bind>
<opcode="phi(47) " fcode="phi"/>
<opset="data_V_44_rewind/4 "/>
</bind>
</comp>

<comp id="335" class="1005" name="data_V_43_rewind_reg_335">
<pin_list>
<pin id="336" dir="0" index="0" bw="8" slack="2"/>
<pin id="337" dir="1" index="1" bw="8" slack="2"/>
</pin_list>
<bind>
<opset="data_V_43_rewind (phireg) "/>
</bind>
</comp>

<comp id="339" class="1004" name="data_V_43_rewind_phi_fu_339">
<pin_list>
<pin id="340" dir="0" index="0" bw="1" slack="3"/>
<pin id="341" dir="0" index="1" bw="0" slack="2147483647"/>
<pin id="342" dir="0" index="2" bw="8" slack="0"/>
<pin id="343" dir="0" index="3" bw="0" slack="2147483647"/>
<pin id="344" dir="0" index="4" bw="1" slack="2"/>
<pin id="345" dir="0" index="5" bw="0" slack="2147483647"/>
<pin id="346" dir="1" index="6" bw="8" slack="0"/>
</pin_list>
<bind>
<opcode="phi(47) " fcode="phi"/>
<opset="data_V_43_rewind/4 "/>
</bind>
</comp>

<comp id="349" class="1005" name="data_V_55_rewind_reg_349">
<pin_list>
<pin id="350" dir="0" index="0" bw="8" slack="2"/>
<pin id="351" dir="1" index="1" bw="8" slack="2"/>
</pin_list>
<bind>
<opset="data_V_55_rewind (phireg) "/>
</bind>
</comp>

<comp id="353" class="1004" name="data_V_55_rewind_phi_fu_353">
<pin_list>
<pin id="354" dir="0" index="0" bw="1" slack="3"/>
<pin id="355" dir="0" index="1" bw="0" slack="2147483647"/>
<pin id="356" dir="0" index="2" bw="8" slack="0"/>
<pin id="357" dir="0" index="3" bw="0" slack="2147483647"/>
<pin id="358" dir="0" index="4" bw="1" slack="2"/>
<pin id="359" dir="0" index="5" bw="0" slack="2147483647"/>
<pin id="360" dir="1" index="6" bw="8" slack="0"/>
</pin_list>
<bind>
<opcode="phi(47) " fcode="phi"/>
<opset="data_V_55_rewind/4 "/>
</bind>
</comp>

<comp id="363" class="1005" name="data_V_56_rewind_reg_363">
<pin_list>
<pin id="364" dir="0" index="0" bw="8" slack="2"/>
<pin id="365" dir="1" index="1" bw="8" slack="2"/>
</pin_list>
<bind>
<opset="data_V_56_rewind (phireg) "/>
</bind>
</comp>

<comp id="367" class="1004" name="data_V_56_rewind_phi_fu_367">
<pin_list>
<pin id="368" dir="0" index="0" bw="1" slack="3"/>
<pin id="369" dir="0" index="1" bw="0" slack="2147483647"/>
<pin id="370" dir="0" index="2" bw="8" slack="0"/>
<pin id="371" dir="0" index="3" bw="0" slack="2147483647"/>
<pin id="372" dir="0" index="4" bw="1" slack="2"/>
<pin id="373" dir="0" index="5" bw="0" slack="2147483647"/>
<pin id="374" dir="1" index="6" bw="8" slack="0"/>
</pin_list>
<bind>
<opcode="phi(47) " fcode="phi"/>
<opset="data_V_56_rewind/4 "/>
</bind>
</comp>

<comp id="377" class="1005" name="data_V_57_rewind_reg_377">
<pin_list>
<pin id="378" dir="0" index="0" bw="8" slack="2"/>
<pin id="379" dir="1" index="1" bw="8" slack="2"/>
</pin_list>
<bind>
<opset="data_V_57_rewind (phireg) "/>
</bind>
</comp>

<comp id="381" class="1004" name="data_V_57_rewind_phi_fu_381">
<pin_list>
<pin id="382" dir="0" index="0" bw="1" slack="3"/>
<pin id="383" dir="0" index="1" bw="0" slack="2147483647"/>
<pin id="384" dir="0" index="2" bw="8" slack="0"/>
<pin id="385" dir="0" index="3" bw="0" slack="2147483647"/>
<pin id="386" dir="0" index="4" bw="1" slack="2"/>
<pin id="387" dir="0" index="5" bw="0" slack="2147483647"/>
<pin id="388" dir="1" index="6" bw="8" slack="0"/>
</pin_list>
<bind>
<opcode="phi(47) " fcode="phi"/>
<opset="data_V_57_rewind/4 "/>
</bind>
</comp>

<comp id="391" class="1005" name="p_rewind_reg_391">
<pin_list>
<pin id="392" dir="0" index="0" bw="8" slack="2"/>
<pin id="393" dir="1" index="1" bw="8" slack="2"/>
</pin_list>
<bind>
<opset="p_rewind (phireg) "/>
</bind>
</comp>

<comp id="395" class="1004" name="p_rewind_phi_fu_395">
<pin_list>
<pin id="396" dir="0" index="0" bw="1" slack="3"/>
<pin id="397" dir="0" index="1" bw="0" slack="2147483647"/>
<pin id="398" dir="0" index="2" bw="8" slack="0"/>
<pin id="399" dir="0" index="3" bw="0" slack="2147483647"/>
<pin id="400" dir="0" index="4" bw="1" slack="2"/>
<pin id="401" dir="0" index="5" bw="0" slack="2147483647"/>
<pin id="402" dir="1" index="6" bw="8" slack="0"/>
</pin_list>
<bind>
<opcode="phi(47) " fcode="phi"/>
<opset="p_rewind/4 "/>
</bind>
</comp>

<comp id="405" class="1005" name="data_V_54_phi_reg_405">
<pin_list>
<pin id="406" dir="0" index="0" bw="8" slack="0"/>
<pin id="407" dir="1" index="1" bw="8" slack="0"/>
</pin_list>
<bind>
<opset="data_V_54_phi (phireg) "/>
</bind>
</comp>

<comp id="409" class="1004" name="data_V_54_phi_phi_fu_409">
<pin_list>
<pin id="410" dir="0" index="0" bw="8" slack="1"/>
<pin id="411" dir="0" index="1" bw="0" slack="2147483647"/>
<pin id="412" dir="0" index="2" bw="8" slack="0"/>
<pin id="413" dir="0" index="3" bw="0" slack="2147483647"/>
<pin id="414" dir="1" index="4" bw="8" slack="0"/>
</pin_list>
<bind>
<opcode="phi(47) " fcode="phi"/>
<opset="data_V_54_phi/4 "/>
</bind>
</comp>

<comp id="417" class="1005" name="data_V_53_phi_reg_417">
<pin_list>
<pin id="418" dir="0" index="0" bw="8" slack="0"/>
<pin id="419" dir="1" index="1" bw="8" slack="0"/>
</pin_list>
<bind>
<opset="data_V_53_phi (phireg) "/>
</bind>
</comp>

<comp id="421" class="1004" name="data_V_53_phi_phi_fu_421">
<pin_list>
<pin id="422" dir="0" index="0" bw="8" slack="1"/>
<pin id="423" dir="0" index="1" bw="0" slack="2147483647"/>
<pin id="424" dir="0" index="2" bw="8" slack="0"/>
<pin id="425" dir="0" index="3" bw="0" slack="2147483647"/>
<pin id="426" dir="1" index="4" bw="8" slack="0"/>
</pin_list>
<bind>
<opcode="phi(47) " fcode="phi"/>
<opset="data_V_53_phi/4 "/>
</bind>
</comp>

<comp id="429" class="1005" name="data_V_52_phi_reg_429">
<pin_list>
<pin id="430" dir="0" index="0" bw="8" slack="0"/>
<pin id="431" dir="1" index="1" bw="8" slack="0"/>
</pin_list>
<bind>
<opset="data_V_52_phi (phireg) "/>
</bind>
</comp>

<comp id="433" class="1004" name="data_V_52_phi_phi_fu_433">
<pin_list>
<pin id="434" dir="0" index="0" bw="8" slack="1"/>
<pin id="435" dir="0" index="1" bw="0" slack="2147483647"/>
<pin id="436" dir="0" index="2" bw="8" slack="0"/>
<pin id="437" dir="0" index="3" bw="0" slack="2147483647"/>
<pin id="438" dir="1" index="4" bw="8" slack="0"/>
</pin_list>
<bind>
<opcode="phi(47) " fcode="phi"/>
<opset="data_V_52_phi/4 "/>
</bind>
</comp>

<comp id="441" class="1005" name="data_V_51_phi_reg_441">
<pin_list>
<pin id="442" dir="0" index="0" bw="8" slack="0"/>
<pin id="443" dir="1" index="1" bw="8" slack="0"/>
</pin_list>
<bind>
<opset="data_V_51_phi (phireg) "/>
</bind>
</comp>

<comp id="445" class="1004" name="data_V_51_phi_phi_fu_445">
<pin_list>
<pin id="446" dir="0" index="0" bw="8" slack="1"/>
<pin id="447" dir="0" index="1" bw="0" slack="2147483647"/>
<pin id="448" dir="0" index="2" bw="8" slack="0"/>
<pin id="449" dir="0" index="3" bw="0" slack="2147483647"/>
<pin id="450" dir="1" index="4" bw="8" slack="0"/>
</pin_list>
<bind>
<opcode="phi(47) " fcode="phi"/>
<opset="data_V_51_phi/4 "/>
</bind>
</comp>

<comp id="453" class="1005" name="data_V_50_phi_reg_453">
<pin_list>
<pin id="454" dir="0" index="0" bw="8" slack="0"/>
<pin id="455" dir="1" index="1" bw="8" slack="0"/>
</pin_list>
<bind>
<opset="data_V_50_phi (phireg) "/>
</bind>
</comp>

<comp id="457" class="1004" name="data_V_50_phi_phi_fu_457">
<pin_list>
<pin id="458" dir="0" index="0" bw="8" slack="1"/>
<pin id="459" dir="0" index="1" bw="0" slack="2147483647"/>
<pin id="460" dir="0" index="2" bw="8" slack="0"/>
<pin id="461" dir="0" index="3" bw="0" slack="2147483647"/>
<pin id="462" dir="1" index="4" bw="8" slack="0"/>
</pin_list>
<bind>
<opcode="phi(47) " fcode="phi"/>
<opset="data_V_50_phi/4 "/>
</bind>
</comp>

<comp id="465" class="1005" name="data_V_49_phi_reg_465">
<pin_list>
<pin id="466" dir="0" index="0" bw="8" slack="0"/>
<pin id="467" dir="1" index="1" bw="8" slack="0"/>
</pin_list>
<bind>
<opset="data_V_49_phi (phireg) "/>
</bind>
</comp>

<comp id="469" class="1004" name="data_V_49_phi_phi_fu_469">
<pin_list>
<pin id="470" dir="0" index="0" bw="8" slack="1"/>
<pin id="471" dir="0" index="1" bw="0" slack="2147483647"/>
<pin id="472" dir="0" index="2" bw="8" slack="0"/>
<pin id="473" dir="0" index="3" bw="0" slack="2147483647"/>
<pin id="474" dir="1" index="4" bw="8" slack="0"/>
</pin_list>
<bind>
<opcode="phi(47) " fcode="phi"/>
<opset="data_V_49_phi/4 "/>
</bind>
</comp>

<comp id="477" class="1005" name="data_V_48_phi_reg_477">
<pin_list>
<pin id="478" dir="0" index="0" bw="8" slack="0"/>
<pin id="479" dir="1" index="1" bw="8" slack="0"/>
</pin_list>
<bind>
<opset="data_V_48_phi (phireg) "/>
</bind>
</comp>

<comp id="481" class="1004" name="data_V_48_phi_phi_fu_481">
<pin_list>
<pin id="482" dir="0" index="0" bw="8" slack="1"/>
<pin id="483" dir="0" index="1" bw="0" slack="2147483647"/>
<pin id="484" dir="0" index="2" bw="8" slack="0"/>
<pin id="485" dir="0" index="3" bw="0" slack="2147483647"/>
<pin id="486" dir="1" index="4" bw="8" slack="0"/>
</pin_list>
<bind>
<opcode="phi(47) " fcode="phi"/>
<opset="data_V_48_phi/4 "/>
</bind>
</comp>

<comp id="489" class="1005" name="data_V_47_phi_reg_489">
<pin_list>
<pin id="490" dir="0" index="0" bw="8" slack="0"/>
<pin id="491" dir="1" index="1" bw="8" slack="0"/>
</pin_list>
<bind>
<opset="data_V_47_phi (phireg) "/>
</bind>
</comp>

<comp id="493" class="1004" name="data_V_47_phi_phi_fu_493">
<pin_list>
<pin id="494" dir="0" index="0" bw="8" slack="1"/>
<pin id="495" dir="0" index="1" bw="0" slack="2147483647"/>
<pin id="496" dir="0" index="2" bw="8" slack="0"/>
<pin id="497" dir="0" index="3" bw="0" slack="2147483647"/>
<pin id="498" dir="1" index="4" bw="8" slack="0"/>
</pin_list>
<bind>
<opcode="phi(47) " fcode="phi"/>
<opset="data_V_47_phi/4 "/>
</bind>
</comp>

<comp id="501" class="1005" name="data_V_46_phi_reg_501">
<pin_list>
<pin id="502" dir="0" index="0" bw="8" slack="0"/>
<pin id="503" dir="1" index="1" bw="8" slack="0"/>
</pin_list>
<bind>
<opset="data_V_46_phi (phireg) "/>
</bind>
</comp>

<comp id="505" class="1004" name="data_V_46_phi_phi_fu_505">
<pin_list>
<pin id="506" dir="0" index="0" bw="8" slack="1"/>
<pin id="507" dir="0" index="1" bw="0" slack="2147483647"/>
<pin id="508" dir="0" index="2" bw="8" slack="0"/>
<pin id="509" dir="0" index="3" bw="0" slack="2147483647"/>
<pin id="510" dir="1" index="4" bw="8" slack="0"/>
</pin_list>
<bind>
<opcode="phi(47) " fcode="phi"/>
<opset="data_V_46_phi/4 "/>
</bind>
</comp>

<comp id="513" class="1005" name="data_V_45_phi_reg_513">
<pin_list>
<pin id="514" dir="0" index="0" bw="8" slack="0"/>
<pin id="515" dir="1" index="1" bw="8" slack="0"/>
</pin_list>
<bind>
<opset="data_V_45_phi (phireg) "/>
</bind>
</comp>

<comp id="517" class="1004" name="data_V_45_phi_phi_fu_517">
<pin_list>
<pin id="518" dir="0" index="0" bw="8" slack="1"/>
<pin id="519" dir="0" index="1" bw="0" slack="2147483647"/>
<pin id="520" dir="0" index="2" bw="8" slack="0"/>
<pin id="521" dir="0" index="3" bw="0" slack="2147483647"/>
<pin id="522" dir="1" index="4" bw="8" slack="0"/>
</pin_list>
<bind>
<opcode="phi(47) " fcode="phi"/>
<opset="data_V_45_phi/4 "/>
</bind>
</comp>

<comp id="525" class="1005" name="data_V_44_phi_reg_525">
<pin_list>
<pin id="526" dir="0" index="0" bw="8" slack="0"/>
<pin id="527" dir="1" index="1" bw="8" slack="0"/>
</pin_list>
<bind>
<opset="data_V_44_phi (phireg) "/>
</bind>
</comp>

<comp id="529" class="1004" name="data_V_44_phi_phi_fu_529">
<pin_list>
<pin id="530" dir="0" index="0" bw="8" slack="1"/>
<pin id="531" dir="0" index="1" bw="0" slack="2147483647"/>
<pin id="532" dir="0" index="2" bw="8" slack="0"/>
<pin id="533" dir="0" index="3" bw="0" slack="2147483647"/>
<pin id="534" dir="1" index="4" bw="8" slack="0"/>
</pin_list>
<bind>
<opcode="phi(47) " fcode="phi"/>
<opset="data_V_44_phi/4 "/>
</bind>
</comp>

<comp id="537" class="1005" name="data_V_43_phi_reg_537">
<pin_list>
<pin id="538" dir="0" index="0" bw="8" slack="0"/>
<pin id="539" dir="1" index="1" bw="8" slack="0"/>
</pin_list>
<bind>
<opset="data_V_43_phi (phireg) "/>
</bind>
</comp>

<comp id="541" class="1004" name="data_V_43_phi_phi_fu_541">
<pin_list>
<pin id="542" dir="0" index="0" bw="8" slack="1"/>
<pin id="543" dir="0" index="1" bw="0" slack="2147483647"/>
<pin id="544" dir="0" index="2" bw="8" slack="0"/>
<pin id="545" dir="0" index="3" bw="0" slack="2147483647"/>
<pin id="546" dir="1" index="4" bw="8" slack="0"/>
</pin_list>
<bind>
<opcode="phi(47) " fcode="phi"/>
<opset="data_V_43_phi/4 "/>
</bind>
</comp>

<comp id="549" class="1005" name="data_V_55_phi_reg_549">
<pin_list>
<pin id="550" dir="0" index="0" bw="8" slack="0"/>
<pin id="551" dir="1" index="1" bw="8" slack="0"/>
</pin_list>
<bind>
<opset="data_V_55_phi (phireg) "/>
</bind>
</comp>

<comp id="553" class="1004" name="data_V_55_phi_phi_fu_553">
<pin_list>
<pin id="554" dir="0" index="0" bw="8" slack="1"/>
<pin id="555" dir="0" index="1" bw="0" slack="2147483647"/>
<pin id="556" dir="0" index="2" bw="8" slack="0"/>
<pin id="557" dir="0" index="3" bw="0" slack="2147483647"/>
<pin id="558" dir="1" index="4" bw="8" slack="0"/>
</pin_list>
<bind>
<opcode="phi(47) " fcode="phi"/>
<opset="data_V_55_phi/4 "/>
</bind>
</comp>

<comp id="561" class="1005" name="data_V_56_phi_reg_561">
<pin_list>
<pin id="562" dir="0" index="0" bw="8" slack="0"/>
<pin id="563" dir="1" index="1" bw="8" slack="0"/>
</pin_list>
<bind>
<opset="data_V_56_phi (phireg) "/>
</bind>
</comp>

<comp id="565" class="1004" name="data_V_56_phi_phi_fu_565">
<pin_list>
<pin id="566" dir="0" index="0" bw="8" slack="1"/>
<pin id="567" dir="0" index="1" bw="0" slack="2147483647"/>
<pin id="568" dir="0" index="2" bw="8" slack="0"/>
<pin id="569" dir="0" index="3" bw="0" slack="2147483647"/>
<pin id="570" dir="1" index="4" bw="8" slack="0"/>
</pin_list>
<bind>
<opcode="phi(47) " fcode="phi"/>
<opset="data_V_56_phi/4 "/>
</bind>
</comp>

<comp id="573" class="1005" name="data_V_57_phi_reg_573">
<pin_list>
<pin id="574" dir="0" index="0" bw="8" slack="0"/>
<pin id="575" dir="1" index="1" bw="8" slack="0"/>
</pin_list>
<bind>
<opset="data_V_57_phi (phireg) "/>
</bind>
</comp>

<comp id="577" class="1004" name="data_V_57_phi_phi_fu_577">
<pin_list>
<pin id="578" dir="0" index="0" bw="8" slack="1"/>
<pin id="579" dir="0" index="1" bw="0" slack="2147483647"/>
<pin id="580" dir="0" index="2" bw="8" slack="0"/>
<pin id="581" dir="0" index="3" bw="0" slack="2147483647"/>
<pin id="582" dir="1" index="4" bw="8" slack="0"/>
</pin_list>
<bind>
<opcode="phi(47) " fcode="phi"/>
<opset="data_V_57_phi/4 "/>
</bind>
</comp>

<comp id="585" class="1005" name="p_phi_reg_585">
<pin_list>
<pin id="586" dir="0" index="0" bw="8" slack="0"/>
<pin id="587" dir="1" index="1" bw="8" slack="0"/>
</pin_list>
<bind>
<opset="p_phi (phireg) "/>
</bind>
</comp>

<comp id="589" class="1004" name="p_phi_phi_fu_589">
<pin_list>
<pin id="590" dir="0" index="0" bw="8" slack="1"/>
<pin id="591" dir="0" index="1" bw="0" slack="2147483647"/>
<pin id="592" dir="0" index="2" bw="8" slack="0"/>
<pin id="593" dir="0" index="3" bw="0" slack="2147483647"/>
<pin id="594" dir="1" index="4" bw="8" slack="0"/>
</pin_list>
<bind>
<opcode="phi(47) " fcode="phi"/>
<opset="p_phi/4 "/>
</bind>
</comp>

<comp id="597" class="1005" name="res_V4_reg_597">
<pin_list>
<pin id="598" dir="0" index="0" bw="8" slack="4"/>
<pin id="599" dir="1" index="1" bw="8" slack="4"/>
</pin_list>
<bind>
<opset="res_V4 (phireg) "/>
</bind>
</comp>

<comp id="601" class="1004" name="res_V4_phi_fu_601">
<pin_list>
<pin id="602" dir="0" index="0" bw="7" slack="5"/>
<pin id="603" dir="0" index="1" bw="0" slack="2147483647"/>
<pin id="604" dir="0" index="2" bw="8" slack="0"/>
<pin id="605" dir="0" index="3" bw="0" slack="2147483647"/>
<pin id="606" dir="0" index="4" bw="7" slack="4"/>
<pin id="607" dir="0" index="5" bw="0" slack="2147483647"/>
<pin id="608" dir="1" index="6" bw="8" slack="0"/>
</pin_list>
<bind>
<opcode="phi(47) " fcode="phi"/>
<opset="res_V4/6 "/>
</bind>
</comp>

<comp id="611" class="1004" name="in_index_fu_611">
<pin_list>
<pin id="612" dir="0" index="0" bw="4" slack="0"/>
<pin id="613" dir="0" index="1" bw="1" slack="0"/>
<pin id="614" dir="1" index="2" bw="4" slack="0"/>
</pin_list>
<bind>
<opcode="add(8) " fcode="add"/>
<opset="in_index/2 "/>
</bind>
</comp>

<comp id="617" class="1004" name="icmp_ln42_fu_617">
<pin_list>
<pin id="618" dir="0" index="0" bw="4" slack="0"/>
<pin id="619" dir="0" index="1" bw="1" slack="0"/>
<pin id="620" dir="1" index="2" bw="1" slack="1"/>
</pin_list>
<bind>
<opcode="icmp(45) " fcode="icmp"/>
<opset="icmp_ln42/2 "/>
</bind>
</comp>

<comp id="623" class="1004" name="data_V_fu_623">
<pin_list>
<pin id="624" dir="0" index="0" bw="128" slack="0"/>
<pin id="625" dir="1" index="1" bw="8" slack="1"/>
</pin_list>
<bind>
<opcode="trunc(33) " fcode="trunc"/>
<opset="data_V/3 "/>
</bind>
</comp>

<comp id="627" class="1004" name="data_V_70_fu_627">
<pin_list>
<pin id="628" dir="0" index="0" bw="8" slack="0"/>
<pin id="629" dir="0" index="1" bw="128" slack="0"/>
<pin id="630" dir="0" index="2" bw="8" slack="0"/>
<pin id="631" dir="0" index="3" bw="8" slack="0"/>
<pin id="632" dir="1" index="4" bw="8" slack="1"/>
</pin_list>
<bind>
<opcode="partselect(1002) " fcode="partselect"/>
<opset="data_V_70/3 "/>
</bind>
</comp>

<comp id="637" class="1004" name="data_V_71_fu_637">
<pin_list>
<pin id="638" dir="0" index="0" bw="8" slack="0"/>
<pin id="639" dir="0" index="1" bw="128" slack="0"/>
<pin id="640" dir="0" index="2" bw="8" slack="0"/>
<pin id="641" dir="0" index="3" bw="8" slack="0"/>
<pin id="642" dir="1" index="4" bw="8" slack="1"/>
</pin_list>
<bind>
<opcode="partselect(1002) " fcode="partselect"/>
<opset="data_V_71/3 "/>
</bind>
</comp>

<comp id="647" class="1004" name="data_V_72_fu_647">
<pin_list>
<pin id="648" dir="0" index="0" bw="8" slack="0"/>
<pin id="649" dir="0" index="1" bw="128" slack="0"/>
<pin id="650" dir="0" index="2" bw="5" slack="0"/>
<pin id="651" dir="0" index="3" bw="5" slack="0"/>
<pin id="652" dir="1" index="4" bw="8" slack="1"/>
</pin_list>
<bind>
<opcode="partselect(1002) " fcode="partselect"/>
<opset="data_V_72/3 "/>
</bind>
</comp>

<comp id="657" class="1004" name="data_V_73_fu_657">
<pin_list>
<pin id="658" dir="0" index="0" bw="8" slack="0"/>
<pin id="659" dir="0" index="1" bw="128" slack="0"/>
<pin id="660" dir="0" index="2" bw="6" slack="0"/>
<pin id="661" dir="0" index="3" bw="6" slack="0"/>
<pin id="662" dir="1" index="4" bw="8" slack="1"/>
</pin_list>
<bind>
<opcode="partselect(1002) " fcode="partselect"/>
<opset="data_V_73/3 "/>
</bind>
</comp>

<comp id="667" class="1004" name="data_V_74_fu_667">
<pin_list>
<pin id="668" dir="0" index="0" bw="8" slack="0"/>
<pin id="669" dir="0" index="1" bw="128" slack="0"/>
<pin id="670" dir="0" index="2" bw="6" slack="0"/>
<pin id="671" dir="0" index="3" bw="6" slack="0"/>
<pin id="672" dir="1" index="4" bw="8" slack="1"/>
</pin_list>
<bind>
<opcode="partselect(1002) " fcode="partselect"/>
<opset="data_V_74/3 "/>
</bind>
</comp>

<comp id="677" class="1004" name="data_V_75_fu_677">
<pin_list>
<pin id="678" dir="0" index="0" bw="8" slack="0"/>
<pin id="679" dir="0" index="1" bw="128" slack="0"/>
<pin id="680" dir="0" index="2" bw="7" slack="0"/>
<pin id="681" dir="0" index="3" bw="7" slack="0"/>
<pin id="682" dir="1" index="4" bw="8" slack="1"/>
</pin_list>
<bind>
<opcode="partselect(1002) " fcode="partselect"/>
<opset="data_V_75/3 "/>
</bind>
</comp>

<comp id="687" class="1004" name="data_V_76_fu_687">
<pin_list>
<pin id="688" dir="0" index="0" bw="8" slack="0"/>
<pin id="689" dir="0" index="1" bw="128" slack="0"/>
<pin id="690" dir="0" index="2" bw="7" slack="0"/>
<pin id="691" dir="0" index="3" bw="7" slack="0"/>
<pin id="692" dir="1" index="4" bw="8" slack="1"/>
</pin_list>
<bind>
<opcode="partselect(1002) " fcode="partselect"/>
<opset="data_V_76/3 "/>
</bind>
</comp>

<comp id="697" class="1004" name="data_V_77_fu_697">
<pin_list>
<pin id="698" dir="0" index="0" bw="8" slack="0"/>
<pin id="699" dir="0" index="1" bw="128" slack="0"/>
<pin id="700" dir="0" index="2" bw="7" slack="0"/>
<pin id="701" dir="0" index="3" bw="7" slack="0"/>
<pin id="702" dir="1" index="4" bw="8" slack="1"/>
</pin_list>
<bind>
<opcode="partselect(1002) " fcode="partselect"/>
<opset="data_V_77/3 "/>
</bind>
</comp>

<comp id="707" class="1004" name="data_V_78_fu_707">
<pin_list>
<pin id="708" dir="0" index="0" bw="8" slack="0"/>
<pin id="709" dir="0" index="1" bw="128" slack="0"/>
<pin id="710" dir="0" index="2" bw="7" slack="0"/>
<pin id="711" dir="0" index="3" bw="7" slack="0"/>
<pin id="712" dir="1" index="4" bw="8" slack="1"/>
</pin_list>
<bind>
<opcode="partselect(1002) " fcode="partselect"/>
<opset="data_V_78/3 "/>
</bind>
</comp>

<comp id="717" class="1004" name="data_V_79_fu_717">
<pin_list>
<pin id="718" dir="0" index="0" bw="8" slack="0"/>
<pin id="719" dir="0" index="1" bw="128" slack="0"/>
<pin id="720" dir="0" index="2" bw="8" slack="0"/>
<pin id="721" dir="0" index="3" bw="8" slack="0"/>
<pin id="722" dir="1" index="4" bw="8" slack="1"/>
</pin_list>
<bind>
<opcode="partselect(1002) " fcode="partselect"/>
<opset="data_V_79/3 "/>
</bind>
</comp>

<comp id="727" class="1004" name="data_V_80_fu_727">
<pin_list>
<pin id="728" dir="0" index="0" bw="8" slack="0"/>
<pin id="729" dir="0" index="1" bw="128" slack="0"/>
<pin id="730" dir="0" index="2" bw="8" slack="0"/>
<pin id="731" dir="0" index="3" bw="8" slack="0"/>
<pin id="732" dir="1" index="4" bw="8" slack="1"/>
</pin_list>
<bind>
<opcode="partselect(1002) " fcode="partselect"/>
<opset="data_V_80/3 "/>
</bind>
</comp>

<comp id="737" class="1004" name="data_V_81_fu_737">
<pin_list>
<pin id="738" dir="0" index="0" bw="8" slack="0"/>
<pin id="739" dir="0" index="1" bw="128" slack="0"/>
<pin id="740" dir="0" index="2" bw="8" slack="0"/>
<pin id="741" dir="0" index="3" bw="8" slack="0"/>
<pin id="742" dir="1" index="4" bw="8" slack="1"/>
</pin_list>
<bind>
<opcode="partselect(1002) " fcode="partselect"/>
<opset="data_V_81/3 "/>
</bind>
</comp>

<comp id="747" class="1004" name="data_V_82_fu_747">
<pin_list>
<pin id="748" dir="0" index="0" bw="8" slack="0"/>
<pin id="749" dir="0" index="1" bw="128" slack="0"/>
<pin id="750" dir="0" index="2" bw="8" slack="0"/>
<pin id="751" dir="0" index="3" bw="8" slack="0"/>
<pin id="752" dir="1" index="4" bw="8" slack="1"/>
</pin_list>
<bind>
<opcode="partselect(1002) " fcode="partselect"/>
<opset="data_V_82/3 "/>
</bind>
</comp>

<comp id="757" class="1004" name="data_V_83_fu_757">
<pin_list>
<pin id="758" dir="0" index="0" bw="8" slack="0"/>
<pin id="759" dir="0" index="1" bw="128" slack="0"/>
<pin id="760" dir="0" index="2" bw="8" slack="0"/>
<pin id="761" dir="0" index="3" bw="8" slack="0"/>
<pin id="762" dir="1" index="4" bw="8" slack="1"/>
</pin_list>
<bind>
<opcode="partselect(1002) " fcode="partselect"/>
<opset="data_V_83/3 "/>
</bind>
</comp>

<comp id="767" class="1004" name="data_V_84_fu_767">
<pin_list>
<pin id="768" dir="0" index="0" bw="8" slack="0"/>
<pin id="769" dir="0" index="1" bw="128" slack="0"/>
<pin id="770" dir="0" index="2" bw="8" slack="0"/>
<pin id="771" dir="0" index="3" bw="8" slack="0"/>
<pin id="772" dir="1" index="4" bw="8" slack="1"/>
</pin_list>
<bind>
<opcode="partselect(1002) " fcode="partselect"/>
<opset="data_V_84/3 "/>
</bind>
</comp>

<comp id="777" class="1004" name="zext_ln42_fu_777">
<pin_list>
<pin id="778" dir="0" index="0" bw="4" slack="1"/>
<pin id="779" dir="1" index="1" bw="64" slack="0"/>
</pin_list>
<bind>
<opcode="zext(34) " fcode="zext"/>
<opset="zext_ln42/3 "/>
</bind>
</comp>

<comp id="782" class="1004" name="a_V_fu_782">
<pin_list>
<pin id="783" dir="0" index="0" bw="8" slack="0"/>
<pin id="784" dir="0" index="1" bw="8" slack="0"/>
<pin id="785" dir="0" index="2" bw="8" slack="0"/>
<pin id="786" dir="0" index="3" bw="8" slack="0"/>
<pin id="787" dir="0" index="4" bw="8" slack="0"/>
<pin id="788" dir="0" index="5" bw="8" slack="0"/>
<pin id="789" dir="0" index="6" bw="8" slack="0"/>
<pin id="790" dir="0" index="7" bw="8" slack="0"/>
<pin id="791" dir="0" index="8" bw="8" slack="0"/>
<pin id="792" dir="0" index="9" bw="8" slack="0"/>
<pin id="793" dir="0" index="10" bw="8" slack="0"/>
<pin id="794" dir="0" index="11" bw="8" slack="0"/>
<pin id="795" dir="0" index="12" bw="8" slack="0"/>
<pin id="796" dir="0" index="13" bw="8" slack="0"/>
<pin id="797" dir="0" index="14" bw="8" slack="0"/>
<pin id="798" dir="0" index="15" bw="8" slack="0"/>
<pin id="799" dir="0" index="16" bw="8" slack="0"/>
<pin id="800" dir="0" index="17" bw="4" slack="2"/>
<pin id="801" dir="1" index="18" bw="8" slack="1"/>
</pin_list>
<bind>
<opcode="mux(1196) " fcode="mux"/>
<opset="a_V/4 "/>
</bind>
</comp>

<comp id="820" class="1004" name="sext_ln1270_fu_820">
<pin_list>
<pin id="821" dir="0" index="0" bw="8" slack="1"/>
<pin id="822" dir="1" index="1" bw="13" slack="0"/>
</pin_list>
<bind>
<opcode="sext(35) " fcode="sext"/>
<opset="sext_ln1270/5 "/>
</bind>
</comp>

<comp id="823" class="1004" name="sext_ln1270_12_fu_823">
<pin_list>
<pin id="824" dir="0" index="0" bw="6" slack="1"/>
<pin id="825" dir="1" index="1" bw="13" slack="0"/>
</pin_list>
<bind>
<opcode="sext(35) " fcode="sext"/>
<opset="sext_ln1270_12/5 "/>
</bind>
</comp>

<comp id="826" class="1004" name="mul_ln1270_fu_826">
<pin_list>
<pin id="827" dir="0" index="0" bw="8" slack="0"/>
<pin id="828" dir="0" index="1" bw="6" slack="0"/>
<pin id="829" dir="1" index="2" bw="13" slack="0"/>
</pin_list>
<bind>
<opcode="mul(12) " fcode="mul"/>
<opset="mul_ln1270/5 "/>
</bind>
</comp>

<comp id="832" class="1004" name="trunc_ln_fu_832">
<pin_list>
<pin id="833" dir="0" index="0" bw="8" slack="0"/>
<pin id="834" dir="0" index="1" bw="13" slack="0"/>
<pin id="835" dir="0" index="2" bw="4" slack="0"/>
<pin id="836" dir="0" index="3" bw="5" slack="0"/>
<pin id="837" dir="1" index="4" bw="8" slack="1"/>
</pin_list>
<bind>
<opcode="partselect(1002) " fcode="partselect"/>
<opset="trunc_ln/5 "/>
</bind>
</comp>

<comp id="842" class="1004" name="res_V_fu_842">
<pin_list>
<pin id="843" dir="0" index="0" bw="8" slack="1"/>
<pin id="844" dir="0" index="1" bw="8" slack="0"/>
<pin id="845" dir="1" index="2" bw="8" slack="0"/>
</pin_list>
<bind>
<opcode="add(8) " fcode="add"/>
<opset="res_V/6 "/>
</bind>
</comp>

<comp id="848" class="1004" name="return_ln101_fu_848">
<pin_list>
<pin id="849" dir="1" index="0" bw="0" slack="2147483647"/>
</pin_list>
<bind>
<opcode="return(1203) " fcode="return"/>
<opset="return_ln101/6 "/>
</bind>
</comp>

<comp id="850" class="1005" name="in_index_reg_850">
<pin_list>
<pin id="851" dir="0" index="0" bw="4" slack="0"/>
<pin id="852" dir="1" index="1" bw="4" slack="0"/>
</pin_list>
<bind>
<opset="in_index "/>
</bind>
</comp>

<comp id="855" class="1005" name="icmp_ln42_reg_855">
<pin_list>
<pin id="856" dir="0" index="0" bw="1" slack="1"/>
<pin id="857" dir="1" index="1" bw="1" slack="2147483647"/>
</pin_list>
<bind>
<opset="icmp_ln42 "/>
</bind>
</comp>

<comp id="859" class="1005" name="data_V_reg_859">
<pin_list>
<pin id="860" dir="0" index="0" bw="8" slack="1"/>
<pin id="861" dir="1" index="1" bw="8" slack="1"/>
</pin_list>
<bind>
<opset="data_V "/>
</bind>
</comp>

<comp id="864" class="1005" name="data_V_70_reg_864">
<pin_list>
<pin id="865" dir="0" index="0" bw="8" slack="1"/>
<pin id="866" dir="1" index="1" bw="8" slack="1"/>
</pin_list>
<bind>
<opset="data_V_70 "/>
</bind>
</comp>

<comp id="869" class="1005" name="data_V_71_reg_869">
<pin_list>
<pin id="870" dir="0" index="0" bw="8" slack="1"/>
<pin id="871" dir="1" index="1" bw="8" slack="1"/>
</pin_list>
<bind>
<opset="data_V_71 "/>
</bind>
</comp>

<comp id="874" class="1005" name="data_V_72_reg_874">
<pin_list>
<pin id="875" dir="0" index="0" bw="8" slack="1"/>
<pin id="876" dir="1" index="1" bw="8" slack="1"/>
</pin_list>
<bind>
<opset="data_V_72 "/>
</bind>
</comp>

<comp id="879" class="1005" name="data_V_73_reg_879">
<pin_list>
<pin id="880" dir="0" index="0" bw="8" slack="1"/>
<pin id="881" dir="1" index="1" bw="8" slack="1"/>
</pin_list>
<bind>
<opset="data_V_73 "/>
</bind>
</comp>

<comp id="884" class="1005" name="data_V_74_reg_884">
<pin_list>
<pin id="885" dir="0" index="0" bw="8" slack="1"/>
<pin id="886" dir="1" index="1" bw="8" slack="1"/>
</pin_list>
<bind>
<opset="data_V_74 "/>
</bind>
</comp>

<comp id="889" class="1005" name="data_V_75_reg_889">
<pin_list>
<pin id="890" dir="0" index="0" bw="8" slack="1"/>
<pin id="891" dir="1" index="1" bw="8" slack="1"/>
</pin_list>
<bind>
<opset="data_V_75 "/>
</bind>
</comp>

<comp id="894" class="1005" name="data_V_76_reg_894">
<pin_list>
<pin id="895" dir="0" index="0" bw="8" slack="1"/>
<pin id="896" dir="1" index="1" bw="8" slack="1"/>
</pin_list>
<bind>
<opset="data_V_76 "/>
</bind>
</comp>

<comp id="899" class="1005" name="data_V_77_reg_899">
<pin_list>
<pin id="900" dir="0" index="0" bw="8" slack="1"/>
<pin id="901" dir="1" index="1" bw="8" slack="1"/>
</pin_list>
<bind>
<opset="data_V_77 "/>
</bind>
</comp>

<comp id="904" class="1005" name="data_V_78_reg_904">
<pin_list>
<pin id="905" dir="0" index="0" bw="8" slack="1"/>
<pin id="906" dir="1" index="1" bw="8" slack="1"/>
</pin_list>
<bind>
<opset="data_V_78 "/>
</bind>
</comp>

<comp id="909" class="1005" name="data_V_79_reg_909">
<pin_list>
<pin id="910" dir="0" index="0" bw="8" slack="1"/>
<pin id="911" dir="1" index="1" bw="8" slack="1"/>
</pin_list>
<bind>
<opset="data_V_79 "/>
</bind>
</comp>

<comp id="914" class="1005" name="data_V_80_reg_914">
<pin_list>
<pin id="915" dir="0" index="0" bw="8" slack="1"/>
<pin id="916" dir="1" index="1" bw="8" slack="1"/>
</pin_list>
<bind>
<opset="data_V_80 "/>
</bind>
</comp>

<comp id="919" class="1005" name="data_V_81_reg_919">
<pin_list>
<pin id="920" dir="0" index="0" bw="8" slack="1"/>
<pin id="921" dir="1" index="1" bw="8" slack="1"/>
</pin_list>
<bind>
<opset="data_V_81 "/>
</bind>
</comp>

<comp id="924" class="1005" name="data_V_82_reg_924">
<pin_list>
<pin id="925" dir="0" index="0" bw="8" slack="1"/>
<pin id="926" dir="1" index="1" bw="8" slack="1"/>
</pin_list>
<bind>
<opset="data_V_82 "/>
</bind>
</comp>

<comp id="929" class="1005" name="data_V_83_reg_929">
<pin_list>
<pin id="930" dir="0" index="0" bw="8" slack="1"/>
<pin id="931" dir="1" index="1" bw="8" slack="1"/>
</pin_list>
<bind>
<opset="data_V_83 "/>
</bind>
</comp>

<comp id="934" class="1005" name="data_V_84_reg_934">
<pin_list>
<pin id="935" dir="0" index="0" bw="8" slack="1"/>
<pin id="936" dir="1" index="1" bw="8" slack="1"/>
</pin_list>
<bind>
<opset="data_V_84 "/>
</bind>
</comp>

<comp id="939" class="1005" name="w10_V_addr_reg_939">
<pin_list>
<pin id="940" dir="0" index="0" bw="4" slack="1"/>
<pin id="941" dir="1" index="1" bw="4" slack="1"/>
</pin_list>
<bind>
<opset="w10_V_addr "/>
</bind>
</comp>

<comp id="944" class="1005" name="a_V_reg_944">
<pin_list>
<pin id="945" dir="0" index="0" bw="8" slack="1"/>
<pin id="946" dir="1" index="1" bw="8" slack="1"/>
</pin_list>
<bind>
<opset="a_V "/>
</bind>
</comp>

<comp id="949" class="1005" name="w_V_reg_949">
<pin_list>
<pin id="950" dir="0" index="0" bw="6" slack="1"/>
<pin id="951" dir="1" index="1" bw="6" slack="1"/>
</pin_list>
<bind>
<opset="w_V "/>
</bind>
</comp>

<comp id="954" class="1005" name="trunc_ln_reg_954">
<pin_list>
<pin id="955" dir="0" index="0" bw="8" slack="1"/>
<pin id="956" dir="1" index="1" bw="8" slack="1"/>
</pin_list>
<bind>
<opset="trunc_ln "/>
</bind>
</comp>

<comp id="959" class="1005" name="res_V_reg_959">
<pin_list>
<pin id="960" dir="0" index="0" bw="8" slack="0"/>
<pin id="961" dir="1" index="1" bw="8" slack="0"/>
</pin_list>
<bind>
<opset="res_V "/>
</bind>
</comp>

</comp_list>

<net_list>
<net id="128"><net_src comp="30" pin="0"/><net_sink comp="124" pin=0"/></net>

<net id="129"><net_src comp="0" pin="0"/><net_sink comp="124" pin=1"/></net>

<net id="135"><net_src comp="122" pin="0"/><net_sink comp="130" pin=0"/></net>

<net id="136"><net_src comp="2" pin="0"/><net_sink comp="130" pin=1"/></net>

<net id="142"><net_src comp="4" pin="0"/><net_sink comp="137" pin=0"/></net>

<net id="143"><net_src comp="94" pin="0"/><net_sink comp="137" pin=1"/></net>

<net id="149"><net_src comp="137" pin="3"/><net_sink comp="144" pin=0"/></net>

<net id="153"><net_src comp="20" pin="0"/><net_sink comp="150" pin=0"/></net>

<net id="162"><net_src comp="150" pin="1"/><net_sink comp="154" pin=0"/></net>

<net id="163"><net_src comp="22" pin="0"/><net_sink comp="154" pin=2"/></net>

<net id="164"><net_src comp="20" pin="0"/><net_sink comp="154" pin=4"/></net>

<net id="165"><net_src comp="154" pin="6"/><net_sink comp="150" pin=0"/></net>

<net id="169"><net_src comp="24" pin="0"/><net_sink comp="166" pin=0"/></net>

<net id="178"><net_src comp="166" pin="1"/><net_sink comp="170" pin=0"/></net>

<net id="179"><net_src comp="24" pin="0"/><net_sink comp="170" pin=4"/></net>

<net id="180"><net_src comp="170" pin="6"/><net_sink comp="166" pin=0"/></net>

<net id="184"><net_src comp="96" pin="0"/><net_sink comp="181" pin=0"/></net>

<net id="193"><net_src comp="181" pin="1"/><net_sink comp="185" pin=0"/></net>

<net id="194"><net_src comp="181" pin="1"/><net_sink comp="185" pin=4"/></net>

<net id="198"><net_src comp="96" pin="0"/><net_sink comp="195" pin=0"/></net>

<net id="207"><net_src comp="195" pin="1"/><net_sink comp="199" pin=0"/></net>

<net id="208"><net_src comp="195" pin="1"/><net_sink comp="199" pin=4"/></net>

<net id="212"><net_src comp="96" pin="0"/><net_sink comp="209" pin=0"/></net>

<net id="221"><net_src comp="209" pin="1"/><net_sink comp="213" pin=0"/></net>

<net id="222"><net_src comp="209" pin="1"/><net_sink comp="213" pin=4"/></net>

<net id="226"><net_src comp="96" pin="0"/><net_sink comp="223" pin=0"/></net>

<net id="235"><net_src comp="223" pin="1"/><net_sink comp="227" pin=0"/></net>

<net id="236"><net_src comp="223" pin="1"/><net_sink comp="227" pin=4"/></net>

<net id="240"><net_src comp="96" pin="0"/><net_sink comp="237" pin=0"/></net>

<net id="249"><net_src comp="237" pin="1"/><net_sink comp="241" pin=0"/></net>

<net id="250"><net_src comp="237" pin="1"/><net_sink comp="241" pin=4"/></net>

<net id="254"><net_src comp="96" pin="0"/><net_sink comp="251" pin=0"/></net>

<net id="263"><net_src comp="251" pin="1"/><net_sink comp="255" pin=0"/></net>

<net id="264"><net_src comp="251" pin="1"/><net_sink comp="255" pin=4"/></net>

<net id="268"><net_src comp="96" pin="0"/><net_sink comp="265" pin=0"/></net>

<net id="277"><net_src comp="265" pin="1"/><net_sink comp="269" pin=0"/></net>

<net id="278"><net_src comp="265" pin="1"/><net_sink comp="269" pin=4"/></net>

<net id="282"><net_src comp="96" pin="0"/><net_sink comp="279" pin=0"/></net>

<net id="291"><net_src comp="279" pin="1"/><net_sink comp="283" pin=0"/></net>

<net id="292"><net_src comp="279" pin="1"/><net_sink comp="283" pin=4"/></net>

<net id="296"><net_src comp="96" pin="0"/><net_sink comp="293" pin=0"/></net>

<net id="305"><net_src comp="293" pin="1"/><net_sink comp="297" pin=0"/></net>

<net id="306"><net_src comp="293" pin="1"/><net_sink comp="297" pin=4"/></net>

<net id="310"><net_src comp="96" pin="0"/><net_sink comp="307" pin=0"/></net>

<net id="319"><net_src comp="307" pin="1"/><net_sink comp="311" pin=0"/></net>

<net id="320"><net_src comp="307" pin="1"/><net_sink comp="311" pin=4"/></net>

<net id="324"><net_src comp="96" pin="0"/><net_sink comp="321" pin=0"/></net>

<net id="333"><net_src comp="321" pin="1"/><net_sink comp="325" pin=0"/></net>

<net id="334"><net_src comp="321" pin="1"/><net_sink comp="325" pin=4"/></net>

<net id="338"><net_src comp="96" pin="0"/><net_sink comp="335" pin=0"/></net>

<net id="347"><net_src comp="335" pin="1"/><net_sink comp="339" pin=0"/></net>

<net id="348"><net_src comp="335" pin="1"/><net_sink comp="339" pin=4"/></net>

<net id="352"><net_src comp="96" pin="0"/><net_sink comp="349" pin=0"/></net>

<net id="361"><net_src comp="349" pin="1"/><net_sink comp="353" pin=0"/></net>

<net id="362"><net_src comp="349" pin="1"/><net_sink comp="353" pin=4"/></net>

<net id="366"><net_src comp="96" pin="0"/><net_sink comp="363" pin=0"/></net>

<net id="375"><net_src comp="363" pin="1"/><net_sink comp="367" pin=0"/></net>

<net id="376"><net_src comp="363" pin="1"/><net_sink comp="367" pin=4"/></net>

<net id="380"><net_src comp="96" pin="0"/><net_sink comp="377" pin=0"/></net>

<net id="389"><net_src comp="377" pin="1"/><net_sink comp="381" pin=0"/></net>

<net id="390"><net_src comp="377" pin="1"/><net_sink comp="381" pin=4"/></net>

<net id="394"><net_src comp="96" pin="0"/><net_sink comp="391" pin=0"/></net>

<net id="403"><net_src comp="391" pin="1"/><net_sink comp="395" pin=0"/></net>

<net id="404"><net_src comp="391" pin="1"/><net_sink comp="395" pin=4"/></net>

<net id="408"><net_src comp="405" pin="1"/><net_sink comp="185" pin=2"/></net>

<net id="415"><net_src comp="185" pin="6"/><net_sink comp="409" pin=2"/></net>

<net id="416"><net_src comp="409" pin="4"/><net_sink comp="405" pin=0"/></net>

<net id="420"><net_src comp="417" pin="1"/><net_sink comp="199" pin=2"/></net>

<net id="427"><net_src comp="199" pin="6"/><net_sink comp="421" pin=2"/></net>

<net id="428"><net_src comp="421" pin="4"/><net_sink comp="417" pin=0"/></net>

<net id="432"><net_src comp="429" pin="1"/><net_sink comp="213" pin=2"/></net>

<net id="439"><net_src comp="213" pin="6"/><net_sink comp="433" pin=2"/></net>

<net id="440"><net_src comp="433" pin="4"/><net_sink comp="429" pin=0"/></net>

<net id="444"><net_src comp="441" pin="1"/><net_sink comp="227" pin=2"/></net>

<net id="451"><net_src comp="227" pin="6"/><net_sink comp="445" pin=2"/></net>

<net id="452"><net_src comp="445" pin="4"/><net_sink comp="441" pin=0"/></net>

<net id="456"><net_src comp="453" pin="1"/><net_sink comp="241" pin=2"/></net>

<net id="463"><net_src comp="241" pin="6"/><net_sink comp="457" pin=2"/></net>

<net id="464"><net_src comp="457" pin="4"/><net_sink comp="453" pin=0"/></net>

<net id="468"><net_src comp="465" pin="1"/><net_sink comp="255" pin=2"/></net>

<net id="475"><net_src comp="255" pin="6"/><net_sink comp="469" pin=2"/></net>

<net id="476"><net_src comp="469" pin="4"/><net_sink comp="465" pin=0"/></net>

<net id="480"><net_src comp="477" pin="1"/><net_sink comp="269" pin=2"/></net>

<net id="487"><net_src comp="269" pin="6"/><net_sink comp="481" pin=2"/></net>

<net id="488"><net_src comp="481" pin="4"/><net_sink comp="477" pin=0"/></net>

<net id="492"><net_src comp="489" pin="1"/><net_sink comp="283" pin=2"/></net>

<net id="499"><net_src comp="283" pin="6"/><net_sink comp="493" pin=2"/></net>

<net id="500"><net_src comp="493" pin="4"/><net_sink comp="489" pin=0"/></net>

<net id="504"><net_src comp="501" pin="1"/><net_sink comp="297" pin=2"/></net>

<net id="511"><net_src comp="297" pin="6"/><net_sink comp="505" pin=2"/></net>

<net id="512"><net_src comp="505" pin="4"/><net_sink comp="501" pin=0"/></net>

<net id="516"><net_src comp="513" pin="1"/><net_sink comp="311" pin=2"/></net>

<net id="523"><net_src comp="311" pin="6"/><net_sink comp="517" pin=2"/></net>

<net id="524"><net_src comp="517" pin="4"/><net_sink comp="513" pin=0"/></net>

<net id="528"><net_src comp="525" pin="1"/><net_sink comp="325" pin=2"/></net>

<net id="535"><net_src comp="325" pin="6"/><net_sink comp="529" pin=2"/></net>

<net id="536"><net_src comp="529" pin="4"/><net_sink comp="525" pin=0"/></net>

<net id="540"><net_src comp="537" pin="1"/><net_sink comp="339" pin=2"/></net>

<net id="547"><net_src comp="339" pin="6"/><net_sink comp="541" pin=2"/></net>

<net id="548"><net_src comp="541" pin="4"/><net_sink comp="537" pin=0"/></net>

<net id="552"><net_src comp="549" pin="1"/><net_sink comp="353" pin=2"/></net>

<net id="559"><net_src comp="353" pin="6"/><net_sink comp="553" pin=2"/></net>

<net id="560"><net_src comp="553" pin="4"/><net_sink comp="549" pin=0"/></net>

<net id="564"><net_src comp="561" pin="1"/><net_sink comp="367" pin=2"/></net>

<net id="571"><net_src comp="367" pin="6"/><net_sink comp="565" pin=2"/></net>

<net id="572"><net_src comp="565" pin="4"/><net_sink comp="561" pin=0"/></net>

<net id="576"><net_src comp="573" pin="1"/><net_sink comp="381" pin=2"/></net>

<net id="583"><net_src comp="381" pin="6"/><net_sink comp="577" pin=2"/></net>

<net id="584"><net_src comp="577" pin="4"/><net_sink comp="573" pin=0"/></net>

<net id="588"><net_src comp="585" pin="1"/><net_sink comp="395" pin=2"/></net>

<net id="595"><net_src comp="395" pin="6"/><net_sink comp="589" pin=2"/></net>

<net id="596"><net_src comp="589" pin="4"/><net_sink comp="585" pin=0"/></net>

<net id="600"><net_src comp="106" pin="0"/><net_sink comp="597" pin=0"/></net>

<net id="609"><net_src comp="597" pin="1"/><net_sink comp="601" pin=0"/></net>

<net id="610"><net_src comp="597" pin="1"/><net_sink comp="601" pin=4"/></net>

<net id="615"><net_src comp="170" pin="6"/><net_sink comp="611" pin=0"/></net>

<net id="616"><net_src comp="26" pin="0"/><net_sink comp="611" pin=1"/></net>

<net id="621"><net_src comp="170" pin="6"/><net_sink comp="617" pin=0"/></net>

<net id="622"><net_src comp="28" pin="0"/><net_sink comp="617" pin=1"/></net>

<net id="626"><net_src comp="124" pin="2"/><net_sink comp="623" pin=0"/></net>

<net id="633"><net_src comp="32" pin="0"/><net_sink comp="627" pin=0"/></net>

<net id="634"><net_src comp="124" pin="2"/><net_sink comp="627" pin=1"/></net>

<net id="635"><net_src comp="34" pin="0"/><net_sink comp="627" pin=2"/></net>

<net id="636"><net_src comp="36" pin="0"/><net_sink comp="627" pin=3"/></net>

<net id="643"><net_src comp="32" pin="0"/><net_sink comp="637" pin=0"/></net>

<net id="644"><net_src comp="124" pin="2"/><net_sink comp="637" pin=1"/></net>

<net id="645"><net_src comp="38" pin="0"/><net_sink comp="637" pin=2"/></net>

<net id="646"><net_src comp="40" pin="0"/><net_sink comp="637" pin=3"/></net>

<net id="653"><net_src comp="32" pin="0"/><net_sink comp="647" pin=0"/></net>

<net id="654"><net_src comp="124" pin="2"/><net_sink comp="647" pin=1"/></net>

<net id="655"><net_src comp="42" pin="0"/><net_sink comp="647" pin=2"/></net>

<net id="656"><net_src comp="44" pin="0"/><net_sink comp="647" pin=3"/></net>

<net id="663"><net_src comp="32" pin="0"/><net_sink comp="657" pin=0"/></net>

<net id="664"><net_src comp="124" pin="2"/><net_sink comp="657" pin=1"/></net>

<net id="665"><net_src comp="46" pin="0"/><net_sink comp="657" pin=2"/></net>

<net id="666"><net_src comp="48" pin="0"/><net_sink comp="657" pin=3"/></net>

<net id="673"><net_src comp="32" pin="0"/><net_sink comp="667" pin=0"/></net>

<net id="674"><net_src comp="124" pin="2"/><net_sink comp="667" pin=1"/></net>

<net id="675"><net_src comp="50" pin="0"/><net_sink comp="667" pin=2"/></net>

<net id="676"><net_src comp="52" pin="0"/><net_sink comp="667" pin=3"/></net>

<net id="683"><net_src comp="32" pin="0"/><net_sink comp="677" pin=0"/></net>

<net id="684"><net_src comp="124" pin="2"/><net_sink comp="677" pin=1"/></net>

<net id="685"><net_src comp="54" pin="0"/><net_sink comp="677" pin=2"/></net>

<net id="686"><net_src comp="56" pin="0"/><net_sink comp="677" pin=3"/></net>

<net id="693"><net_src comp="32" pin="0"/><net_sink comp="687" pin=0"/></net>

<net id="694"><net_src comp="124" pin="2"/><net_sink comp="687" pin=1"/></net>

<net id="695"><net_src comp="58" pin="0"/><net_sink comp="687" pin=2"/></net>

<net id="696"><net_src comp="60" pin="0"/><net_sink comp="687" pin=3"/></net>

<net id="703"><net_src comp="32" pin="0"/><net_sink comp="697" pin=0"/></net>

<net id="704"><net_src comp="124" pin="2"/><net_sink comp="697" pin=1"/></net>

<net id="705"><net_src comp="62" pin="0"/><net_sink comp="697" pin=2"/></net>

<net id="706"><net_src comp="64" pin="0"/><net_sink comp="697" pin=3"/></net>

<net id="713"><net_src comp="32" pin="0"/><net_sink comp="707" pin=0"/></net>

<net id="714"><net_src comp="124" pin="2"/><net_sink comp="707" pin=1"/></net>

<net id="715"><net_src comp="66" pin="0"/><net_sink comp="707" pin=2"/></net>

<net id="716"><net_src comp="68" pin="0"/><net_sink comp="707" pin=3"/></net>

<net id="723"><net_src comp="32" pin="0"/><net_sink comp="717" pin=0"/></net>

<net id="724"><net_src comp="124" pin="2"/><net_sink comp="717" pin=1"/></net>

<net id="725"><net_src comp="70" pin="0"/><net_sink comp="717" pin=2"/></net>

<net id="726"><net_src comp="72" pin="0"/><net_sink comp="717" pin=3"/></net>

<net id="733"><net_src comp="32" pin="0"/><net_sink comp="727" pin=0"/></net>

<net id="734"><net_src comp="124" pin="2"/><net_sink comp="727" pin=1"/></net>

<net id="735"><net_src comp="74" pin="0"/><net_sink comp="727" pin=2"/></net>

<net id="736"><net_src comp="76" pin="0"/><net_sink comp="727" pin=3"/></net>

<net id="743"><net_src comp="32" pin="0"/><net_sink comp="737" pin=0"/></net>

<net id="744"><net_src comp="124" pin="2"/><net_sink comp="737" pin=1"/></net>

<net id="745"><net_src comp="78" pin="0"/><net_sink comp="737" pin=2"/></net>

<net id="746"><net_src comp="80" pin="0"/><net_sink comp="737" pin=3"/></net>

<net id="753"><net_src comp="32" pin="0"/><net_sink comp="747" pin=0"/></net>

<net id="754"><net_src comp="124" pin="2"/><net_sink comp="747" pin=1"/></net>

<net id="755"><net_src comp="82" pin="0"/><net_sink comp="747" pin=2"/></net>

<net id="756"><net_src comp="84" pin="0"/><net_sink comp="747" pin=3"/></net>

<net id="763"><net_src comp="32" pin="0"/><net_sink comp="757" pin=0"/></net>

<net id="764"><net_src comp="124" pin="2"/><net_sink comp="757" pin=1"/></net>

<net id="765"><net_src comp="86" pin="0"/><net_sink comp="757" pin=2"/></net>

<net id="766"><net_src comp="88" pin="0"/><net_sink comp="757" pin=3"/></net>

<net id="773"><net_src comp="32" pin="0"/><net_sink comp="767" pin=0"/></net>

<net id="774"><net_src comp="124" pin="2"/><net_sink comp="767" pin=1"/></net>

<net id="775"><net_src comp="90" pin="0"/><net_sink comp="767" pin=2"/></net>

<net id="776"><net_src comp="92" pin="0"/><net_sink comp="767" pin=3"/></net>

<net id="780"><net_src comp="166" pin="1"/><net_sink comp="777" pin=0"/></net>

<net id="781"><net_src comp="777" pin="1"/><net_sink comp="137" pin=2"/></net>

<net id="802"><net_src comp="98" pin="0"/><net_sink comp="782" pin=0"/></net>

<net id="803"><net_src comp="589" pin="4"/><net_sink comp="782" pin=1"/></net>

<net id="804"><net_src comp="553" pin="4"/><net_sink comp="782" pin=2"/></net>

<net id="805"><net_src comp="541" pin="4"/><net_sink comp="782" pin=3"/></net>

<net id="806"><net_src comp="529" pin="4"/><net_sink comp="782" pin=4"/></net>

<net id="807"><net_src comp="517" pin="4"/><net_sink comp="782" pin=5"/></net>

<net id="808"><net_src comp="505" pin="4"/><net_sink comp="782" pin=6"/></net>

<net id="809"><net_src comp="493" pin="4"/><net_sink comp="782" pin=7"/></net>

<net id="810"><net_src comp="481" pin="4"/><net_sink comp="782" pin=8"/></net>

<net id="811"><net_src comp="469" pin="4"/><net_sink comp="782" pin=9"/></net>

<net id="812"><net_src comp="457" pin="4"/><net_sink comp="782" pin=10"/></net>

<net id="813"><net_src comp="445" pin="4"/><net_sink comp="782" pin=11"/></net>

<net id="814"><net_src comp="433" pin="4"/><net_sink comp="782" pin=12"/></net>

<net id="815"><net_src comp="421" pin="4"/><net_sink comp="782" pin=13"/></net>

<net id="816"><net_src comp="409" pin="4"/><net_sink comp="782" pin=14"/></net>

<net id="817"><net_src comp="577" pin="4"/><net_sink comp="782" pin=15"/></net>

<net id="818"><net_src comp="565" pin="4"/><net_sink comp="782" pin=16"/></net>

<net id="819"><net_src comp="166" pin="1"/><net_sink comp="782" pin=17"/></net>

<net id="830"><net_src comp="820" pin="1"/><net_sink comp="826" pin=0"/></net>

<net id="831"><net_src comp="823" pin="1"/><net_sink comp="826" pin=1"/></net>

<net id="838"><net_src comp="100" pin="0"/><net_sink comp="832" pin=0"/></net>

<net id="839"><net_src comp="826" pin="2"/><net_sink comp="832" pin=1"/></net>

<net id="840"><net_src comp="102" pin="0"/><net_sink comp="832" pin=2"/></net>

<net id="841"><net_src comp="104" pin="0"/><net_sink comp="832" pin=3"/></net>

<net id="846"><net_src comp="601" pin="6"/><net_sink comp="842" pin=1"/></net>

<net id="847"><net_src comp="842" pin="2"/><net_sink comp="130" pin=2"/></net>

<net id="853"><net_src comp="611" pin="2"/><net_sink comp="850" pin=0"/></net>

<net id="854"><net_src comp="850" pin="1"/><net_sink comp="170" pin=2"/></net>

<net id="858"><net_src comp="617" pin="2"/><net_sink comp="855" pin=0"/></net>

<net id="862"><net_src comp="623" pin="1"/><net_sink comp="859" pin=0"/></net>

<net id="863"><net_src comp="859" pin="1"/><net_sink comp="589" pin=0"/></net>

<net id="867"><net_src comp="627" pin="4"/><net_sink comp="864" pin=0"/></net>

<net id="868"><net_src comp="864" pin="1"/><net_sink comp="577" pin=0"/></net>

<net id="872"><net_src comp="637" pin="4"/><net_sink comp="869" pin=0"/></net>

<net id="873"><net_src comp="869" pin="1"/><net_sink comp="565" pin=0"/></net>

<net id="877"><net_src comp="647" pin="4"/><net_sink comp="874" pin=0"/></net>

<net id="878"><net_src comp="874" pin="1"/><net_sink comp="553" pin=0"/></net>

<net id="882"><net_src comp="657" pin="4"/><net_sink comp="879" pin=0"/></net>

<net id="883"><net_src comp="879" pin="1"/><net_sink comp="541" pin=0"/></net>

<net id="887"><net_src comp="667" pin="4"/><net_sink comp="884" pin=0"/></net>

<net id="888"><net_src comp="884" pin="1"/><net_sink comp="529" pin=0"/></net>

<net id="892"><net_src comp="677" pin="4"/><net_sink comp="889" pin=0"/></net>

<net id="893"><net_src comp="889" pin="1"/><net_sink comp="517" pin=0"/></net>

<net id="897"><net_src comp="687" pin="4"/><net_sink comp="894" pin=0"/></net>

<net id="898"><net_src comp="894" pin="1"/><net_sink comp="505" pin=0"/></net>

<net id="902"><net_src comp="697" pin="4"/><net_sink comp="899" pin=0"/></net>

<net id="903"><net_src comp="899" pin="1"/><net_sink comp="493" pin=0"/></net>

<net id="907"><net_src comp="707" pin="4"/><net_sink comp="904" pin=0"/></net>

<net id="908"><net_src comp="904" pin="1"/><net_sink comp="481" pin=0"/></net>

<net id="912"><net_src comp="717" pin="4"/><net_sink comp="909" pin=0"/></net>

<net id="913"><net_src comp="909" pin="1"/><net_sink comp="469" pin=0"/></net>

<net id="917"><net_src comp="727" pin="4"/><net_sink comp="914" pin=0"/></net>

<net id="918"><net_src comp="914" pin="1"/><net_sink comp="457" pin=0"/></net>

<net id="922"><net_src comp="737" pin="4"/><net_sink comp="919" pin=0"/></net>

<net id="923"><net_src comp="919" pin="1"/><net_sink comp="445" pin=0"/></net>

<net id="927"><net_src comp="747" pin="4"/><net_sink comp="924" pin=0"/></net>

<net id="928"><net_src comp="924" pin="1"/><net_sink comp="433" pin=0"/></net>

<net id="932"><net_src comp="757" pin="4"/><net_sink comp="929" pin=0"/></net>

<net id="933"><net_src comp="929" pin="1"/><net_sink comp="421" pin=0"/></net>

<net id="937"><net_src comp="767" pin="4"/><net_sink comp="934" pin=0"/></net>

<net id="938"><net_src comp="934" pin="1"/><net_sink comp="409" pin=0"/></net>

<net id="942"><net_src comp="137" pin="3"/><net_sink comp="939" pin=0"/></net>

<net id="943"><net_src comp="939" pin="1"/><net_sink comp="144" pin=0"/></net>

<net id="947"><net_src comp="782" pin="18"/><net_sink comp="944" pin=0"/></net>

<net id="948"><net_src comp="944" pin="1"/><net_sink comp="820" pin=0"/></net>

<net id="952"><net_src comp="144" pin="3"/><net_sink comp="949" pin=0"/></net>

<net id="953"><net_src comp="949" pin="1"/><net_sink comp="823" pin=0"/></net>

<net id="957"><net_src comp="832" pin="4"/><net_sink comp="954" pin=0"/></net>

<net id="958"><net_src comp="954" pin="1"/><net_sink comp="842" pin=0"/></net>

<net id="962"><net_src comp="842" pin="2"/><net_sink comp="959" pin=0"/></net>

<net id="963"><net_src comp="959" pin="1"/><net_sink comp="601" pin=2"/></net>

</net_list>

</model> 
---------------- Datapath Model END ------------------

* FSMD analyzer results:
  - Output states:
	Port: layer10_out | {6 }
 - Input state : 
	Port: dense<array<ap_fixed,16u>,array<ap_fixed<8,2,5,3,0>,1u>,config10> : layer9_out | {3 }
	Port: dense<array<ap_fixed,16u>,array<ap_fixed<8,2,5,3,0>,1u>,config10> : w10_V | {3 4 }
  - Chain level:
	State 1
	State 2
		in_index : 1
		icmp_ln42 : 1
		br_ln42 : 2
	State 3
		w10_V_addr : 1
		w_V : 2
	State 4
		data_V_54_phi : 1
		data_V_53_phi : 1
		data_V_52_phi : 1
		data_V_51_phi : 1
		data_V_50_phi : 1
		data_V_49_phi : 1
		data_V_48_phi : 1
		data_V_47_phi : 1
		data_V_46_phi : 1
		data_V_45_phi : 1
		data_V_44_phi : 1
		data_V_43_phi : 1
		data_V_55_phi : 1
		data_V_56_phi : 1
		data_V_57_phi : 1
		p_phi : 1
		a_V : 2
	State 5
		mul_ln1270 : 1
		trunc_ln : 2
	State 6
		res_V : 1
		write_ln77 : 2


============================================================
+ Verbose Summary: Datapath Resource usage 
============================================================

* Functional unit list:
|----------|-----------------------------|---------|---------|---------|
| Operation|       Functional Unit       |   DSP   |    FF   |   LUT   |
|----------|-----------------------------|---------|---------|---------|
|    mux   |          a_V_fu_782         |    0    |    0    |    65   |
|----------|-----------------------------|---------|---------|---------|
|    mul   |      mul_ln1270_fu_826      |    0    |    0    |    41   |
|----------|-----------------------------|---------|---------|---------|
|    add   |       in_index_fu_611       |    0    |    0    |    13   |
|          |         res_V_fu_842        |    0    |    0    |    15   |
|----------|-----------------------------|---------|---------|---------|
|   icmp   |       icmp_ln42_fu_617      |    0    |    0    |    9    |
|----------|-----------------------------|---------|---------|---------|
|   read   | layer9_out_read_read_fu_124 |    0    |    0    |    0    |
|----------|-----------------------------|---------|---------|---------|
|   write  |   write_ln77_write_fu_130   |    0    |    0    |    0    |
|----------|-----------------------------|---------|---------|---------|
|   trunc  |        data_V_fu_623        |    0    |    0    |    0    |
|----------|-----------------------------|---------|---------|---------|
|          |       data_V_70_fu_627      |    0    |    0    |    0    |
|          |       data_V_71_fu_637      |    0    |    0    |    0    |
|          |       data_V_72_fu_647      |    0    |    0    |    0    |
|          |       data_V_73_fu_657      |    0    |    0    |    0    |
|          |       data_V_74_fu_667      |    0    |    0    |    0    |
|          |       data_V_75_fu_677      |    0    |    0    |    0    |
|          |       data_V_76_fu_687      |    0    |    0    |    0    |
|partselect|       data_V_77_fu_697      |    0    |    0    |    0    |
|          |       data_V_78_fu_707      |    0    |    0    |    0    |
|          |       data_V_79_fu_717      |    0    |    0    |    0    |
|          |       data_V_80_fu_727      |    0    |    0    |    0    |
|          |       data_V_81_fu_737      |    0    |    0    |    0    |
|          |       data_V_82_fu_747      |    0    |    0    |    0    |
|          |       data_V_83_fu_757      |    0    |    0    |    0    |
|          |       data_V_84_fu_767      |    0    |    0    |    0    |
|          |       trunc_ln_fu_832       |    0    |    0    |    0    |
|----------|-----------------------------|---------|---------|---------|
|   zext   |       zext_ln42_fu_777      |    0    |    0    |    0    |
|----------|-----------------------------|---------|---------|---------|
|   sext   |      sext_ln1270_fu_820     |    0    |    0    |    0    |
|          |    sext_ln1270_12_fu_823    |    0    |    0    |    0    |
|----------|-----------------------------|---------|---------|---------|
|  return  |     return_ln101_fu_848     |    0    |    0    |    0    |
|----------|-----------------------------|---------|---------|---------|
|   Total  |                             |    0    |    0    |   143   |
|----------|-----------------------------|---------|---------|---------|

Memories:
N/A

* Register list:
+------------------------+--------+
|                        |   FF   |
+------------------------+--------+
|       a_V_reg_944      |    8   |
|  data_V_43_phi_reg_537 |    8   |
|data_V_43_rewind_reg_335|    8   |
|  data_V_44_phi_reg_525 |    8   |
|data_V_44_rewind_reg_321|    8   |
|  data_V_45_phi_reg_513 |    8   |
|data_V_45_rewind_reg_307|    8   |
|  data_V_46_phi_reg_501 |    8   |
|data_V_46_rewind_reg_293|    8   |
|  data_V_47_phi_reg_489 |    8   |
|data_V_47_rewind_reg_279|    8   |
|  data_V_48_phi_reg_477 |    8   |
|data_V_48_rewind_reg_265|    8   |
|  data_V_49_phi_reg_465 |    8   |
|data_V_49_rewind_reg_251|    8   |
|  data_V_50_phi_reg_453 |    8   |
|data_V_50_rewind_reg_237|    8   |
|  data_V_51_phi_reg_441 |    8   |
|data_V_51_rewind_reg_223|    8   |
|  data_V_52_phi_reg_429 |    8   |
|data_V_52_rewind_reg_209|    8   |
|  data_V_53_phi_reg_417 |    8   |
|data_V_53_rewind_reg_195|    8   |
|  data_V_54_phi_reg_405 |    8   |
|data_V_54_rewind_reg_181|    8   |
|  data_V_55_phi_reg_549 |    8   |
|data_V_55_rewind_reg_349|    8   |
|  data_V_56_phi_reg_561 |    8   |
|data_V_56_rewind_reg_363|    8   |
|  data_V_57_phi_reg_573 |    8   |
|data_V_57_rewind_reg_377|    8   |
|    data_V_70_reg_864   |    8   |
|    data_V_71_reg_869   |    8   |
|    data_V_72_reg_874   |    8   |
|    data_V_73_reg_879   |    8   |
|    data_V_74_reg_884   |    8   |
|    data_V_75_reg_889   |    8   |
|    data_V_76_reg_894   |    8   |
|    data_V_77_reg_899   |    8   |
|    data_V_78_reg_904   |    8   |
|    data_V_79_reg_909   |    8   |
|    data_V_80_reg_914   |    8   |
|    data_V_81_reg_919   |    8   |
|    data_V_82_reg_924   |    8   |
|    data_V_83_reg_929   |    8   |
|    data_V_84_reg_934   |    8   |
|     data_V_reg_859     |    8   |
|     do_init_reg_150    |    1   |
|    icmp_ln42_reg_855   |    1   |
|    in_index3_reg_166   |    4   |
|    in_index_reg_850    |    4   |
|      p_phi_reg_585     |    8   |
|    p_rewind_reg_391    |    8   |
|     res_V4_reg_597     |    8   |
|      res_V_reg_959     |    8   |
|    trunc_ln_reg_954    |    8   |
|   w10_V_addr_reg_939   |    4   |
|       w_V_reg_949      |    6   |
+------------------------+--------+
|          Total         |   436  |
+------------------------+--------+

* Multiplexer (MUX) list: 
|-------------------|------|------|------|--------||---------||---------|
|        Comp       |  Pin | Size |  BW  | S x BW ||  Delay  ||   LUT   |
|-------------------|------|------|------|--------||---------||---------|
| grp_access_fu_144 |  p0  |   2  |   4  |    8   ||    9    |
|  do_init_reg_150  |  p0  |   2  |   1  |    2   ||    9    |
| in_index3_reg_166 |  p0  |   2  |   4  |    8   ||    9    |
|-------------------|------|------|------|--------||---------||---------|
|       Total       |      |      |      |   18   ||  4.764  ||    27   |
|-------------------|------|------|------|--------||---------||---------|



* Summary:
+-----------+--------+--------+--------+--------+
|           |   DSP  |  Delay |   FF   |   LUT  |
+-----------+--------+--------+--------+--------+
|  Function |    0   |    -   |    0   |   143  |
|   Memory  |    -   |    -   |    -   |    -   |
|Multiplexer|    -   |    4   |    -   |   27   |
|  Register |    -   |    -   |   436  |    -   |
+-----------+--------+--------+--------+--------+
|   Total   |    0   |    4   |   436  |   170  |
+-----------+--------+--------+--------+--------+
