

================================================================
== Vitis HLS Report for 'dense_array_ap_fixed_18u_array_ap_fixed_8_2_5_3_0_32u_config2_s'
================================================================
* Date:           Fri Jun 26 18:52:40 2026

* Version:        2022.2 (Build 3670227 on Oct 13 2022)
* Project:        myproject_prj
* Solution:       solution1 (Vivado IP Flow Target)
* Product family: zynq
* Target device:  xc7z020-clg400-1


================================================================
== Performance Estimates
================================================================
+ Timing: 
    * Summary: 
    +--------+---------+----------+------------+
    |  Clock |  Target | Estimated| Uncertainty|
    +--------+---------+----------+------------+
    |ap_clk  |  5.00 ns|  7.898 ns|     0.62 ns|
    +--------+---------+----------+------------+

+ Latency: 
    * Summary: 
    +---------+---------+----------+----------+-----+-----+------------------------------------------+
    |  Latency (cycles) |  Latency (absolute) |  Interval |                 Pipeline                 |
    |   min   |   max   |    min   |    max   | min | max |                   Type                   |
    +---------+---------+----------+----------+-----+-----+------------------------------------------+
    |       75|       76|  0.592 us|  0.600 us|   72|   72|  loop rewind stp(delay=0 clock cycles(s))|
    +---------+---------+----------+----------+-----+-----+------------------------------------------+

    + Detail: 
        * Instance: 
        N/A

        * Loop: 
        +-------------+---------+---------+----------+-----------+-----------+------+----------+
        |             |  Latency (cycles) | Iteration|  Initiation Interval  | Trip |          |
        |  Loop Name  |   min   |   max   |  Latency |  achieved |   target  | Count| Pipelined|
        +-------------+---------+---------+----------+-----------+-----------+------+----------+
        |- ReuseLoop  |       75|       75|         5|          1|          1|    72|       yes|
        +-------------+---------+---------+----------+-----------+-----------+------+----------+

============================================================
+ Verbose Summary: Synthesis Manager
============================================================
InlineROM: 1
ExposeGlobal: 0
============================================================
+ Verbose Summary: CDFG Model
============================================================
IsTopModel: 0
ResetActiveHigh: 1
IsCombinational: 2
IsDatapathOnly: 0
HasWiredReturn: 1
HasMFsm: 2
HasVarLatency: 1
IsPipeline: 0
IsRtlPipelined: 0
IsInstanceOverlapped: 0
IsDontTouch: 0
HasImplIP: 0
IsGatedGlobalClock: 0

+ Individual pipeline summary: 
  * Pipeline-0: initiation interval (II) = 1, depth = 5


============================================================
+ Verbose Summary: Schedule
============================================================
* Number of FSM states : 6
* Pipeline : 1
  Pipeline-0 : II = 1, D = 5, States = { 2 3 4 5 6 }
* Dataflow Pipeline: 0

* FSM state transitions: 
1 --> 2 
2 --> 3 
3 --> 4 
4 --> 5 
5 --> 6 
6 --> 2 

* FSM state operations: 

State 1 <SV = 0> <Delay = 1.58>
ST_1 : Operation 7 [1/1] (0.00ns)   --->   "%specinterface_ln0 = specinterface void @_ssdm_op_SpecInterface, i256 %layer2_out, void @empty_2, i32 0, i32 0, void @empty_0, i32 0, i32 0, void @empty_0, void @empty_0, void @empty_0, i32 0, i32 0, i32 0, i32 0, void @empty_0, void @empty_0, i32 4294967295, i32 0"   --->   Operation 7 'specinterface' 'specinterface_ln0' <Predicate = true> <Delay = 0.00>
ST_1 : Operation 8 [1/1] (0.00ns)   --->   "%specinterface_ln0 = specinterface void @_ssdm_op_SpecInterface, i144 %internal_input, void @empty_2, i32 0, i32 0, void @empty_0, i32 0, i32 0, void @empty_0, void @empty_0, void @empty_0, i32 0, i32 0, i32 0, i32 0, void @empty_0, void @empty_0, i32 4294967295, i32 0"   --->   Operation 8 'specinterface' 'specinterface_ln0' <Predicate = true> <Delay = 0.00>
ST_1 : Operation 9 [1/1] (0.00ns)   --->   "%rbegin = specregionbegin i32 @_ssdm_op_SpecRegionBegin, void @nnet_KD_KD_dense_resource_MD_ap_fixed_MD_8_MC_AC_2_MC_AC_IC_ap_q_mode_JC_5_M_1" [firmware/nnet_utils/nnet_dense_stream.h:24]   --->   Operation 9 'specregionbegin' 'rbegin' <Predicate = true> <Delay = 0.00>
ST_1 : Operation 10 [1/1] (1.58ns)   --->   "%br_ln124 = br void %rewind_header" [firmware/nnet_utils/nnet_dense_resource.h:124->firmware/nnet_utils/nnet_dense_resource.h:242->firmware/nnet_utils/nnet_dense_stream.h:24]   --->   Operation 10 'br' 'br_ln124' <Predicate = true> <Delay = 1.58>

State 2 <SV = 1> <Delay = 5.16>
ST_2 : Operation 11 [1/1] (0.00ns)   --->   "%do_init = phi i1 1, void %nnet::dense_resource<ap_fixed<8, 2, (ap_q_mode)5, (ap_o_mode)3, 0>, ap_fixed<8, 2, (ap_q_mode)5, (ap_o_mode)3, 0>, config2>.region_begin, i1 0, void %for.body26.split.i.i_ifconv, i1 1, void %nnet::dense_resource<ap_fixed<8, 2, (ap_q_mode)5, (ap_o_mode)3, 0>, ap_fixed<8, 2, (ap_q_mode)5, (ap_o_mode)3, 0>, config2>.region_end"   --->   Operation 11 'phi' 'do_init' <Predicate = true> <Delay = 0.00>
ST_2 : Operation 12 [1/1] (0.00ns)   --->   "%data_V_42_rewind = phi i8 0, void %nnet::dense_resource<ap_fixed<8, 2, (ap_q_mode)5, (ap_o_mode)3, 0>, ap_fixed<8, 2, (ap_q_mode)5, (ap_o_mode)3, 0>, config2>.region_begin, i8 %data_V_42_phi, void %for.body26.split.i.i_ifconv, i8 0, void %nnet::dense_resource<ap_fixed<8, 2, (ap_q_mode)5, (ap_o_mode)3, 0>, ap_fixed<8, 2, (ap_q_mode)5, (ap_o_mode)3, 0>, config2>.region_end" [firmware/nnet_utils/nnet_dense_stream.h:43]   --->   Operation 12 'phi' 'data_V_42_rewind' <Predicate = true> <Delay = 0.00>
ST_2 : Operation 13 [1/1] (0.00ns)   --->   "%data_V_41_rewind = phi i8 0, void %nnet::dense_resource<ap_fixed<8, 2, (ap_q_mode)5, (ap_o_mode)3, 0>, ap_fixed<8, 2, (ap_q_mode)5, (ap_o_mode)3, 0>, config2>.region_begin, i8 %data_V_41_phi, void %for.body26.split.i.i_ifconv, i8 0, void %nnet::dense_resource<ap_fixed<8, 2, (ap_q_mode)5, (ap_o_mode)3, 0>, ap_fixed<8, 2, (ap_q_mode)5, (ap_o_mode)3, 0>, config2>.region_end" [firmware/nnet_utils/nnet_dense_stream.h:43]   --->   Operation 13 'phi' 'data_V_41_rewind' <Predicate = true> <Delay = 0.00>
ST_2 : Operation 14 [1/1] (0.00ns)   --->   "%data_V_40_rewind = phi i8 0, void %nnet::dense_resource<ap_fixed<8, 2, (ap_q_mode)5, (ap_o_mode)3, 0>, ap_fixed<8, 2, (ap_q_mode)5, (ap_o_mode)3, 0>, config2>.region_begin, i8 %data_V_40_phi, void %for.body26.split.i.i_ifconv, i8 0, void %nnet::dense_resource<ap_fixed<8, 2, (ap_q_mode)5, (ap_o_mode)3, 0>, ap_fixed<8, 2, (ap_q_mode)5, (ap_o_mode)3, 0>, config2>.region_end" [firmware/nnet_utils/nnet_dense_stream.h:43]   --->   Operation 14 'phi' 'data_V_40_rewind' <Predicate = true> <Delay = 0.00>
ST_2 : Operation 15 [1/1] (0.00ns)   --->   "%data_V_39_rewind = phi i8 0, void %nnet::dense_resource<ap_fixed<8, 2, (ap_q_mode)5, (ap_o_mode)3, 0>, ap_fixed<8, 2, (ap_q_mode)5, (ap_o_mode)3, 0>, config2>.region_begin, i8 %data_V_39_phi, void %for.body26.split.i.i_ifconv, i8 0, void %nnet::dense_resource<ap_fixed<8, 2, (ap_q_mode)5, (ap_o_mode)3, 0>, ap_fixed<8, 2, (ap_q_mode)5, (ap_o_mode)3, 0>, config2>.region_end" [firmware/nnet_utils/nnet_dense_stream.h:43]   --->   Operation 15 'phi' 'data_V_39_rewind' <Predicate = true> <Delay = 0.00>
ST_2 : Operation 16 [1/1] (0.00ns)   --->   "%data_V_38_rewind = phi i8 0, void %nnet::dense_resource<ap_fixed<8, 2, (ap_q_mode)5, (ap_o_mode)3, 0>, ap_fixed<8, 2, (ap_q_mode)5, (ap_o_mode)3, 0>, config2>.region_begin, i8 %data_V_38_phi, void %for.body26.split.i.i_ifconv, i8 0, void %nnet::dense_resource<ap_fixed<8, 2, (ap_q_mode)5, (ap_o_mode)3, 0>, ap_fixed<8, 2, (ap_q_mode)5, (ap_o_mode)3, 0>, config2>.region_end" [firmware/nnet_utils/nnet_dense_stream.h:43]   --->   Operation 16 'phi' 'data_V_38_rewind' <Predicate = true> <Delay = 0.00>
ST_2 : Operation 17 [1/1] (0.00ns)   --->   "%data_V_37_rewind = phi i8 0, void %nnet::dense_resource<ap_fixed<8, 2, (ap_q_mode)5, (ap_o_mode)3, 0>, ap_fixed<8, 2, (ap_q_mode)5, (ap_o_mode)3, 0>, config2>.region_begin, i8 %data_V_37_phi, void %for.body26.split.i.i_ifconv, i8 0, void %nnet::dense_resource<ap_fixed<8, 2, (ap_q_mode)5, (ap_o_mode)3, 0>, ap_fixed<8, 2, (ap_q_mode)5, (ap_o_mode)3, 0>, config2>.region_end" [firmware/nnet_utils/nnet_dense_stream.h:43]   --->   Operation 17 'phi' 'data_V_37_rewind' <Predicate = true> <Delay = 0.00>
ST_2 : Operation 18 [1/1] (0.00ns)   --->   "%data_V_36_rewind = phi i8 0, void %nnet::dense_resource<ap_fixed<8, 2, (ap_q_mode)5, (ap_o_mode)3, 0>, ap_fixed<8, 2, (ap_q_mode)5, (ap_o_mode)3, 0>, config2>.region_begin, i8 %data_V_36_phi, void %for.body26.split.i.i_ifconv, i8 0, void %nnet::dense_resource<ap_fixed<8, 2, (ap_q_mode)5, (ap_o_mode)3, 0>, ap_fixed<8, 2, (ap_q_mode)5, (ap_o_mode)3, 0>, config2>.region_end" [firmware/nnet_utils/nnet_dense_stream.h:43]   --->   Operation 18 'phi' 'data_V_36_rewind' <Predicate = true> <Delay = 0.00>
ST_2 : Operation 19 [1/1] (0.00ns)   --->   "%data_V_35_rewind = phi i8 0, void %nnet::dense_resource<ap_fixed<8, 2, (ap_q_mode)5, (ap_o_mode)3, 0>, ap_fixed<8, 2, (ap_q_mode)5, (ap_o_mode)3, 0>, config2>.region_begin, i8 %data_V_35_phi, void %for.body26.split.i.i_ifconv, i8 0, void %nnet::dense_resource<ap_fixed<8, 2, (ap_q_mode)5, (ap_o_mode)3, 0>, ap_fixed<8, 2, (ap_q_mode)5, (ap_o_mode)3, 0>, config2>.region_end" [firmware/nnet_utils/nnet_dense_stream.h:43]   --->   Operation 19 'phi' 'data_V_35_rewind' <Predicate = true> <Delay = 0.00>
ST_2 : Operation 20 [1/1] (0.00ns)   --->   "%data_V_34_rewind = phi i8 0, void %nnet::dense_resource<ap_fixed<8, 2, (ap_q_mode)5, (ap_o_mode)3, 0>, ap_fixed<8, 2, (ap_q_mode)5, (ap_o_mode)3, 0>, config2>.region_begin, i8 %data_V_34_phi, void %for.body26.split.i.i_ifconv, i8 0, void %nnet::dense_resource<ap_fixed<8, 2, (ap_q_mode)5, (ap_o_mode)3, 0>, ap_fixed<8, 2, (ap_q_mode)5, (ap_o_mode)3, 0>, config2>.region_end" [firmware/nnet_utils/nnet_dense_stream.h:43]   --->   Operation 20 'phi' 'data_V_34_rewind' <Predicate = true> <Delay = 0.00>
ST_2 : Operation 21 [1/1] (0.00ns)   --->   "%data_V_33_rewind = phi i8 0, void %nnet::dense_resource<ap_fixed<8, 2, (ap_q_mode)5, (ap_o_mode)3, 0>, ap_fixed<8, 2, (ap_q_mode)5, (ap_o_mode)3, 0>, config2>.region_begin, i8 %data_V_33_phi, void %for.body26.split.i.i_ifconv, i8 0, void %nnet::dense_resource<ap_fixed<8, 2, (ap_q_mode)5, (ap_o_mode)3, 0>, ap_fixed<8, 2, (ap_q_mode)5, (ap_o_mode)3, 0>, config2>.region_end" [firmware/nnet_utils/nnet_dense_stream.h:43]   --->   Operation 21 'phi' 'data_V_33_rewind' <Predicate = true> <Delay = 0.00>
ST_2 : Operation 22 [1/1] (0.00ns)   --->   "%data_V_32_rewind = phi i8 0, void %nnet::dense_resource<ap_fixed<8, 2, (ap_q_mode)5, (ap_o_mode)3, 0>, ap_fixed<8, 2, (ap_q_mode)5, (ap_o_mode)3, 0>, config2>.region_begin, i8 %data_V_32_phi, void %for.body26.split.i.i_ifconv, i8 0, void %nnet::dense_resource<ap_fixed<8, 2, (ap_q_mode)5, (ap_o_mode)3, 0>, ap_fixed<8, 2, (ap_q_mode)5, (ap_o_mode)3, 0>, config2>.region_end" [firmware/nnet_utils/nnet_dense_stream.h:43]   --->   Operation 22 'phi' 'data_V_32_rewind' <Predicate = true> <Delay = 0.00>
ST_2 : Operation 23 [1/1] (0.00ns)   --->   "%data_V_31_rewind = phi i8 0, void %nnet::dense_resource<ap_fixed<8, 2, (ap_q_mode)5, (ap_o_mode)3, 0>, ap_fixed<8, 2, (ap_q_mode)5, (ap_o_mode)3, 0>, config2>.region_begin, i8 %data_V_31_phi, void %for.body26.split.i.i_ifconv, i8 0, void %nnet::dense_resource<ap_fixed<8, 2, (ap_q_mode)5, (ap_o_mode)3, 0>, ap_fixed<8, 2, (ap_q_mode)5, (ap_o_mode)3, 0>, config2>.region_end" [firmware/nnet_utils/nnet_dense_stream.h:43]   --->   Operation 23 'phi' 'data_V_31_rewind' <Predicate = true> <Delay = 0.00>
ST_2 : Operation 24 [1/1] (0.00ns)   --->   "%data_V_30_rewind = phi i8 0, void %nnet::dense_resource<ap_fixed<8, 2, (ap_q_mode)5, (ap_o_mode)3, 0>, ap_fixed<8, 2, (ap_q_mode)5, (ap_o_mode)3, 0>, config2>.region_begin, i8 %data_V_30_phi, void %for.body26.split.i.i_ifconv, i8 0, void %nnet::dense_resource<ap_fixed<8, 2, (ap_q_mode)5, (ap_o_mode)3, 0>, ap_fixed<8, 2, (ap_q_mode)5, (ap_o_mode)3, 0>, config2>.region_end" [firmware/nnet_utils/nnet_dense_stream.h:43]   --->   Operation 24 'phi' 'data_V_30_rewind' <Predicate = true> <Delay = 0.00>
ST_2 : Operation 25 [1/1] (0.00ns)   --->   "%data_V_29_rewind = phi i8 0, void %nnet::dense_resource<ap_fixed<8, 2, (ap_q_mode)5, (ap_o_mode)3, 0>, ap_fixed<8, 2, (ap_q_mode)5, (ap_o_mode)3, 0>, config2>.region_begin, i8 %data_V_29_phi, void %for.body26.split.i.i_ifconv, i8 0, void %nnet::dense_resource<ap_fixed<8, 2, (ap_q_mode)5, (ap_o_mode)3, 0>, ap_fixed<8, 2, (ap_q_mode)5, (ap_o_mode)3, 0>, config2>.region_end" [firmware/nnet_utils/nnet_dense_stream.h:43]   --->   Operation 25 'phi' 'data_V_29_rewind' <Predicate = true> <Delay = 0.00>
ST_2 : Operation 26 [1/1] (0.00ns)   --->   "%data_V_43_rewind = phi i8 0, void %nnet::dense_resource<ap_fixed<8, 2, (ap_q_mode)5, (ap_o_mode)3, 0>, ap_fixed<8, 2, (ap_q_mode)5, (ap_o_mode)3, 0>, config2>.region_begin, i8 %data_V_43_phi, void %for.body26.split.i.i_ifconv, i8 0, void %nnet::dense_resource<ap_fixed<8, 2, (ap_q_mode)5, (ap_o_mode)3, 0>, ap_fixed<8, 2, (ap_q_mode)5, (ap_o_mode)3, 0>, config2>.region_end" [firmware/nnet_utils/nnet_dense_stream.h:43]   --->   Operation 26 'phi' 'data_V_43_rewind' <Predicate = true> <Delay = 0.00>
ST_2 : Operation 27 [1/1] (0.00ns)   --->   "%data_V_44_rewind = phi i8 0, void %nnet::dense_resource<ap_fixed<8, 2, (ap_q_mode)5, (ap_o_mode)3, 0>, ap_fixed<8, 2, (ap_q_mode)5, (ap_o_mode)3, 0>, config2>.region_begin, i8 %data_V_44_phi, void %for.body26.split.i.i_ifconv, i8 0, void %nnet::dense_resource<ap_fixed<8, 2, (ap_q_mode)5, (ap_o_mode)3, 0>, ap_fixed<8, 2, (ap_q_mode)5, (ap_o_mode)3, 0>, config2>.region_end" [firmware/nnet_utils/nnet_dense_stream.h:43]   --->   Operation 27 'phi' 'data_V_44_rewind' <Predicate = true> <Delay = 0.00>
ST_2 : Operation 28 [1/1] (0.00ns)   --->   "%data_V_45_rewind = phi i8 0, void %nnet::dense_resource<ap_fixed<8, 2, (ap_q_mode)5, (ap_o_mode)3, 0>, ap_fixed<8, 2, (ap_q_mode)5, (ap_o_mode)3, 0>, config2>.region_begin, i8 %data_V_45_phi, void %for.body26.split.i.i_ifconv, i8 0, void %nnet::dense_resource<ap_fixed<8, 2, (ap_q_mode)5, (ap_o_mode)3, 0>, ap_fixed<8, 2, (ap_q_mode)5, (ap_o_mode)3, 0>, config2>.region_end" [firmware/nnet_utils/nnet_dense_stream.h:43]   --->   Operation 28 'phi' 'data_V_45_rewind' <Predicate = true> <Delay = 0.00>
ST_2 : Operation 29 [1/1] (0.00ns)   --->   "%p_rewind = phi i8 0, void %nnet::dense_resource<ap_fixed<8, 2, (ap_q_mode)5, (ap_o_mode)3, 0>, ap_fixed<8, 2, (ap_q_mode)5, (ap_o_mode)3, 0>, config2>.region_begin, i8 %p_phi, void %for.body26.split.i.i_ifconv, i8 0, void %nnet::dense_resource<ap_fixed<8, 2, (ap_q_mode)5, (ap_o_mode)3, 0>, ap_fixed<8, 2, (ap_q_mode)5, (ap_o_mode)3, 0>, config2>.region_end" [firmware/nnet_utils/nnet_dense_stream.h:43]   --->   Operation 29 'phi' 'p_rewind' <Predicate = true> <Delay = 0.00>
ST_2 : Operation 30 [1/1] (0.00ns)   --->   "%ir115 = phi i7 0, void %nnet::dense_resource<ap_fixed<8, 2, (ap_q_mode)5, (ap_o_mode)3, 0>, ap_fixed<8, 2, (ap_q_mode)5, (ap_o_mode)3, 0>, config2>.region_begin, i7 %ir, void %for.body26.split.i.i_ifconv, i7 0, void %nnet::dense_resource<ap_fixed<8, 2, (ap_q_mode)5, (ap_o_mode)3, 0>, ap_fixed<8, 2, (ap_q_mode)5, (ap_o_mode)3, 0>, config2>.region_end"   --->   Operation 30 'phi' 'ir115' <Predicate = true> <Delay = 0.00>
ST_2 : Operation 31 [1/1] (1.58ns)   --->   "%br_ln0 = br i1 %do_init, void %for.body26.split.i.i_ifconv, void %rewind_init"   --->   Operation 31 'br' 'br_ln0' <Predicate = true> <Delay = 1.58>
ST_2 : Operation 32 [1/1] (2.18ns)   --->   "%internal_input_read = read i144 @_ssdm_op_Read.ap_fifo.volatile.i144P0A, i144 %internal_input" [firmware/nnet_utils/nnet_dense_stream.h:43]   --->   Operation 32 'read' 'internal_input_read' <Predicate = (do_init)> <Delay = 2.18> <CoreInst = "FIFO_SRL">   --->   Core 81 'FIFO_SRL' <Latency = 0> <II = 1> <Delay = 3.63> <Storage> <Opcode : 'read' 'write' 'nbread' 'nbwrite'> <Ports = 0> <Width = 144> <Depth = 2> <FIFO>
ST_2 : Operation 33 [1/1] (0.00ns)   --->   "%data_V = trunc i144 %internal_input_read" [firmware/nnet_utils/nnet_dense_stream.h:43]   --->   Operation 33 'trunc' 'data_V' <Predicate = (do_init)> <Delay = 0.00>
ST_2 : Operation 34 [1/1] (0.00ns)   --->   "%data_V_53 = partselect i8 @_ssdm_op_PartSelect.i8.i144.i32.i32, i144 %internal_input_read, i32 128, i32 135" [firmware/nnet_utils/nnet_dense_stream.h:43]   --->   Operation 34 'partselect' 'data_V_53' <Predicate = (do_init)> <Delay = 0.00>
ST_2 : Operation 35 [1/1] (0.00ns)   --->   "%data_V_54 = partselect i8 @_ssdm_op_PartSelect.i8.i144.i32.i32, i144 %internal_input_read, i32 136, i32 143" [firmware/nnet_utils/nnet_dense_stream.h:43]   --->   Operation 35 'partselect' 'data_V_54' <Predicate = (do_init)> <Delay = 0.00>
ST_2 : Operation 36 [1/1] (0.00ns)   --->   "%data_V_55 = partselect i8 @_ssdm_op_PartSelect.i8.i144.i32.i32, i144 %internal_input_read, i32 8, i32 15" [firmware/nnet_utils/nnet_dense_stream.h:43]   --->   Operation 36 'partselect' 'data_V_55' <Predicate = (do_init)> <Delay = 0.00>
ST_2 : Operation 37 [1/1] (0.00ns)   --->   "%data_V_56 = partselect i8 @_ssdm_op_PartSelect.i8.i144.i32.i32, i144 %internal_input_read, i32 16, i32 23" [firmware/nnet_utils/nnet_dense_stream.h:43]   --->   Operation 37 'partselect' 'data_V_56' <Predicate = (do_init)> <Delay = 0.00>
ST_2 : Operation 38 [1/1] (0.00ns)   --->   "%data_V_57 = partselect i8 @_ssdm_op_PartSelect.i8.i144.i32.i32, i144 %internal_input_read, i32 24, i32 31" [firmware/nnet_utils/nnet_dense_stream.h:43]   --->   Operation 38 'partselect' 'data_V_57' <Predicate = (do_init)> <Delay = 0.00>
ST_2 : Operation 39 [1/1] (0.00ns)   --->   "%data_V_58 = partselect i8 @_ssdm_op_PartSelect.i8.i144.i32.i32, i144 %internal_input_read, i32 32, i32 39" [firmware/nnet_utils/nnet_dense_stream.h:43]   --->   Operation 39 'partselect' 'data_V_58' <Predicate = (do_init)> <Delay = 0.00>
ST_2 : Operation 40 [1/1] (0.00ns)   --->   "%data_V_59 = partselect i8 @_ssdm_op_PartSelect.i8.i144.i32.i32, i144 %internal_input_read, i32 40, i32 47" [firmware/nnet_utils/nnet_dense_stream.h:43]   --->   Operation 40 'partselect' 'data_V_59' <Predicate = (do_init)> <Delay = 0.00>
ST_2 : Operation 41 [1/1] (0.00ns)   --->   "%data_V_60 = partselect i8 @_ssdm_op_PartSelect.i8.i144.i32.i32, i144 %internal_input_read, i32 48, i32 55" [firmware/nnet_utils/nnet_dense_stream.h:43]   --->   Operation 41 'partselect' 'data_V_60' <Predicate = (do_init)> <Delay = 0.00>
ST_2 : Operation 42 [1/1] (0.00ns)   --->   "%data_V_61 = partselect i8 @_ssdm_op_PartSelect.i8.i144.i32.i32, i144 %internal_input_read, i32 56, i32 63" [firmware/nnet_utils/nnet_dense_stream.h:43]   --->   Operation 42 'partselect' 'data_V_61' <Predicate = (do_init)> <Delay = 0.00>
ST_2 : Operation 43 [1/1] (0.00ns)   --->   "%data_V_62 = partselect i8 @_ssdm_op_PartSelect.i8.i144.i32.i32, i144 %internal_input_read, i32 64, i32 71" [firmware/nnet_utils/nnet_dense_stream.h:43]   --->   Operation 43 'partselect' 'data_V_62' <Predicate = (do_init)> <Delay = 0.00>
ST_2 : Operation 44 [1/1] (0.00ns)   --->   "%data_V_63 = partselect i8 @_ssdm_op_PartSelect.i8.i144.i32.i32, i144 %internal_input_read, i32 72, i32 79" [firmware/nnet_utils/nnet_dense_stream.h:43]   --->   Operation 44 'partselect' 'data_V_63' <Predicate = (do_init)> <Delay = 0.00>
ST_2 : Operation 45 [1/1] (0.00ns)   --->   "%data_V_64 = partselect i8 @_ssdm_op_PartSelect.i8.i144.i32.i32, i144 %internal_input_read, i32 80, i32 87" [firmware/nnet_utils/nnet_dense_stream.h:43]   --->   Operation 45 'partselect' 'data_V_64' <Predicate = (do_init)> <Delay = 0.00>
ST_2 : Operation 46 [1/1] (0.00ns)   --->   "%data_V_65 = partselect i8 @_ssdm_op_PartSelect.i8.i144.i32.i32, i144 %internal_input_read, i32 88, i32 95" [firmware/nnet_utils/nnet_dense_stream.h:43]   --->   Operation 46 'partselect' 'data_V_65' <Predicate = (do_init)> <Delay = 0.00>
ST_2 : Operation 47 [1/1] (0.00ns)   --->   "%data_V_66 = partselect i8 @_ssdm_op_PartSelect.i8.i144.i32.i32, i144 %internal_input_read, i32 96, i32 103" [firmware/nnet_utils/nnet_dense_stream.h:43]   --->   Operation 47 'partselect' 'data_V_66' <Predicate = (do_init)> <Delay = 0.00>
ST_2 : Operation 48 [1/1] (0.00ns)   --->   "%data_V_67 = partselect i8 @_ssdm_op_PartSelect.i8.i144.i32.i32, i144 %internal_input_read, i32 104, i32 111" [firmware/nnet_utils/nnet_dense_stream.h:43]   --->   Operation 48 'partselect' 'data_V_67' <Predicate = (do_init)> <Delay = 0.00>
ST_2 : Operation 49 [1/1] (0.00ns)   --->   "%data_V_68 = partselect i8 @_ssdm_op_PartSelect.i8.i144.i32.i32, i144 %internal_input_read, i32 112, i32 119" [firmware/nnet_utils/nnet_dense_stream.h:43]   --->   Operation 49 'partselect' 'data_V_68' <Predicate = (do_init)> <Delay = 0.00>
ST_2 : Operation 50 [1/1] (0.00ns)   --->   "%data_V_69 = partselect i8 @_ssdm_op_PartSelect.i8.i144.i32.i32, i144 %internal_input_read, i32 120, i32 127" [firmware/nnet_utils/nnet_dense_stream.h:43]   --->   Operation 50 'partselect' 'data_V_69' <Predicate = (do_init)> <Delay = 0.00>
ST_2 : Operation 51 [1/1] (1.58ns)   --->   "%br_ln124 = br void %for.body26.split.i.i_ifconv" [firmware/nnet_utils/nnet_dense_resource.h:124->firmware/nnet_utils/nnet_dense_resource.h:242->firmware/nnet_utils/nnet_dense_stream.h:24]   --->   Operation 51 'br' 'br_ln124' <Predicate = (do_init)> <Delay = 1.58>
ST_2 : Operation 52 [1/1] (0.00ns)   --->   "%data_V_42_phi = phi i8 %data_V_69, void %rewind_init, i8 %data_V_42_rewind, void %rewind_header"   --->   Operation 52 'phi' 'data_V_42_phi' <Predicate = true> <Delay = 0.00>
ST_2 : Operation 53 [1/1] (0.00ns)   --->   "%data_V_41_phi = phi i8 %data_V_68, void %rewind_init, i8 %data_V_41_rewind, void %rewind_header"   --->   Operation 53 'phi' 'data_V_41_phi' <Predicate = true> <Delay = 0.00>
ST_2 : Operation 54 [1/1] (0.00ns)   --->   "%data_V_40_phi = phi i8 %data_V_67, void %rewind_init, i8 %data_V_40_rewind, void %rewind_header"   --->   Operation 54 'phi' 'data_V_40_phi' <Predicate = true> <Delay = 0.00>
ST_2 : Operation 55 [1/1] (0.00ns)   --->   "%data_V_39_phi = phi i8 %data_V_66, void %rewind_init, i8 %data_V_39_rewind, void %rewind_header"   --->   Operation 55 'phi' 'data_V_39_phi' <Predicate = true> <Delay = 0.00>
ST_2 : Operation 56 [1/1] (0.00ns)   --->   "%data_V_38_phi = phi i8 %data_V_65, void %rewind_init, i8 %data_V_38_rewind, void %rewind_header"   --->   Operation 56 'phi' 'data_V_38_phi' <Predicate = true> <Delay = 0.00>
ST_2 : Operation 57 [1/1] (0.00ns)   --->   "%data_V_37_phi = phi i8 %data_V_64, void %rewind_init, i8 %data_V_37_rewind, void %rewind_header"   --->   Operation 57 'phi' 'data_V_37_phi' <Predicate = true> <Delay = 0.00>
ST_2 : Operation 58 [1/1] (0.00ns)   --->   "%data_V_36_phi = phi i8 %data_V_63, void %rewind_init, i8 %data_V_36_rewind, void %rewind_header"   --->   Operation 58 'phi' 'data_V_36_phi' <Predicate = true> <Delay = 0.00>
ST_2 : Operation 59 [1/1] (0.00ns)   --->   "%data_V_35_phi = phi i8 %data_V_62, void %rewind_init, i8 %data_V_35_rewind, void %rewind_header"   --->   Operation 59 'phi' 'data_V_35_phi' <Predicate = true> <Delay = 0.00>
ST_2 : Operation 60 [1/1] (0.00ns)   --->   "%data_V_34_phi = phi i8 %data_V_61, void %rewind_init, i8 %data_V_34_rewind, void %rewind_header"   --->   Operation 60 'phi' 'data_V_34_phi' <Predicate = true> <Delay = 0.00>
ST_2 : Operation 61 [1/1] (0.00ns)   --->   "%data_V_33_phi = phi i8 %data_V_60, void %rewind_init, i8 %data_V_33_rewind, void %rewind_header"   --->   Operation 61 'phi' 'data_V_33_phi' <Predicate = true> <Delay = 0.00>
ST_2 : Operation 62 [1/1] (0.00ns)   --->   "%data_V_32_phi = phi i8 %data_V_59, void %rewind_init, i8 %data_V_32_rewind, void %rewind_header"   --->   Operation 62 'phi' 'data_V_32_phi' <Predicate = true> <Delay = 0.00>
ST_2 : Operation 63 [1/1] (0.00ns)   --->   "%data_V_31_phi = phi i8 %data_V_58, void %rewind_init, i8 %data_V_31_rewind, void %rewind_header"   --->   Operation 63 'phi' 'data_V_31_phi' <Predicate = true> <Delay = 0.00>
ST_2 : Operation 64 [1/1] (0.00ns)   --->   "%data_V_30_phi = phi i8 %data_V_57, void %rewind_init, i8 %data_V_30_rewind, void %rewind_header"   --->   Operation 64 'phi' 'data_V_30_phi' <Predicate = true> <Delay = 0.00>
ST_2 : Operation 65 [1/1] (0.00ns)   --->   "%data_V_29_phi = phi i8 %data_V_56, void %rewind_init, i8 %data_V_29_rewind, void %rewind_header"   --->   Operation 65 'phi' 'data_V_29_phi' <Predicate = true> <Delay = 0.00>
ST_2 : Operation 66 [1/1] (0.00ns)   --->   "%data_V_43_phi = phi i8 %data_V_55, void %rewind_init, i8 %data_V_43_rewind, void %rewind_header"   --->   Operation 66 'phi' 'data_V_43_phi' <Predicate = true> <Delay = 0.00>
ST_2 : Operation 67 [1/1] (0.00ns)   --->   "%data_V_44_phi = phi i8 %data_V_54, void %rewind_init, i8 %data_V_44_rewind, void %rewind_header"   --->   Operation 67 'phi' 'data_V_44_phi' <Predicate = true> <Delay = 0.00>
ST_2 : Operation 68 [1/1] (0.00ns)   --->   "%data_V_45_phi = phi i8 %data_V_53, void %rewind_init, i8 %data_V_45_rewind, void %rewind_header"   --->   Operation 68 'phi' 'data_V_45_phi' <Predicate = true> <Delay = 0.00>
ST_2 : Operation 69 [1/1] (0.00ns)   --->   "%p_phi = phi i8 %data_V, void %rewind_init, i8 %p_rewind, void %rewind_header"   --->   Operation 69 'phi' 'p_phi' <Predicate = true> <Delay = 0.00>
ST_2 : Operation 70 [1/1] (0.00ns)   --->   "%zext_ln124 = zext i7 %ir115" [firmware/nnet_utils/nnet_dense_resource.h:124->firmware/nnet_utils/nnet_dense_resource.h:242->firmware/nnet_utils/nnet_dense_stream.h:24]   --->   Operation 70 'zext' 'zext_ln124' <Predicate = true> <Delay = 0.00>
ST_2 : Operation 71 [1/1] (0.00ns)   --->   "%zext_ln124_2 = zext i7 %ir115" [firmware/nnet_utils/nnet_dense_resource.h:124->firmware/nnet_utils/nnet_dense_resource.h:242->firmware/nnet_utils/nnet_dense_stream.h:24]   --->   Operation 71 'zext' 'zext_ln124_2' <Predicate = true> <Delay = 0.00>
ST_2 : Operation 72 [1/1] (0.00ns)   --->   "%zext_ln124_3 = zext i7 %ir115" [firmware/nnet_utils/nnet_dense_resource.h:124->firmware/nnet_utils/nnet_dense_resource.h:242->firmware/nnet_utils/nnet_dense_stream.h:24]   --->   Operation 72 'zext' 'zext_ln124_3' <Predicate = true> <Delay = 0.00>
ST_2 : Operation 73 [1/1] (0.00ns)   --->   "%zext_ln124_4 = zext i7 %ir115" [firmware/nnet_utils/nnet_dense_resource.h:124->firmware/nnet_utils/nnet_dense_resource.h:242->firmware/nnet_utils/nnet_dense_stream.h:24]   --->   Operation 73 'zext' 'zext_ln124_4' <Predicate = true> <Delay = 0.00>
ST_2 : Operation 74 [1/1] (0.00ns)   --->   "%outidx_1_addr = getelementptr i2 %outidx_1, i64 0, i64 %zext_ln124" [firmware/nnet_utils/nnet_dense_resource.h:127->firmware/nnet_utils/nnet_dense_resource.h:242->firmware/nnet_utils/nnet_dense_stream.h:24]   --->   Operation 74 'getelementptr' 'outidx_1_addr' <Predicate = true> <Delay = 0.00>
ST_2 : Operation 75 [2/2] (2.32ns)   --->   "%out_index = load i7 %outidx_1_addr" [firmware/nnet_utils/nnet_dense_stream.h:24]   --->   Operation 75 'load' 'out_index' <Predicate = true> <Delay = 2.32> <CoreInst = "ROM">   --->   Core 95 'ROM' <Latency = 1> <II = 1> <Delay = 2.32> <Storage> <Opcode : 'load'> <Ports = 0> <Width = 2> <Depth = 72> <ROM>
ST_2 : Operation 76 [1/1] (0.00ns)   --->   "%w2_V_addr = getelementptr i8 %w2_V, i64 0, i64 %zext_ln124" [firmware/nnet_utils/nnet_dense_resource.h:124->firmware/nnet_utils/nnet_dense_resource.h:242->firmware/nnet_utils/nnet_dense_stream.h:24]   --->   Operation 76 'getelementptr' 'w2_V_addr' <Predicate = true> <Delay = 0.00>
ST_2 : Operation 77 [2/2] (3.25ns)   --->   "%w_V = load i10 %w2_V_addr" [firmware/nnet_utils/nnet_dense_resource.h:124->firmware/nnet_utils/nnet_dense_resource.h:242->firmware/nnet_utils/nnet_dense_stream.h:24]   --->   Operation 77 'load' 'w_V' <Predicate = true> <Delay = 3.25> <CoreInst = "ROM">   --->   Core 95 'ROM' <Latency = 1> <II = 1> <Delay = 3.25> <Storage> <Opcode : 'load'> <Ports = 0> <Width = 8> <Depth = 576> <ROM>
ST_2 : Operation 78 [1/1] (1.91ns)   --->   "%empty_52 = add i8 %zext_ln124_4, i8 72" [firmware/nnet_utils/nnet_dense_resource.h:124->firmware/nnet_utils/nnet_dense_resource.h:242->firmware/nnet_utils/nnet_dense_stream.h:24]   --->   Operation 78 'add' 'empty_52' <Predicate = true> <Delay = 1.91> <CoreInst = "Adder">   --->   Core 1 'Adder' <Latency = 0> <II = 1> <Delay = 1.91> <FuncUnit> <Opcode : 'add' 'sub'> <InPorts = 2> <OutPorts = 1>
ST_2 : Operation 79 [1/1] (0.00ns)   --->   "%p_cast467 = zext i8 %empty_52" [firmware/nnet_utils/nnet_dense_resource.h:124->firmware/nnet_utils/nnet_dense_resource.h:242->firmware/nnet_utils/nnet_dense_stream.h:24]   --->   Operation 79 'zext' 'p_cast467' <Predicate = true> <Delay = 0.00>
ST_2 : Operation 80 [1/1] (0.00ns)   --->   "%w2_V_addr_1 = getelementptr i8 %w2_V, i64 0, i64 %p_cast467" [firmware/nnet_utils/nnet_dense_resource.h:124->firmware/nnet_utils/nnet_dense_resource.h:242->firmware/nnet_utils/nnet_dense_stream.h:24]   --->   Operation 80 'getelementptr' 'w2_V_addr_1' <Predicate = true> <Delay = 0.00>
ST_2 : Operation 81 [2/2] (3.25ns)   --->   "%w_V_8 = load i10 %w2_V_addr_1" [firmware/nnet_utils/nnet_dense_resource.h:124->firmware/nnet_utils/nnet_dense_resource.h:242->firmware/nnet_utils/nnet_dense_stream.h:24]   --->   Operation 81 'load' 'w_V_8' <Predicate = true> <Delay = 3.25> <CoreInst = "ROM">   --->   Core 95 'ROM' <Latency = 1> <II = 1> <Delay = 3.25> <Storage> <Opcode : 'load'> <Ports = 0> <Width = 8> <Depth = 576> <ROM>
ST_2 : Operation 82 [1/1] (1.91ns)   --->   "%empty_53 = add i8 %zext_ln124_4, i8 144" [firmware/nnet_utils/nnet_dense_resource.h:124->firmware/nnet_utils/nnet_dense_resource.h:242->firmware/nnet_utils/nnet_dense_stream.h:24]   --->   Operation 82 'add' 'empty_53' <Predicate = true> <Delay = 1.91> <CoreInst = "Adder">   --->   Core 1 'Adder' <Latency = 0> <II = 1> <Delay = 1.91> <FuncUnit> <Opcode : 'add' 'sub'> <InPorts = 2> <OutPorts = 1>
ST_2 : Operation 83 [1/1] (0.00ns)   --->   "%p_cast468 = zext i8 %empty_53" [firmware/nnet_utils/nnet_dense_resource.h:124->firmware/nnet_utils/nnet_dense_resource.h:242->firmware/nnet_utils/nnet_dense_stream.h:24]   --->   Operation 83 'zext' 'p_cast468' <Predicate = true> <Delay = 0.00>
ST_2 : Operation 84 [1/1] (0.00ns)   --->   "%w2_V_addr_2 = getelementptr i8 %w2_V, i64 0, i64 %p_cast468" [firmware/nnet_utils/nnet_dense_resource.h:124->firmware/nnet_utils/nnet_dense_resource.h:242->firmware/nnet_utils/nnet_dense_stream.h:24]   --->   Operation 84 'getelementptr' 'w2_V_addr_2' <Predicate = true> <Delay = 0.00>
ST_2 : Operation 85 [2/2] (3.25ns)   --->   "%w_V_9 = load i10 %w2_V_addr_2" [firmware/nnet_utils/nnet_dense_resource.h:124->firmware/nnet_utils/nnet_dense_resource.h:242->firmware/nnet_utils/nnet_dense_stream.h:24]   --->   Operation 85 'load' 'w_V_9' <Predicate = true> <Delay = 3.25> <CoreInst = "ROM">   --->   Core 95 'ROM' <Latency = 1> <II = 1> <Delay = 3.25> <Storage> <Opcode : 'load'> <Ports = 0> <Width = 8> <Depth = 576> <ROM>
ST_2 : Operation 86 [1/1] (1.82ns)   --->   "%empty_54 = add i9 %zext_ln124_3, i9 216" [firmware/nnet_utils/nnet_dense_resource.h:124->firmware/nnet_utils/nnet_dense_resource.h:242->firmware/nnet_utils/nnet_dense_stream.h:24]   --->   Operation 86 'add' 'empty_54' <Predicate = true> <Delay = 1.82> <CoreInst = "Adder">   --->   Core 1 'Adder' <Latency = 0> <II = 1> <Delay = 1.82> <FuncUnit> <Opcode : 'add' 'sub'> <InPorts = 2> <OutPorts = 1>
ST_2 : Operation 87 [1/1] (0.00ns)   --->   "%p_cast469 = zext i9 %empty_54" [firmware/nnet_utils/nnet_dense_resource.h:124->firmware/nnet_utils/nnet_dense_resource.h:242->firmware/nnet_utils/nnet_dense_stream.h:24]   --->   Operation 87 'zext' 'p_cast469' <Predicate = true> <Delay = 0.00>
ST_2 : Operation 88 [1/1] (0.00ns)   --->   "%w2_V_addr_3 = getelementptr i8 %w2_V, i64 0, i64 %p_cast469" [firmware/nnet_utils/nnet_dense_resource.h:124->firmware/nnet_utils/nnet_dense_resource.h:242->firmware/nnet_utils/nnet_dense_stream.h:24]   --->   Operation 88 'getelementptr' 'w2_V_addr_3' <Predicate = true> <Delay = 0.00>
ST_2 : Operation 89 [2/2] (3.25ns)   --->   "%w_V_10 = load i10 %w2_V_addr_3" [firmware/nnet_utils/nnet_dense_resource.h:124->firmware/nnet_utils/nnet_dense_resource.h:242->firmware/nnet_utils/nnet_dense_stream.h:24]   --->   Operation 89 'load' 'w_V_10' <Predicate = true> <Delay = 3.25> <CoreInst = "ROM">   --->   Core 95 'ROM' <Latency = 1> <II = 1> <Delay = 3.25> <Storage> <Opcode : 'load'> <Ports = 0> <Width = 8> <Depth = 576> <ROM>
ST_2 : Operation 90 [1/1] (1.82ns)   --->   "%empty_55 = add i9 %zext_ln124_3, i9 288" [firmware/nnet_utils/nnet_dense_resource.h:124->firmware/nnet_utils/nnet_dense_resource.h:242->firmware/nnet_utils/nnet_dense_stream.h:24]   --->   Operation 90 'add' 'empty_55' <Predicate = true> <Delay = 1.82> <CoreInst = "Adder">   --->   Core 1 'Adder' <Latency = 0> <II = 1> <Delay = 1.82> <FuncUnit> <Opcode : 'add' 'sub'> <InPorts = 2> <OutPorts = 1>
ST_2 : Operation 91 [1/1] (0.00ns)   --->   "%p_cast470 = zext i9 %empty_55" [firmware/nnet_utils/nnet_dense_resource.h:124->firmware/nnet_utils/nnet_dense_resource.h:242->firmware/nnet_utils/nnet_dense_stream.h:24]   --->   Operation 91 'zext' 'p_cast470' <Predicate = true> <Delay = 0.00>
ST_2 : Operation 92 [1/1] (0.00ns)   --->   "%w2_V_addr_4 = getelementptr i8 %w2_V, i64 0, i64 %p_cast470" [firmware/nnet_utils/nnet_dense_resource.h:124->firmware/nnet_utils/nnet_dense_resource.h:242->firmware/nnet_utils/nnet_dense_stream.h:24]   --->   Operation 92 'getelementptr' 'w2_V_addr_4' <Predicate = true> <Delay = 0.00>
ST_2 : Operation 93 [2/2] (3.25ns)   --->   "%w_V_11 = load i10 %w2_V_addr_4" [firmware/nnet_utils/nnet_dense_resource.h:124->firmware/nnet_utils/nnet_dense_resource.h:242->firmware/nnet_utils/nnet_dense_stream.h:24]   --->   Operation 93 'load' 'w_V_11' <Predicate = true> <Delay = 3.25> <CoreInst = "ROM">   --->   Core 95 'ROM' <Latency = 1> <II = 1> <Delay = 3.25> <Storage> <Opcode : 'load'> <Ports = 0> <Width = 8> <Depth = 576> <ROM>
ST_2 : Operation 94 [1/1] (1.82ns)   --->   "%empty_56 = add i9 %zext_ln124_3, i9 360" [firmware/nnet_utils/nnet_dense_resource.h:124->firmware/nnet_utils/nnet_dense_resource.h:242->firmware/nnet_utils/nnet_dense_stream.h:24]   --->   Operation 94 'add' 'empty_56' <Predicate = true> <Delay = 1.82> <CoreInst = "Adder">   --->   Core 1 'Adder' <Latency = 0> <II = 1> <Delay = 1.82> <FuncUnit> <Opcode : 'add' 'sub'> <InPorts = 2> <OutPorts = 1>
ST_2 : Operation 95 [1/1] (0.00ns)   --->   "%p_cast471 = zext i9 %empty_56" [firmware/nnet_utils/nnet_dense_resource.h:124->firmware/nnet_utils/nnet_dense_resource.h:242->firmware/nnet_utils/nnet_dense_stream.h:24]   --->   Operation 95 'zext' 'p_cast471' <Predicate = true> <Delay = 0.00>
ST_2 : Operation 96 [1/1] (0.00ns)   --->   "%w2_V_addr_5 = getelementptr i8 %w2_V, i64 0, i64 %p_cast471" [firmware/nnet_utils/nnet_dense_resource.h:124->firmware/nnet_utils/nnet_dense_resource.h:242->firmware/nnet_utils/nnet_dense_stream.h:24]   --->   Operation 96 'getelementptr' 'w2_V_addr_5' <Predicate = true> <Delay = 0.00>
ST_2 : Operation 97 [2/2] (3.25ns)   --->   "%w_V_12 = load i10 %w2_V_addr_5" [firmware/nnet_utils/nnet_dense_resource.h:124->firmware/nnet_utils/nnet_dense_resource.h:242->firmware/nnet_utils/nnet_dense_stream.h:24]   --->   Operation 97 'load' 'w_V_12' <Predicate = true> <Delay = 3.25> <CoreInst = "ROM">   --->   Core 95 'ROM' <Latency = 1> <II = 1> <Delay = 3.25> <Storage> <Opcode : 'load'> <Ports = 0> <Width = 8> <Depth = 576> <ROM>
ST_2 : Operation 98 [1/1] (1.91ns)   --->   "%empty_57 = add i8 %zext_ln124_4, i8 176" [firmware/nnet_utils/nnet_dense_resource.h:124->firmware/nnet_utils/nnet_dense_resource.h:242->firmware/nnet_utils/nnet_dense_stream.h:24]   --->   Operation 98 'add' 'empty_57' <Predicate = true> <Delay = 1.91> <CoreInst = "Adder">   --->   Core 1 'Adder' <Latency = 0> <II = 1> <Delay = 1.91> <FuncUnit> <Opcode : 'add' 'sub'> <InPorts = 2> <OutPorts = 1>
ST_2 : Operation 99 [1/1] (0.00ns)   --->   "%p_cast472_cast_cast_cast_cast = sext i8 %empty_57" [firmware/nnet_utils/nnet_dense_resource.h:124->firmware/nnet_utils/nnet_dense_resource.h:242->firmware/nnet_utils/nnet_dense_stream.h:24]   --->   Operation 99 'sext' 'p_cast472_cast_cast_cast_cast' <Predicate = true> <Delay = 0.00>
ST_2 : Operation 100 [1/1] (0.00ns)   --->   "%p_cast472_cast_cast_cast_cast_cast = zext i9 %p_cast472_cast_cast_cast_cast" [firmware/nnet_utils/nnet_dense_resource.h:124->firmware/nnet_utils/nnet_dense_resource.h:242->firmware/nnet_utils/nnet_dense_stream.h:24]   --->   Operation 100 'zext' 'p_cast472_cast_cast_cast_cast_cast' <Predicate = true> <Delay = 0.00>
ST_2 : Operation 101 [1/1] (0.00ns)   --->   "%w2_V_addr_6 = getelementptr i8 %w2_V, i64 0, i64 %p_cast472_cast_cast_cast_cast_cast" [firmware/nnet_utils/nnet_dense_resource.h:124->firmware/nnet_utils/nnet_dense_resource.h:242->firmware/nnet_utils/nnet_dense_stream.h:24]   --->   Operation 101 'getelementptr' 'w2_V_addr_6' <Predicate = true> <Delay = 0.00>
ST_2 : Operation 102 [2/2] (3.25ns)   --->   "%w_V_13 = load i10 %w2_V_addr_6" [firmware/nnet_utils/nnet_dense_resource.h:124->firmware/nnet_utils/nnet_dense_resource.h:242->firmware/nnet_utils/nnet_dense_stream.h:24]   --->   Operation 102 'load' 'w_V_13' <Predicate = true> <Delay = 3.25> <CoreInst = "ROM">   --->   Core 95 'ROM' <Latency = 1> <II = 1> <Delay = 3.25> <Storage> <Opcode : 'load'> <Ports = 0> <Width = 8> <Depth = 576> <ROM>
ST_2 : Operation 103 [1/1] (1.73ns)   --->   "%empty_58 = add i10 %zext_ln124_2, i10 504" [firmware/nnet_utils/nnet_dense_resource.h:124->firmware/nnet_utils/nnet_dense_resource.h:242->firmware/nnet_utils/nnet_dense_stream.h:24]   --->   Operation 103 'add' 'empty_58' <Predicate = true> <Delay = 1.73> <CoreInst = "Adder">   --->   Core 1 'Adder' <Latency = 0> <II = 1> <Delay = 1.73> <FuncUnit> <Opcode : 'add' 'sub'> <InPorts = 2> <OutPorts = 1>
ST_2 : Operation 104 [1/1] (0.00ns)   --->   "%p_cast473 = zext i10 %empty_58" [firmware/nnet_utils/nnet_dense_resource.h:124->firmware/nnet_utils/nnet_dense_resource.h:242->firmware/nnet_utils/nnet_dense_stream.h:24]   --->   Operation 104 'zext' 'p_cast473' <Predicate = true> <Delay = 0.00>
ST_2 : Operation 105 [1/1] (0.00ns)   --->   "%w2_V_addr_7 = getelementptr i8 %w2_V, i64 0, i64 %p_cast473" [firmware/nnet_utils/nnet_dense_resource.h:124->firmware/nnet_utils/nnet_dense_resource.h:242->firmware/nnet_utils/nnet_dense_stream.h:24]   --->   Operation 105 'getelementptr' 'w2_V_addr_7' <Predicate = true> <Delay = 0.00>
ST_2 : Operation 106 [2/2] (3.25ns)   --->   "%w_V_14 = load i10 %w2_V_addr_7" [firmware/nnet_utils/nnet_dense_resource.h:124->firmware/nnet_utils/nnet_dense_resource.h:242->firmware/nnet_utils/nnet_dense_stream.h:24]   --->   Operation 106 'load' 'w_V_14' <Predicate = true> <Delay = 3.25> <CoreInst = "ROM">   --->   Core 95 'ROM' <Latency = 1> <II = 1> <Delay = 3.25> <Storage> <Opcode : 'load'> <Ports = 0> <Width = 8> <Depth = 576> <ROM>
ST_2 : Operation 107 [1/1] (1.87ns)   --->   "%ir = add i7 %ir115, i7 1" [firmware/nnet_utils/nnet_dense_resource.h:124->firmware/nnet_utils/nnet_dense_resource.h:242->firmware/nnet_utils/nnet_dense_stream.h:24]   --->   Operation 107 'add' 'ir' <Predicate = true> <Delay = 1.87> <CoreInst = "Adder">   --->   Core 1 'Adder' <Latency = 0> <II = 1> <Delay = 1.87> <FuncUnit> <Opcode : 'add' 'sub'> <InPorts = 2> <OutPorts = 1>
ST_2 : Operation 108 [1/1] (1.48ns)   --->   "%icmp_ln124 = icmp_eq  i7 %ir115, i7 71" [firmware/nnet_utils/nnet_dense_resource.h:124->firmware/nnet_utils/nnet_dense_resource.h:242->firmware/nnet_utils/nnet_dense_stream.h:24]   --->   Operation 108 'icmp' 'icmp_ln124' <Predicate = true> <Delay = 1.48> <CoreInst = "Cmp">   --->   Core 9 'Cmp' <Latency = 0> <II = 1> <Delay = 1.48> <FuncUnit> <Opcode : 'icmp'> <InPorts = 2> <OutPorts = 1>
ST_2 : Operation 109 [1/1] (0.00ns)   --->   "%br_ln124 = br i1 %icmp_ln124, void %rewind_header, void %nnet::dense_resource<ap_fixed<8, 2, (ap_q_mode)5, (ap_o_mode)3, 0>, ap_fixed<8, 2, (ap_q_mode)5, (ap_o_mode)3, 0>, config2>.region_end" [firmware/nnet_utils/nnet_dense_resource.h:124->firmware/nnet_utils/nnet_dense_resource.h:242->firmware/nnet_utils/nnet_dense_stream.h:24]   --->   Operation 109 'br' 'br_ln124' <Predicate = true> <Delay = 0.00>
ST_2 : Operation 110 [1/1] (0.00ns)   --->   "%br_ln101 = br void %rewind_header" [firmware/nnet_utils/nnet_dense_stream.h:101]   --->   Operation 110 'br' 'br_ln101' <Predicate = (icmp_ln124)> <Delay = 0.00>

State 3 <SV = 2> <Delay = 4.35>
ST_3 : Operation 111 [1/1] (0.00ns)   --->   "%in_index116 = phi i5 0, void %nnet::dense_resource<ap_fixed<8, 2, (ap_q_mode)5, (ap_o_mode)3, 0>, ap_fixed<8, 2, (ap_q_mode)5, (ap_o_mode)3, 0>, config2>.region_begin, i5 %in_index, void %for.body26.split.i.i_ifconv, i5 0, void %nnet::dense_resource<ap_fixed<8, 2, (ap_q_mode)5, (ap_o_mode)3, 0>, ap_fixed<8, 2, (ap_q_mode)5, (ap_o_mode)3, 0>, config2>.region_end"   --->   Operation 111 'phi' 'in_index116' <Predicate = true> <Delay = 0.00>
ST_3 : Operation 112 [1/2] (2.32ns)   --->   "%out_index = load i7 %outidx_1_addr" [firmware/nnet_utils/nnet_dense_stream.h:24]   --->   Operation 112 'load' 'out_index' <Predicate = true> <Delay = 2.32> <CoreInst = "ROM">   --->   Core 95 'ROM' <Latency = 1> <II = 1> <Delay = 2.32> <Storage> <Opcode : 'load'> <Ports = 0> <Width = 2> <Depth = 72> <ROM>
ST_3 : Operation 113 [1/1] (2.84ns)   --->   "%a_V = mux i8 @_ssdm_op_Mux.ap_auto.18i8.i5, i8 %p_phi, i8 %data_V_43_phi, i8 %data_V_29_phi, i8 %data_V_30_phi, i8 %data_V_31_phi, i8 %data_V_32_phi, i8 %data_V_33_phi, i8 %data_V_34_phi, i8 %data_V_35_phi, i8 %data_V_36_phi, i8 %data_V_37_phi, i8 %data_V_38_phi, i8 %data_V_39_phi, i8 %data_V_40_phi, i8 %data_V_41_phi, i8 %data_V_42_phi, i8 %data_V_45_phi, i8 %data_V_44_phi, i5 %in_index116" [firmware/nnet_utils/nnet_dense_stream.h:43]   --->   Operation 113 'mux' 'a_V' <Predicate = true> <Delay = 2.84> <CoreInst = "Multiplexer">   --->   Core 76 'Multiplexer' <Latency = 0> <II = 1> <Delay = 2.84> <FuncUnit> <Opcode : 'mux'> <InPorts = 2> <OutPorts = 1>
ST_3 : Operation 114 [1/2] (3.25ns)   --->   "%w_V = load i10 %w2_V_addr" [firmware/nnet_utils/nnet_dense_resource.h:124->firmware/nnet_utils/nnet_dense_resource.h:242->firmware/nnet_utils/nnet_dense_stream.h:24]   --->   Operation 114 'load' 'w_V' <Predicate = true> <Delay = 3.25> <CoreInst = "ROM">   --->   Core 95 'ROM' <Latency = 1> <II = 1> <Delay = 3.25> <Storage> <Opcode : 'load'> <Ports = 0> <Width = 8> <Depth = 576> <ROM>
ST_3 : Operation 115 [1/2] (3.25ns)   --->   "%w_V_8 = load i10 %w2_V_addr_1" [firmware/nnet_utils/nnet_dense_resource.h:124->firmware/nnet_utils/nnet_dense_resource.h:242->firmware/nnet_utils/nnet_dense_stream.h:24]   --->   Operation 115 'load' 'w_V_8' <Predicate = true> <Delay = 3.25> <CoreInst = "ROM">   --->   Core 95 'ROM' <Latency = 1> <II = 1> <Delay = 3.25> <Storage> <Opcode : 'load'> <Ports = 0> <Width = 8> <Depth = 576> <ROM>
ST_3 : Operation 116 [1/2] (3.25ns)   --->   "%w_V_9 = load i10 %w2_V_addr_2" [firmware/nnet_utils/nnet_dense_resource.h:124->firmware/nnet_utils/nnet_dense_resource.h:242->firmware/nnet_utils/nnet_dense_stream.h:24]   --->   Operation 116 'load' 'w_V_9' <Predicate = true> <Delay = 3.25> <CoreInst = "ROM">   --->   Core 95 'ROM' <Latency = 1> <II = 1> <Delay = 3.25> <Storage> <Opcode : 'load'> <Ports = 0> <Width = 8> <Depth = 576> <ROM>
ST_3 : Operation 117 [1/2] (3.25ns)   --->   "%w_V_10 = load i10 %w2_V_addr_3" [firmware/nnet_utils/nnet_dense_resource.h:124->firmware/nnet_utils/nnet_dense_resource.h:242->firmware/nnet_utils/nnet_dense_stream.h:24]   --->   Operation 117 'load' 'w_V_10' <Predicate = true> <Delay = 3.25> <CoreInst = "ROM">   --->   Core 95 'ROM' <Latency = 1> <II = 1> <Delay = 3.25> <Storage> <Opcode : 'load'> <Ports = 0> <Width = 8> <Depth = 576> <ROM>
ST_3 : Operation 118 [1/2] (3.25ns)   --->   "%w_V_11 = load i10 %w2_V_addr_4" [firmware/nnet_utils/nnet_dense_resource.h:124->firmware/nnet_utils/nnet_dense_resource.h:242->firmware/nnet_utils/nnet_dense_stream.h:24]   --->   Operation 118 'load' 'w_V_11' <Predicate = true> <Delay = 3.25> <CoreInst = "ROM">   --->   Core 95 'ROM' <Latency = 1> <II = 1> <Delay = 3.25> <Storage> <Opcode : 'load'> <Ports = 0> <Width = 8> <Depth = 576> <ROM>
ST_3 : Operation 119 [1/2] (3.25ns)   --->   "%w_V_12 = load i10 %w2_V_addr_5" [firmware/nnet_utils/nnet_dense_resource.h:124->firmware/nnet_utils/nnet_dense_resource.h:242->firmware/nnet_utils/nnet_dense_stream.h:24]   --->   Operation 119 'load' 'w_V_12' <Predicate = true> <Delay = 3.25> <CoreInst = "ROM">   --->   Core 95 'ROM' <Latency = 1> <II = 1> <Delay = 3.25> <Storage> <Opcode : 'load'> <Ports = 0> <Width = 8> <Depth = 576> <ROM>
ST_3 : Operation 120 [1/2] (3.25ns)   --->   "%w_V_13 = load i10 %w2_V_addr_6" [firmware/nnet_utils/nnet_dense_resource.h:124->firmware/nnet_utils/nnet_dense_resource.h:242->firmware/nnet_utils/nnet_dense_stream.h:24]   --->   Operation 120 'load' 'w_V_13' <Predicate = true> <Delay = 3.25> <CoreInst = "ROM">   --->   Core 95 'ROM' <Latency = 1> <II = 1> <Delay = 3.25> <Storage> <Opcode : 'load'> <Ports = 0> <Width = 8> <Depth = 576> <ROM>
ST_3 : Operation 121 [1/2] (3.25ns)   --->   "%w_V_14 = load i10 %w2_V_addr_7" [firmware/nnet_utils/nnet_dense_resource.h:124->firmware/nnet_utils/nnet_dense_resource.h:242->firmware/nnet_utils/nnet_dense_stream.h:24]   --->   Operation 121 'load' 'w_V_14' <Predicate = true> <Delay = 3.25> <CoreInst = "ROM">   --->   Core 95 'ROM' <Latency = 1> <II = 1> <Delay = 3.25> <Storage> <Opcode : 'load'> <Ports = 0> <Width = 8> <Depth = 576> <ROM>
ST_3 : Operation 122 [1/1] (1.78ns)   --->   "%in_index_2 = add i5 %in_index116, i5 1" [firmware/nnet_utils/nnet_dense_resource.h:140->firmware/nnet_utils/nnet_dense_resource.h:242->firmware/nnet_utils/nnet_dense_stream.h:24]   --->   Operation 122 'add' 'in_index_2' <Predicate = true> <Delay = 1.78> <CoreInst = "Adder">   --->   Core 1 'Adder' <Latency = 0> <II = 1> <Delay = 1.78> <FuncUnit> <Opcode : 'add' 'sub'> <InPorts = 2> <OutPorts = 1>
ST_3 : Operation 123 [1/1] (1.36ns)   --->   "%icmp_ln141 = icmp_ugt  i5 %in_index_2, i5 17" [firmware/nnet_utils/nnet_dense_resource.h:141->firmware/nnet_utils/nnet_dense_resource.h:242->firmware/nnet_utils/nnet_dense_stream.h:24]   --->   Operation 123 'icmp' 'icmp_ln141' <Predicate = true> <Delay = 1.36> <CoreInst = "Cmp">   --->   Core 9 'Cmp' <Latency = 0> <II = 1> <Delay = 1.36> <FuncUnit> <Opcode : 'icmp'> <InPorts = 2> <OutPorts = 1>
ST_3 : Operation 124 [1/1] (1.21ns)   --->   "%in_index = select i1 %icmp_ln141, i5 0, i5 %in_index_2" [firmware/nnet_utils/nnet_dense_resource.h:141->firmware/nnet_utils/nnet_dense_resource.h:242->firmware/nnet_utils/nnet_dense_stream.h:24]   --->   Operation 124 'select' 'in_index' <Predicate = true> <Delay = 1.21> <CoreInst = "Sel">   --->   Core 73 'Sel' <Latency = 0> <II = 1> <Delay = 1.21> <FuncUnit> <Opcode : 'select'> <InPorts = 3> <OutPorts = 1>

State 4 <SV = 3> <Delay = 4.17>
ST_4 : Operation 125 [1/1] (0.00ns)   --->   "%sext_ln1273 = sext i8 %w_V" [firmware/nnet_utils/nnet_dense_stream.h:24]   --->   Operation 125 'sext' 'sext_ln1273' <Predicate = true> <Delay = 0.00>
ST_4 : Operation 126 [1/1] (0.00ns)   --->   "%sext_ln1273_45 = sext i8 %a_V" [firmware/nnet_utils/nnet_dense_stream.h:24]   --->   Operation 126 'sext' 'sext_ln1273_45' <Predicate = true> <Delay = 0.00>
ST_4 : Operation 127 [1/1] (4.17ns)   --->   "%mul_ln1270 = mul i13 %sext_ln1273, i13 %sext_ln1273_45" [firmware/nnet_utils/nnet_dense_stream.h:24]   --->   Operation 127 'mul' 'mul_ln1270' <Predicate = true> <Delay = 4.17> <CoreInst = "Multiplier">   --->   Core 3 'Multiplier' <Latency = 0> <II = 1> <Delay = 4.17> <FuncUnit> <Opcode : 'mul'> <InPorts = 2> <OutPorts = 1>
ST_4 : Operation 128 [1/1] (0.00ns)   --->   "%rhs = partselect i8 @_ssdm_op_PartSelect.i8.i13.i32.i32, i13 %mul_ln1270, i32 5, i32 12" [firmware/nnet_utils/nnet_dense_stream.h:24]   --->   Operation 128 'partselect' 'rhs' <Predicate = true> <Delay = 0.00>
ST_4 : Operation 129 [1/1] (0.00ns)   --->   "%sext_ln1273_46 = sext i8 %w_V_8" [firmware/nnet_utils/nnet_dense_stream.h:24]   --->   Operation 129 'sext' 'sext_ln1273_46' <Predicate = true> <Delay = 0.00>
ST_4 : Operation 130 [1/1] (4.17ns)   --->   "%mul_ln1270_10 = mul i13 %sext_ln1273_46, i13 %sext_ln1273_45" [firmware/nnet_utils/nnet_dense_stream.h:24]   --->   Operation 130 'mul' 'mul_ln1270_10' <Predicate = true> <Delay = 4.17> <CoreInst = "Multiplier">   --->   Core 3 'Multiplier' <Latency = 0> <II = 1> <Delay = 4.17> <FuncUnit> <Opcode : 'mul'> <InPorts = 2> <OutPorts = 1>
ST_4 : Operation 131 [1/1] (0.00ns)   --->   "%rhs_8 = partselect i8 @_ssdm_op_PartSelect.i8.i13.i32.i32, i13 %mul_ln1270_10, i32 5, i32 12" [firmware/nnet_utils/nnet_dense_stream.h:24]   --->   Operation 131 'partselect' 'rhs_8' <Predicate = true> <Delay = 0.00>
ST_4 : Operation 132 [1/1] (0.00ns)   --->   "%sext_ln1273_47 = sext i8 %w_V_9" [firmware/nnet_utils/nnet_dense_stream.h:24]   --->   Operation 132 'sext' 'sext_ln1273_47' <Predicate = true> <Delay = 0.00>
ST_4 : Operation 133 [1/1] (4.17ns)   --->   "%mul_ln1270_11 = mul i13 %sext_ln1273_47, i13 %sext_ln1273_45" [firmware/nnet_utils/nnet_dense_stream.h:24]   --->   Operation 133 'mul' 'mul_ln1270_11' <Predicate = true> <Delay = 4.17> <CoreInst = "Multiplier">   --->   Core 3 'Multiplier' <Latency = 0> <II = 1> <Delay = 4.17> <FuncUnit> <Opcode : 'mul'> <InPorts = 2> <OutPorts = 1>
ST_4 : Operation 134 [1/1] (0.00ns)   --->   "%rhs_9 = partselect i8 @_ssdm_op_PartSelect.i8.i13.i32.i32, i13 %mul_ln1270_11, i32 5, i32 12" [firmware/nnet_utils/nnet_dense_stream.h:24]   --->   Operation 134 'partselect' 'rhs_9' <Predicate = true> <Delay = 0.00>
ST_4 : Operation 135 [1/1] (0.00ns)   --->   "%sext_ln1273_48 = sext i8 %w_V_10" [firmware/nnet_utils/nnet_dense_stream.h:24]   --->   Operation 135 'sext' 'sext_ln1273_48' <Predicate = true> <Delay = 0.00>
ST_4 : Operation 136 [1/1] (4.17ns)   --->   "%mul_ln1270_12 = mul i13 %sext_ln1273_48, i13 %sext_ln1273_45" [firmware/nnet_utils/nnet_dense_stream.h:24]   --->   Operation 136 'mul' 'mul_ln1270_12' <Predicate = true> <Delay = 4.17> <CoreInst = "Multiplier">   --->   Core 3 'Multiplier' <Latency = 0> <II = 1> <Delay = 4.17> <FuncUnit> <Opcode : 'mul'> <InPorts = 2> <OutPorts = 1>
ST_4 : Operation 137 [1/1] (0.00ns)   --->   "%rhs_10 = partselect i8 @_ssdm_op_PartSelect.i8.i13.i32.i32, i13 %mul_ln1270_12, i32 5, i32 12" [firmware/nnet_utils/nnet_dense_stream.h:24]   --->   Operation 137 'partselect' 'rhs_10' <Predicate = true> <Delay = 0.00>
ST_4 : Operation 138 [1/1] (0.00ns)   --->   "%sext_ln1273_49 = sext i8 %w_V_11" [firmware/nnet_utils/nnet_dense_stream.h:24]   --->   Operation 138 'sext' 'sext_ln1273_49' <Predicate = true> <Delay = 0.00>
ST_4 : Operation 139 [1/1] (4.17ns)   --->   "%mul_ln1270_13 = mul i13 %sext_ln1273_49, i13 %sext_ln1273_45" [firmware/nnet_utils/nnet_dense_stream.h:24]   --->   Operation 139 'mul' 'mul_ln1270_13' <Predicate = true> <Delay = 4.17> <CoreInst = "Multiplier">   --->   Core 3 'Multiplier' <Latency = 0> <II = 1> <Delay = 4.17> <FuncUnit> <Opcode : 'mul'> <InPorts = 2> <OutPorts = 1>
ST_4 : Operation 140 [1/1] (0.00ns)   --->   "%rhs_11 = partselect i8 @_ssdm_op_PartSelect.i8.i13.i32.i32, i13 %mul_ln1270_13, i32 5, i32 12" [firmware/nnet_utils/nnet_dense_stream.h:24]   --->   Operation 140 'partselect' 'rhs_11' <Predicate = true> <Delay = 0.00>
ST_4 : Operation 141 [1/1] (0.00ns)   --->   "%sext_ln1273_50 = sext i8 %w_V_12" [firmware/nnet_utils/nnet_dense_stream.h:24]   --->   Operation 141 'sext' 'sext_ln1273_50' <Predicate = true> <Delay = 0.00>
ST_4 : Operation 142 [1/1] (4.17ns)   --->   "%mul_ln1270_14 = mul i13 %sext_ln1273_50, i13 %sext_ln1273_45" [firmware/nnet_utils/nnet_dense_stream.h:24]   --->   Operation 142 'mul' 'mul_ln1270_14' <Predicate = true> <Delay = 4.17> <CoreInst = "Multiplier">   --->   Core 3 'Multiplier' <Latency = 0> <II = 1> <Delay = 4.17> <FuncUnit> <Opcode : 'mul'> <InPorts = 2> <OutPorts = 1>
ST_4 : Operation 143 [1/1] (0.00ns)   --->   "%rhs_12 = partselect i8 @_ssdm_op_PartSelect.i8.i13.i32.i32, i13 %mul_ln1270_14, i32 5, i32 12" [firmware/nnet_utils/nnet_dense_stream.h:24]   --->   Operation 143 'partselect' 'rhs_12' <Predicate = true> <Delay = 0.00>
ST_4 : Operation 144 [1/1] (0.00ns)   --->   "%sext_ln1273_51 = sext i8 %w_V_13" [firmware/nnet_utils/nnet_dense_stream.h:24]   --->   Operation 144 'sext' 'sext_ln1273_51' <Predicate = true> <Delay = 0.00>
ST_4 : Operation 145 [1/1] (4.17ns)   --->   "%mul_ln1270_15 = mul i13 %sext_ln1273_51, i13 %sext_ln1273_45" [firmware/nnet_utils/nnet_dense_stream.h:24]   --->   Operation 145 'mul' 'mul_ln1270_15' <Predicate = true> <Delay = 4.17> <CoreInst = "Multiplier">   --->   Core 3 'Multiplier' <Latency = 0> <II = 1> <Delay = 4.17> <FuncUnit> <Opcode : 'mul'> <InPorts = 2> <OutPorts = 1>
ST_4 : Operation 146 [1/1] (0.00ns)   --->   "%rhs_13 = partselect i8 @_ssdm_op_PartSelect.i8.i13.i32.i32, i13 %mul_ln1270_15, i32 5, i32 12" [firmware/nnet_utils/nnet_dense_stream.h:24]   --->   Operation 146 'partselect' 'rhs_13' <Predicate = true> <Delay = 0.00>
ST_4 : Operation 147 [1/1] (0.00ns)   --->   "%sext_ln1273_52 = sext i8 %w_V_14" [firmware/nnet_utils/nnet_dense_stream.h:24]   --->   Operation 147 'sext' 'sext_ln1273_52' <Predicate = true> <Delay = 0.00>
ST_4 : Operation 148 [1/1] (4.17ns)   --->   "%mul_ln1270_16 = mul i13 %sext_ln1273_52, i13 %sext_ln1273_45" [firmware/nnet_utils/nnet_dense_stream.h:24]   --->   Operation 148 'mul' 'mul_ln1270_16' <Predicate = true> <Delay = 4.17> <CoreInst = "Multiplier">   --->   Core 3 'Multiplier' <Latency = 0> <II = 1> <Delay = 4.17> <FuncUnit> <Opcode : 'mul'> <InPorts = 2> <OutPorts = 1>
ST_4 : Operation 149 [1/1] (0.00ns)   --->   "%rhs_14 = partselect i8 @_ssdm_op_PartSelect.i8.i13.i32.i32, i13 %mul_ln1270_16, i32 5, i32 12" [firmware/nnet_utils/nnet_dense_stream.h:24]   --->   Operation 149 'partselect' 'rhs_14' <Predicate = true> <Delay = 0.00>

State 5 <SV = 4> <Delay = 4.98>
ST_5 : Operation 150 [1/1] (0.00ns)   --->   "%acc_V114 = phi i8 0, void %nnet::dense_resource<ap_fixed<8, 2, (ap_q_mode)5, (ap_o_mode)3, 0>, ap_fixed<8, 2, (ap_q_mode)5, (ap_o_mode)3, 0>, config2>.region_begin, i8 %acc_V_101, void %for.body26.split.i.i_ifconv, i8 0, void %nnet::dense_resource<ap_fixed<8, 2, (ap_q_mode)5, (ap_o_mode)3, 0>, ap_fixed<8, 2, (ap_q_mode)5, (ap_o_mode)3, 0>, config2>.region_end"   --->   Operation 150 'phi' 'acc_V114' <Predicate = true> <Delay = 0.00>
ST_5 : Operation 151 [1/1] (0.00ns)   --->   "%acc_V_56112 = phi i8 255, void %nnet::dense_resource<ap_fixed<8, 2, (ap_q_mode)5, (ap_o_mode)3, 0>, ap_fixed<8, 2, (ap_q_mode)5, (ap_o_mode)3, 0>, config2>.region_begin, i8 %acc_V_102, void %for.body26.split.i.i_ifconv, i8 255, void %nnet::dense_resource<ap_fixed<8, 2, (ap_q_mode)5, (ap_o_mode)3, 0>, ap_fixed<8, 2, (ap_q_mode)5, (ap_o_mode)3, 0>, config2>.region_end"   --->   Operation 151 'phi' 'acc_V_56112' <Predicate = true> <Delay = 0.00>
ST_5 : Operation 152 [1/1] (0.00ns)   --->   "%acc_V_57110 = phi i8 255, void %nnet::dense_resource<ap_fixed<8, 2, (ap_q_mode)5, (ap_o_mode)3, 0>, ap_fixed<8, 2, (ap_q_mode)5, (ap_o_mode)3, 0>, config2>.region_begin, i8 %acc_V_103, void %for.body26.split.i.i_ifconv, i8 255, void %nnet::dense_resource<ap_fixed<8, 2, (ap_q_mode)5, (ap_o_mode)3, 0>, ap_fixed<8, 2, (ap_q_mode)5, (ap_o_mode)3, 0>, config2>.region_end"   --->   Operation 152 'phi' 'acc_V_57110' <Predicate = true> <Delay = 0.00>
ST_5 : Operation 153 [1/1] (0.00ns)   --->   "%acc_V_58108 = phi i8 255, void %nnet::dense_resource<ap_fixed<8, 2, (ap_q_mode)5, (ap_o_mode)3, 0>, ap_fixed<8, 2, (ap_q_mode)5, (ap_o_mode)3, 0>, config2>.region_begin, i8 %acc_V_104, void %for.body26.split.i.i_ifconv, i8 255, void %nnet::dense_resource<ap_fixed<8, 2, (ap_q_mode)5, (ap_o_mode)3, 0>, ap_fixed<8, 2, (ap_q_mode)5, (ap_o_mode)3, 0>, config2>.region_end"   --->   Operation 153 'phi' 'acc_V_58108' <Predicate = true> <Delay = 0.00>
ST_5 : Operation 154 [1/1] (0.00ns)   --->   "%acc_V_59106 = phi i8 0, void %nnet::dense_resource<ap_fixed<8, 2, (ap_q_mode)5, (ap_o_mode)3, 0>, ap_fixed<8, 2, (ap_q_mode)5, (ap_o_mode)3, 0>, config2>.region_begin, i8 %acc_V_105, void %for.body26.split.i.i_ifconv, i8 0, void %nnet::dense_resource<ap_fixed<8, 2, (ap_q_mode)5, (ap_o_mode)3, 0>, ap_fixed<8, 2, (ap_q_mode)5, (ap_o_mode)3, 0>, config2>.region_end"   --->   Operation 154 'phi' 'acc_V_59106' <Predicate = true> <Delay = 0.00>
ST_5 : Operation 155 [1/1] (0.00ns)   --->   "%acc_V_60104 = phi i8 0, void %nnet::dense_resource<ap_fixed<8, 2, (ap_q_mode)5, (ap_o_mode)3, 0>, ap_fixed<8, 2, (ap_q_mode)5, (ap_o_mode)3, 0>, config2>.region_begin, i8 %acc_V_106, void %for.body26.split.i.i_ifconv, i8 0, void %nnet::dense_resource<ap_fixed<8, 2, (ap_q_mode)5, (ap_o_mode)3, 0>, ap_fixed<8, 2, (ap_q_mode)5, (ap_o_mode)3, 0>, config2>.region_end"   --->   Operation 155 'phi' 'acc_V_60104' <Predicate = true> <Delay = 0.00>
ST_5 : Operation 156 [1/1] (0.00ns)   --->   "%acc_V_61102 = phi i8 0, void %nnet::dense_resource<ap_fixed<8, 2, (ap_q_mode)5, (ap_o_mode)3, 0>, ap_fixed<8, 2, (ap_q_mode)5, (ap_o_mode)3, 0>, config2>.region_begin, i8 %acc_V_107, void %for.body26.split.i.i_ifconv, i8 0, void %nnet::dense_resource<ap_fixed<8, 2, (ap_q_mode)5, (ap_o_mode)3, 0>, ap_fixed<8, 2, (ap_q_mode)5, (ap_o_mode)3, 0>, config2>.region_end"   --->   Operation 156 'phi' 'acc_V_61102' <Predicate = true> <Delay = 0.00>
ST_5 : Operation 157 [1/1] (0.00ns)   --->   "%acc_V_62100 = phi i8 0, void %nnet::dense_resource<ap_fixed<8, 2, (ap_q_mode)5, (ap_o_mode)3, 0>, ap_fixed<8, 2, (ap_q_mode)5, (ap_o_mode)3, 0>, config2>.region_begin, i8 %acc_V_108, void %for.body26.split.i.i_ifconv, i8 0, void %nnet::dense_resource<ap_fixed<8, 2, (ap_q_mode)5, (ap_o_mode)3, 0>, ap_fixed<8, 2, (ap_q_mode)5, (ap_o_mode)3, 0>, config2>.region_end"   --->   Operation 157 'phi' 'acc_V_62100' <Predicate = true> <Delay = 0.00>
ST_5 : Operation 158 [1/1] (0.00ns)   --->   "%acc_V_6398 = phi i8 255, void %nnet::dense_resource<ap_fixed<8, 2, (ap_q_mode)5, (ap_o_mode)3, 0>, ap_fixed<8, 2, (ap_q_mode)5, (ap_o_mode)3, 0>, config2>.region_begin, i8 %acc_V_109, void %for.body26.split.i.i_ifconv, i8 255, void %nnet::dense_resource<ap_fixed<8, 2, (ap_q_mode)5, (ap_o_mode)3, 0>, ap_fixed<8, 2, (ap_q_mode)5, (ap_o_mode)3, 0>, config2>.region_end"   --->   Operation 158 'phi' 'acc_V_6398' <Predicate = true> <Delay = 0.00>
ST_5 : Operation 159 [1/1] (0.00ns)   --->   "%acc_V_6496 = phi i8 255, void %nnet::dense_resource<ap_fixed<8, 2, (ap_q_mode)5, (ap_o_mode)3, 0>, ap_fixed<8, 2, (ap_q_mode)5, (ap_o_mode)3, 0>, config2>.region_begin, i8 %acc_V_110, void %for.body26.split.i.i_ifconv, i8 255, void %nnet::dense_resource<ap_fixed<8, 2, (ap_q_mode)5, (ap_o_mode)3, 0>, ap_fixed<8, 2, (ap_q_mode)5, (ap_o_mode)3, 0>, config2>.region_end"   --->   Operation 159 'phi' 'acc_V_6496' <Predicate = true> <Delay = 0.00>
ST_5 : Operation 160 [1/1] (0.00ns)   --->   "%acc_V_6594 = phi i8 0, void %nnet::dense_resource<ap_fixed<8, 2, (ap_q_mode)5, (ap_o_mode)3, 0>, ap_fixed<8, 2, (ap_q_mode)5, (ap_o_mode)3, 0>, config2>.region_begin, i8 %acc_V_111, void %for.body26.split.i.i_ifconv, i8 0, void %nnet::dense_resource<ap_fixed<8, 2, (ap_q_mode)5, (ap_o_mode)3, 0>, ap_fixed<8, 2, (ap_q_mode)5, (ap_o_mode)3, 0>, config2>.region_end"   --->   Operation 160 'phi' 'acc_V_6594' <Predicate = true> <Delay = 0.00>
ST_5 : Operation 161 [1/1] (0.00ns)   --->   "%acc_V_6692 = phi i8 255, void %nnet::dense_resource<ap_fixed<8, 2, (ap_q_mode)5, (ap_o_mode)3, 0>, ap_fixed<8, 2, (ap_q_mode)5, (ap_o_mode)3, 0>, config2>.region_begin, i8 %acc_V_112, void %for.body26.split.i.i_ifconv, i8 255, void %nnet::dense_resource<ap_fixed<8, 2, (ap_q_mode)5, (ap_o_mode)3, 0>, ap_fixed<8, 2, (ap_q_mode)5, (ap_o_mode)3, 0>, config2>.region_end"   --->   Operation 161 'phi' 'acc_V_6692' <Predicate = true> <Delay = 0.00>
ST_5 : Operation 162 [1/1] (0.00ns)   --->   "%acc_V_6790 = phi i8 0, void %nnet::dense_resource<ap_fixed<8, 2, (ap_q_mode)5, (ap_o_mode)3, 0>, ap_fixed<8, 2, (ap_q_mode)5, (ap_o_mode)3, 0>, config2>.region_begin, i8 %acc_V_113, void %for.body26.split.i.i_ifconv, i8 0, void %nnet::dense_resource<ap_fixed<8, 2, (ap_q_mode)5, (ap_o_mode)3, 0>, ap_fixed<8, 2, (ap_q_mode)5, (ap_o_mode)3, 0>, config2>.region_end"   --->   Operation 162 'phi' 'acc_V_6790' <Predicate = true> <Delay = 0.00>
ST_5 : Operation 163 [1/1] (0.00ns)   --->   "%acc_V_6888 = phi i8 0, void %nnet::dense_resource<ap_fixed<8, 2, (ap_q_mode)5, (ap_o_mode)3, 0>, ap_fixed<8, 2, (ap_q_mode)5, (ap_o_mode)3, 0>, config2>.region_begin, i8 %acc_V_114, void %for.body26.split.i.i_ifconv, i8 0, void %nnet::dense_resource<ap_fixed<8, 2, (ap_q_mode)5, (ap_o_mode)3, 0>, ap_fixed<8, 2, (ap_q_mode)5, (ap_o_mode)3, 0>, config2>.region_end"   --->   Operation 163 'phi' 'acc_V_6888' <Predicate = true> <Delay = 0.00>
ST_5 : Operation 164 [1/1] (0.00ns)   --->   "%acc_V_6986 = phi i8 0, void %nnet::dense_resource<ap_fixed<8, 2, (ap_q_mode)5, (ap_o_mode)3, 0>, ap_fixed<8, 2, (ap_q_mode)5, (ap_o_mode)3, 0>, config2>.region_begin, i8 %acc_V_115, void %for.body26.split.i.i_ifconv, i8 0, void %nnet::dense_resource<ap_fixed<8, 2, (ap_q_mode)5, (ap_o_mode)3, 0>, ap_fixed<8, 2, (ap_q_mode)5, (ap_o_mode)3, 0>, config2>.region_end"   --->   Operation 164 'phi' 'acc_V_6986' <Predicate = true> <Delay = 0.00>
ST_5 : Operation 165 [1/1] (0.00ns)   --->   "%acc_V_7084 = phi i8 0, void %nnet::dense_resource<ap_fixed<8, 2, (ap_q_mode)5, (ap_o_mode)3, 0>, ap_fixed<8, 2, (ap_q_mode)5, (ap_o_mode)3, 0>, config2>.region_begin, i8 %acc_V_116, void %for.body26.split.i.i_ifconv, i8 0, void %nnet::dense_resource<ap_fixed<8, 2, (ap_q_mode)5, (ap_o_mode)3, 0>, ap_fixed<8, 2, (ap_q_mode)5, (ap_o_mode)3, 0>, config2>.region_end"   --->   Operation 165 'phi' 'acc_V_7084' <Predicate = true> <Delay = 0.00>
ST_5 : Operation 166 [1/1] (0.00ns)   --->   "%acc_V_7182 = phi i8 0, void %nnet::dense_resource<ap_fixed<8, 2, (ap_q_mode)5, (ap_o_mode)3, 0>, ap_fixed<8, 2, (ap_q_mode)5, (ap_o_mode)3, 0>, config2>.region_begin, i8 %acc_V_117, void %for.body26.split.i.i_ifconv, i8 0, void %nnet::dense_resource<ap_fixed<8, 2, (ap_q_mode)5, (ap_o_mode)3, 0>, ap_fixed<8, 2, (ap_q_mode)5, (ap_o_mode)3, 0>, config2>.region_end"   --->   Operation 166 'phi' 'acc_V_7182' <Predicate = true> <Delay = 0.00>
ST_5 : Operation 167 [1/1] (0.00ns)   --->   "%acc_V_7280 = phi i8 255, void %nnet::dense_resource<ap_fixed<8, 2, (ap_q_mode)5, (ap_o_mode)3, 0>, ap_fixed<8, 2, (ap_q_mode)5, (ap_o_mode)3, 0>, config2>.region_begin, i8 %acc_V_118, void %for.body26.split.i.i_ifconv, i8 255, void %nnet::dense_resource<ap_fixed<8, 2, (ap_q_mode)5, (ap_o_mode)3, 0>, ap_fixed<8, 2, (ap_q_mode)5, (ap_o_mode)3, 0>, config2>.region_end"   --->   Operation 167 'phi' 'acc_V_7280' <Predicate = true> <Delay = 0.00>
ST_5 : Operation 168 [1/1] (0.00ns)   --->   "%acc_V_7378 = phi i8 255, void %nnet::dense_resource<ap_fixed<8, 2, (ap_q_mode)5, (ap_o_mode)3, 0>, ap_fixed<8, 2, (ap_q_mode)5, (ap_o_mode)3, 0>, config2>.region_begin, i8 %acc_V_119, void %for.body26.split.i.i_ifconv, i8 255, void %nnet::dense_resource<ap_fixed<8, 2, (ap_q_mode)5, (ap_o_mode)3, 0>, ap_fixed<8, 2, (ap_q_mode)5, (ap_o_mode)3, 0>, config2>.region_end"   --->   Operation 168 'phi' 'acc_V_7378' <Predicate = true> <Delay = 0.00>
ST_5 : Operation 169 [1/1] (0.00ns)   --->   "%acc_V_7476 = phi i8 255, void %nnet::dense_resource<ap_fixed<8, 2, (ap_q_mode)5, (ap_o_mode)3, 0>, ap_fixed<8, 2, (ap_q_mode)5, (ap_o_mode)3, 0>, config2>.region_begin, i8 %acc_V_120, void %for.body26.split.i.i_ifconv, i8 255, void %nnet::dense_resource<ap_fixed<8, 2, (ap_q_mode)5, (ap_o_mode)3, 0>, ap_fixed<8, 2, (ap_q_mode)5, (ap_o_mode)3, 0>, config2>.region_end"   --->   Operation 169 'phi' 'acc_V_7476' <Predicate = true> <Delay = 0.00>
ST_5 : Operation 170 [1/1] (0.00ns)   --->   "%acc_V_7574 = phi i8 255, void %nnet::dense_resource<ap_fixed<8, 2, (ap_q_mode)5, (ap_o_mode)3, 0>, ap_fixed<8, 2, (ap_q_mode)5, (ap_o_mode)3, 0>, config2>.region_begin, i8 %acc_V_121, void %for.body26.split.i.i_ifconv, i8 255, void %nnet::dense_resource<ap_fixed<8, 2, (ap_q_mode)5, (ap_o_mode)3, 0>, ap_fixed<8, 2, (ap_q_mode)5, (ap_o_mode)3, 0>, config2>.region_end"   --->   Operation 170 'phi' 'acc_V_7574' <Predicate = true> <Delay = 0.00>
ST_5 : Operation 171 [1/1] (0.00ns)   --->   "%acc_V_7672 = phi i8 0, void %nnet::dense_resource<ap_fixed<8, 2, (ap_q_mode)5, (ap_o_mode)3, 0>, ap_fixed<8, 2, (ap_q_mode)5, (ap_o_mode)3, 0>, config2>.region_begin, i8 %acc_V_122, void %for.body26.split.i.i_ifconv, i8 0, void %nnet::dense_resource<ap_fixed<8, 2, (ap_q_mode)5, (ap_o_mode)3, 0>, ap_fixed<8, 2, (ap_q_mode)5, (ap_o_mode)3, 0>, config2>.region_end"   --->   Operation 171 'phi' 'acc_V_7672' <Predicate = true> <Delay = 0.00>
ST_5 : Operation 172 [1/1] (0.00ns)   --->   "%acc_V_7770 = phi i8 0, void %nnet::dense_resource<ap_fixed<8, 2, (ap_q_mode)5, (ap_o_mode)3, 0>, ap_fixed<8, 2, (ap_q_mode)5, (ap_o_mode)3, 0>, config2>.region_begin, i8 %acc_V_123, void %for.body26.split.i.i_ifconv, i8 0, void %nnet::dense_resource<ap_fixed<8, 2, (ap_q_mode)5, (ap_o_mode)3, 0>, ap_fixed<8, 2, (ap_q_mode)5, (ap_o_mode)3, 0>, config2>.region_end"   --->   Operation 172 'phi' 'acc_V_7770' <Predicate = true> <Delay = 0.00>
ST_5 : Operation 173 [1/1] (0.00ns)   --->   "%acc_V_7868 = phi i8 255, void %nnet::dense_resource<ap_fixed<8, 2, (ap_q_mode)5, (ap_o_mode)3, 0>, ap_fixed<8, 2, (ap_q_mode)5, (ap_o_mode)3, 0>, config2>.region_begin, i8 %acc_V_124, void %for.body26.split.i.i_ifconv, i8 255, void %nnet::dense_resource<ap_fixed<8, 2, (ap_q_mode)5, (ap_o_mode)3, 0>, ap_fixed<8, 2, (ap_q_mode)5, (ap_o_mode)3, 0>, config2>.region_end"   --->   Operation 173 'phi' 'acc_V_7868' <Predicate = true> <Delay = 0.00>
ST_5 : Operation 174 [1/1] (0.00ns)   --->   "%acc_V_7966 = phi i8 0, void %nnet::dense_resource<ap_fixed<8, 2, (ap_q_mode)5, (ap_o_mode)3, 0>, ap_fixed<8, 2, (ap_q_mode)5, (ap_o_mode)3, 0>, config2>.region_begin, i8 %acc_V_125, void %for.body26.split.i.i_ifconv, i8 0, void %nnet::dense_resource<ap_fixed<8, 2, (ap_q_mode)5, (ap_o_mode)3, 0>, ap_fixed<8, 2, (ap_q_mode)5, (ap_o_mode)3, 0>, config2>.region_end"   --->   Operation 174 'phi' 'acc_V_7966' <Predicate = true> <Delay = 0.00>
ST_5 : Operation 175 [1/1] (0.00ns)   --->   "%acc_V_8064 = phi i8 0, void %nnet::dense_resource<ap_fixed<8, 2, (ap_q_mode)5, (ap_o_mode)3, 0>, ap_fixed<8, 2, (ap_q_mode)5, (ap_o_mode)3, 0>, config2>.region_begin, i8 %acc_V_126, void %for.body26.split.i.i_ifconv, i8 0, void %nnet::dense_resource<ap_fixed<8, 2, (ap_q_mode)5, (ap_o_mode)3, 0>, ap_fixed<8, 2, (ap_q_mode)5, (ap_o_mode)3, 0>, config2>.region_end"   --->   Operation 175 'phi' 'acc_V_8064' <Predicate = true> <Delay = 0.00>
ST_5 : Operation 176 [1/1] (0.00ns)   --->   "%acc_V_8162 = phi i8 255, void %nnet::dense_resource<ap_fixed<8, 2, (ap_q_mode)5, (ap_o_mode)3, 0>, ap_fixed<8, 2, (ap_q_mode)5, (ap_o_mode)3, 0>, config2>.region_begin, i8 %acc_V_127, void %for.body26.split.i.i_ifconv, i8 255, void %nnet::dense_resource<ap_fixed<8, 2, (ap_q_mode)5, (ap_o_mode)3, 0>, ap_fixed<8, 2, (ap_q_mode)5, (ap_o_mode)3, 0>, config2>.region_end"   --->   Operation 176 'phi' 'acc_V_8162' <Predicate = true> <Delay = 0.00>
ST_5 : Operation 177 [1/1] (0.00ns)   --->   "%acc_V_8260 = phi i8 255, void %nnet::dense_resource<ap_fixed<8, 2, (ap_q_mode)5, (ap_o_mode)3, 0>, ap_fixed<8, 2, (ap_q_mode)5, (ap_o_mode)3, 0>, config2>.region_begin, i8 %acc_V_128, void %for.body26.split.i.i_ifconv, i8 255, void %nnet::dense_resource<ap_fixed<8, 2, (ap_q_mode)5, (ap_o_mode)3, 0>, ap_fixed<8, 2, (ap_q_mode)5, (ap_o_mode)3, 0>, config2>.region_end"   --->   Operation 177 'phi' 'acc_V_8260' <Predicate = true> <Delay = 0.00>
ST_5 : Operation 178 [1/1] (0.00ns)   --->   "%acc_V_8358 = phi i8 0, void %nnet::dense_resource<ap_fixed<8, 2, (ap_q_mode)5, (ap_o_mode)3, 0>, ap_fixed<8, 2, (ap_q_mode)5, (ap_o_mode)3, 0>, config2>.region_begin, i8 %acc_V_129, void %for.body26.split.i.i_ifconv, i8 0, void %nnet::dense_resource<ap_fixed<8, 2, (ap_q_mode)5, (ap_o_mode)3, 0>, ap_fixed<8, 2, (ap_q_mode)5, (ap_o_mode)3, 0>, config2>.region_end"   --->   Operation 178 'phi' 'acc_V_8358' <Predicate = true> <Delay = 0.00>
ST_5 : Operation 179 [1/1] (0.00ns)   --->   "%acc_V_8456 = phi i8 0, void %nnet::dense_resource<ap_fixed<8, 2, (ap_q_mode)5, (ap_o_mode)3, 0>, ap_fixed<8, 2, (ap_q_mode)5, (ap_o_mode)3, 0>, config2>.region_begin, i8 %acc_V_130, void %for.body26.split.i.i_ifconv, i8 0, void %nnet::dense_resource<ap_fixed<8, 2, (ap_q_mode)5, (ap_o_mode)3, 0>, ap_fixed<8, 2, (ap_q_mode)5, (ap_o_mode)3, 0>, config2>.region_end"   --->   Operation 179 'phi' 'acc_V_8456' <Predicate = true> <Delay = 0.00>
ST_5 : Operation 180 [1/1] (0.00ns)   --->   "%acc_V_8554 = phi i8 255, void %nnet::dense_resource<ap_fixed<8, 2, (ap_q_mode)5, (ap_o_mode)3, 0>, ap_fixed<8, 2, (ap_q_mode)5, (ap_o_mode)3, 0>, config2>.region_begin, i8 %acc_V_131, void %for.body26.split.i.i_ifconv, i8 255, void %nnet::dense_resource<ap_fixed<8, 2, (ap_q_mode)5, (ap_o_mode)3, 0>, ap_fixed<8, 2, (ap_q_mode)5, (ap_o_mode)3, 0>, config2>.region_end"   --->   Operation 180 'phi' 'acc_V_8554' <Predicate = true> <Delay = 0.00>
ST_5 : Operation 181 [1/1] (0.00ns)   --->   "%acc_V_8652 = phi i8 0, void %nnet::dense_resource<ap_fixed<8, 2, (ap_q_mode)5, (ap_o_mode)3, 0>, ap_fixed<8, 2, (ap_q_mode)5, (ap_o_mode)3, 0>, config2>.region_begin, i8 %acc_V_132, void %for.body26.split.i.i_ifconv, i8 0, void %nnet::dense_resource<ap_fixed<8, 2, (ap_q_mode)5, (ap_o_mode)3, 0>, ap_fixed<8, 2, (ap_q_mode)5, (ap_o_mode)3, 0>, config2>.region_end"   --->   Operation 181 'phi' 'acc_V_8652' <Predicate = true> <Delay = 0.00>
ST_5 : Operation 182 [1/1] (1.82ns)   --->   "%lhs = mux i8 @_ssdm_op_Mux.ap_auto.4i8.i2, i8 %acc_V114, i8 %acc_V_56112, i8 %acc_V_57110, i8 %acc_V_58108, i2 %out_index" [firmware/nnet_utils/nnet_dense_stream.h:24]   --->   Operation 182 'mux' 'lhs' <Predicate = true> <Delay = 1.82> <CoreInst = "Multiplexer">   --->   Core 76 'Multiplexer' <Latency = 0> <II = 1> <Delay = 1.82> <FuncUnit> <Opcode : 'mux'> <InPorts = 2> <OutPorts = 1>
ST_5 : Operation 183 [1/1] (0.00ns)   --->   "%sext_ln813 = sext i8 %lhs" [firmware/nnet_utils/nnet_dense_stream.h:24]   --->   Operation 183 'sext' 'sext_ln813' <Predicate = true> <Delay = 0.00>
ST_5 : Operation 184 [1/1] (1.91ns)   --->   "%sub_ln1420 = sub i9 0, i9 %sext_ln813" [firmware/nnet_utils/nnet_dense_stream.h:24]   --->   Operation 184 'sub' 'sub_ln1420' <Predicate = true> <Delay = 1.91> <CoreInst = "Adder">   --->   Core 1 'Adder' <Latency = 0> <II = 1> <Delay = 1.91> <FuncUnit> <Opcode : 'add' 'sub'> <InPorts = 2> <OutPorts = 1>
ST_5 : Operation 185 [1/1] (0.95ns)   --->   "%icmp_ln808 = icmp_eq  i2 %out_index, i2 3" [firmware/nnet_utils/nnet_dense_stream.h:24]   --->   Operation 185 'icmp' 'icmp_ln808' <Predicate = true> <Delay = 0.95> <CoreInst = "Cmp">   --->   Core 9 'Cmp' <Latency = 0> <II = 1> <Delay = 0.95> <FuncUnit> <Opcode : 'icmp'> <InPorts = 2> <OutPorts = 1>
ST_5 : Operation 186 [1/1] (0.95ns)   --->   "%icmp_ln808_1 = icmp_eq  i2 %out_index, i2 2" [firmware/nnet_utils/nnet_dense_stream.h:24]   --->   Operation 186 'icmp' 'icmp_ln808_1' <Predicate = true> <Delay = 0.95> <CoreInst = "Cmp">   --->   Core 9 'Cmp' <Latency = 0> <II = 1> <Delay = 0.95> <FuncUnit> <Opcode : 'icmp'> <InPorts = 2> <OutPorts = 1>
ST_5 : Operation 187 [1/1] (0.95ns)   --->   "%icmp_ln808_2 = icmp_eq  i2 %out_index, i2 1" [firmware/nnet_utils/nnet_dense_stream.h:24]   --->   Operation 187 'icmp' 'icmp_ln808_2' <Predicate = true> <Delay = 0.95> <CoreInst = "Cmp">   --->   Core 9 'Cmp' <Latency = 0> <II = 1> <Delay = 0.95> <FuncUnit> <Opcode : 'icmp'> <InPorts = 2> <OutPorts = 1>
ST_5 : Operation 188 [1/1] (0.97ns)   --->   "%or_ln808_1 = or i1 %icmp_ln808_2, i1 %icmp_ln808_1" [firmware/nnet_utils/nnet_dense_stream.h:24]   --->   Operation 188 'or' 'or_ln808_1' <Predicate = true> <Delay = 0.97> <CoreInst = "LogicGate">   --->   Core 74 'LogicGate' <Latency = 0> <II = 1> <Delay = 0.97> <FuncUnit> <Opcode : 'and' 'or' 'xor'> <InPorts = 2> <OutPorts = 1>
ST_5 : Operation 189 [1/1] (1.91ns)   --->   "%acc_V_87 = add i8 %rhs, i8 %lhs" [firmware/nnet_utils/nnet_dense_stream.h:24]   --->   Operation 189 'add' 'acc_V_87' <Predicate = true> <Delay = 1.91> <CoreInst = "Adder">   --->   Core 1 'Adder' <Latency = 0> <II = 1> <Delay = 1.91> <FuncUnit> <Opcode : 'add' 'sub'> <InPorts = 2> <OutPorts = 1>
ST_5 : Operation 190 [1/1] (1.24ns)   --->   "%acc_V_104 = select i1 %icmp_ln808, i8 %acc_V_87, i8 %acc_V_58108" [firmware/nnet_utils/nnet_dense_stream.h:24]   --->   Operation 190 'select' 'acc_V_104' <Predicate = true> <Delay = 1.24> <CoreInst = "Sel">   --->   Core 73 'Sel' <Latency = 0> <II = 1> <Delay = 1.24> <FuncUnit> <Opcode : 'select'> <InPorts = 3> <OutPorts = 1>
ST_5 : Operation 191 [1/1] (1.24ns)   --->   "%acc_V_103 = select i1 %icmp_ln808_1, i8 %acc_V_87, i8 %acc_V_57110" [firmware/nnet_utils/nnet_dense_stream.h:24]   --->   Operation 191 'select' 'acc_V_103' <Predicate = true> <Delay = 1.24> <CoreInst = "Sel">   --->   Core 73 'Sel' <Latency = 0> <II = 1> <Delay = 1.24> <FuncUnit> <Opcode : 'select'> <InPorts = 3> <OutPorts = 1>
ST_5 : Operation 192 [1/1] (1.24ns)   --->   "%acc_V_102 = select i1 %icmp_ln808_2, i8 %acc_V_87, i8 %acc_V_56112" [firmware/nnet_utils/nnet_dense_stream.h:24]   --->   Operation 192 'select' 'acc_V_102' <Predicate = true> <Delay = 1.24> <CoreInst = "Sel">   --->   Core 73 'Sel' <Latency = 0> <II = 1> <Delay = 1.24> <FuncUnit> <Opcode : 'select'> <InPorts = 3> <OutPorts = 1>
ST_5 : Operation 193 [1/1] (0.97ns)   --->   "%or_ln813 = or i1 %or_ln808_1, i1 %icmp_ln808" [firmware/nnet_utils/nnet_dense_stream.h:24]   --->   Operation 193 'or' 'or_ln813' <Predicate = true> <Delay = 0.97> <CoreInst = "LogicGate">   --->   Core 74 'LogicGate' <Latency = 0> <II = 1> <Delay = 0.97> <FuncUnit> <Opcode : 'and' 'or' 'xor'> <InPorts = 2> <OutPorts = 1>
ST_5 : Operation 194 [1/1] (1.82ns)   --->   "%lhs_8 = mux i8 @_ssdm_op_Mux.ap_auto.4i8.i2, i8 %acc_V_59106, i8 %acc_V_60104, i8 %acc_V_61102, i8 %acc_V_62100, i2 %out_index" [firmware/nnet_utils/nnet_dense_stream.h:24]   --->   Operation 194 'mux' 'lhs_8' <Predicate = true> <Delay = 1.82> <CoreInst = "Multiplexer">   --->   Core 76 'Multiplexer' <Latency = 0> <II = 1> <Delay = 1.82> <FuncUnit> <Opcode : 'mux'> <InPorts = 2> <OutPorts = 1>
ST_5 : Operation 195 [1/1] (0.00ns)   --->   "%sext_ln813_18 = sext i8 %lhs_8" [firmware/nnet_utils/nnet_dense_stream.h:24]   --->   Operation 195 'sext' 'sext_ln813_18' <Predicate = true> <Delay = 0.00>
ST_5 : Operation 196 [1/1] (1.91ns)   --->   "%sub_ln1420_8 = sub i9 0, i9 %sext_ln813_18" [firmware/nnet_utils/nnet_dense_stream.h:24]   --->   Operation 196 'sub' 'sub_ln1420_8' <Predicate = true> <Delay = 1.91> <CoreInst = "Adder">   --->   Core 1 'Adder' <Latency = 0> <II = 1> <Delay = 1.91> <FuncUnit> <Opcode : 'add' 'sub'> <InPorts = 2> <OutPorts = 1>
ST_5 : Operation 197 [1/1] (1.91ns)   --->   "%acc_V_88 = add i8 %rhs_8, i8 %lhs_8" [firmware/nnet_utils/nnet_dense_stream.h:24]   --->   Operation 197 'add' 'acc_V_88' <Predicate = true> <Delay = 1.91> <CoreInst = "Adder">   --->   Core 1 'Adder' <Latency = 0> <II = 1> <Delay = 1.91> <FuncUnit> <Opcode : 'add' 'sub'> <InPorts = 2> <OutPorts = 1>
ST_5 : Operation 198 [1/1] (1.24ns)   --->   "%acc_V_108 = select i1 %icmp_ln808, i8 %acc_V_88, i8 %acc_V_62100" [firmware/nnet_utils/nnet_dense_stream.h:24]   --->   Operation 198 'select' 'acc_V_108' <Predicate = true> <Delay = 1.24> <CoreInst = "Sel">   --->   Core 73 'Sel' <Latency = 0> <II = 1> <Delay = 1.24> <FuncUnit> <Opcode : 'select'> <InPorts = 3> <OutPorts = 1>
ST_5 : Operation 199 [1/1] (1.24ns)   --->   "%acc_V_107 = select i1 %icmp_ln808_1, i8 %acc_V_88, i8 %acc_V_61102" [firmware/nnet_utils/nnet_dense_stream.h:24]   --->   Operation 199 'select' 'acc_V_107' <Predicate = true> <Delay = 1.24> <CoreInst = "Sel">   --->   Core 73 'Sel' <Latency = 0> <II = 1> <Delay = 1.24> <FuncUnit> <Opcode : 'select'> <InPorts = 3> <OutPorts = 1>
ST_5 : Operation 200 [1/1] (1.24ns)   --->   "%acc_V_106 = select i1 %icmp_ln808_2, i8 %acc_V_88, i8 %acc_V_60104" [firmware/nnet_utils/nnet_dense_stream.h:24]   --->   Operation 200 'select' 'acc_V_106' <Predicate = true> <Delay = 1.24> <CoreInst = "Sel">   --->   Core 73 'Sel' <Latency = 0> <II = 1> <Delay = 1.24> <FuncUnit> <Opcode : 'select'> <InPorts = 3> <OutPorts = 1>
ST_5 : Operation 201 [1/1] (1.82ns)   --->   "%lhs_9 = mux i8 @_ssdm_op_Mux.ap_auto.4i8.i2, i8 %acc_V_6398, i8 %acc_V_6496, i8 %acc_V_6594, i8 %acc_V_6692, i2 %out_index" [firmware/nnet_utils/nnet_dense_stream.h:24]   --->   Operation 201 'mux' 'lhs_9' <Predicate = true> <Delay = 1.82> <CoreInst = "Multiplexer">   --->   Core 76 'Multiplexer' <Latency = 0> <II = 1> <Delay = 1.82> <FuncUnit> <Opcode : 'mux'> <InPorts = 2> <OutPorts = 1>
ST_5 : Operation 202 [1/1] (0.00ns)   --->   "%sext_ln813_20 = sext i8 %lhs_9" [firmware/nnet_utils/nnet_dense_stream.h:24]   --->   Operation 202 'sext' 'sext_ln813_20' <Predicate = true> <Delay = 0.00>
ST_5 : Operation 203 [1/1] (1.91ns)   --->   "%sub_ln1420_9 = sub i9 0, i9 %sext_ln813_20" [firmware/nnet_utils/nnet_dense_stream.h:24]   --->   Operation 203 'sub' 'sub_ln1420_9' <Predicate = true> <Delay = 1.91> <CoreInst = "Adder">   --->   Core 1 'Adder' <Latency = 0> <II = 1> <Delay = 1.91> <FuncUnit> <Opcode : 'add' 'sub'> <InPorts = 2> <OutPorts = 1>
ST_5 : Operation 204 [1/1] (1.91ns)   --->   "%acc_V_90 = add i8 %rhs_9, i8 %lhs_9" [firmware/nnet_utils/nnet_dense_stream.h:24]   --->   Operation 204 'add' 'acc_V_90' <Predicate = true> <Delay = 1.91> <CoreInst = "Adder">   --->   Core 1 'Adder' <Latency = 0> <II = 1> <Delay = 1.91> <FuncUnit> <Opcode : 'add' 'sub'> <InPorts = 2> <OutPorts = 1>
ST_5 : Operation 205 [1/1] (1.24ns)   --->   "%acc_V_112 = select i1 %icmp_ln808, i8 %acc_V_90, i8 %acc_V_6692" [firmware/nnet_utils/nnet_dense_stream.h:24]   --->   Operation 205 'select' 'acc_V_112' <Predicate = true> <Delay = 1.24> <CoreInst = "Sel">   --->   Core 73 'Sel' <Latency = 0> <II = 1> <Delay = 1.24> <FuncUnit> <Opcode : 'select'> <InPorts = 3> <OutPorts = 1>
ST_5 : Operation 206 [1/1] (1.24ns)   --->   "%acc_V_111 = select i1 %icmp_ln808_1, i8 %acc_V_90, i8 %acc_V_6594" [firmware/nnet_utils/nnet_dense_stream.h:24]   --->   Operation 206 'select' 'acc_V_111' <Predicate = true> <Delay = 1.24> <CoreInst = "Sel">   --->   Core 73 'Sel' <Latency = 0> <II = 1> <Delay = 1.24> <FuncUnit> <Opcode : 'select'> <InPorts = 3> <OutPorts = 1>
ST_5 : Operation 207 [1/1] (1.24ns)   --->   "%acc_V_110 = select i1 %icmp_ln808_2, i8 %acc_V_90, i8 %acc_V_6496" [firmware/nnet_utils/nnet_dense_stream.h:24]   --->   Operation 207 'select' 'acc_V_110' <Predicate = true> <Delay = 1.24> <CoreInst = "Sel">   --->   Core 73 'Sel' <Latency = 0> <II = 1> <Delay = 1.24> <FuncUnit> <Opcode : 'select'> <InPorts = 3> <OutPorts = 1>
ST_5 : Operation 208 [1/1] (1.82ns)   --->   "%lhs_10 = mux i8 @_ssdm_op_Mux.ap_auto.4i8.i2, i8 %acc_V_6790, i8 %acc_V_6888, i8 %acc_V_6986, i8 %acc_V_7084, i2 %out_index" [firmware/nnet_utils/nnet_dense_stream.h:24]   --->   Operation 208 'mux' 'lhs_10' <Predicate = true> <Delay = 1.82> <CoreInst = "Multiplexer">   --->   Core 76 'Multiplexer' <Latency = 0> <II = 1> <Delay = 1.82> <FuncUnit> <Opcode : 'mux'> <InPorts = 2> <OutPorts = 1>
ST_5 : Operation 209 [1/1] (0.00ns)   --->   "%sext_ln813_22 = sext i8 %lhs_10" [firmware/nnet_utils/nnet_dense_stream.h:24]   --->   Operation 209 'sext' 'sext_ln813_22' <Predicate = true> <Delay = 0.00>
ST_5 : Operation 210 [1/1] (1.91ns)   --->   "%sub_ln1420_10 = sub i9 0, i9 %sext_ln813_22" [firmware/nnet_utils/nnet_dense_stream.h:24]   --->   Operation 210 'sub' 'sub_ln1420_10' <Predicate = true> <Delay = 1.91> <CoreInst = "Adder">   --->   Core 1 'Adder' <Latency = 0> <II = 1> <Delay = 1.91> <FuncUnit> <Opcode : 'add' 'sub'> <InPorts = 2> <OutPorts = 1>
ST_5 : Operation 211 [1/1] (1.91ns)   --->   "%acc_V_92 = add i8 %rhs_10, i8 %lhs_10" [firmware/nnet_utils/nnet_dense_stream.h:24]   --->   Operation 211 'add' 'acc_V_92' <Predicate = true> <Delay = 1.91> <CoreInst = "Adder">   --->   Core 1 'Adder' <Latency = 0> <II = 1> <Delay = 1.91> <FuncUnit> <Opcode : 'add' 'sub'> <InPorts = 2> <OutPorts = 1>
ST_5 : Operation 212 [1/1] (1.24ns)   --->   "%acc_V_116 = select i1 %icmp_ln808, i8 %acc_V_92, i8 %acc_V_7084" [firmware/nnet_utils/nnet_dense_stream.h:24]   --->   Operation 212 'select' 'acc_V_116' <Predicate = true> <Delay = 1.24> <CoreInst = "Sel">   --->   Core 73 'Sel' <Latency = 0> <II = 1> <Delay = 1.24> <FuncUnit> <Opcode : 'select'> <InPorts = 3> <OutPorts = 1>
ST_5 : Operation 213 [1/1] (1.24ns)   --->   "%acc_V_115 = select i1 %icmp_ln808_1, i8 %acc_V_92, i8 %acc_V_6986" [firmware/nnet_utils/nnet_dense_stream.h:24]   --->   Operation 213 'select' 'acc_V_115' <Predicate = true> <Delay = 1.24> <CoreInst = "Sel">   --->   Core 73 'Sel' <Latency = 0> <II = 1> <Delay = 1.24> <FuncUnit> <Opcode : 'select'> <InPorts = 3> <OutPorts = 1>
ST_5 : Operation 214 [1/1] (1.24ns)   --->   "%acc_V_114 = select i1 %icmp_ln808_2, i8 %acc_V_92, i8 %acc_V_6888" [firmware/nnet_utils/nnet_dense_stream.h:24]   --->   Operation 214 'select' 'acc_V_114' <Predicate = true> <Delay = 1.24> <CoreInst = "Sel">   --->   Core 73 'Sel' <Latency = 0> <II = 1> <Delay = 1.24> <FuncUnit> <Opcode : 'select'> <InPorts = 3> <OutPorts = 1>
ST_5 : Operation 215 [1/1] (1.82ns)   --->   "%lhs_11 = mux i8 @_ssdm_op_Mux.ap_auto.4i8.i2, i8 %acc_V_7182, i8 %acc_V_7280, i8 %acc_V_7378, i8 %acc_V_7476, i2 %out_index" [firmware/nnet_utils/nnet_dense_stream.h:24]   --->   Operation 215 'mux' 'lhs_11' <Predicate = true> <Delay = 1.82> <CoreInst = "Multiplexer">   --->   Core 76 'Multiplexer' <Latency = 0> <II = 1> <Delay = 1.82> <FuncUnit> <Opcode : 'mux'> <InPorts = 2> <OutPorts = 1>
ST_5 : Operation 216 [1/1] (0.00ns)   --->   "%sext_ln813_24 = sext i8 %lhs_11" [firmware/nnet_utils/nnet_dense_stream.h:24]   --->   Operation 216 'sext' 'sext_ln813_24' <Predicate = true> <Delay = 0.00>
ST_5 : Operation 217 [1/1] (1.91ns)   --->   "%sub_ln1420_11 = sub i9 0, i9 %sext_ln813_24" [firmware/nnet_utils/nnet_dense_stream.h:24]   --->   Operation 217 'sub' 'sub_ln1420_11' <Predicate = true> <Delay = 1.91> <CoreInst = "Adder">   --->   Core 1 'Adder' <Latency = 0> <II = 1> <Delay = 1.91> <FuncUnit> <Opcode : 'add' 'sub'> <InPorts = 2> <OutPorts = 1>
ST_5 : Operation 218 [1/1] (0.97ns)   --->   "%or_ln808_10 = or i1 %icmp_ln808_2, i1 %icmp_ln808" [firmware/nnet_utils/nnet_dense_stream.h:24]   --->   Operation 218 'or' 'or_ln808_10' <Predicate = true> <Delay = 0.97> <CoreInst = "LogicGate">   --->   Core 74 'LogicGate' <Latency = 0> <II = 1> <Delay = 0.97> <FuncUnit> <Opcode : 'and' 'or' 'xor'> <InPorts = 2> <OutPorts = 1>
ST_5 : Operation 219 [1/1] (1.91ns)   --->   "%acc_V_94 = add i8 %rhs_11, i8 %lhs_11" [firmware/nnet_utils/nnet_dense_stream.h:24]   --->   Operation 219 'add' 'acc_V_94' <Predicate = true> <Delay = 1.91> <CoreInst = "Adder">   --->   Core 1 'Adder' <Latency = 0> <II = 1> <Delay = 1.91> <FuncUnit> <Opcode : 'add' 'sub'> <InPorts = 2> <OutPorts = 1>
ST_5 : Operation 220 [1/1] (1.24ns)   --->   "%acc_V_120 = select i1 %icmp_ln808, i8 %acc_V_94, i8 %acc_V_7476" [firmware/nnet_utils/nnet_dense_stream.h:24]   --->   Operation 220 'select' 'acc_V_120' <Predicate = true> <Delay = 1.24> <CoreInst = "Sel">   --->   Core 73 'Sel' <Latency = 0> <II = 1> <Delay = 1.24> <FuncUnit> <Opcode : 'select'> <InPorts = 3> <OutPorts = 1>
ST_5 : Operation 221 [1/1] (1.24ns)   --->   "%acc_V_119 = select i1 %icmp_ln808_1, i8 %acc_V_94, i8 %acc_V_7378" [firmware/nnet_utils/nnet_dense_stream.h:24]   --->   Operation 221 'select' 'acc_V_119' <Predicate = true> <Delay = 1.24> <CoreInst = "Sel">   --->   Core 73 'Sel' <Latency = 0> <II = 1> <Delay = 1.24> <FuncUnit> <Opcode : 'select'> <InPorts = 3> <OutPorts = 1>
ST_5 : Operation 222 [1/1] (1.24ns)   --->   "%acc_V_118 = select i1 %icmp_ln808_2, i8 %acc_V_94, i8 %acc_V_7280" [firmware/nnet_utils/nnet_dense_stream.h:24]   --->   Operation 222 'select' 'acc_V_118' <Predicate = true> <Delay = 1.24> <CoreInst = "Sel">   --->   Core 73 'Sel' <Latency = 0> <II = 1> <Delay = 1.24> <FuncUnit> <Opcode : 'select'> <InPorts = 3> <OutPorts = 1>
ST_5 : Operation 223 [1/1] (0.97ns)   --->   "%or_ln813_1 = or i1 %or_ln808_10, i1 %icmp_ln808_1" [firmware/nnet_utils/nnet_dense_stream.h:24]   --->   Operation 223 'or' 'or_ln813_1' <Predicate = true> <Delay = 0.97> <CoreInst = "LogicGate">   --->   Core 74 'LogicGate' <Latency = 0> <II = 1> <Delay = 0.97> <FuncUnit> <Opcode : 'and' 'or' 'xor'> <InPorts = 2> <OutPorts = 1>
ST_5 : Operation 224 [1/1] (1.82ns)   --->   "%lhs_12 = mux i8 @_ssdm_op_Mux.ap_auto.4i8.i2, i8 %acc_V_7574, i8 %acc_V_7672, i8 %acc_V_7770, i8 %acc_V_7868, i2 %out_index" [firmware/nnet_utils/nnet_dense_stream.h:24]   --->   Operation 224 'mux' 'lhs_12' <Predicate = true> <Delay = 1.82> <CoreInst = "Multiplexer">   --->   Core 76 'Multiplexer' <Latency = 0> <II = 1> <Delay = 1.82> <FuncUnit> <Opcode : 'mux'> <InPorts = 2> <OutPorts = 1>
ST_5 : Operation 225 [1/1] (0.00ns)   --->   "%sext_ln813_26 = sext i8 %lhs_12" [firmware/nnet_utils/nnet_dense_stream.h:24]   --->   Operation 225 'sext' 'sext_ln813_26' <Predicate = true> <Delay = 0.00>
ST_5 : Operation 226 [1/1] (1.91ns)   --->   "%sub_ln1420_12 = sub i9 0, i9 %sext_ln813_26" [firmware/nnet_utils/nnet_dense_stream.h:24]   --->   Operation 226 'sub' 'sub_ln1420_12' <Predicate = true> <Delay = 1.91> <CoreInst = "Adder">   --->   Core 1 'Adder' <Latency = 0> <II = 1> <Delay = 1.91> <FuncUnit> <Opcode : 'add' 'sub'> <InPorts = 2> <OutPorts = 1>
ST_5 : Operation 227 [1/1] (1.91ns)   --->   "%acc_V_96 = add i8 %rhs_12, i8 %lhs_12" [firmware/nnet_utils/nnet_dense_stream.h:24]   --->   Operation 227 'add' 'acc_V_96' <Predicate = true> <Delay = 1.91> <CoreInst = "Adder">   --->   Core 1 'Adder' <Latency = 0> <II = 1> <Delay = 1.91> <FuncUnit> <Opcode : 'add' 'sub'> <InPorts = 2> <OutPorts = 1>
ST_5 : Operation 228 [1/1] (1.24ns)   --->   "%acc_V_124 = select i1 %icmp_ln808, i8 %acc_V_96, i8 %acc_V_7868" [firmware/nnet_utils/nnet_dense_stream.h:24]   --->   Operation 228 'select' 'acc_V_124' <Predicate = true> <Delay = 1.24> <CoreInst = "Sel">   --->   Core 73 'Sel' <Latency = 0> <II = 1> <Delay = 1.24> <FuncUnit> <Opcode : 'select'> <InPorts = 3> <OutPorts = 1>
ST_5 : Operation 229 [1/1] (1.24ns)   --->   "%acc_V_123 = select i1 %icmp_ln808_1, i8 %acc_V_96, i8 %acc_V_7770" [firmware/nnet_utils/nnet_dense_stream.h:24]   --->   Operation 229 'select' 'acc_V_123' <Predicate = true> <Delay = 1.24> <CoreInst = "Sel">   --->   Core 73 'Sel' <Latency = 0> <II = 1> <Delay = 1.24> <FuncUnit> <Opcode : 'select'> <InPorts = 3> <OutPorts = 1>
ST_5 : Operation 230 [1/1] (1.24ns)   --->   "%acc_V_122 = select i1 %icmp_ln808_2, i8 %acc_V_96, i8 %acc_V_7672" [firmware/nnet_utils/nnet_dense_stream.h:24]   --->   Operation 230 'select' 'acc_V_122' <Predicate = true> <Delay = 1.24> <CoreInst = "Sel">   --->   Core 73 'Sel' <Latency = 0> <II = 1> <Delay = 1.24> <FuncUnit> <Opcode : 'select'> <InPorts = 3> <OutPorts = 1>
ST_5 : Operation 231 [1/1] (1.82ns)   --->   "%lhs_13 = mux i8 @_ssdm_op_Mux.ap_auto.4i8.i2, i8 %acc_V_7966, i8 %acc_V_8064, i8 %acc_V_8162, i8 %acc_V_8260, i2 %out_index" [firmware/nnet_utils/nnet_dense_stream.h:24]   --->   Operation 231 'mux' 'lhs_13' <Predicate = true> <Delay = 1.82> <CoreInst = "Multiplexer">   --->   Core 76 'Multiplexer' <Latency = 0> <II = 1> <Delay = 1.82> <FuncUnit> <Opcode : 'mux'> <InPorts = 2> <OutPorts = 1>
ST_5 : Operation 232 [1/1] (0.00ns)   --->   "%sext_ln813_28 = sext i8 %lhs_13" [firmware/nnet_utils/nnet_dense_stream.h:24]   --->   Operation 232 'sext' 'sext_ln813_28' <Predicate = true> <Delay = 0.00>
ST_5 : Operation 233 [1/1] (1.91ns)   --->   "%sub_ln1420_13 = sub i9 0, i9 %sext_ln813_28" [firmware/nnet_utils/nnet_dense_stream.h:24]   --->   Operation 233 'sub' 'sub_ln1420_13' <Predicate = true> <Delay = 1.91> <CoreInst = "Adder">   --->   Core 1 'Adder' <Latency = 0> <II = 1> <Delay = 1.91> <FuncUnit> <Opcode : 'add' 'sub'> <InPorts = 2> <OutPorts = 1>
ST_5 : Operation 234 [1/1] (1.91ns)   --->   "%acc_V_98 = add i8 %rhs_13, i8 %lhs_13" [firmware/nnet_utils/nnet_dense_stream.h:24]   --->   Operation 234 'add' 'acc_V_98' <Predicate = true> <Delay = 1.91> <CoreInst = "Adder">   --->   Core 1 'Adder' <Latency = 0> <II = 1> <Delay = 1.91> <FuncUnit> <Opcode : 'add' 'sub'> <InPorts = 2> <OutPorts = 1>
ST_5 : Operation 235 [1/1] (1.24ns)   --->   "%acc_V_128 = select i1 %icmp_ln808, i8 %acc_V_98, i8 %acc_V_8260" [firmware/nnet_utils/nnet_dense_stream.h:24]   --->   Operation 235 'select' 'acc_V_128' <Predicate = true> <Delay = 1.24> <CoreInst = "Sel">   --->   Core 73 'Sel' <Latency = 0> <II = 1> <Delay = 1.24> <FuncUnit> <Opcode : 'select'> <InPorts = 3> <OutPorts = 1>
ST_5 : Operation 236 [1/1] (1.24ns)   --->   "%acc_V_127 = select i1 %icmp_ln808_1, i8 %acc_V_98, i8 %acc_V_8162" [firmware/nnet_utils/nnet_dense_stream.h:24]   --->   Operation 236 'select' 'acc_V_127' <Predicate = true> <Delay = 1.24> <CoreInst = "Sel">   --->   Core 73 'Sel' <Latency = 0> <II = 1> <Delay = 1.24> <FuncUnit> <Opcode : 'select'> <InPorts = 3> <OutPorts = 1>
ST_5 : Operation 237 [1/1] (1.24ns)   --->   "%acc_V_126 = select i1 %icmp_ln808_2, i8 %acc_V_98, i8 %acc_V_8064" [firmware/nnet_utils/nnet_dense_stream.h:24]   --->   Operation 237 'select' 'acc_V_126' <Predicate = true> <Delay = 1.24> <CoreInst = "Sel">   --->   Core 73 'Sel' <Latency = 0> <II = 1> <Delay = 1.24> <FuncUnit> <Opcode : 'select'> <InPorts = 3> <OutPorts = 1>
ST_5 : Operation 238 [1/1] (1.82ns)   --->   "%lhs_14 = mux i8 @_ssdm_op_Mux.ap_auto.4i8.i2, i8 %acc_V_8358, i8 %acc_V_8456, i8 %acc_V_8554, i8 %acc_V_8652, i2 %out_index" [firmware/nnet_utils/nnet_dense_stream.h:24]   --->   Operation 238 'mux' 'lhs_14' <Predicate = true> <Delay = 1.82> <CoreInst = "Multiplexer">   --->   Core 76 'Multiplexer' <Latency = 0> <II = 1> <Delay = 1.82> <FuncUnit> <Opcode : 'mux'> <InPorts = 2> <OutPorts = 1>
ST_5 : Operation 239 [1/1] (0.00ns)   --->   "%sext_ln813_30 = sext i8 %lhs_14" [firmware/nnet_utils/nnet_dense_stream.h:24]   --->   Operation 239 'sext' 'sext_ln813_30' <Predicate = true> <Delay = 0.00>
ST_5 : Operation 240 [1/1] (1.91ns)   --->   "%sub_ln1420_14 = sub i9 0, i9 %sext_ln813_30" [firmware/nnet_utils/nnet_dense_stream.h:24]   --->   Operation 240 'sub' 'sub_ln1420_14' <Predicate = true> <Delay = 1.91> <CoreInst = "Adder">   --->   Core 1 'Adder' <Latency = 0> <II = 1> <Delay = 1.91> <FuncUnit> <Opcode : 'add' 'sub'> <InPorts = 2> <OutPorts = 1>
ST_5 : Operation 241 [1/1] (1.91ns)   --->   "%acc_V_100 = add i8 %rhs_14, i8 %lhs_14" [firmware/nnet_utils/nnet_dense_stream.h:24]   --->   Operation 241 'add' 'acc_V_100' <Predicate = true> <Delay = 1.91> <CoreInst = "Adder">   --->   Core 1 'Adder' <Latency = 0> <II = 1> <Delay = 1.91> <FuncUnit> <Opcode : 'add' 'sub'> <InPorts = 2> <OutPorts = 1>
ST_5 : Operation 242 [1/1] (1.24ns)   --->   "%acc_V_132 = select i1 %icmp_ln808, i8 %acc_V_100, i8 %acc_V_8652" [firmware/nnet_utils/nnet_dense_stream.h:24]   --->   Operation 242 'select' 'acc_V_132' <Predicate = true> <Delay = 1.24> <CoreInst = "Sel">   --->   Core 73 'Sel' <Latency = 0> <II = 1> <Delay = 1.24> <FuncUnit> <Opcode : 'select'> <InPorts = 3> <OutPorts = 1>
ST_5 : Operation 243 [1/1] (1.24ns)   --->   "%acc_V_131 = select i1 %icmp_ln808_1, i8 %acc_V_100, i8 %acc_V_8554" [firmware/nnet_utils/nnet_dense_stream.h:24]   --->   Operation 243 'select' 'acc_V_131' <Predicate = true> <Delay = 1.24> <CoreInst = "Sel">   --->   Core 73 'Sel' <Latency = 0> <II = 1> <Delay = 1.24> <FuncUnit> <Opcode : 'select'> <InPorts = 3> <OutPorts = 1>
ST_5 : Operation 244 [1/1] (1.24ns)   --->   "%acc_V_130 = select i1 %icmp_ln808_2, i8 %acc_V_100, i8 %acc_V_8456" [firmware/nnet_utils/nnet_dense_stream.h:24]   --->   Operation 244 'select' 'acc_V_130' <Predicate = true> <Delay = 1.24> <CoreInst = "Sel">   --->   Core 73 'Sel' <Latency = 0> <II = 1> <Delay = 1.24> <FuncUnit> <Opcode : 'select'> <InPorts = 3> <OutPorts = 1>

State 6 <SV = 5> <Delay = 7.89>
ST_6 : Operation 245 [1/1] (0.00ns)   --->   "%empty = speclooptripcount i32 @_ssdm_op_SpecLoopTripCount, i64 72, i64 72, i64 72"   --->   Operation 245 'speclooptripcount' 'empty' <Predicate = true> <Delay = 0.00>
ST_6 : Operation 246 [1/1] (0.00ns)   --->   "%specpipeline_ln125 = specpipeline void @_ssdm_op_SpecPipeline, i32 1, i32 0, i32 0, i32 0, void @empty_0" [firmware/nnet_utils/nnet_dense_resource.h:125->firmware/nnet_utils/nnet_dense_resource.h:242->firmware/nnet_utils/nnet_dense_stream.h:24]   --->   Operation 246 'specpipeline' 'specpipeline_ln125' <Predicate = true> <Delay = 0.00>
ST_6 : Operation 247 [1/1] (0.00ns)   --->   "%specloopname_ln100 = specloopname void @_ssdm_op_SpecLoopName, void @empty_3" [firmware/nnet_utils/nnet_dense_resource.h:100->firmware/nnet_utils/nnet_dense_resource.h:242->firmware/nnet_utils/nnet_dense_stream.h:24]   --->   Operation 247 'specloopname' 'specloopname_ln100' <Predicate = true> <Delay = 0.00>
ST_6 : Operation 248 [1/1] (0.00ns)   --->   "%sext_ln813_17 = sext i8 %rhs" [firmware/nnet_utils/nnet_dense_stream.h:24]   --->   Operation 248 'sext' 'sext_ln813_17' <Predicate = (or_ln813)> <Delay = 0.00>
ST_6 : Operation 249 [1/1] (1.66ns)   --->   "%icmp_ln1420 = icmp_ne  i9 %sext_ln813_17, i9 %sub_ln1420" [firmware/nnet_utils/nnet_dense_stream.h:24]   --->   Operation 249 'icmp' 'icmp_ln1420' <Predicate = (or_ln813)> <Delay = 1.66> <CoreInst = "Cmp">   --->   Core 9 'Cmp' <Latency = 0> <II = 1> <Delay = 1.66> <FuncUnit> <Opcode : 'icmp'> <InPorts = 2> <OutPorts = 1>
ST_6 : Operation 250 [1/1] (0.00ns) (grouped into LUT with out node acc_V_101)   --->   "%or_ln808 = or i1 %icmp_ln808, i1 %icmp_ln1420" [firmware/nnet_utils/nnet_dense_stream.h:24]   --->   Operation 250 'or' 'or_ln808' <Predicate = (or_ln813)> <Delay = 0.00> <CoreInst = "LogicGate">   --->   Core 74 'LogicGate' <Latency = 0> <II = 1> <Delay = 0.97> <FuncUnit> <Opcode : 'and' 'or' 'xor'> <InPorts = 2> <OutPorts = 1>
ST_6 : Operation 251 [1/1] (0.00ns) (grouped into LUT with out node acc_V_101)   --->   "%or_ln808_2 = or i1 %or_ln808_1, i1 %or_ln808" [firmware/nnet_utils/nnet_dense_stream.h:24]   --->   Operation 251 'or' 'or_ln808_2' <Predicate = (or_ln813)> <Delay = 0.00> <CoreInst = "LogicGate">   --->   Core 74 'LogicGate' <Latency = 0> <II = 1> <Delay = 0.97> <FuncUnit> <Opcode : 'and' 'or' 'xor'> <InPorts = 2> <OutPorts = 1>
ST_6 : Operation 252 [1/1] (0.00ns) (grouped into LUT with out node acc_V_101)   --->   "%acc_V_86 = select i1 %or_ln808_2, i8 %acc_V114, i8 0" [firmware/nnet_utils/nnet_dense_stream.h:24]   --->   Operation 252 'select' 'acc_V_86' <Predicate = (or_ln813)> <Delay = 0.00> <CoreInst = "Sel">   --->   Core 73 'Sel' <Latency = 0> <II = 1> <Delay = 1.24> <FuncUnit> <Opcode : 'select'> <InPorts = 3> <OutPorts = 1>
ST_6 : Operation 253 [1/1] (1.24ns) (out node of the LUT)   --->   "%acc_V_101 = select i1 %or_ln813, i8 %acc_V_86, i8 %acc_V_87" [firmware/nnet_utils/nnet_dense_stream.h:24]   --->   Operation 253 'select' 'acc_V_101' <Predicate = true> <Delay = 1.24> <CoreInst = "Sel">   --->   Core 73 'Sel' <Latency = 0> <II = 1> <Delay = 1.24> <FuncUnit> <Opcode : 'select'> <InPorts = 3> <OutPorts = 1>
ST_6 : Operation 254 [1/1] (0.00ns)   --->   "%sext_ln813_19 = sext i8 %rhs_8" [firmware/nnet_utils/nnet_dense_stream.h:24]   --->   Operation 254 'sext' 'sext_ln813_19' <Predicate = (or_ln813)> <Delay = 0.00>
ST_6 : Operation 255 [1/1] (1.66ns)   --->   "%icmp_ln1420_8 = icmp_ne  i9 %sext_ln813_19, i9 %sub_ln1420_8" [firmware/nnet_utils/nnet_dense_stream.h:24]   --->   Operation 255 'icmp' 'icmp_ln1420_8' <Predicate = (or_ln813)> <Delay = 1.66> <CoreInst = "Cmp">   --->   Core 9 'Cmp' <Latency = 0> <II = 1> <Delay = 1.66> <FuncUnit> <Opcode : 'icmp'> <InPorts = 2> <OutPorts = 1>
ST_6 : Operation 256 [1/1] (0.00ns) (grouped into LUT with out node acc_V_105)   --->   "%or_ln808_3 = or i1 %icmp_ln808, i1 %icmp_ln1420_8" [firmware/nnet_utils/nnet_dense_stream.h:24]   --->   Operation 256 'or' 'or_ln808_3' <Predicate = (or_ln813)> <Delay = 0.00> <CoreInst = "LogicGate">   --->   Core 74 'LogicGate' <Latency = 0> <II = 1> <Delay = 0.97> <FuncUnit> <Opcode : 'and' 'or' 'xor'> <InPorts = 2> <OutPorts = 1>
ST_6 : Operation 257 [1/1] (0.00ns) (grouped into LUT with out node acc_V_105)   --->   "%or_ln808_4 = or i1 %or_ln808_1, i1 %or_ln808_3" [firmware/nnet_utils/nnet_dense_stream.h:24]   --->   Operation 257 'or' 'or_ln808_4' <Predicate = (or_ln813)> <Delay = 0.00> <CoreInst = "LogicGate">   --->   Core 74 'LogicGate' <Latency = 0> <II = 1> <Delay = 0.97> <FuncUnit> <Opcode : 'and' 'or' 'xor'> <InPorts = 2> <OutPorts = 1>
ST_6 : Operation 258 [1/1] (0.00ns) (grouped into LUT with out node acc_V_105)   --->   "%acc_V = select i1 %or_ln808_4, i8 %acc_V_59106, i8 0" [firmware/nnet_utils/nnet_dense_stream.h:24]   --->   Operation 258 'select' 'acc_V' <Predicate = (or_ln813)> <Delay = 0.00> <CoreInst = "Sel">   --->   Core 73 'Sel' <Latency = 0> <II = 1> <Delay = 1.24> <FuncUnit> <Opcode : 'select'> <InPorts = 3> <OutPorts = 1>
ST_6 : Operation 259 [1/1] (1.24ns) (out node of the LUT)   --->   "%acc_V_105 = select i1 %or_ln813, i8 %acc_V, i8 %acc_V_88" [firmware/nnet_utils/nnet_dense_stream.h:24]   --->   Operation 259 'select' 'acc_V_105' <Predicate = true> <Delay = 1.24> <CoreInst = "Sel">   --->   Core 73 'Sel' <Latency = 0> <II = 1> <Delay = 1.24> <FuncUnit> <Opcode : 'select'> <InPorts = 3> <OutPorts = 1>
ST_6 : Operation 260 [1/1] (0.00ns)   --->   "%sext_ln813_21 = sext i8 %rhs_9" [firmware/nnet_utils/nnet_dense_stream.h:24]   --->   Operation 260 'sext' 'sext_ln813_21' <Predicate = (or_ln813)> <Delay = 0.00>
ST_6 : Operation 261 [1/1] (1.66ns)   --->   "%icmp_ln1420_9 = icmp_ne  i9 %sext_ln813_21, i9 %sub_ln1420_9" [firmware/nnet_utils/nnet_dense_stream.h:24]   --->   Operation 261 'icmp' 'icmp_ln1420_9' <Predicate = (or_ln813)> <Delay = 1.66> <CoreInst = "Cmp">   --->   Core 9 'Cmp' <Latency = 0> <II = 1> <Delay = 1.66> <FuncUnit> <Opcode : 'icmp'> <InPorts = 2> <OutPorts = 1>
ST_6 : Operation 262 [1/1] (0.00ns) (grouped into LUT with out node acc_V_109)   --->   "%or_ln808_5 = or i1 %icmp_ln808, i1 %icmp_ln1420_9" [firmware/nnet_utils/nnet_dense_stream.h:24]   --->   Operation 262 'or' 'or_ln808_5' <Predicate = (or_ln813)> <Delay = 0.00> <CoreInst = "LogicGate">   --->   Core 74 'LogicGate' <Latency = 0> <II = 1> <Delay = 0.97> <FuncUnit> <Opcode : 'and' 'or' 'xor'> <InPorts = 2> <OutPorts = 1>
ST_6 : Operation 263 [1/1] (0.00ns) (grouped into LUT with out node acc_V_109)   --->   "%or_ln808_6 = or i1 %or_ln808_1, i1 %or_ln808_5" [firmware/nnet_utils/nnet_dense_stream.h:24]   --->   Operation 263 'or' 'or_ln808_6' <Predicate = (or_ln813)> <Delay = 0.00> <CoreInst = "LogicGate">   --->   Core 74 'LogicGate' <Latency = 0> <II = 1> <Delay = 0.97> <FuncUnit> <Opcode : 'and' 'or' 'xor'> <InPorts = 2> <OutPorts = 1>
ST_6 : Operation 264 [1/1] (0.00ns) (grouped into LUT with out node acc_V_109)   --->   "%acc_V_89 = select i1 %or_ln808_6, i8 %acc_V_6398, i8 0" [firmware/nnet_utils/nnet_dense_stream.h:24]   --->   Operation 264 'select' 'acc_V_89' <Predicate = (or_ln813)> <Delay = 0.00> <CoreInst = "Sel">   --->   Core 73 'Sel' <Latency = 0> <II = 1> <Delay = 1.24> <FuncUnit> <Opcode : 'select'> <InPorts = 3> <OutPorts = 1>
ST_6 : Operation 265 [1/1] (1.24ns) (out node of the LUT)   --->   "%acc_V_109 = select i1 %or_ln813, i8 %acc_V_89, i8 %acc_V_90" [firmware/nnet_utils/nnet_dense_stream.h:24]   --->   Operation 265 'select' 'acc_V_109' <Predicate = true> <Delay = 1.24> <CoreInst = "Sel">   --->   Core 73 'Sel' <Latency = 0> <II = 1> <Delay = 1.24> <FuncUnit> <Opcode : 'select'> <InPorts = 3> <OutPorts = 1>
ST_6 : Operation 266 [1/1] (0.00ns)   --->   "%sext_ln813_23 = sext i8 %rhs_10" [firmware/nnet_utils/nnet_dense_stream.h:24]   --->   Operation 266 'sext' 'sext_ln813_23' <Predicate = (or_ln813)> <Delay = 0.00>
ST_6 : Operation 267 [1/1] (1.66ns)   --->   "%icmp_ln1420_10 = icmp_ne  i9 %sext_ln813_23, i9 %sub_ln1420_10" [firmware/nnet_utils/nnet_dense_stream.h:24]   --->   Operation 267 'icmp' 'icmp_ln1420_10' <Predicate = (or_ln813)> <Delay = 1.66> <CoreInst = "Cmp">   --->   Core 9 'Cmp' <Latency = 0> <II = 1> <Delay = 1.66> <FuncUnit> <Opcode : 'icmp'> <InPorts = 2> <OutPorts = 1>
ST_6 : Operation 268 [1/1] (0.00ns) (grouped into LUT with out node acc_V_113)   --->   "%or_ln808_7 = or i1 %icmp_ln808, i1 %icmp_ln1420_10" [firmware/nnet_utils/nnet_dense_stream.h:24]   --->   Operation 268 'or' 'or_ln808_7' <Predicate = (or_ln813)> <Delay = 0.00> <CoreInst = "LogicGate">   --->   Core 74 'LogicGate' <Latency = 0> <II = 1> <Delay = 0.97> <FuncUnit> <Opcode : 'and' 'or' 'xor'> <InPorts = 2> <OutPorts = 1>
ST_6 : Operation 269 [1/1] (0.00ns) (grouped into LUT with out node acc_V_113)   --->   "%or_ln808_8 = or i1 %or_ln808_1, i1 %or_ln808_7" [firmware/nnet_utils/nnet_dense_stream.h:24]   --->   Operation 269 'or' 'or_ln808_8' <Predicate = (or_ln813)> <Delay = 0.00> <CoreInst = "LogicGate">   --->   Core 74 'LogicGate' <Latency = 0> <II = 1> <Delay = 0.97> <FuncUnit> <Opcode : 'and' 'or' 'xor'> <InPorts = 2> <OutPorts = 1>
ST_6 : Operation 270 [1/1] (0.00ns) (grouped into LUT with out node acc_V_113)   --->   "%acc_V_91 = select i1 %or_ln808_8, i8 %acc_V_6790, i8 0" [firmware/nnet_utils/nnet_dense_stream.h:24]   --->   Operation 270 'select' 'acc_V_91' <Predicate = (or_ln813)> <Delay = 0.00> <CoreInst = "Sel">   --->   Core 73 'Sel' <Latency = 0> <II = 1> <Delay = 1.24> <FuncUnit> <Opcode : 'select'> <InPorts = 3> <OutPorts = 1>
ST_6 : Operation 271 [1/1] (1.24ns) (out node of the LUT)   --->   "%acc_V_113 = select i1 %or_ln813, i8 %acc_V_91, i8 %acc_V_92" [firmware/nnet_utils/nnet_dense_stream.h:24]   --->   Operation 271 'select' 'acc_V_113' <Predicate = true> <Delay = 1.24> <CoreInst = "Sel">   --->   Core 73 'Sel' <Latency = 0> <II = 1> <Delay = 1.24> <FuncUnit> <Opcode : 'select'> <InPorts = 3> <OutPorts = 1>
ST_6 : Operation 272 [1/1] (0.00ns)   --->   "%sext_ln813_25 = sext i8 %rhs_11" [firmware/nnet_utils/nnet_dense_stream.h:24]   --->   Operation 272 'sext' 'sext_ln813_25' <Predicate = (or_ln813_1)> <Delay = 0.00>
ST_6 : Operation 273 [1/1] (1.66ns)   --->   "%icmp_ln1420_11 = icmp_ne  i9 %sext_ln813_25, i9 %sub_ln1420_11" [firmware/nnet_utils/nnet_dense_stream.h:24]   --->   Operation 273 'icmp' 'icmp_ln1420_11' <Predicate = (or_ln813_1)> <Delay = 1.66> <CoreInst = "Cmp">   --->   Core 9 'Cmp' <Latency = 0> <II = 1> <Delay = 1.66> <FuncUnit> <Opcode : 'icmp'> <InPorts = 2> <OutPorts = 1>
ST_6 : Operation 274 [1/1] (0.00ns) (grouped into LUT with out node acc_V_117)   --->   "%or_ln808_9 = or i1 %icmp_ln808_1, i1 %icmp_ln1420_11" [firmware/nnet_utils/nnet_dense_stream.h:24]   --->   Operation 274 'or' 'or_ln808_9' <Predicate = (or_ln813_1)> <Delay = 0.00> <CoreInst = "LogicGate">   --->   Core 74 'LogicGate' <Latency = 0> <II = 1> <Delay = 0.97> <FuncUnit> <Opcode : 'and' 'or' 'xor'> <InPorts = 2> <OutPorts = 1>
ST_6 : Operation 275 [1/1] (0.00ns) (grouped into LUT with out node acc_V_117)   --->   "%or_ln808_11 = or i1 %or_ln808_10, i1 %or_ln808_9" [firmware/nnet_utils/nnet_dense_stream.h:24]   --->   Operation 275 'or' 'or_ln808_11' <Predicate = (or_ln813_1)> <Delay = 0.00> <CoreInst = "LogicGate">   --->   Core 74 'LogicGate' <Latency = 0> <II = 1> <Delay = 0.97> <FuncUnit> <Opcode : 'and' 'or' 'xor'> <InPorts = 2> <OutPorts = 1>
ST_6 : Operation 276 [1/1] (0.00ns) (grouped into LUT with out node acc_V_117)   --->   "%acc_V_93 = select i1 %or_ln808_11, i8 %acc_V_7182, i8 0" [firmware/nnet_utils/nnet_dense_stream.h:24]   --->   Operation 276 'select' 'acc_V_93' <Predicate = (or_ln813_1)> <Delay = 0.00> <CoreInst = "Sel">   --->   Core 73 'Sel' <Latency = 0> <II = 1> <Delay = 1.24> <FuncUnit> <Opcode : 'select'> <InPorts = 3> <OutPorts = 1>
ST_6 : Operation 277 [1/1] (1.24ns) (out node of the LUT)   --->   "%acc_V_117 = select i1 %or_ln813_1, i8 %acc_V_93, i8 %acc_V_94" [firmware/nnet_utils/nnet_dense_stream.h:24]   --->   Operation 277 'select' 'acc_V_117' <Predicate = true> <Delay = 1.24> <CoreInst = "Sel">   --->   Core 73 'Sel' <Latency = 0> <II = 1> <Delay = 1.24> <FuncUnit> <Opcode : 'select'> <InPorts = 3> <OutPorts = 1>
ST_6 : Operation 278 [1/1] (0.00ns)   --->   "%sext_ln813_27 = sext i8 %rhs_12" [firmware/nnet_utils/nnet_dense_stream.h:24]   --->   Operation 278 'sext' 'sext_ln813_27' <Predicate = (or_ln813_1)> <Delay = 0.00>
ST_6 : Operation 279 [1/1] (1.66ns)   --->   "%icmp_ln1420_12 = icmp_ne  i9 %sext_ln813_27, i9 %sub_ln1420_12" [firmware/nnet_utils/nnet_dense_stream.h:24]   --->   Operation 279 'icmp' 'icmp_ln1420_12' <Predicate = (or_ln813_1)> <Delay = 1.66> <CoreInst = "Cmp">   --->   Core 9 'Cmp' <Latency = 0> <II = 1> <Delay = 1.66> <FuncUnit> <Opcode : 'icmp'> <InPorts = 2> <OutPorts = 1>
ST_6 : Operation 280 [1/1] (0.00ns) (grouped into LUT with out node acc_V_121)   --->   "%or_ln808_12 = or i1 %icmp_ln808_1, i1 %icmp_ln1420_12" [firmware/nnet_utils/nnet_dense_stream.h:24]   --->   Operation 280 'or' 'or_ln808_12' <Predicate = (or_ln813_1)> <Delay = 0.00> <CoreInst = "LogicGate">   --->   Core 74 'LogicGate' <Latency = 0> <II = 1> <Delay = 0.97> <FuncUnit> <Opcode : 'and' 'or' 'xor'> <InPorts = 2> <OutPorts = 1>
ST_6 : Operation 281 [1/1] (0.00ns) (grouped into LUT with out node acc_V_121)   --->   "%or_ln808_13 = or i1 %or_ln808_10, i1 %or_ln808_12" [firmware/nnet_utils/nnet_dense_stream.h:24]   --->   Operation 281 'or' 'or_ln808_13' <Predicate = (or_ln813_1)> <Delay = 0.00> <CoreInst = "LogicGate">   --->   Core 74 'LogicGate' <Latency = 0> <II = 1> <Delay = 0.97> <FuncUnit> <Opcode : 'and' 'or' 'xor'> <InPorts = 2> <OutPorts = 1>
ST_6 : Operation 282 [1/1] (0.00ns) (grouped into LUT with out node acc_V_121)   --->   "%acc_V_95 = select i1 %or_ln808_13, i8 %acc_V_7574, i8 0" [firmware/nnet_utils/nnet_dense_stream.h:24]   --->   Operation 282 'select' 'acc_V_95' <Predicate = (or_ln813_1)> <Delay = 0.00> <CoreInst = "Sel">   --->   Core 73 'Sel' <Latency = 0> <II = 1> <Delay = 1.24> <FuncUnit> <Opcode : 'select'> <InPorts = 3> <OutPorts = 1>
ST_6 : Operation 283 [1/1] (1.24ns) (out node of the LUT)   --->   "%acc_V_121 = select i1 %or_ln813_1, i8 %acc_V_95, i8 %acc_V_96" [firmware/nnet_utils/nnet_dense_stream.h:24]   --->   Operation 283 'select' 'acc_V_121' <Predicate = true> <Delay = 1.24> <CoreInst = "Sel">   --->   Core 73 'Sel' <Latency = 0> <II = 1> <Delay = 1.24> <FuncUnit> <Opcode : 'select'> <InPorts = 3> <OutPorts = 1>
ST_6 : Operation 284 [1/1] (0.00ns)   --->   "%sext_ln813_29 = sext i8 %rhs_13" [firmware/nnet_utils/nnet_dense_stream.h:24]   --->   Operation 284 'sext' 'sext_ln813_29' <Predicate = (or_ln813_1)> <Delay = 0.00>
ST_6 : Operation 285 [1/1] (1.66ns)   --->   "%icmp_ln1420_13 = icmp_ne  i9 %sext_ln813_29, i9 %sub_ln1420_13" [firmware/nnet_utils/nnet_dense_stream.h:24]   --->   Operation 285 'icmp' 'icmp_ln1420_13' <Predicate = (or_ln813_1)> <Delay = 1.66> <CoreInst = "Cmp">   --->   Core 9 'Cmp' <Latency = 0> <II = 1> <Delay = 1.66> <FuncUnit> <Opcode : 'icmp'> <InPorts = 2> <OutPorts = 1>
ST_6 : Operation 286 [1/1] (0.00ns) (grouped into LUT with out node acc_V_125)   --->   "%or_ln808_14 = or i1 %icmp_ln808_1, i1 %icmp_ln1420_13" [firmware/nnet_utils/nnet_dense_stream.h:24]   --->   Operation 286 'or' 'or_ln808_14' <Predicate = (or_ln813_1)> <Delay = 0.00> <CoreInst = "LogicGate">   --->   Core 74 'LogicGate' <Latency = 0> <II = 1> <Delay = 0.97> <FuncUnit> <Opcode : 'and' 'or' 'xor'> <InPorts = 2> <OutPorts = 1>
ST_6 : Operation 287 [1/1] (0.00ns) (grouped into LUT with out node acc_V_125)   --->   "%or_ln808_15 = or i1 %or_ln808_10, i1 %or_ln808_14" [firmware/nnet_utils/nnet_dense_stream.h:24]   --->   Operation 287 'or' 'or_ln808_15' <Predicate = (or_ln813_1)> <Delay = 0.00> <CoreInst = "LogicGate">   --->   Core 74 'LogicGate' <Latency = 0> <II = 1> <Delay = 0.97> <FuncUnit> <Opcode : 'and' 'or' 'xor'> <InPorts = 2> <OutPorts = 1>
ST_6 : Operation 288 [1/1] (0.00ns) (grouped into LUT with out node acc_V_125)   --->   "%acc_V_97 = select i1 %or_ln808_15, i8 %acc_V_7966, i8 0" [firmware/nnet_utils/nnet_dense_stream.h:24]   --->   Operation 288 'select' 'acc_V_97' <Predicate = (or_ln813_1)> <Delay = 0.00> <CoreInst = "Sel">   --->   Core 73 'Sel' <Latency = 0> <II = 1> <Delay = 1.24> <FuncUnit> <Opcode : 'select'> <InPorts = 3> <OutPorts = 1>
ST_6 : Operation 289 [1/1] (1.24ns) (out node of the LUT)   --->   "%acc_V_125 = select i1 %or_ln813_1, i8 %acc_V_97, i8 %acc_V_98" [firmware/nnet_utils/nnet_dense_stream.h:24]   --->   Operation 289 'select' 'acc_V_125' <Predicate = true> <Delay = 1.24> <CoreInst = "Sel">   --->   Core 73 'Sel' <Latency = 0> <II = 1> <Delay = 1.24> <FuncUnit> <Opcode : 'select'> <InPorts = 3> <OutPorts = 1>
ST_6 : Operation 290 [1/1] (0.00ns)   --->   "%sext_ln813_31 = sext i8 %rhs_14" [firmware/nnet_utils/nnet_dense_stream.h:24]   --->   Operation 290 'sext' 'sext_ln813_31' <Predicate = (or_ln813_1)> <Delay = 0.00>
ST_6 : Operation 291 [1/1] (1.66ns)   --->   "%icmp_ln1420_14 = icmp_ne  i9 %sext_ln813_31, i9 %sub_ln1420_14" [firmware/nnet_utils/nnet_dense_stream.h:24]   --->   Operation 291 'icmp' 'icmp_ln1420_14' <Predicate = (or_ln813_1)> <Delay = 1.66> <CoreInst = "Cmp">   --->   Core 9 'Cmp' <Latency = 0> <II = 1> <Delay = 1.66> <FuncUnit> <Opcode : 'icmp'> <InPorts = 2> <OutPorts = 1>
ST_6 : Operation 292 [1/1] (0.00ns) (grouped into LUT with out node acc_V_129)   --->   "%or_ln808_16 = or i1 %icmp_ln808_1, i1 %icmp_ln1420_14" [firmware/nnet_utils/nnet_dense_stream.h:24]   --->   Operation 292 'or' 'or_ln808_16' <Predicate = (or_ln813_1)> <Delay = 0.00> <CoreInst = "LogicGate">   --->   Core 74 'LogicGate' <Latency = 0> <II = 1> <Delay = 0.97> <FuncUnit> <Opcode : 'and' 'or' 'xor'> <InPorts = 2> <OutPorts = 1>
ST_6 : Operation 293 [1/1] (0.00ns) (grouped into LUT with out node acc_V_129)   --->   "%or_ln808_17 = or i1 %or_ln808_10, i1 %or_ln808_16" [firmware/nnet_utils/nnet_dense_stream.h:24]   --->   Operation 293 'or' 'or_ln808_17' <Predicate = (or_ln813_1)> <Delay = 0.00> <CoreInst = "LogicGate">   --->   Core 74 'LogicGate' <Latency = 0> <II = 1> <Delay = 0.97> <FuncUnit> <Opcode : 'and' 'or' 'xor'> <InPorts = 2> <OutPorts = 1>
ST_6 : Operation 294 [1/1] (0.00ns) (grouped into LUT with out node acc_V_129)   --->   "%acc_V_99 = select i1 %or_ln808_17, i8 %acc_V_8358, i8 0" [firmware/nnet_utils/nnet_dense_stream.h:24]   --->   Operation 294 'select' 'acc_V_99' <Predicate = (or_ln813_1)> <Delay = 0.00> <CoreInst = "Sel">   --->   Core 73 'Sel' <Latency = 0> <II = 1> <Delay = 1.24> <FuncUnit> <Opcode : 'select'> <InPorts = 3> <OutPorts = 1>
ST_6 : Operation 295 [1/1] (1.24ns) (out node of the LUT)   --->   "%acc_V_129 = select i1 %or_ln813_1, i8 %acc_V_99, i8 %acc_V_100" [firmware/nnet_utils/nnet_dense_stream.h:24]   --->   Operation 295 'select' 'acc_V_129' <Predicate = true> <Delay = 1.24> <CoreInst = "Sel">   --->   Core 73 'Sel' <Latency = 0> <II = 1> <Delay = 1.24> <FuncUnit> <Opcode : 'select'> <InPorts = 3> <OutPorts = 1>
ST_6 : Operation 296 [1/1] (0.00ns)   --->   "%rend = specregionend i32 @_ssdm_op_SpecRegionEnd, void @nnet_KD_KD_dense_resource_MD_ap_fixed_MD_8_MC_AC_2_MC_AC_IC_ap_q_mode_JC_5_M_1, i32 %rbegin" [firmware/nnet_utils/nnet_dense_stream.h:53]   --->   Operation 296 'specregionend' 'rend' <Predicate = (icmp_ln124)> <Delay = 0.00>
ST_6 : Operation 297 [1/1] (0.00ns)   --->   "%p_s = bitconcatenate i256 @_ssdm_op_BitConcatenate.i256.i8.i8.i8.i8.i8.i8.i8.i8.i8.i8.i8.i8.i8.i8.i8.i8.i8.i8.i8.i8.i8.i8.i8.i8.i8.i8.i8.i8.i8.i8.i8.i8, i8 %acc_V_132, i8 %acc_V_131, i8 %acc_V_130, i8 %acc_V_129, i8 %acc_V_128, i8 %acc_V_127, i8 %acc_V_126, i8 %acc_V_125, i8 %acc_V_124, i8 %acc_V_123, i8 %acc_V_122, i8 %acc_V_121, i8 %acc_V_120, i8 %acc_V_119, i8 %acc_V_118, i8 %acc_V_117, i8 %acc_V_116, i8 %acc_V_115, i8 %acc_V_114, i8 %acc_V_113, i8 %acc_V_112, i8 %acc_V_111, i8 %acc_V_110, i8 %acc_V_109, i8 %acc_V_108, i8 %acc_V_107, i8 %acc_V_106, i8 %acc_V_105, i8 %acc_V_104, i8 %acc_V_103, i8 %acc_V_102, i8 %acc_V_101" [firmware/nnet_utils/nnet_dense_stream.h:77]   --->   Operation 297 'bitconcatenate' 'p_s' <Predicate = (icmp_ln124)> <Delay = 0.00>
ST_6 : Operation 298 [1/1] (2.18ns)   --->   "%write_ln77 = write void @_ssdm_op_Write.ap_fifo.volatile.i256P0A, i256 %layer2_out, i256 %p_s" [firmware/nnet_utils/nnet_dense_stream.h:77]   --->   Operation 298 'write' 'write_ln77' <Predicate = (icmp_ln124)> <Delay = 2.18> <CoreInst = "FIFO_SRL">   --->   Core 81 'FIFO_SRL' <Latency = 0> <II = 1> <Delay = 3.63> <Storage> <Opcode : 'read' 'write' 'nbread' 'nbwrite'> <Ports = 0> <Width = 256> <Depth = 1> <FIFO>
ST_6 : Operation 299 [1/1] (0.00ns)   --->   "%return_ln101 = return void @_ssdm_op_Return" [firmware/nnet_utils/nnet_dense_stream.h:101]   --->   Operation 299 'return' 'return_ln101' <Predicate = (icmp_ln124)> <Delay = 0.00>


============================================================
+ Verbose Summary: Binding
============================================================
STG Binding: 
---------------- STG Properties BEGIN ----------------
- Is combinational: 0
- Is one-state seq: 0
- Is datapath-only: 0
- Is pipelined: 0
- Is top level: 0
Port [ Return ] is wired: 1; IO mode=ap_ctrl_hs:ce=0
Port [ internal_input]:  wired=1; compound=1; hidden=0; nouse=0; global=0; static=0; extern=0; dir=0; type=3; pingpong=0; private_global=0; IO mode=ap_fifo:ce=0
Port [ layer2_out]:  wired=1; compound=1; hidden=0; nouse=0; global=0; static=0; extern=0; dir=1; type=3; pingpong=0; private_global=0; IO mode=ap_fifo:ce=0
Port [ outidx_1]:  wired=0; compound=1; hidden=1; nouse=0; global=1; static=1; extern=0; dir=0; type=1; pingpong=0; private_global=1; MemPort=[1]; IO mode=ap_memory:ce=0
Port [ w2_V]:  wired=0; compound=1; hidden=1; nouse=0; global=1; static=1; extern=0; dir=0; type=1; pingpong=0; private_global=1; MemPort=[11111111]; IO mode=ap_memory:ce=0
---------------- STG Properties END ------------------

---------------- Datapath Model BEGIN ----------------

<LifeTime>
<method=bitvector/>
specinterface_ln0                  (specinterface    ) [ 0000000]
specinterface_ln0                  (specinterface    ) [ 0000000]
rbegin                             (specregionbegin  ) [ 0011111]
br_ln124                           (br               ) [ 0111111]
do_init                            (phi              ) [ 0011111]
data_V_42_rewind                   (phi              ) [ 0011111]
data_V_41_rewind                   (phi              ) [ 0011111]
data_V_40_rewind                   (phi              ) [ 0011111]
data_V_39_rewind                   (phi              ) [ 0011111]
data_V_38_rewind                   (phi              ) [ 0011111]
data_V_37_rewind                   (phi              ) [ 0011111]
data_V_36_rewind                   (phi              ) [ 0011111]
data_V_35_rewind                   (phi              ) [ 0011111]
data_V_34_rewind                   (phi              ) [ 0011111]
data_V_33_rewind                   (phi              ) [ 0011111]
data_V_32_rewind                   (phi              ) [ 0011111]
data_V_31_rewind                   (phi              ) [ 0011111]
data_V_30_rewind                   (phi              ) [ 0011111]
data_V_29_rewind                   (phi              ) [ 0011111]
data_V_43_rewind                   (phi              ) [ 0011111]
data_V_44_rewind                   (phi              ) [ 0011111]
data_V_45_rewind                   (phi              ) [ 0011111]
p_rewind                           (phi              ) [ 0011111]
ir115                              (phi              ) [ 0011111]
br_ln0                             (br               ) [ 0000000]
internal_input_read                (read             ) [ 0000000]
data_V                             (trunc            ) [ 0000000]
data_V_53                          (partselect       ) [ 0000000]
data_V_54                          (partselect       ) [ 0000000]
data_V_55                          (partselect       ) [ 0000000]
data_V_56                          (partselect       ) [ 0000000]
data_V_57                          (partselect       ) [ 0000000]
data_V_58                          (partselect       ) [ 0000000]
data_V_59                          (partselect       ) [ 0000000]
data_V_60                          (partselect       ) [ 0000000]
data_V_61                          (partselect       ) [ 0000000]
data_V_62                          (partselect       ) [ 0000000]
data_V_63                          (partselect       ) [ 0000000]
data_V_64                          (partselect       ) [ 0000000]
data_V_65                          (partselect       ) [ 0000000]
data_V_66                          (partselect       ) [ 0000000]
data_V_67                          (partselect       ) [ 0000000]
data_V_68                          (partselect       ) [ 0000000]
data_V_69                          (partselect       ) [ 0000000]
br_ln124                           (br               ) [ 0000000]
data_V_42_phi                      (phi              ) [ 0111111]
data_V_41_phi                      (phi              ) [ 0111111]
data_V_40_phi                      (phi              ) [ 0111111]
data_V_39_phi                      (phi              ) [ 0111111]
data_V_38_phi                      (phi              ) [ 0111111]
data_V_37_phi                      (phi              ) [ 0111111]
data_V_36_phi                      (phi              ) [ 0111111]
data_V_35_phi                      (phi              ) [ 0111111]
data_V_34_phi                      (phi              ) [ 0111111]
data_V_33_phi                      (phi              ) [ 0111111]
data_V_32_phi                      (phi              ) [ 0111111]
data_V_31_phi                      (phi              ) [ 0111111]
data_V_30_phi                      (phi              ) [ 0111111]
data_V_29_phi                      (phi              ) [ 0111111]
data_V_43_phi                      (phi              ) [ 0111111]
data_V_44_phi                      (phi              ) [ 0111111]
data_V_45_phi                      (phi              ) [ 0111111]
p_phi                              (phi              ) [ 0111111]
zext_ln124                         (zext             ) [ 0000000]
zext_ln124_2                       (zext             ) [ 0000000]
zext_ln124_3                       (zext             ) [ 0000000]
zext_ln124_4                       (zext             ) [ 0000000]
outidx_1_addr                      (getelementptr    ) [ 0011000]
w2_V_addr                          (getelementptr    ) [ 0011000]
empty_52                           (add              ) [ 0000000]
p_cast467                          (zext             ) [ 0000000]
w2_V_addr_1                        (getelementptr    ) [ 0011000]
empty_53                           (add              ) [ 0000000]
p_cast468                          (zext             ) [ 0000000]
w2_V_addr_2                        (getelementptr    ) [ 0011000]
empty_54                           (add              ) [ 0000000]
p_cast469                          (zext             ) [ 0000000]
w2_V_addr_3                        (getelementptr    ) [ 0011000]
empty_55                           (add              ) [ 0000000]
p_cast470                          (zext             ) [ 0000000]
w2_V_addr_4                        (getelementptr    ) [ 0011000]
empty_56                           (add              ) [ 0000000]
p_cast471                          (zext             ) [ 0000000]
w2_V_addr_5                        (getelementptr    ) [ 0011000]
empty_57                           (add              ) [ 0000000]
p_cast472_cast_cast_cast_cast      (sext             ) [ 0000000]
p_cast472_cast_cast_cast_cast_cast (zext             ) [ 0000000]
w2_V_addr_6                        (getelementptr    ) [ 0011000]
empty_58                           (add              ) [ 0000000]
p_cast473                          (zext             ) [ 0000000]
w2_V_addr_7                        (getelementptr    ) [ 0011000]
ir                                 (add              ) [ 0111111]
icmp_ln124                         (icmp             ) [ 0011111]
br_ln124                           (br               ) [ 0111111]
br_ln101                           (br               ) [ 0111111]
in_index116                        (phi              ) [ 0011000]
out_index                          (load             ) [ 0010110]
a_V                                (mux              ) [ 0010100]
w_V                                (load             ) [ 0010100]
w_V_8                              (load             ) [ 0010100]
w_V_9                              (load             ) [ 0010100]
w_V_10                             (load             ) [ 0010100]
w_V_11                             (load             ) [ 0010100]
w_V_12                             (load             ) [ 0010100]
w_V_13                             (load             ) [ 0010100]
w_V_14                             (load             ) [ 0010100]
in_index_2                         (add              ) [ 0000000]
icmp_ln141                         (icmp             ) [ 0000000]
in_index                           (select           ) [ 0111111]
sext_ln1273                        (sext             ) [ 0000000]
sext_ln1273_45                     (sext             ) [ 0000000]
mul_ln1270                         (mul              ) [ 0000000]
rhs                                (partselect       ) [ 0010011]
sext_ln1273_46                     (sext             ) [ 0000000]
mul_ln1270_10                      (mul              ) [ 0000000]
rhs_8                              (partselect       ) [ 0010011]
sext_ln1273_47                     (sext             ) [ 0000000]
mul_ln1270_11                      (mul              ) [ 0000000]
rhs_9                              (partselect       ) [ 0010011]
sext_ln1273_48                     (sext             ) [ 0000000]
mul_ln1270_12                      (mul              ) [ 0000000]
rhs_10                             (partselect       ) [ 0010011]
sext_ln1273_49                     (sext             ) [ 0000000]
mul_ln1270_13                      (mul              ) [ 0000000]
rhs_11                             (partselect       ) [ 0010011]
sext_ln1273_50                     (sext             ) [ 0000000]
mul_ln1270_14                      (mul              ) [ 0000000]
rhs_12                             (partselect       ) [ 0010011]
sext_ln1273_51                     (sext             ) [ 0000000]
mul_ln1270_15                      (mul              ) [ 0000000]
rhs_13                             (partselect       ) [ 0010011]
sext_ln1273_52                     (sext             ) [ 0000000]
mul_ln1270_16                      (mul              ) [ 0000000]
rhs_14                             (partselect       ) [ 0010011]
acc_V114                           (phi              ) [ 0011111]
acc_V_56112                        (phi              ) [ 0011110]
acc_V_57110                        (phi              ) [ 0011110]
acc_V_58108                        (phi              ) [ 0011110]
acc_V_59106                        (phi              ) [ 0011111]
acc_V_60104                        (phi              ) [ 0011110]
acc_V_61102                        (phi              ) [ 0011110]
acc_V_62100                        (phi              ) [ 0011110]
acc_V_6398                         (phi              ) [ 0011111]
acc_V_6496                         (phi              ) [ 0011110]
acc_V_6594                         (phi              ) [ 0011110]
acc_V_6692                         (phi              ) [ 0011110]
acc_V_6790                         (phi              ) [ 0011111]
acc_V_6888                         (phi              ) [ 0011110]
acc_V_6986                         (phi              ) [ 0011110]
acc_V_7084                         (phi              ) [ 0011110]
acc_V_7182                         (phi              ) [ 0011111]
acc_V_7280                         (phi              ) [ 0011110]
acc_V_7378                         (phi              ) [ 0011110]
acc_V_7476                         (phi              ) [ 0011110]
acc_V_7574                         (phi              ) [ 0011111]
acc_V_7672                         (phi              ) [ 0011110]
acc_V_7770                         (phi              ) [ 0011110]
acc_V_7868                         (phi              ) [ 0011110]
acc_V_7966                         (phi              ) [ 0011111]
acc_V_8064                         (phi              ) [ 0011110]
acc_V_8162                         (phi              ) [ 0011110]
acc_V_8260                         (phi              ) [ 0011110]
acc_V_8358                         (phi              ) [ 0011111]
acc_V_8456                         (phi              ) [ 0011110]
acc_V_8554                         (phi              ) [ 0011110]
acc_V_8652                         (phi              ) [ 0011110]
lhs                                (mux              ) [ 0000000]
sext_ln813                         (sext             ) [ 0000000]
sub_ln1420                         (sub              ) [ 0010001]
icmp_ln808                         (icmp             ) [ 0010001]
icmp_ln808_1                       (icmp             ) [ 0010001]
icmp_ln808_2                       (icmp             ) [ 0000000]
or_ln808_1                         (or               ) [ 0010001]
acc_V_87                           (add              ) [ 0010001]
acc_V_104                          (select           ) [ 0111111]
acc_V_103                          (select           ) [ 0111111]
acc_V_102                          (select           ) [ 0111111]
or_ln813                           (or               ) [ 0010001]
lhs_8                              (mux              ) [ 0000000]
sext_ln813_18                      (sext             ) [ 0000000]
sub_ln1420_8                       (sub              ) [ 0010001]
acc_V_88                           (add              ) [ 0010001]
acc_V_108                          (select           ) [ 0111111]
acc_V_107                          (select           ) [ 0111111]
acc_V_106                          (select           ) [ 0111111]
lhs_9                              (mux              ) [ 0000000]
sext_ln813_20                      (sext             ) [ 0000000]
sub_ln1420_9                       (sub              ) [ 0010001]
acc_V_90                           (add              ) [ 0010001]
acc_V_112                          (select           ) [ 0111111]
acc_V_111                          (select           ) [ 0111111]
acc_V_110                          (select           ) [ 0111111]
lhs_10                             (mux              ) [ 0000000]
sext_ln813_22                      (sext             ) [ 0000000]
sub_ln1420_10                      (sub              ) [ 0010001]
acc_V_92                           (add              ) [ 0010001]
acc_V_116                          (select           ) [ 0111111]
acc_V_115                          (select           ) [ 0111111]
acc_V_114                          (select           ) [ 0111111]
lhs_11                             (mux              ) [ 0000000]
sext_ln813_24                      (sext             ) [ 0000000]
sub_ln1420_11                      (sub              ) [ 0010001]
or_ln808_10                        (or               ) [ 0010001]
acc_V_94                           (add              ) [ 0010001]
acc_V_120                          (select           ) [ 0111111]
acc_V_119                          (select           ) [ 0111111]
acc_V_118                          (select           ) [ 0111111]
or_ln813_1                         (or               ) [ 0010001]
lhs_12                             (mux              ) [ 0000000]
sext_ln813_26                      (sext             ) [ 0000000]
sub_ln1420_12                      (sub              ) [ 0010001]
acc_V_96                           (add              ) [ 0010001]
acc_V_124                          (select           ) [ 0111111]
acc_V_123                          (select           ) [ 0111111]
acc_V_122                          (select           ) [ 0111111]
lhs_13                             (mux              ) [ 0000000]
sext_ln813_28                      (sext             ) [ 0000000]
sub_ln1420_13                      (sub              ) [ 0010001]
acc_V_98                           (add              ) [ 0010001]
acc_V_128                          (select           ) [ 0111111]
acc_V_127                          (select           ) [ 0111111]
acc_V_126                          (select           ) [ 0111111]
lhs_14                             (mux              ) [ 0000000]
sext_ln813_30                      (sext             ) [ 0000000]
sub_ln1420_14                      (sub              ) [ 0010001]
acc_V_100                          (add              ) [ 0010001]
acc_V_132                          (select           ) [ 0111111]
acc_V_131                          (select           ) [ 0111111]
acc_V_130                          (select           ) [ 0111111]
empty                              (speclooptripcount) [ 0000000]
specpipeline_ln125                 (specpipeline     ) [ 0000000]
specloopname_ln100                 (specloopname     ) [ 0000000]
sext_ln813_17                      (sext             ) [ 0000000]
icmp_ln1420                        (icmp             ) [ 0000000]
or_ln808                           (or               ) [ 0000000]
or_ln808_2                         (or               ) [ 0000000]
acc_V_86                           (select           ) [ 0000000]
acc_V_101                          (select           ) [ 0111110]
sext_ln813_19                      (sext             ) [ 0000000]
icmp_ln1420_8                      (icmp             ) [ 0000000]
or_ln808_3                         (or               ) [ 0000000]
or_ln808_4                         (or               ) [ 0000000]
acc_V                              (select           ) [ 0000000]
acc_V_105                          (select           ) [ 0111110]
sext_ln813_21                      (sext             ) [ 0000000]
icmp_ln1420_9                      (icmp             ) [ 0000000]
or_ln808_5                         (or               ) [ 0000000]
or_ln808_6                         (or               ) [ 0000000]
acc_V_89                           (select           ) [ 0000000]
acc_V_109                          (select           ) [ 0111110]
sext_ln813_23                      (sext             ) [ 0000000]
icmp_ln1420_10                     (icmp             ) [ 0000000]
or_ln808_7                         (or               ) [ 0000000]
or_ln808_8                         (or               ) [ 0000000]
acc_V_91                           (select           ) [ 0000000]
acc_V_113                          (select           ) [ 0111110]
sext_ln813_25                      (sext             ) [ 0000000]
icmp_ln1420_11                     (icmp             ) [ 0000000]
or_ln808_9                         (or               ) [ 0000000]
or_ln808_11                        (or               ) [ 0000000]
acc_V_93                           (select           ) [ 0000000]
acc_V_117                          (select           ) [ 0111110]
sext_ln813_27                      (sext             ) [ 0000000]
icmp_ln1420_12                     (icmp             ) [ 0000000]
or_ln808_12                        (or               ) [ 0000000]
or_ln808_13                        (or               ) [ 0000000]
acc_V_95                           (select           ) [ 0000000]
acc_V_121                          (select           ) [ 0111110]
sext_ln813_29                      (sext             ) [ 0000000]
icmp_ln1420_13                     (icmp             ) [ 0000000]
or_ln808_14                        (or               ) [ 0000000]
or_ln808_15                        (or               ) [ 0000000]
acc_V_97                           (select           ) [ 0000000]
acc_V_125                          (select           ) [ 0111110]
sext_ln813_31                      (sext             ) [ 0000000]
icmp_ln1420_14                     (icmp             ) [ 0000000]
or_ln808_16                        (or               ) [ 0000000]
or_ln808_17                        (or               ) [ 0000000]
acc_V_99                           (select           ) [ 0000000]
acc_V_129                          (select           ) [ 0111110]
rend                               (specregionend    ) [ 0000000]
p_s                                (bitconcatenate   ) [ 0000000]
write_ln77                         (write            ) [ 0000000]
return_ln101                       (return           ) [ 0000000]
</LifeTime>

<model>

<comp_list>
<comp id="0" class="1000" name="internal_input">
<pin_list>
<pin id="1" dir="1" index="0" bw="1" slack="0"/>
</pin_list>
<bind>
<StgValue><ssdm name="internal_input"/></StgValue>
</bind>
</comp>

<comp id="2" class="1000" name="layer2_out">
<pin_list>
<pin id="3" dir="1" index="0" bw="1" slack="0"/>
</pin_list>
<bind>
<StgValue><ssdm name="layer2_out"/></StgValue>
</bind>
</comp>

<comp id="4" class="1000" name="outidx_1">
<pin_list>
<pin id="5" dir="1" index="0" bw="1" slack="0"/>
</pin_list>
<bind>
<StgValue><ssdm name="outidx_1"/><MemPortTyVec>1 </MemPortTyVec>
</StgValue>
</bind>
</comp>

<comp id="6" class="1000" name="w2_V">
<pin_list>
<pin id="7" dir="1" index="0" bw="1" slack="0"/>
</pin_list>
<bind>
<StgValue><ssdm name="w2_V"/><MemPortTyVec>1 1 1 1 1 1 1 1 </MemPortTyVec>
</StgValue>
</bind>
</comp>

<comp id="8" class="1001" name="const_8">
<pin_list>
<pin id="9" dir="1" index="0" bw="1" slack="2147483647"/>
</pin_list>
<bind>
<StgValue><ssdm name="_ssdm_op_SpecInterface"/></StgValue>
</bind>
</comp>

<comp id="10" class="1001" name="const_10">
<pin_list>
<pin id="11" dir="1" index="0" bw="1" slack="2147483647"/>
</pin_list>
<bind>
<StgValue><ssdm name="empty_2"/></StgValue>
</bind>
</comp>

<comp id="12" class="1001" name="const_12">
<pin_list>
<pin id="13" dir="1" index="0" bw="1" slack="2147483647"/>
</pin_list>
<bind>
<StgValue><ssdm name=""/></StgValue>
</bind>
</comp>

<comp id="14" class="1001" name="const_14">
<pin_list>
<pin id="15" dir="1" index="0" bw="1" slack="2147483647"/>
</pin_list>
<bind>
<StgValue><ssdm name="empty_0"/></StgValue>
</bind>
</comp>

<comp id="16" class="1001" name="const_16">
<pin_list>
<pin id="17" dir="1" index="0" bw="1" slack="2147483647"/>
</pin_list>
<bind>
<StgValue><ssdm name=""/></StgValue>
</bind>
</comp>

<comp id="18" class="1001" name="const_18">
<pin_list>
<pin id="19" dir="1" index="0" bw="1" slack="2147483647"/>
</pin_list>
<bind>
<StgValue><ssdm name="_ssdm_op_SpecRegionBegin"/></StgValue>
</bind>
</comp>

<comp id="20" class="1001" name="const_20">
<pin_list>
<pin id="21" dir="1" index="0" bw="1" slack="2147483647"/>
</pin_list>
<bind>
<StgValue><ssdm name="nnet_KD_KD_dense_resource_MD_ap_fixed_MD_8_MC_AC_2_MC_AC_IC_ap_q_mode_JC_5_M_1"/></StgValue>
</bind>
</comp>

<comp id="22" class="1001" name="const_22">
<pin_list>
<pin id="23" dir="1" index="0" bw="1" slack="0"/>
</pin_list>
<bind>
<StgValue><ssdm name=""/></StgValue>
</bind>
</comp>

<comp id="24" class="1001" name="const_24">
<pin_list>
<pin id="25" dir="1" index="0" bw="1" slack="0"/>
</pin_list>
<bind>
<StgValue><ssdm name=""/></StgValue>
</bind>
</comp>

<comp id="26" class="1001" name="const_26">
<pin_list>
<pin id="27" dir="1" index="0" bw="1" slack="0"/>
</pin_list>
<bind>
<StgValue><ssdm name=""/></StgValue>
</bind>
</comp>

<comp id="28" class="1001" name="const_28">
<pin_list>
<pin id="29" dir="1" index="0" bw="1" slack="0"/>
</pin_list>
<bind>
<StgValue><ssdm name=""/></StgValue>
</bind>
</comp>

<comp id="30" class="1001" name="const_30">
<pin_list>
<pin id="31" dir="1" index="0" bw="1" slack="0"/>
</pin_list>
<bind>
<StgValue><ssdm name="_ssdm_op_Read.ap_fifo.volatile.i144P0A"/></StgValue>
</bind>
</comp>

<comp id="32" class="1001" name="const_32">
<pin_list>
<pin id="33" dir="1" index="0" bw="1" slack="0"/>
</pin_list>
<bind>
<StgValue><ssdm name="_ssdm_op_PartSelect.i8.i144.i32.i32"/></StgValue>
</bind>
</comp>

<comp id="34" class="1001" name="const_34">
<pin_list>
<pin id="35" dir="1" index="0" bw="1" slack="0"/>
</pin_list>
<bind>
<StgValue><ssdm name=""/></StgValue>
</bind>
</comp>

<comp id="36" class="1001" name="const_36">
<pin_list>
<pin id="37" dir="1" index="0" bw="1" slack="0"/>
</pin_list>
<bind>
<StgValue><ssdm name=""/></StgValue>
</bind>
</comp>

<comp id="38" class="1001" name="const_38">
<pin_list>
<pin id="39" dir="1" index="0" bw="1" slack="0"/>
</pin_list>
<bind>
<StgValue><ssdm name=""/></StgValue>
</bind>
</comp>

<comp id="40" class="1001" name="const_40">
<pin_list>
<pin id="41" dir="1" index="0" bw="1" slack="0"/>
</pin_list>
<bind>
<StgValue><ssdm name=""/></StgValue>
</bind>
</comp>

<comp id="42" class="1001" name="const_42">
<pin_list>
<pin id="43" dir="1" index="0" bw="1" slack="0"/>
</pin_list>
<bind>
<StgValue><ssdm name=""/></StgValue>
</bind>
</comp>

<comp id="44" class="1001" name="const_44">
<pin_list>
<pin id="45" dir="1" index="0" bw="1" slack="0"/>
</pin_list>
<bind>
<StgValue><ssdm name=""/></StgValue>
</bind>
</comp>

<comp id="46" class="1001" name="const_46">
<pin_list>
<pin id="47" dir="1" index="0" bw="1" slack="0"/>
</pin_list>
<bind>
<StgValue><ssdm name=""/></StgValue>
</bind>
</comp>

<comp id="48" class="1001" name="const_48">
<pin_list>
<pin id="49" dir="1" index="0" bw="1" slack="0"/>
</pin_list>
<bind>
<StgValue><ssdm name=""/></StgValue>
</bind>
</comp>

<comp id="50" class="1001" name="const_50">
<pin_list>
<pin id="51" dir="1" index="0" bw="1" slack="0"/>
</pin_list>
<bind>
<StgValue><ssdm name=""/></StgValue>
</bind>
</comp>

<comp id="52" class="1001" name="const_52">
<pin_list>
<pin id="53" dir="1" index="0" bw="1" slack="0"/>
</pin_list>
<bind>
<StgValue><ssdm name=""/></StgValue>
</bind>
</comp>

<comp id="54" class="1001" name="const_54">
<pin_list>
<pin id="55" dir="1" index="0" bw="1" slack="0"/>
</pin_list>
<bind>
<StgValue><ssdm name=""/></StgValue>
</bind>
</comp>

<comp id="56" class="1001" name="const_56">
<pin_list>
<pin id="57" dir="1" index="0" bw="1" slack="0"/>
</pin_list>
<bind>
<StgValue><ssdm name=""/></StgValue>
</bind>
</comp>

<comp id="58" class="1001" name="const_58">
<pin_list>
<pin id="59" dir="1" index="0" bw="1" slack="0"/>
</pin_list>
<bind>
<StgValue><ssdm name=""/></StgValue>
</bind>
</comp>

<comp id="60" class="1001" name="const_60">
<pin_list>
<pin id="61" dir="1" index="0" bw="1" slack="0"/>
</pin_list>
<bind>
<StgValue><ssdm name=""/></StgValue>
</bind>
</comp>

<comp id="62" class="1001" name="const_62">
<pin_list>
<pin id="63" dir="1" index="0" bw="1" slack="0"/>
</pin_list>
<bind>
<StgValue><ssdm name=""/></StgValue>
</bind>
</comp>

<comp id="64" class="1001" name="const_64">
<pin_list>
<pin id="65" dir="1" index="0" bw="1" slack="0"/>
</pin_list>
<bind>
<StgValue><ssdm name=""/></StgValue>
</bind>
</comp>

<comp id="66" class="1001" name="const_66">
<pin_list>
<pin id="67" dir="1" index="0" bw="1" slack="0"/>
</pin_list>
<bind>
<StgValue><ssdm name=""/></StgValue>
</bind>
</comp>

<comp id="68" class="1001" name="const_68">
<pin_list>
<pin id="69" dir="1" index="0" bw="1" slack="0"/>
</pin_list>
<bind>
<StgValue><ssdm name=""/></StgValue>
</bind>
</comp>

<comp id="70" class="1001" name="const_70">
<pin_list>
<pin id="71" dir="1" index="0" bw="1" slack="0"/>
</pin_list>
<bind>
<StgValue><ssdm name=""/></StgValue>
</bind>
</comp>

<comp id="72" class="1001" name="const_72">
<pin_list>
<pin id="73" dir="1" index="0" bw="1" slack="0"/>
</pin_list>
<bind>
<StgValue><ssdm name=""/></StgValue>
</bind>
</comp>

<comp id="74" class="1001" name="const_74">
<pin_list>
<pin id="75" dir="1" index="0" bw="1" slack="0"/>
</pin_list>
<bind>
<StgValue><ssdm name=""/></StgValue>
</bind>
</comp>

<comp id="76" class="1001" name="const_76">
<pin_list>
<pin id="77" dir="1" index="0" bw="1" slack="0"/>
</pin_list>
<bind>
<StgValue><ssdm name=""/></StgValue>
</bind>
</comp>

<comp id="78" class="1001" name="const_78">
<pin_list>
<pin id="79" dir="1" index="0" bw="1" slack="0"/>
</pin_list>
<bind>
<StgValue><ssdm name=""/></StgValue>
</bind>
</comp>

<comp id="80" class="1001" name="const_80">
<pin_list>
<pin id="81" dir="1" index="0" bw="1" slack="0"/>
</pin_list>
<bind>
<StgValue><ssdm name=""/></StgValue>
</bind>
</comp>

<comp id="82" class="1001" name="const_82">
<pin_list>
<pin id="83" dir="1" index="0" bw="1" slack="0"/>
</pin_list>
<bind>
<StgValue><ssdm name=""/></StgValue>
</bind>
</comp>

<comp id="84" class="1001" name="const_84">
<pin_list>
<pin id="85" dir="1" index="0" bw="1" slack="0"/>
</pin_list>
<bind>
<StgValue><ssdm name=""/></StgValue>
</bind>
</comp>

<comp id="86" class="1001" name="const_86">
<pin_list>
<pin id="87" dir="1" index="0" bw="1" slack="0"/>
</pin_list>
<bind>
<StgValue><ssdm name=""/></StgValue>
</bind>
</comp>

<comp id="88" class="1001" name="const_88">
<pin_list>
<pin id="89" dir="1" index="0" bw="1" slack="0"/>
</pin_list>
<bind>
<StgValue><ssdm name=""/></StgValue>
</bind>
</comp>

<comp id="90" class="1001" name="const_90">
<pin_list>
<pin id="91" dir="1" index="0" bw="1" slack="0"/>
</pin_list>
<bind>
<StgValue><ssdm name=""/></StgValue>
</bind>
</comp>

<comp id="92" class="1001" name="const_92">
<pin_list>
<pin id="93" dir="1" index="0" bw="1" slack="0"/>
</pin_list>
<bind>
<StgValue><ssdm name=""/></StgValue>
</bind>
</comp>

<comp id="94" class="1001" name="const_94">
<pin_list>
<pin id="95" dir="1" index="0" bw="1" slack="0"/>
</pin_list>
<bind>
<StgValue><ssdm name=""/></StgValue>
</bind>
</comp>

<comp id="96" class="1001" name="const_96">
<pin_list>
<pin id="97" dir="1" index="0" bw="1" slack="0"/>
</pin_list>
<bind>
<StgValue><ssdm name=""/></StgValue>
</bind>
</comp>

<comp id="98" class="1001" name="const_98">
<pin_list>
<pin id="99" dir="1" index="0" bw="1" slack="0"/>
</pin_list>
<bind>
<StgValue><ssdm name=""/></StgValue>
</bind>
</comp>

<comp id="100" class="1001" name="const_100">
<pin_list>
<pin id="101" dir="1" index="0" bw="1" slack="0"/>
</pin_list>
<bind>
<StgValue><ssdm name=""/></StgValue>
</bind>
</comp>

<comp id="102" class="1001" name="const_102">
<pin_list>
<pin id="103" dir="1" index="0" bw="1" slack="0"/>
</pin_list>
<bind>
<StgValue><ssdm name=""/></StgValue>
</bind>
</comp>

<comp id="104" class="1001" name="const_104">
<pin_list>
<pin id="105" dir="1" index="0" bw="1" slack="0"/>
</pin_list>
<bind>
<StgValue><ssdm name=""/></StgValue>
</bind>
</comp>

<comp id="106" class="1001" name="const_106">
<pin_list>
<pin id="107" dir="1" index="0" bw="1" slack="0"/>
</pin_list>
<bind>
<StgValue><ssdm name=""/></StgValue>
</bind>
</comp>

<comp id="108" class="1001" name="const_108">
<pin_list>
<pin id="109" dir="1" index="0" bw="1" slack="0"/>
</pin_list>
<bind>
<StgValue><ssdm name=""/></StgValue>
</bind>
</comp>

<comp id="110" class="1001" name="const_110">
<pin_list>
<pin id="111" dir="1" index="0" bw="1" slack="0"/>
</pin_list>
<bind>
<StgValue><ssdm name=""/></StgValue>
</bind>
</comp>

<comp id="112" class="1001" name="const_112">
<pin_list>
<pin id="113" dir="1" index="0" bw="1" slack="0"/>
</pin_list>
<bind>
<StgValue><ssdm name=""/></StgValue>
</bind>
</comp>

<comp id="114" class="1001" name="const_114">
<pin_list>
<pin id="115" dir="1" index="0" bw="1" slack="0"/>
</pin_list>
<bind>
<StgValue><ssdm name=""/></StgValue>
</bind>
</comp>

<comp id="116" class="1001" name="const_116">
<pin_list>
<pin id="117" dir="1" index="0" bw="1" slack="0"/>
</pin_list>
<bind>
<StgValue><ssdm name=""/></StgValue>
</bind>
</comp>

<comp id="118" class="1001" name="const_118">
<pin_list>
<pin id="119" dir="1" index="0" bw="1" slack="0"/>
</pin_list>
<bind>
<StgValue><ssdm name=""/></StgValue>
</bind>
</comp>

<comp id="120" class="1001" name="const_120">
<pin_list>
<pin id="121" dir="1" index="0" bw="1" slack="0"/>
</pin_list>
<bind>
<StgValue><ssdm name=""/></StgValue>
</bind>
</comp>

<comp id="122" class="1001" name="const_122">
<pin_list>
<pin id="123" dir="1" index="0" bw="1" slack="0"/>
</pin_list>
<bind>
<StgValue><ssdm name=""/></StgValue>
</bind>
</comp>

<comp id="124" class="1001" name="const_124">
<pin_list>
<pin id="125" dir="1" index="0" bw="1" slack="0"/>
</pin_list>
<bind>
<StgValue><ssdm name="_ssdm_op_Mux.ap_auto.18i8.i5"/></StgValue>
</bind>
</comp>

<comp id="126" class="1001" name="const_126">
<pin_list>
<pin id="127" dir="1" index="0" bw="1" slack="0"/>
</pin_list>
<bind>
<StgValue><ssdm name=""/></StgValue>
</bind>
</comp>

<comp id="128" class="1001" name="const_128">
<pin_list>
<pin id="129" dir="1" index="0" bw="1" slack="0"/>
</pin_list>
<bind>
<StgValue><ssdm name=""/></StgValue>
</bind>
</comp>

<comp id="130" class="1001" name="const_130">
<pin_list>
<pin id="131" dir="1" index="0" bw="1" slack="0"/>
</pin_list>
<bind>
<StgValue><ssdm name="_ssdm_op_PartSelect.i8.i13.i32.i32"/></StgValue>
</bind>
</comp>

<comp id="132" class="1001" name="const_132">
<pin_list>
<pin id="133" dir="1" index="0" bw="1" slack="0"/>
</pin_list>
<bind>
<StgValue><ssdm name=""/></StgValue>
</bind>
</comp>

<comp id="134" class="1001" name="const_134">
<pin_list>
<pin id="135" dir="1" index="0" bw="1" slack="0"/>
</pin_list>
<bind>
<StgValue><ssdm name=""/></StgValue>
</bind>
</comp>

<comp id="136" class="1001" name="const_136">
<pin_list>
<pin id="137" dir="1" index="0" bw="1" slack="0"/>
</pin_list>
<bind>
<StgValue><ssdm name=""/></StgValue>
</bind>
</comp>

<comp id="138" class="1001" name="const_138">
<pin_list>
<pin id="139" dir="1" index="0" bw="1" slack="3"/>
</pin_list>
<bind>
<StgValue><ssdm name=""/></StgValue>
</bind>
</comp>

<comp id="140" class="1001" name="const_140">
<pin_list>
<pin id="141" dir="1" index="0" bw="1" slack="0"/>
</pin_list>
<bind>
<StgValue><ssdm name="_ssdm_op_Mux.ap_auto.4i8.i2"/></StgValue>
</bind>
</comp>

<comp id="142" class="1001" name="const_142">
<pin_list>
<pin id="143" dir="1" index="0" bw="1" slack="0"/>
</pin_list>
<bind>
<StgValue><ssdm name=""/></StgValue>
</bind>
</comp>

<comp id="144" class="1001" name="const_144">
<pin_list>
<pin id="145" dir="1" index="0" bw="1" slack="0"/>
</pin_list>
<bind>
<StgValue><ssdm name=""/></StgValue>
</bind>
</comp>

<comp id="146" class="1001" name="const_146">
<pin_list>
<pin id="147" dir="1" index="0" bw="1" slack="0"/>
</pin_list>
<bind>
<StgValue><ssdm name=""/></StgValue>
</bind>
</comp>

<comp id="148" class="1001" name="const_148">
<pin_list>
<pin id="149" dir="1" index="0" bw="1" slack="0"/>
</pin_list>
<bind>
<StgValue><ssdm name=""/></StgValue>
</bind>
</comp>

<comp id="150" class="1001" name="const_150">
<pin_list>
<pin id="151" dir="1" index="0" bw="1" slack="2147483647"/>
</pin_list>
<bind>
<StgValue><ssdm name="_ssdm_op_SpecLoopTripCount"/></StgValue>
</bind>
</comp>

<comp id="152" class="1001" name="const_152">
<pin_list>
<pin id="153" dir="1" index="0" bw="1" slack="2147483647"/>
</pin_list>
<bind>
<StgValue><ssdm name=""/></StgValue>
</bind>
</comp>

<comp id="154" class="1001" name="const_154">
<pin_list>
<pin id="155" dir="1" index="0" bw="1" slack="2147483647"/>
</pin_list>
<bind>
<StgValue><ssdm name="_ssdm_op_SpecPipeline"/></StgValue>
</bind>
</comp>

<comp id="156" class="1001" name="const_156">
<pin_list>
<pin id="157" dir="1" index="0" bw="1" slack="2147483647"/>
</pin_list>
<bind>
<StgValue><ssdm name=""/></StgValue>
</bind>
</comp>

<comp id="158" class="1001" name="const_158">
<pin_list>
<pin id="159" dir="1" index="0" bw="1" slack="2147483647"/>
</pin_list>
<bind>
<StgValue><ssdm name="_ssdm_op_SpecLoopName"/></StgValue>
</bind>
</comp>

<comp id="160" class="1001" name="const_160">
<pin_list>
<pin id="161" dir="1" index="0" bw="1" slack="2147483647"/>
</pin_list>
<bind>
<StgValue><ssdm name="empty_3"/></StgValue>
</bind>
</comp>

<comp id="162" class="1001" name="const_162">
<pin_list>
<pin id="163" dir="1" index="0" bw="1" slack="2147483647"/>
</pin_list>
<bind>
<StgValue><ssdm name="_ssdm_op_SpecRegionEnd"/></StgValue>
</bind>
</comp>

<comp id="164" class="1001" name="const_164">
<pin_list>
<pin id="165" dir="1" index="0" bw="1" slack="0"/>
</pin_list>
<bind>
<StgValue><ssdm name="_ssdm_op_BitConcatenate.i256.i8.i8.i8.i8.i8.i8.i8.i8.i8.i8.i8.i8.i8.i8.i8.i8.i8.i8.i8.i8.i8.i8.i8.i8.i8.i8.i8.i8.i8.i8.i8.i8"/></StgValue>
</bind>
</comp>

<comp id="166" class="1001" name="const_166">
<pin_list>
<pin id="167" dir="1" index="0" bw="1" slack="0"/>
</pin_list>
<bind>
<StgValue><ssdm name="_ssdm_op_Write.ap_fifo.volatile.i256P0A"/></StgValue>
</bind>
</comp>

<comp id="168" class="1004" name="internal_input_read_read_fu_168">
<pin_list>
<pin id="169" dir="0" index="0" bw="144" slack="0"/>
<pin id="170" dir="0" index="1" bw="144" slack="0"/>
<pin id="171" dir="1" index="2" bw="144" slack="0"/>
</pin_list>
<bind>
<opcode="read(1150) " fcode="read"/>
<opset="internal_input_read/2 "/>
</bind>
</comp>

<comp id="174" class="1004" name="write_ln77_write_fu_174">
<pin_list>
<pin id="175" dir="0" index="0" bw="0" slack="0"/>
<pin id="176" dir="0" index="1" bw="256" slack="0"/>
<pin id="177" dir="0" index="2" bw="256" slack="0"/>
<pin id="178" dir="1" index="3" bw="0" slack="2147483647"/>
</pin_list>
<bind>
<opcode="write(1151) " fcode="write"/>
<opset="write_ln77/6 "/>
</bind>
</comp>

<comp id="181" class="1004" name="outidx_1_addr_gep_fu_181">
<pin_list>
<pin id="182" dir="0" index="0" bw="2" slack="0"/>
<pin id="183" dir="0" index="1" bw="1" slack="0"/>
<pin id="184" dir="0" index="2" bw="7" slack="0"/>
<pin id="185" dir="1" index="3" bw="7" slack="0"/>
</pin_list>
<bind>
<opcode="getelementptr(29) " fcode="getelementptr"/>
<opset="outidx_1_addr/2 "/>
</bind>
</comp>

<comp id="188" class="1004" name="grp_access_fu_188">
<pin_list>
<pin id="189" dir="0" index="0" bw="7" slack="0"/>
<pin id="190" dir="0" index="1" bw="2" slack="2147483647"/>
<pin id="191" dir="0" index="2" bw="0" slack="2147483647"/>
<pin id="192" dir="1" index="3" bw="2" slack="2"/>
</pin_list>
<bind>
<opcode="load(27) " fcode="load"/>
<opset="out_index/2 "/>
</bind>
</comp>

<comp id="194" class="1004" name="w2_V_addr_gep_fu_194">
<pin_list>
<pin id="195" dir="0" index="0" bw="8" slack="0"/>
<pin id="196" dir="0" index="1" bw="1" slack="0"/>
<pin id="197" dir="0" index="2" bw="7" slack="0"/>
<pin id="198" dir="1" index="3" bw="10" slack="0"/>
</pin_list>
<bind>
<opcode="getelementptr(29) " fcode="getelementptr"/>
<opset="w2_V_addr/2 "/>
</bind>
</comp>

<comp id="201" class="1004" name="grp_access_fu_201">
<pin_list>
<pin id="202" dir="0" index="0" bw="10" slack="0"/>
<pin id="203" dir="0" index="1" bw="8" slack="2147483647"/>
<pin id="204" dir="0" index="2" bw="0" slack="0"/>
<pin id="206" dir="0" index="4" bw="10" slack="2147483647"/>
<pin id="207" dir="0" index="5" bw="8" slack="0"/>
<pin id="208" dir="0" index="6" bw="0" slack="2147483647"/>
<pin id="210" dir="0" index="8" bw="10" slack="0"/>
<pin id="211" dir="0" index="9" bw="8" slack="2147483647"/>
<pin id="212" dir="0" index="10" bw="0" slack="0"/>
<pin id="214" dir="0" index="12" bw="10" slack="2147483647"/>
<pin id="215" dir="0" index="13" bw="8" slack="0"/>
<pin id="216" dir="0" index="14" bw="0" slack="2147483647"/>
<pin id="218" dir="0" index="16" bw="10" slack="0"/>
<pin id="219" dir="0" index="17" bw="8" slack="2147483647"/>
<pin id="220" dir="0" index="18" bw="0" slack="0"/>
<pin id="222" dir="0" index="20" bw="10" slack="2147483647"/>
<pin id="223" dir="0" index="21" bw="8" slack="2147483647"/>
<pin id="224" dir="0" index="22" bw="0" slack="2147483647"/>
<pin id="226" dir="0" index="24" bw="10" slack="2147483647"/>
<pin id="227" dir="0" index="25" bw="8" slack="2147483647"/>
<pin id="228" dir="0" index="26" bw="0" slack="2147483647"/>
<pin id="230" dir="0" index="28" bw="10" slack="2147483647"/>
<pin id="231" dir="0" index="29" bw="8" slack="2147483647"/>
<pin id="232" dir="0" index="30" bw="0" slack="2147483647"/>
<pin id="205" dir="1" index="3" bw="8" slack="1"/>
<pin id="209" dir="1" index="7" bw="8" slack="1"/>
<pin id="213" dir="1" index="11" bw="8" slack="1"/>
<pin id="217" dir="1" index="15" bw="8" slack="1"/>
<pin id="221" dir="1" index="19" bw="8" slack="1"/>
<pin id="225" dir="1" index="23" bw="8" slack="1"/>
<pin id="229" dir="1" index="27" bw="8" slack="1"/>
<pin id="233" dir="1" index="31" bw="8" slack="1"/>
</pin_list>
<bind>
<opcode="load(27) " fcode="load"/>
<opset="w_V/2 w_V_8/2 w_V_9/2 w_V_10/2 w_V_11/2 w_V_12/2 w_V_13/2 w_V_14/2 "/>
</bind>
</comp>

<comp id="235" class="1004" name="w2_V_addr_1_gep_fu_235">
<pin_list>
<pin id="236" dir="0" index="0" bw="8" slack="0"/>
<pin id="237" dir="0" index="1" bw="1" slack="0"/>
<pin id="238" dir="0" index="2" bw="8" slack="0"/>
<pin id="239" dir="1" index="3" bw="10" slack="0"/>
</pin_list>
<bind>
<opcode="getelementptr(29) " fcode="getelementptr"/>
<opset="w2_V_addr_1/2 "/>
</bind>
</comp>

<comp id="243" class="1004" name="w2_V_addr_2_gep_fu_243">
<pin_list>
<pin id="244" dir="0" index="0" bw="8" slack="0"/>
<pin id="245" dir="0" index="1" bw="1" slack="0"/>
<pin id="246" dir="0" index="2" bw="8" slack="0"/>
<pin id="247" dir="1" index="3" bw="10" slack="0"/>
</pin_list>
<bind>
<opcode="getelementptr(29) " fcode="getelementptr"/>
<opset="w2_V_addr_2/2 "/>
</bind>
</comp>

<comp id="251" class="1004" name="w2_V_addr_3_gep_fu_251">
<pin_list>
<pin id="252" dir="0" index="0" bw="8" slack="0"/>
<pin id="253" dir="0" index="1" bw="1" slack="0"/>
<pin id="254" dir="0" index="2" bw="9" slack="0"/>
<pin id="255" dir="1" index="3" bw="10" slack="0"/>
</pin_list>
<bind>
<opcode="getelementptr(29) " fcode="getelementptr"/>
<opset="w2_V_addr_3/2 "/>
</bind>
</comp>

<comp id="259" class="1004" name="w2_V_addr_4_gep_fu_259">
<pin_list>
<pin id="260" dir="0" index="0" bw="8" slack="0"/>
<pin id="261" dir="0" index="1" bw="1" slack="0"/>
<pin id="262" dir="0" index="2" bw="9" slack="0"/>
<pin id="263" dir="1" index="3" bw="10" slack="0"/>
</pin_list>
<bind>
<opcode="getelementptr(29) " fcode="getelementptr"/>
<opset="w2_V_addr_4/2 "/>
</bind>
</comp>

<comp id="267" class="1004" name="w2_V_addr_5_gep_fu_267">
<pin_list>
<pin id="268" dir="0" index="0" bw="8" slack="0"/>
<pin id="269" dir="0" index="1" bw="1" slack="0"/>
<pin id="270" dir="0" index="2" bw="9" slack="0"/>
<pin id="271" dir="1" index="3" bw="10" slack="0"/>
</pin_list>
<bind>
<opcode="getelementptr(29) " fcode="getelementptr"/>
<opset="w2_V_addr_5/2 "/>
</bind>
</comp>

<comp id="275" class="1004" name="w2_V_addr_6_gep_fu_275">
<pin_list>
<pin id="276" dir="0" index="0" bw="8" slack="0"/>
<pin id="277" dir="0" index="1" bw="1" slack="0"/>
<pin id="278" dir="0" index="2" bw="9" slack="0"/>
<pin id="279" dir="1" index="3" bw="10" slack="0"/>
</pin_list>
<bind>
<opcode="getelementptr(29) " fcode="getelementptr"/>
<opset="w2_V_addr_6/2 "/>
</bind>
</comp>

<comp id="283" class="1004" name="w2_V_addr_7_gep_fu_283">
<pin_list>
<pin id="284" dir="0" index="0" bw="8" slack="0"/>
<pin id="285" dir="0" index="1" bw="1" slack="0"/>
<pin id="286" dir="0" index="2" bw="10" slack="0"/>
<pin id="287" dir="1" index="3" bw="10" slack="0"/>
</pin_list>
<bind>
<opcode="getelementptr(29) " fcode="getelementptr"/>
<opset="w2_V_addr_7/2 "/>
</bind>
</comp>

<comp id="291" class="1005" name="do_init_reg_291">
<pin_list>
<pin id="292" dir="0" index="0" bw="1" slack="1"/>
<pin id="293" dir="1" index="1" bw="1" slack="1"/>
</pin_list>
<bind>
<opset="do_init (phireg) "/>
</bind>
</comp>

<comp id="295" class="1004" name="do_init_phi_fu_295">
<pin_list>
<pin id="296" dir="0" index="0" bw="1" slack="1"/>
<pin id="297" dir="0" index="1" bw="0" slack="2147483647"/>
<pin id="298" dir="0" index="2" bw="1" slack="0"/>
<pin id="299" dir="0" index="3" bw="0" slack="2147483647"/>
<pin id="300" dir="0" index="4" bw="1" slack="0"/>
<pin id="301" dir="0" index="5" bw="0" slack="2147483647"/>
<pin id="302" dir="1" index="6" bw="1" slack="1"/>
</pin_list>
<bind>
<opcode="phi(47) " fcode="phi"/>
<opset="do_init/2 "/>
</bind>
</comp>

<comp id="307" class="1005" name="data_V_42_rewind_reg_307">
<pin_list>
<pin id="308" dir="0" index="0" bw="8" slack="1"/>
<pin id="309" dir="1" index="1" bw="8" slack="1"/>
</pin_list>
<bind>
<opset="data_V_42_rewind (phireg) "/>
</bind>
</comp>

<comp id="311" class="1004" name="data_V_42_rewind_phi_fu_311">
<pin_list>
<pin id="312" dir="0" index="0" bw="1" slack="1"/>
<pin id="313" dir="0" index="1" bw="0" slack="2147483647"/>
<pin id="314" dir="0" index="2" bw="8" slack="0"/>
<pin id="315" dir="0" index="3" bw="0" slack="2147483647"/>
<pin id="316" dir="0" index="4" bw="1" slack="0"/>
<pin id="317" dir="0" index="5" bw="0" slack="2147483647"/>
<pin id="318" dir="1" index="6" bw="8" slack="0"/>
</pin_list>
<bind>
<opcode="phi(47) " fcode="phi"/>
<opset="data_V_42_rewind/2 "/>
</bind>
</comp>

<comp id="321" class="1005" name="data_V_41_rewind_reg_321">
<pin_list>
<pin id="322" dir="0" index="0" bw="8" slack="1"/>
<pin id="323" dir="1" index="1" bw="8" slack="1"/>
</pin_list>
<bind>
<opset="data_V_41_rewind (phireg) "/>
</bind>
</comp>

<comp id="325" class="1004" name="data_V_41_rewind_phi_fu_325">
<pin_list>
<pin id="326" dir="0" index="0" bw="1" slack="1"/>
<pin id="327" dir="0" index="1" bw="0" slack="2147483647"/>
<pin id="328" dir="0" index="2" bw="8" slack="0"/>
<pin id="329" dir="0" index="3" bw="0" slack="2147483647"/>
<pin id="330" dir="0" index="4" bw="1" slack="0"/>
<pin id="331" dir="0" index="5" bw="0" slack="2147483647"/>
<pin id="332" dir="1" index="6" bw="8" slack="0"/>
</pin_list>
<bind>
<opcode="phi(47) " fcode="phi"/>
<opset="data_V_41_rewind/2 "/>
</bind>
</comp>

<comp id="335" class="1005" name="data_V_40_rewind_reg_335">
<pin_list>
<pin id="336" dir="0" index="0" bw="8" slack="1"/>
<pin id="337" dir="1" index="1" bw="8" slack="1"/>
</pin_list>
<bind>
<opset="data_V_40_rewind (phireg) "/>
</bind>
</comp>

<comp id="339" class="1004" name="data_V_40_rewind_phi_fu_339">
<pin_list>
<pin id="340" dir="0" index="0" bw="1" slack="1"/>
<pin id="341" dir="0" index="1" bw="0" slack="2147483647"/>
<pin id="342" dir="0" index="2" bw="8" slack="0"/>
<pin id="343" dir="0" index="3" bw="0" slack="2147483647"/>
<pin id="344" dir="0" index="4" bw="1" slack="0"/>
<pin id="345" dir="0" index="5" bw="0" slack="2147483647"/>
<pin id="346" dir="1" index="6" bw="8" slack="0"/>
</pin_list>
<bind>
<opcode="phi(47) " fcode="phi"/>
<opset="data_V_40_rewind/2 "/>
</bind>
</comp>

<comp id="349" class="1005" name="data_V_39_rewind_reg_349">
<pin_list>
<pin id="350" dir="0" index="0" bw="8" slack="1"/>
<pin id="351" dir="1" index="1" bw="8" slack="1"/>
</pin_list>
<bind>
<opset="data_V_39_rewind (phireg) "/>
</bind>
</comp>

<comp id="353" class="1004" name="data_V_39_rewind_phi_fu_353">
<pin_list>
<pin id="354" dir="0" index="0" bw="1" slack="1"/>
<pin id="355" dir="0" index="1" bw="0" slack="2147483647"/>
<pin id="356" dir="0" index="2" bw="8" slack="0"/>
<pin id="357" dir="0" index="3" bw="0" slack="2147483647"/>
<pin id="358" dir="0" index="4" bw="1" slack="0"/>
<pin id="359" dir="0" index="5" bw="0" slack="2147483647"/>
<pin id="360" dir="1" index="6" bw="8" slack="0"/>
</pin_list>
<bind>
<opcode="phi(47) " fcode="phi"/>
<opset="data_V_39_rewind/2 "/>
</bind>
</comp>

<comp id="363" class="1005" name="data_V_38_rewind_reg_363">
<pin_list>
<pin id="364" dir="0" index="0" bw="8" slack="1"/>
<pin id="365" dir="1" index="1" bw="8" slack="1"/>
</pin_list>
<bind>
<opset="data_V_38_rewind (phireg) "/>
</bind>
</comp>

<comp id="367" class="1004" name="data_V_38_rewind_phi_fu_367">
<pin_list>
<pin id="368" dir="0" index="0" bw="1" slack="1"/>
<pin id="369" dir="0" index="1" bw="0" slack="2147483647"/>
<pin id="370" dir="0" index="2" bw="8" slack="0"/>
<pin id="371" dir="0" index="3" bw="0" slack="2147483647"/>
<pin id="372" dir="0" index="4" bw="1" slack="0"/>
<pin id="373" dir="0" index="5" bw="0" slack="2147483647"/>
<pin id="374" dir="1" index="6" bw="8" slack="0"/>
</pin_list>
<bind>
<opcode="phi(47) " fcode="phi"/>
<opset="data_V_38_rewind/2 "/>
</bind>
</comp>

<comp id="377" class="1005" name="data_V_37_rewind_reg_377">
<pin_list>
<pin id="378" dir="0" index="0" bw="8" slack="1"/>
<pin id="379" dir="1" index="1" bw="8" slack="1"/>
</pin_list>
<bind>
<opset="data_V_37_rewind (phireg) "/>
</bind>
</comp>

<comp id="381" class="1004" name="data_V_37_rewind_phi_fu_381">
<pin_list>
<pin id="382" dir="0" index="0" bw="1" slack="1"/>
<pin id="383" dir="0" index="1" bw="0" slack="2147483647"/>
<pin id="384" dir="0" index="2" bw="8" slack="0"/>
<pin id="385" dir="0" index="3" bw="0" slack="2147483647"/>
<pin id="386" dir="0" index="4" bw="1" slack="0"/>
<pin id="387" dir="0" index="5" bw="0" slack="2147483647"/>
<pin id="388" dir="1" index="6" bw="8" slack="0"/>
</pin_list>
<bind>
<opcode="phi(47) " fcode="phi"/>
<opset="data_V_37_rewind/2 "/>
</bind>
</comp>

<comp id="391" class="1005" name="data_V_36_rewind_reg_391">
<pin_list>
<pin id="392" dir="0" index="0" bw="8" slack="1"/>
<pin id="393" dir="1" index="1" bw="8" slack="1"/>
</pin_list>
<bind>
<opset="data_V_36_rewind (phireg) "/>
</bind>
</comp>

<comp id="395" class="1004" name="data_V_36_rewind_phi_fu_395">
<pin_list>
<pin id="396" dir="0" index="0" bw="1" slack="1"/>
<pin id="397" dir="0" index="1" bw="0" slack="2147483647"/>
<pin id="398" dir="0" index="2" bw="8" slack="0"/>
<pin id="399" dir="0" index="3" bw="0" slack="2147483647"/>
<pin id="400" dir="0" index="4" bw="1" slack="0"/>
<pin id="401" dir="0" index="5" bw="0" slack="2147483647"/>
<pin id="402" dir="1" index="6" bw="8" slack="0"/>
</pin_list>
<bind>
<opcode="phi(47) " fcode="phi"/>
<opset="data_V_36_rewind/2 "/>
</bind>
</comp>

<comp id="405" class="1005" name="data_V_35_rewind_reg_405">
<pin_list>
<pin id="406" dir="0" index="0" bw="8" slack="1"/>
<pin id="407" dir="1" index="1" bw="8" slack="1"/>
</pin_list>
<bind>
<opset="data_V_35_rewind (phireg) "/>
</bind>
</comp>

<comp id="409" class="1004" name="data_V_35_rewind_phi_fu_409">
<pin_list>
<pin id="410" dir="0" index="0" bw="1" slack="1"/>
<pin id="411" dir="0" index="1" bw="0" slack="2147483647"/>
<pin id="412" dir="0" index="2" bw="8" slack="0"/>
<pin id="413" dir="0" index="3" bw="0" slack="2147483647"/>
<pin id="414" dir="0" index="4" bw="1" slack="0"/>
<pin id="415" dir="0" index="5" bw="0" slack="2147483647"/>
<pin id="416" dir="1" index="6" bw="8" slack="0"/>
</pin_list>
<bind>
<opcode="phi(47) " fcode="phi"/>
<opset="data_V_35_rewind/2 "/>
</bind>
</comp>

<comp id="419" class="1005" name="data_V_34_rewind_reg_419">
<pin_list>
<pin id="420" dir="0" index="0" bw="8" slack="1"/>
<pin id="421" dir="1" index="1" bw="8" slack="1"/>
</pin_list>
<bind>
<opset="data_V_34_rewind (phireg) "/>
</bind>
</comp>

<comp id="423" class="1004" name="data_V_34_rewind_phi_fu_423">
<pin_list>
<pin id="424" dir="0" index="0" bw="1" slack="1"/>
<pin id="425" dir="0" index="1" bw="0" slack="2147483647"/>
<pin id="426" dir="0" index="2" bw="8" slack="0"/>
<pin id="427" dir="0" index="3" bw="0" slack="2147483647"/>
<pin id="428" dir="0" index="4" bw="1" slack="0"/>
<pin id="429" dir="0" index="5" bw="0" slack="2147483647"/>
<pin id="430" dir="1" index="6" bw="8" slack="0"/>
</pin_list>
<bind>
<opcode="phi(47) " fcode="phi"/>
<opset="data_V_34_rewind/2 "/>
</bind>
</comp>

<comp id="433" class="1005" name="data_V_33_rewind_reg_433">
<pin_list>
<pin id="434" dir="0" index="0" bw="8" slack="1"/>
<pin id="435" dir="1" index="1" bw="8" slack="1"/>
</pin_list>
<bind>
<opset="data_V_33_rewind (phireg) "/>
</bind>
</comp>

<comp id="437" class="1004" name="data_V_33_rewind_phi_fu_437">
<pin_list>
<pin id="438" dir="0" index="0" bw="1" slack="1"/>
<pin id="439" dir="0" index="1" bw="0" slack="2147483647"/>
<pin id="440" dir="0" index="2" bw="8" slack="0"/>
<pin id="441" dir="0" index="3" bw="0" slack="2147483647"/>
<pin id="442" dir="0" index="4" bw="1" slack="0"/>
<pin id="443" dir="0" index="5" bw="0" slack="2147483647"/>
<pin id="444" dir="1" index="6" bw="8" slack="0"/>
</pin_list>
<bind>
<opcode="phi(47) " fcode="phi"/>
<opset="data_V_33_rewind/2 "/>
</bind>
</comp>

<comp id="447" class="1005" name="data_V_32_rewind_reg_447">
<pin_list>
<pin id="448" dir="0" index="0" bw="8" slack="1"/>
<pin id="449" dir="1" index="1" bw="8" slack="1"/>
</pin_list>
<bind>
<opset="data_V_32_rewind (phireg) "/>
</bind>
</comp>

<comp id="451" class="1004" name="data_V_32_rewind_phi_fu_451">
<pin_list>
<pin id="452" dir="0" index="0" bw="1" slack="1"/>
<pin id="453" dir="0" index="1" bw="0" slack="2147483647"/>
<pin id="454" dir="0" index="2" bw="8" slack="0"/>
<pin id="455" dir="0" index="3" bw="0" slack="2147483647"/>
<pin id="456" dir="0" index="4" bw="1" slack="0"/>
<pin id="457" dir="0" index="5" bw="0" slack="2147483647"/>
<pin id="458" dir="1" index="6" bw="8" slack="0"/>
</pin_list>
<bind>
<opcode="phi(47) " fcode="phi"/>
<opset="data_V_32_rewind/2 "/>
</bind>
</comp>

<comp id="461" class="1005" name="data_V_31_rewind_reg_461">
<pin_list>
<pin id="462" dir="0" index="0" bw="8" slack="1"/>
<pin id="463" dir="1" index="1" bw="8" slack="1"/>
</pin_list>
<bind>
<opset="data_V_31_rewind (phireg) "/>
</bind>
</comp>

<comp id="465" class="1004" name="data_V_31_rewind_phi_fu_465">
<pin_list>
<pin id="466" dir="0" index="0" bw="1" slack="1"/>
<pin id="467" dir="0" index="1" bw="0" slack="2147483647"/>
<pin id="468" dir="0" index="2" bw="8" slack="0"/>
<pin id="469" dir="0" index="3" bw="0" slack="2147483647"/>
<pin id="470" dir="0" index="4" bw="1" slack="0"/>
<pin id="471" dir="0" index="5" bw="0" slack="2147483647"/>
<pin id="472" dir="1" index="6" bw="8" slack="0"/>
</pin_list>
<bind>
<opcode="phi(47) " fcode="phi"/>
<opset="data_V_31_rewind/2 "/>
</bind>
</comp>

<comp id="475" class="1005" name="data_V_30_rewind_reg_475">
<pin_list>
<pin id="476" dir="0" index="0" bw="8" slack="1"/>
<pin id="477" dir="1" index="1" bw="8" slack="1"/>
</pin_list>
<bind>
<opset="data_V_30_rewind (phireg) "/>
</bind>
</comp>

<comp id="479" class="1004" name="data_V_30_rewind_phi_fu_479">
<pin_list>
<pin id="480" dir="0" index="0" bw="1" slack="1"/>
<pin id="481" dir="0" index="1" bw="0" slack="2147483647"/>
<pin id="482" dir="0" index="2" bw="8" slack="0"/>
<pin id="483" dir="0" index="3" bw="0" slack="2147483647"/>
<pin id="484" dir="0" index="4" bw="1" slack="0"/>
<pin id="485" dir="0" index="5" bw="0" slack="2147483647"/>
<pin id="486" dir="1" index="6" bw="8" slack="0"/>
</pin_list>
<bind>
<opcode="phi(47) " fcode="phi"/>
<opset="data_V_30_rewind/2 "/>
</bind>
</comp>

<comp id="489" class="1005" name="data_V_29_rewind_reg_489">
<pin_list>
<pin id="490" dir="0" index="0" bw="8" slack="1"/>
<pin id="491" dir="1" index="1" bw="8" slack="1"/>
</pin_list>
<bind>
<opset="data_V_29_rewind (phireg) "/>
</bind>
</comp>

<comp id="493" class="1004" name="data_V_29_rewind_phi_fu_493">
<pin_list>
<pin id="494" dir="0" index="0" bw="1" slack="1"/>
<pin id="495" dir="0" index="1" bw="0" slack="2147483647"/>
<pin id="496" dir="0" index="2" bw="8" slack="0"/>
<pin id="497" dir="0" index="3" bw="0" slack="2147483647"/>
<pin id="498" dir="0" index="4" bw="1" slack="0"/>
<pin id="499" dir="0" index="5" bw="0" slack="2147483647"/>
<pin id="500" dir="1" index="6" bw="8" slack="0"/>
</pin_list>
<bind>
<opcode="phi(47) " fcode="phi"/>
<opset="data_V_29_rewind/2 "/>
</bind>
</comp>

<comp id="503" class="1005" name="data_V_43_rewind_reg_503">
<pin_list>
<pin id="504" dir="0" index="0" bw="8" slack="1"/>
<pin id="505" dir="1" index="1" bw="8" slack="1"/>
</pin_list>
<bind>
<opset="data_V_43_rewind (phireg) "/>
</bind>
</comp>

<comp id="507" class="1004" name="data_V_43_rewind_phi_fu_507">
<pin_list>
<pin id="508" dir="0" index="0" bw="1" slack="1"/>
<pin id="509" dir="0" index="1" bw="0" slack="2147483647"/>
<pin id="510" dir="0" index="2" bw="8" slack="0"/>
<pin id="511" dir="0" index="3" bw="0" slack="2147483647"/>
<pin id="512" dir="0" index="4" bw="1" slack="0"/>
<pin id="513" dir="0" index="5" bw="0" slack="2147483647"/>
<pin id="514" dir="1" index="6" bw="8" slack="0"/>
</pin_list>
<bind>
<opcode="phi(47) " fcode="phi"/>
<opset="data_V_43_rewind/2 "/>
</bind>
</comp>

<comp id="517" class="1005" name="data_V_44_rewind_reg_517">
<pin_list>
<pin id="518" dir="0" index="0" bw="8" slack="1"/>
<pin id="519" dir="1" index="1" bw="8" slack="1"/>
</pin_list>
<bind>
<opset="data_V_44_rewind (phireg) "/>
</bind>
</comp>

<comp id="521" class="1004" name="data_V_44_rewind_phi_fu_521">
<pin_list>
<pin id="522" dir="0" index="0" bw="1" slack="1"/>
<pin id="523" dir="0" index="1" bw="0" slack="2147483647"/>
<pin id="524" dir="0" index="2" bw="8" slack="0"/>
<pin id="525" dir="0" index="3" bw="0" slack="2147483647"/>
<pin id="526" dir="0" index="4" bw="1" slack="0"/>
<pin id="527" dir="0" index="5" bw="0" slack="2147483647"/>
<pin id="528" dir="1" index="6" bw="8" slack="0"/>
</pin_list>
<bind>
<opcode="phi(47) " fcode="phi"/>
<opset="data_V_44_rewind/2 "/>
</bind>
</comp>

<comp id="531" class="1005" name="data_V_45_rewind_reg_531">
<pin_list>
<pin id="532" dir="0" index="0" bw="8" slack="1"/>
<pin id="533" dir="1" index="1" bw="8" slack="1"/>
</pin_list>
<bind>
<opset="data_V_45_rewind (phireg) "/>
</bind>
</comp>

<comp id="535" class="1004" name="data_V_45_rewind_phi_fu_535">
<pin_list>
<pin id="536" dir="0" index="0" bw="1" slack="1"/>
<pin id="537" dir="0" index="1" bw="0" slack="2147483647"/>
<pin id="538" dir="0" index="2" bw="8" slack="0"/>
<pin id="539" dir="0" index="3" bw="0" slack="2147483647"/>
<pin id="540" dir="0" index="4" bw="1" slack="0"/>
<pin id="541" dir="0" index="5" bw="0" slack="2147483647"/>
<pin id="542" dir="1" index="6" bw="8" slack="0"/>
</pin_list>
<bind>
<opcode="phi(47) " fcode="phi"/>
<opset="data_V_45_rewind/2 "/>
</bind>
</comp>

<comp id="545" class="1005" name="p_rewind_reg_545">
<pin_list>
<pin id="546" dir="0" index="0" bw="8" slack="1"/>
<pin id="547" dir="1" index="1" bw="8" slack="1"/>
</pin_list>
<bind>
<opset="p_rewind (phireg) "/>
</bind>
</comp>

<comp id="549" class="1004" name="p_rewind_phi_fu_549">
<pin_list>
<pin id="550" dir="0" index="0" bw="1" slack="1"/>
<pin id="551" dir="0" index="1" bw="0" slack="2147483647"/>
<pin id="552" dir="0" index="2" bw="8" slack="0"/>
<pin id="553" dir="0" index="3" bw="0" slack="2147483647"/>
<pin id="554" dir="0" index="4" bw="1" slack="0"/>
<pin id="555" dir="0" index="5" bw="0" slack="2147483647"/>
<pin id="556" dir="1" index="6" bw="8" slack="0"/>
</pin_list>
<bind>
<opcode="phi(47) " fcode="phi"/>
<opset="p_rewind/2 "/>
</bind>
</comp>

<comp id="559" class="1005" name="ir115_reg_559">
<pin_list>
<pin id="560" dir="0" index="0" bw="7" slack="1"/>
<pin id="561" dir="1" index="1" bw="7" slack="1"/>
</pin_list>
<bind>
<opset="ir115 (phireg) "/>
</bind>
</comp>

<comp id="563" class="1004" name="ir115_phi_fu_563">
<pin_list>
<pin id="564" dir="0" index="0" bw="1" slack="1"/>
<pin id="565" dir="0" index="1" bw="0" slack="2147483647"/>
<pin id="566" dir="0" index="2" bw="7" slack="0"/>
<pin id="567" dir="0" index="3" bw="0" slack="2147483647"/>
<pin id="568" dir="0" index="4" bw="1" slack="0"/>
<pin id="569" dir="0" index="5" bw="0" slack="2147483647"/>
<pin id="570" dir="1" index="6" bw="7" slack="0"/>
</pin_list>
<bind>
<opcode="phi(47) " fcode="phi"/>
<opset="ir115/2 "/>
</bind>
</comp>

<comp id="573" class="1005" name="data_V_42_phi_reg_573">
<pin_list>
<pin id="574" dir="0" index="0" bw="8" slack="0"/>
<pin id="575" dir="1" index="1" bw="8" slack="0"/>
</pin_list>
<bind>
<opset="data_V_42_phi (phireg) "/>
</bind>
</comp>

<comp id="577" class="1004" name="data_V_42_phi_phi_fu_577">
<pin_list>
<pin id="578" dir="0" index="0" bw="8" slack="0"/>
<pin id="579" dir="0" index="1" bw="0" slack="2147483647"/>
<pin id="580" dir="0" index="2" bw="8" slack="0"/>
<pin id="581" dir="0" index="3" bw="0" slack="2147483647"/>
<pin id="582" dir="1" index="4" bw="8" slack="0"/>
</pin_list>
<bind>
<opcode="phi(47) " fcode="phi"/>
<opset="data_V_42_phi/2 "/>
</bind>
</comp>

<comp id="585" class="1005" name="data_V_41_phi_reg_585">
<pin_list>
<pin id="586" dir="0" index="0" bw="8" slack="0"/>
<pin id="587" dir="1" index="1" bw="8" slack="0"/>
</pin_list>
<bind>
<opset="data_V_41_phi (phireg) "/>
</bind>
</comp>

<comp id="589" class="1004" name="data_V_41_phi_phi_fu_589">
<pin_list>
<pin id="590" dir="0" index="0" bw="8" slack="0"/>
<pin id="591" dir="0" index="1" bw="0" slack="2147483647"/>
<pin id="592" dir="0" index="2" bw="8" slack="0"/>
<pin id="593" dir="0" index="3" bw="0" slack="2147483647"/>
<pin id="594" dir="1" index="4" bw="8" slack="0"/>
</pin_list>
<bind>
<opcode="phi(47) " fcode="phi"/>
<opset="data_V_41_phi/2 "/>
</bind>
</comp>

<comp id="597" class="1005" name="data_V_40_phi_reg_597">
<pin_list>
<pin id="598" dir="0" index="0" bw="8" slack="0"/>
<pin id="599" dir="1" index="1" bw="8" slack="0"/>
</pin_list>
<bind>
<opset="data_V_40_phi (phireg) "/>
</bind>
</comp>

<comp id="601" class="1004" name="data_V_40_phi_phi_fu_601">
<pin_list>
<pin id="602" dir="0" index="0" bw="8" slack="0"/>
<pin id="603" dir="0" index="1" bw="0" slack="2147483647"/>
<pin id="604" dir="0" index="2" bw="8" slack="0"/>
<pin id="605" dir="0" index="3" bw="0" slack="2147483647"/>
<pin id="606" dir="1" index="4" bw="8" slack="0"/>
</pin_list>
<bind>
<opcode="phi(47) " fcode="phi"/>
<opset="data_V_40_phi/2 "/>
</bind>
</comp>

<comp id="609" class="1005" name="data_V_39_phi_reg_609">
<pin_list>
<pin id="610" dir="0" index="0" bw="8" slack="0"/>
<pin id="611" dir="1" index="1" bw="8" slack="0"/>
</pin_list>
<bind>
<opset="data_V_39_phi (phireg) "/>
</bind>
</comp>

<comp id="613" class="1004" name="data_V_39_phi_phi_fu_613">
<pin_list>
<pin id="614" dir="0" index="0" bw="8" slack="0"/>
<pin id="615" dir="0" index="1" bw="0" slack="2147483647"/>
<pin id="616" dir="0" index="2" bw="8" slack="0"/>
<pin id="617" dir="0" index="3" bw="0" slack="2147483647"/>
<pin id="618" dir="1" index="4" bw="8" slack="0"/>
</pin_list>
<bind>
<opcode="phi(47) " fcode="phi"/>
<opset="data_V_39_phi/2 "/>
</bind>
</comp>

<comp id="621" class="1005" name="data_V_38_phi_reg_621">
<pin_list>
<pin id="622" dir="0" index="0" bw="8" slack="0"/>
<pin id="623" dir="1" index="1" bw="8" slack="0"/>
</pin_list>
<bind>
<opset="data_V_38_phi (phireg) "/>
</bind>
</comp>

<comp id="625" class="1004" name="data_V_38_phi_phi_fu_625">
<pin_list>
<pin id="626" dir="0" index="0" bw="8" slack="0"/>
<pin id="627" dir="0" index="1" bw="0" slack="2147483647"/>
<pin id="628" dir="0" index="2" bw="8" slack="0"/>
<pin id="629" dir="0" index="3" bw="0" slack="2147483647"/>
<pin id="630" dir="1" index="4" bw="8" slack="0"/>
</pin_list>
<bind>
<opcode="phi(47) " fcode="phi"/>
<opset="data_V_38_phi/2 "/>
</bind>
</comp>

<comp id="633" class="1005" name="data_V_37_phi_reg_633">
<pin_list>
<pin id="634" dir="0" index="0" bw="8" slack="0"/>
<pin id="635" dir="1" index="1" bw="8" slack="0"/>
</pin_list>
<bind>
<opset="data_V_37_phi (phireg) "/>
</bind>
</comp>

<comp id="637" class="1004" name="data_V_37_phi_phi_fu_637">
<pin_list>
<pin id="638" dir="0" index="0" bw="8" slack="0"/>
<pin id="639" dir="0" index="1" bw="0" slack="2147483647"/>
<pin id="640" dir="0" index="2" bw="8" slack="0"/>
<pin id="641" dir="0" index="3" bw="0" slack="2147483647"/>
<pin id="642" dir="1" index="4" bw="8" slack="0"/>
</pin_list>
<bind>
<opcode="phi(47) " fcode="phi"/>
<opset="data_V_37_phi/2 "/>
</bind>
</comp>

<comp id="645" class="1005" name="data_V_36_phi_reg_645">
<pin_list>
<pin id="646" dir="0" index="0" bw="8" slack="0"/>
<pin id="647" dir="1" index="1" bw="8" slack="0"/>
</pin_list>
<bind>
<opset="data_V_36_phi (phireg) "/>
</bind>
</comp>

<comp id="649" class="1004" name="data_V_36_phi_phi_fu_649">
<pin_list>
<pin id="650" dir="0" index="0" bw="8" slack="0"/>
<pin id="651" dir="0" index="1" bw="0" slack="2147483647"/>
<pin id="652" dir="0" index="2" bw="8" slack="0"/>
<pin id="653" dir="0" index="3" bw="0" slack="2147483647"/>
<pin id="654" dir="1" index="4" bw="8" slack="0"/>
</pin_list>
<bind>
<opcode="phi(47) " fcode="phi"/>
<opset="data_V_36_phi/2 "/>
</bind>
</comp>

<comp id="657" class="1005" name="data_V_35_phi_reg_657">
<pin_list>
<pin id="658" dir="0" index="0" bw="8" slack="0"/>
<pin id="659" dir="1" index="1" bw="8" slack="0"/>
</pin_list>
<bind>
<opset="data_V_35_phi (phireg) "/>
</bind>
</comp>

<comp id="661" class="1004" name="data_V_35_phi_phi_fu_661">
<pin_list>
<pin id="662" dir="0" index="0" bw="8" slack="0"/>
<pin id="663" dir="0" index="1" bw="0" slack="2147483647"/>
<pin id="664" dir="0" index="2" bw="8" slack="0"/>
<pin id="665" dir="0" index="3" bw="0" slack="2147483647"/>
<pin id="666" dir="1" index="4" bw="8" slack="0"/>
</pin_list>
<bind>
<opcode="phi(47) " fcode="phi"/>
<opset="data_V_35_phi/2 "/>
</bind>
</comp>

<comp id="669" class="1005" name="data_V_34_phi_reg_669">
<pin_list>
<pin id="670" dir="0" index="0" bw="8" slack="0"/>
<pin id="671" dir="1" index="1" bw="8" slack="0"/>
</pin_list>
<bind>
<opset="data_V_34_phi (phireg) "/>
</bind>
</comp>

<comp id="673" class="1004" name="data_V_34_phi_phi_fu_673">
<pin_list>
<pin id="674" dir="0" index="0" bw="8" slack="0"/>
<pin id="675" dir="0" index="1" bw="0" slack="2147483647"/>
<pin id="676" dir="0" index="2" bw="8" slack="0"/>
<pin id="677" dir="0" index="3" bw="0" slack="2147483647"/>
<pin id="678" dir="1" index="4" bw="8" slack="0"/>
</pin_list>
<bind>
<opcode="phi(47) " fcode="phi"/>
<opset="data_V_34_phi/2 "/>
</bind>
</comp>

<comp id="681" class="1005" name="data_V_33_phi_reg_681">
<pin_list>
<pin id="682" dir="0" index="0" bw="8" slack="0"/>
<pin id="683" dir="1" index="1" bw="8" slack="0"/>
</pin_list>
<bind>
<opset="data_V_33_phi (phireg) "/>
</bind>
</comp>

<comp id="685" class="1004" name="data_V_33_phi_phi_fu_685">
<pin_list>
<pin id="686" dir="0" index="0" bw="8" slack="0"/>
<pin id="687" dir="0" index="1" bw="0" slack="2147483647"/>
<pin id="688" dir="0" index="2" bw="8" slack="0"/>
<pin id="689" dir="0" index="3" bw="0" slack="2147483647"/>
<pin id="690" dir="1" index="4" bw="8" slack="0"/>
</pin_list>
<bind>
<opcode="phi(47) " fcode="phi"/>
<opset="data_V_33_phi/2 "/>
</bind>
</comp>

<comp id="693" class="1005" name="data_V_32_phi_reg_693">
<pin_list>
<pin id="694" dir="0" index="0" bw="8" slack="0"/>
<pin id="695" dir="1" index="1" bw="8" slack="0"/>
</pin_list>
<bind>
<opset="data_V_32_phi (phireg) "/>
</bind>
</comp>

<comp id="697" class="1004" name="data_V_32_phi_phi_fu_697">
<pin_list>
<pin id="698" dir="0" index="0" bw="8" slack="0"/>
<pin id="699" dir="0" index="1" bw="0" slack="2147483647"/>
<pin id="700" dir="0" index="2" bw="8" slack="0"/>
<pin id="701" dir="0" index="3" bw="0" slack="2147483647"/>
<pin id="702" dir="1" index="4" bw="8" slack="0"/>
</pin_list>
<bind>
<opcode="phi(47) " fcode="phi"/>
<opset="data_V_32_phi/2 "/>
</bind>
</comp>

<comp id="705" class="1005" name="data_V_31_phi_reg_705">
<pin_list>
<pin id="706" dir="0" index="0" bw="8" slack="0"/>
<pin id="707" dir="1" index="1" bw="8" slack="0"/>
</pin_list>
<bind>
<opset="data_V_31_phi (phireg) "/>
</bind>
</comp>

<comp id="709" class="1004" name="data_V_31_phi_phi_fu_709">
<pin_list>
<pin id="710" dir="0" index="0" bw="8" slack="0"/>
<pin id="711" dir="0" index="1" bw="0" slack="2147483647"/>
<pin id="712" dir="0" index="2" bw="8" slack="0"/>
<pin id="713" dir="0" index="3" bw="0" slack="2147483647"/>
<pin id="714" dir="1" index="4" bw="8" slack="0"/>
</pin_list>
<bind>
<opcode="phi(47) " fcode="phi"/>
<opset="data_V_31_phi/2 "/>
</bind>
</comp>

<comp id="717" class="1005" name="data_V_30_phi_reg_717">
<pin_list>
<pin id="718" dir="0" index="0" bw="8" slack="0"/>
<pin id="719" dir="1" index="1" bw="8" slack="0"/>
</pin_list>
<bind>
<opset="data_V_30_phi (phireg) "/>
</bind>
</comp>

<comp id="721" class="1004" name="data_V_30_phi_phi_fu_721">
<pin_list>
<pin id="722" dir="0" index="0" bw="8" slack="0"/>
<pin id="723" dir="0" index="1" bw="0" slack="2147483647"/>
<pin id="724" dir="0" index="2" bw="8" slack="0"/>
<pin id="725" dir="0" index="3" bw="0" slack="2147483647"/>
<pin id="726" dir="1" index="4" bw="8" slack="0"/>
</pin_list>
<bind>
<opcode="phi(47) " fcode="phi"/>
<opset="data_V_30_phi/2 "/>
</bind>
</comp>

<comp id="729" class="1005" name="data_V_29_phi_reg_729">
<pin_list>
<pin id="730" dir="0" index="0" bw="8" slack="0"/>
<pin id="731" dir="1" index="1" bw="8" slack="0"/>
</pin_list>
<bind>
<opset="data_V_29_phi (phireg) "/>
</bind>
</comp>

<comp id="733" class="1004" name="data_V_29_phi_phi_fu_733">
<pin_list>
<pin id="734" dir="0" index="0" bw="8" slack="0"/>
<pin id="735" dir="0" index="1" bw="0" slack="2147483647"/>
<pin id="736" dir="0" index="2" bw="8" slack="0"/>
<pin id="737" dir="0" index="3" bw="0" slack="2147483647"/>
<pin id="738" dir="1" index="4" bw="8" slack="0"/>
</pin_list>
<bind>
<opcode="phi(47) " fcode="phi"/>
<opset="data_V_29_phi/2 "/>
</bind>
</comp>

<comp id="741" class="1005" name="data_V_43_phi_reg_741">
<pin_list>
<pin id="742" dir="0" index="0" bw="8" slack="0"/>
<pin id="743" dir="1" index="1" bw="8" slack="0"/>
</pin_list>
<bind>
<opset="data_V_43_phi (phireg) "/>
</bind>
</comp>

<comp id="745" class="1004" name="data_V_43_phi_phi_fu_745">
<pin_list>
<pin id="746" dir="0" index="0" bw="8" slack="0"/>
<pin id="747" dir="0" index="1" bw="0" slack="2147483647"/>
<pin id="748" dir="0" index="2" bw="8" slack="0"/>
<pin id="749" dir="0" index="3" bw="0" slack="2147483647"/>
<pin id="750" dir="1" index="4" bw="8" slack="0"/>
</pin_list>
<bind>
<opcode="phi(47) " fcode="phi"/>
<opset="data_V_43_phi/2 "/>
</bind>
</comp>

<comp id="753" class="1005" name="data_V_44_phi_reg_753">
<pin_list>
<pin id="754" dir="0" index="0" bw="8" slack="0"/>
<pin id="755" dir="1" index="1" bw="8" slack="0"/>
</pin_list>
<bind>
<opset="data_V_44_phi (phireg) "/>
</bind>
</comp>

<comp id="757" class="1004" name="data_V_44_phi_phi_fu_757">
<pin_list>
<pin id="758" dir="0" index="0" bw="8" slack="0"/>
<pin id="759" dir="0" index="1" bw="0" slack="2147483647"/>
<pin id="760" dir="0" index="2" bw="8" slack="0"/>
<pin id="761" dir="0" index="3" bw="0" slack="2147483647"/>
<pin id="762" dir="1" index="4" bw="8" slack="0"/>
</pin_list>
<bind>
<opcode="phi(47) " fcode="phi"/>
<opset="data_V_44_phi/2 "/>
</bind>
</comp>

<comp id="765" class="1005" name="data_V_45_phi_reg_765">
<pin_list>
<pin id="766" dir="0" index="0" bw="8" slack="0"/>
<pin id="767" dir="1" index="1" bw="8" slack="0"/>
</pin_list>
<bind>
<opset="data_V_45_phi (phireg) "/>
</bind>
</comp>

<comp id="769" class="1004" name="data_V_45_phi_phi_fu_769">
<pin_list>
<pin id="770" dir="0" index="0" bw="8" slack="0"/>
<pin id="771" dir="0" index="1" bw="0" slack="2147483647"/>
<pin id="772" dir="0" index="2" bw="8" slack="0"/>
<pin id="773" dir="0" index="3" bw="0" slack="2147483647"/>
<pin id="774" dir="1" index="4" bw="8" slack="0"/>
</pin_list>
<bind>
<opcode="phi(47) " fcode="phi"/>
<opset="data_V_45_phi/2 "/>
</bind>
</comp>

<comp id="777" class="1005" name="p_phi_reg_777">
<pin_list>
<pin id="778" dir="0" index="0" bw="8" slack="0"/>
<pin id="779" dir="1" index="1" bw="8" slack="0"/>
</pin_list>
<bind>
<opset="p_phi (phireg) "/>
</bind>
</comp>

<comp id="781" class="1004" name="p_phi_phi_fu_781">
<pin_list>
<pin id="782" dir="0" index="0" bw="8" slack="0"/>
<pin id="783" dir="0" index="1" bw="0" slack="2147483647"/>
<pin id="784" dir="0" index="2" bw="8" slack="0"/>
<pin id="785" dir="0" index="3" bw="0" slack="2147483647"/>
<pin id="786" dir="1" index="4" bw="8" slack="0"/>
</pin_list>
<bind>
<opcode="phi(47) " fcode="phi"/>
<opset="p_phi/2 "/>
</bind>
</comp>

<comp id="789" class="1005" name="in_index116_reg_789">
<pin_list>
<pin id="790" dir="0" index="0" bw="5" slack="1"/>
<pin id="791" dir="1" index="1" bw="5" slack="1"/>
</pin_list>
<bind>
<opset="in_index116 (phireg) "/>
</bind>
</comp>

<comp id="793" class="1004" name="in_index116_phi_fu_793">
<pin_list>
<pin id="794" dir="0" index="0" bw="1" slack="2"/>
<pin id="795" dir="0" index="1" bw="0" slack="2147483647"/>
<pin id="796" dir="0" index="2" bw="5" slack="0"/>
<pin id="797" dir="0" index="3" bw="0" slack="2147483647"/>
<pin id="798" dir="0" index="4" bw="1" slack="1"/>
<pin id="799" dir="0" index="5" bw="0" slack="2147483647"/>
<pin id="800" dir="1" index="6" bw="5" slack="0"/>
</pin_list>
<bind>
<opcode="phi(47) " fcode="phi"/>
<opset="in_index116/3 "/>
</bind>
</comp>

<comp id="803" class="1005" name="acc_V114_reg_803">
<pin_list>
<pin id="804" dir="0" index="0" bw="8" slack="1"/>
<pin id="805" dir="1" index="1" bw="8" slack="1"/>
</pin_list>
<bind>
<opset="acc_V114 (phireg) "/>
</bind>
</comp>

<comp id="807" class="1004" name="acc_V114_phi_fu_807">
<pin_list>
<pin id="808" dir="0" index="0" bw="1" slack="4"/>
<pin id="809" dir="0" index="1" bw="0" slack="2147483647"/>
<pin id="810" dir="0" index="2" bw="8" slack="1"/>
<pin id="811" dir="0" index="3" bw="0" slack="2147483647"/>
<pin id="812" dir="0" index="4" bw="1" slack="3"/>
<pin id="813" dir="0" index="5" bw="0" slack="2147483647"/>
<pin id="814" dir="1" index="6" bw="8" slack="0"/>
</pin_list>
<bind>
<opcode="phi(47) " fcode="phi"/>
<opset="acc_V114/5 "/>
</bind>
</comp>

<comp id="818" class="1005" name="acc_V_56112_reg_818">
<pin_list>
<pin id="819" dir="0" index="0" bw="8" slack="3"/>
<pin id="820" dir="1" index="1" bw="8" slack="3"/>
</pin_list>
<bind>
<opset="acc_V_56112 (phireg) "/>
</bind>
</comp>

<comp id="822" class="1004" name="acc_V_56112_phi_fu_822">
<pin_list>
<pin id="823" dir="0" index="0" bw="1" slack="4"/>
<pin id="824" dir="0" index="1" bw="0" slack="2147483647"/>
<pin id="825" dir="0" index="2" bw="8" slack="0"/>
<pin id="826" dir="0" index="3" bw="0" slack="2147483647"/>
<pin id="827" dir="0" index="4" bw="1" slack="3"/>
<pin id="828" dir="0" index="5" bw="0" slack="2147483647"/>
<pin id="829" dir="1" index="6" bw="8" slack="0"/>
</pin_list>
<bind>
<opcode="phi(47) " fcode="phi"/>
<opset="acc_V_56112/5 "/>
</bind>
</comp>

<comp id="832" class="1005" name="acc_V_57110_reg_832">
<pin_list>
<pin id="833" dir="0" index="0" bw="8" slack="3"/>
<pin id="834" dir="1" index="1" bw="8" slack="3"/>
</pin_list>
<bind>
<opset="acc_V_57110 (phireg) "/>
</bind>
</comp>

<comp id="836" class="1004" name="acc_V_57110_phi_fu_836">
<pin_list>
<pin id="837" dir="0" index="0" bw="1" slack="4"/>
<pin id="838" dir="0" index="1" bw="0" slack="2147483647"/>
<pin id="839" dir="0" index="2" bw="8" slack="0"/>
<pin id="840" dir="0" index="3" bw="0" slack="2147483647"/>
<pin id="841" dir="0" index="4" bw="1" slack="3"/>
<pin id="842" dir="0" index="5" bw="0" slack="2147483647"/>
<pin id="843" dir="1" index="6" bw="8" slack="0"/>
</pin_list>
<bind>
<opcode="phi(47) " fcode="phi"/>
<opset="acc_V_57110/5 "/>
</bind>
</comp>

<comp id="846" class="1005" name="acc_V_58108_reg_846">
<pin_list>
<pin id="847" dir="0" index="0" bw="8" slack="3"/>
<pin id="848" dir="1" index="1" bw="8" slack="3"/>
</pin_list>
<bind>
<opset="acc_V_58108 (phireg) "/>
</bind>
</comp>

<comp id="850" class="1004" name="acc_V_58108_phi_fu_850">
<pin_list>
<pin id="851" dir="0" index="0" bw="1" slack="4"/>
<pin id="852" dir="0" index="1" bw="0" slack="2147483647"/>
<pin id="853" dir="0" index="2" bw="8" slack="0"/>
<pin id="854" dir="0" index="3" bw="0" slack="2147483647"/>
<pin id="855" dir="0" index="4" bw="1" slack="3"/>
<pin id="856" dir="0" index="5" bw="0" slack="2147483647"/>
<pin id="857" dir="1" index="6" bw="8" slack="0"/>
</pin_list>
<bind>
<opcode="phi(47) " fcode="phi"/>
<opset="acc_V_58108/5 "/>
</bind>
</comp>

<comp id="860" class="1005" name="acc_V_59106_reg_860">
<pin_list>
<pin id="861" dir="0" index="0" bw="8" slack="1"/>
<pin id="862" dir="1" index="1" bw="8" slack="1"/>
</pin_list>
<bind>
<opset="acc_V_59106 (phireg) "/>
</bind>
</comp>

<comp id="864" class="1004" name="acc_V_59106_phi_fu_864">
<pin_list>
<pin id="865" dir="0" index="0" bw="1" slack="4"/>
<pin id="866" dir="0" index="1" bw="0" slack="2147483647"/>
<pin id="867" dir="0" index="2" bw="8" slack="1"/>
<pin id="868" dir="0" index="3" bw="0" slack="2147483647"/>
<pin id="869" dir="0" index="4" bw="1" slack="3"/>
<pin id="870" dir="0" index="5" bw="0" slack="2147483647"/>
<pin id="871" dir="1" index="6" bw="8" slack="0"/>
</pin_list>
<bind>
<opcode="phi(47) " fcode="phi"/>
<opset="acc_V_59106/5 "/>
</bind>
</comp>

<comp id="875" class="1005" name="acc_V_60104_reg_875">
<pin_list>
<pin id="876" dir="0" index="0" bw="8" slack="3"/>
<pin id="877" dir="1" index="1" bw="8" slack="3"/>
</pin_list>
<bind>
<opset="acc_V_60104 (phireg) "/>
</bind>
</comp>

<comp id="879" class="1004" name="acc_V_60104_phi_fu_879">
<pin_list>
<pin id="880" dir="0" index="0" bw="1" slack="4"/>
<pin id="881" dir="0" index="1" bw="0" slack="2147483647"/>
<pin id="882" dir="0" index="2" bw="8" slack="0"/>
<pin id="883" dir="0" index="3" bw="0" slack="2147483647"/>
<pin id="884" dir="0" index="4" bw="1" slack="3"/>
<pin id="885" dir="0" index="5" bw="0" slack="2147483647"/>
<pin id="886" dir="1" index="6" bw="8" slack="0"/>
</pin_list>
<bind>
<opcode="phi(47) " fcode="phi"/>
<opset="acc_V_60104/5 "/>
</bind>
</comp>

<comp id="889" class="1005" name="acc_V_61102_reg_889">
<pin_list>
<pin id="890" dir="0" index="0" bw="8" slack="3"/>
<pin id="891" dir="1" index="1" bw="8" slack="3"/>
</pin_list>
<bind>
<opset="acc_V_61102 (phireg) "/>
</bind>
</comp>

<comp id="893" class="1004" name="acc_V_61102_phi_fu_893">
<pin_list>
<pin id="894" dir="0" index="0" bw="1" slack="4"/>
<pin id="895" dir="0" index="1" bw="0" slack="2147483647"/>
<pin id="896" dir="0" index="2" bw="8" slack="0"/>
<pin id="897" dir="0" index="3" bw="0" slack="2147483647"/>
<pin id="898" dir="0" index="4" bw="1" slack="3"/>
<pin id="899" dir="0" index="5" bw="0" slack="2147483647"/>
<pin id="900" dir="1" index="6" bw="8" slack="0"/>
</pin_list>
<bind>
<opcode="phi(47) " fcode="phi"/>
<opset="acc_V_61102/5 "/>
</bind>
</comp>

<comp id="903" class="1005" name="acc_V_62100_reg_903">
<pin_list>
<pin id="904" dir="0" index="0" bw="8" slack="3"/>
<pin id="905" dir="1" index="1" bw="8" slack="3"/>
</pin_list>
<bind>
<opset="acc_V_62100 (phireg) "/>
</bind>
</comp>

<comp id="907" class="1004" name="acc_V_62100_phi_fu_907">
<pin_list>
<pin id="908" dir="0" index="0" bw="1" slack="4"/>
<pin id="909" dir="0" index="1" bw="0" slack="2147483647"/>
<pin id="910" dir="0" index="2" bw="8" slack="0"/>
<pin id="911" dir="0" index="3" bw="0" slack="2147483647"/>
<pin id="912" dir="0" index="4" bw="1" slack="3"/>
<pin id="913" dir="0" index="5" bw="0" slack="2147483647"/>
<pin id="914" dir="1" index="6" bw="8" slack="0"/>
</pin_list>
<bind>
<opcode="phi(47) " fcode="phi"/>
<opset="acc_V_62100/5 "/>
</bind>
</comp>

<comp id="917" class="1005" name="acc_V_6398_reg_917">
<pin_list>
<pin id="918" dir="0" index="0" bw="8" slack="1"/>
<pin id="919" dir="1" index="1" bw="8" slack="1"/>
</pin_list>
<bind>
<opset="acc_V_6398 (phireg) "/>
</bind>
</comp>

<comp id="921" class="1004" name="acc_V_6398_phi_fu_921">
<pin_list>
<pin id="922" dir="0" index="0" bw="1" slack="4"/>
<pin id="923" dir="0" index="1" bw="0" slack="2147483647"/>
<pin id="924" dir="0" index="2" bw="8" slack="1"/>
<pin id="925" dir="0" index="3" bw="0" slack="2147483647"/>
<pin id="926" dir="0" index="4" bw="1" slack="3"/>
<pin id="927" dir="0" index="5" bw="0" slack="2147483647"/>
<pin id="928" dir="1" index="6" bw="8" slack="0"/>
</pin_list>
<bind>
<opcode="phi(47) " fcode="phi"/>
<opset="acc_V_6398/5 "/>
</bind>
</comp>

<comp id="932" class="1005" name="acc_V_6496_reg_932">
<pin_list>
<pin id="933" dir="0" index="0" bw="8" slack="3"/>
<pin id="934" dir="1" index="1" bw="8" slack="3"/>
</pin_list>
<bind>
<opset="acc_V_6496 (phireg) "/>
</bind>
</comp>

<comp id="936" class="1004" name="acc_V_6496_phi_fu_936">
<pin_list>
<pin id="937" dir="0" index="0" bw="1" slack="4"/>
<pin id="938" dir="0" index="1" bw="0" slack="2147483647"/>
<pin id="939" dir="0" index="2" bw="8" slack="0"/>
<pin id="940" dir="0" index="3" bw="0" slack="2147483647"/>
<pin id="941" dir="0" index="4" bw="1" slack="3"/>
<pin id="942" dir="0" index="5" bw="0" slack="2147483647"/>
<pin id="943" dir="1" index="6" bw="8" slack="0"/>
</pin_list>
<bind>
<opcode="phi(47) " fcode="phi"/>
<opset="acc_V_6496/5 "/>
</bind>
</comp>

<comp id="946" class="1005" name="acc_V_6594_reg_946">
<pin_list>
<pin id="947" dir="0" index="0" bw="8" slack="3"/>
<pin id="948" dir="1" index="1" bw="8" slack="3"/>
</pin_list>
<bind>
<opset="acc_V_6594 (phireg) "/>
</bind>
</comp>

<comp id="950" class="1004" name="acc_V_6594_phi_fu_950">
<pin_list>
<pin id="951" dir="0" index="0" bw="1" slack="4"/>
<pin id="952" dir="0" index="1" bw="0" slack="2147483647"/>
<pin id="953" dir="0" index="2" bw="8" slack="0"/>
<pin id="954" dir="0" index="3" bw="0" slack="2147483647"/>
<pin id="955" dir="0" index="4" bw="1" slack="3"/>
<pin id="956" dir="0" index="5" bw="0" slack="2147483647"/>
<pin id="957" dir="1" index="6" bw="8" slack="0"/>
</pin_list>
<bind>
<opcode="phi(47) " fcode="phi"/>
<opset="acc_V_6594/5 "/>
</bind>
</comp>

<comp id="960" class="1005" name="acc_V_6692_reg_960">
<pin_list>
<pin id="961" dir="0" index="0" bw="8" slack="3"/>
<pin id="962" dir="1" index="1" bw="8" slack="3"/>
</pin_list>
<bind>
<opset="acc_V_6692 (phireg) "/>
</bind>
</comp>

<comp id="964" class="1004" name="acc_V_6692_phi_fu_964">
<pin_list>
<pin id="965" dir="0" index="0" bw="1" slack="4"/>
<pin id="966" dir="0" index="1" bw="0" slack="2147483647"/>
<pin id="967" dir="0" index="2" bw="8" slack="0"/>
<pin id="968" dir="0" index="3" bw="0" slack="2147483647"/>
<pin id="969" dir="0" index="4" bw="1" slack="3"/>
<pin id="970" dir="0" index="5" bw="0" slack="2147483647"/>
<pin id="971" dir="1" index="6" bw="8" slack="0"/>
</pin_list>
<bind>
<opcode="phi(47) " fcode="phi"/>
<opset="acc_V_6692/5 "/>
</bind>
</comp>

<comp id="974" class="1005" name="acc_V_6790_reg_974">
<pin_list>
<pin id="975" dir="0" index="0" bw="8" slack="1"/>
<pin id="976" dir="1" index="1" bw="8" slack="1"/>
</pin_list>
<bind>
<opset="acc_V_6790 (phireg) "/>
</bind>
</comp>

<comp id="978" class="1004" name="acc_V_6790_phi_fu_978">
<pin_list>
<pin id="979" dir="0" index="0" bw="1" slack="4"/>
<pin id="980" dir="0" index="1" bw="0" slack="2147483647"/>
<pin id="981" dir="0" index="2" bw="8" slack="1"/>
<pin id="982" dir="0" index="3" bw="0" slack="2147483647"/>
<pin id="983" dir="0" index="4" bw="1" slack="3"/>
<pin id="984" dir="0" index="5" bw="0" slack="2147483647"/>
<pin id="985" dir="1" index="6" bw="8" slack="0"/>
</pin_list>
<bind>
<opcode="phi(47) " fcode="phi"/>
<opset="acc_V_6790/5 "/>
</bind>
</comp>

<comp id="989" class="1005" name="acc_V_6888_reg_989">
<pin_list>
<pin id="990" dir="0" index="0" bw="8" slack="3"/>
<pin id="991" dir="1" index="1" bw="8" slack="3"/>
</pin_list>
<bind>
<opset="acc_V_6888 (phireg) "/>
</bind>
</comp>

<comp id="993" class="1004" name="acc_V_6888_phi_fu_993">
<pin_list>
<pin id="994" dir="0" index="0" bw="1" slack="4"/>
<pin id="995" dir="0" index="1" bw="0" slack="2147483647"/>
<pin id="996" dir="0" index="2" bw="8" slack="0"/>
<pin id="997" dir="0" index="3" bw="0" slack="2147483647"/>
<pin id="998" dir="0" index="4" bw="1" slack="3"/>
<pin id="999" dir="0" index="5" bw="0" slack="2147483647"/>
<pin id="1000" dir="1" index="6" bw="8" slack="0"/>
</pin_list>
<bind>
<opcode="phi(47) " fcode="phi"/>
<opset="acc_V_6888/5 "/>
</bind>
</comp>

<comp id="1003" class="1005" name="acc_V_6986_reg_1003">
<pin_list>
<pin id="1004" dir="0" index="0" bw="8" slack="3"/>
<pin id="1005" dir="1" index="1" bw="8" slack="3"/>
</pin_list>
<bind>
<opset="acc_V_6986 (phireg) "/>
</bind>
</comp>

<comp id="1007" class="1004" name="acc_V_6986_phi_fu_1007">
<pin_list>
<pin id="1008" dir="0" index="0" bw="1" slack="4"/>
<pin id="1009" dir="0" index="1" bw="0" slack="2147483647"/>
<pin id="1010" dir="0" index="2" bw="8" slack="0"/>
<pin id="1011" dir="0" index="3" bw="0" slack="2147483647"/>
<pin id="1012" dir="0" index="4" bw="1" slack="3"/>
<pin id="1013" dir="0" index="5" bw="0" slack="2147483647"/>
<pin id="1014" dir="1" index="6" bw="8" slack="0"/>
</pin_list>
<bind>
<opcode="phi(47) " fcode="phi"/>
<opset="acc_V_6986/5 "/>
</bind>
</comp>

<comp id="1017" class="1005" name="acc_V_7084_reg_1017">
<pin_list>
<pin id="1018" dir="0" index="0" bw="8" slack="3"/>
<pin id="1019" dir="1" index="1" bw="8" slack="3"/>
</pin_list>
<bind>
<opset="acc_V_7084 (phireg) "/>
</bind>
</comp>

<comp id="1021" class="1004" name="acc_V_7084_phi_fu_1021">
<pin_list>
<pin id="1022" dir="0" index="0" bw="1" slack="4"/>
<pin id="1023" dir="0" index="1" bw="0" slack="2147483647"/>
<pin id="1024" dir="0" index="2" bw="8" slack="0"/>
<pin id="1025" dir="0" index="3" bw="0" slack="2147483647"/>
<pin id="1026" dir="0" index="4" bw="1" slack="3"/>
<pin id="1027" dir="0" index="5" bw="0" slack="2147483647"/>
<pin id="1028" dir="1" index="6" bw="8" slack="0"/>
</pin_list>
<bind>
<opcode="phi(47) " fcode="phi"/>
<opset="acc_V_7084/5 "/>
</bind>
</comp>

<comp id="1031" class="1005" name="acc_V_7182_reg_1031">
<pin_list>
<pin id="1032" dir="0" index="0" bw="8" slack="1"/>
<pin id="1033" dir="1" index="1" bw="8" slack="1"/>
</pin_list>
<bind>
<opset="acc_V_7182 (phireg) "/>
</bind>
</comp>

<comp id="1035" class="1004" name="acc_V_7182_phi_fu_1035">
<pin_list>
<pin id="1036" dir="0" index="0" bw="1" slack="4"/>
<pin id="1037" dir="0" index="1" bw="0" slack="2147483647"/>
<pin id="1038" dir="0" index="2" bw="8" slack="1"/>
<pin id="1039" dir="0" index="3" bw="0" slack="2147483647"/>
<pin id="1040" dir="0" index="4" bw="1" slack="3"/>
<pin id="1041" dir="0" index="5" bw="0" slack="2147483647"/>
<pin id="1042" dir="1" index="6" bw="8" slack="0"/>
</pin_list>
<bind>
<opcode="phi(47) " fcode="phi"/>
<opset="acc_V_7182/5 "/>
</bind>
</comp>

<comp id="1046" class="1005" name="acc_V_7280_reg_1046">
<pin_list>
<pin id="1047" dir="0" index="0" bw="8" slack="3"/>
<pin id="1048" dir="1" index="1" bw="8" slack="3"/>
</pin_list>
<bind>
<opset="acc_V_7280 (phireg) "/>
</bind>
</comp>

<comp id="1050" class="1004" name="acc_V_7280_phi_fu_1050">
<pin_list>
<pin id="1051" dir="0" index="0" bw="1" slack="4"/>
<pin id="1052" dir="0" index="1" bw="0" slack="2147483647"/>
<pin id="1053" dir="0" index="2" bw="8" slack="0"/>
<pin id="1054" dir="0" index="3" bw="0" slack="2147483647"/>
<pin id="1055" dir="0" index="4" bw="1" slack="3"/>
<pin id="1056" dir="0" index="5" bw="0" slack="2147483647"/>
<pin id="1057" dir="1" index="6" bw="8" slack="0"/>
</pin_list>
<bind>
<opcode="phi(47) " fcode="phi"/>
<opset="acc_V_7280/5 "/>
</bind>
</comp>

<comp id="1060" class="1005" name="acc_V_7378_reg_1060">
<pin_list>
<pin id="1061" dir="0" index="0" bw="8" slack="3"/>
<pin id="1062" dir="1" index="1" bw="8" slack="3"/>
</pin_list>
<bind>
<opset="acc_V_7378 (phireg) "/>
</bind>
</comp>

<comp id="1064" class="1004" name="acc_V_7378_phi_fu_1064">
<pin_list>
<pin id="1065" dir="0" index="0" bw="1" slack="4"/>
<pin id="1066" dir="0" index="1" bw="0" slack="2147483647"/>
<pin id="1067" dir="0" index="2" bw="8" slack="0"/>
<pin id="1068" dir="0" index="3" bw="0" slack="2147483647"/>
<pin id="1069" dir="0" index="4" bw="1" slack="3"/>
<pin id="1070" dir="0" index="5" bw="0" slack="2147483647"/>
<pin id="1071" dir="1" index="6" bw="8" slack="0"/>
</pin_list>
<bind>
<opcode="phi(47) " fcode="phi"/>
<opset="acc_V_7378/5 "/>
</bind>
</comp>

<comp id="1074" class="1005" name="acc_V_7476_reg_1074">
<pin_list>
<pin id="1075" dir="0" index="0" bw="8" slack="3"/>
<pin id="1076" dir="1" index="1" bw="8" slack="3"/>
</pin_list>
<bind>
<opset="acc_V_7476 (phireg) "/>
</bind>
</comp>

<comp id="1078" class="1004" name="acc_V_7476_phi_fu_1078">
<pin_list>
<pin id="1079" dir="0" index="0" bw="1" slack="4"/>
<pin id="1080" dir="0" index="1" bw="0" slack="2147483647"/>
<pin id="1081" dir="0" index="2" bw="8" slack="0"/>
<pin id="1082" dir="0" index="3" bw="0" slack="2147483647"/>
<pin id="1083" dir="0" index="4" bw="1" slack="3"/>
<pin id="1084" dir="0" index="5" bw="0" slack="2147483647"/>
<pin id="1085" dir="1" index="6" bw="8" slack="0"/>
</pin_list>
<bind>
<opcode="phi(47) " fcode="phi"/>
<opset="acc_V_7476/5 "/>
</bind>
</comp>

<comp id="1088" class="1005" name="acc_V_7574_reg_1088">
<pin_list>
<pin id="1089" dir="0" index="0" bw="8" slack="1"/>
<pin id="1090" dir="1" index="1" bw="8" slack="1"/>
</pin_list>
<bind>
<opset="acc_V_7574 (phireg) "/>
</bind>
</comp>

<comp id="1092" class="1004" name="acc_V_7574_phi_fu_1092">
<pin_list>
<pin id="1093" dir="0" index="0" bw="1" slack="4"/>
<pin id="1094" dir="0" index="1" bw="0" slack="2147483647"/>
<pin id="1095" dir="0" index="2" bw="8" slack="1"/>
<pin id="1096" dir="0" index="3" bw="0" slack="2147483647"/>
<pin id="1097" dir="0" index="4" bw="1" slack="3"/>
<pin id="1098" dir="0" index="5" bw="0" slack="2147483647"/>
<pin id="1099" dir="1" index="6" bw="8" slack="0"/>
</pin_list>
<bind>
<opcode="phi(47) " fcode="phi"/>
<opset="acc_V_7574/5 "/>
</bind>
</comp>

<comp id="1103" class="1005" name="acc_V_7672_reg_1103">
<pin_list>
<pin id="1104" dir="0" index="0" bw="8" slack="3"/>
<pin id="1105" dir="1" index="1" bw="8" slack="3"/>
</pin_list>
<bind>
<opset="acc_V_7672 (phireg) "/>
</bind>
</comp>

<comp id="1107" class="1004" name="acc_V_7672_phi_fu_1107">
<pin_list>
<pin id="1108" dir="0" index="0" bw="1" slack="4"/>
<pin id="1109" dir="0" index="1" bw="0" slack="2147483647"/>
<pin id="1110" dir="0" index="2" bw="8" slack="0"/>
<pin id="1111" dir="0" index="3" bw="0" slack="2147483647"/>
<pin id="1112" dir="0" index="4" bw="1" slack="3"/>
<pin id="1113" dir="0" index="5" bw="0" slack="2147483647"/>
<pin id="1114" dir="1" index="6" bw="8" slack="0"/>
</pin_list>
<bind>
<opcode="phi(47) " fcode="phi"/>
<opset="acc_V_7672/5 "/>
</bind>
</comp>

<comp id="1117" class="1005" name="acc_V_7770_reg_1117">
<pin_list>
<pin id="1118" dir="0" index="0" bw="8" slack="3"/>
<pin id="1119" dir="1" index="1" bw="8" slack="3"/>
</pin_list>
<bind>
<opset="acc_V_7770 (phireg) "/>
</bind>
</comp>

<comp id="1121" class="1004" name="acc_V_7770_phi_fu_1121">
<pin_list>
<pin id="1122" dir="0" index="0" bw="1" slack="4"/>
<pin id="1123" dir="0" index="1" bw="0" slack="2147483647"/>
<pin id="1124" dir="0" index="2" bw="8" slack="0"/>
<pin id="1125" dir="0" index="3" bw="0" slack="2147483647"/>
<pin id="1126" dir="0" index="4" bw="1" slack="3"/>
<pin id="1127" dir="0" index="5" bw="0" slack="2147483647"/>
<pin id="1128" dir="1" index="6" bw="8" slack="0"/>
</pin_list>
<bind>
<opcode="phi(47) " fcode="phi"/>
<opset="acc_V_7770/5 "/>
</bind>
</comp>

<comp id="1131" class="1005" name="acc_V_7868_reg_1131">
<pin_list>
<pin id="1132" dir="0" index="0" bw="8" slack="3"/>
<pin id="1133" dir="1" index="1" bw="8" slack="3"/>
</pin_list>
<bind>
<opset="acc_V_7868 (phireg) "/>
</bind>
</comp>

<comp id="1135" class="1004" name="acc_V_7868_phi_fu_1135">
<pin_list>
<pin id="1136" dir="0" index="0" bw="1" slack="4"/>
<pin id="1137" dir="0" index="1" bw="0" slack="2147483647"/>
<pin id="1138" dir="0" index="2" bw="8" slack="0"/>
<pin id="1139" dir="0" index="3" bw="0" slack="2147483647"/>
<pin id="1140" dir="0" index="4" bw="1" slack="3"/>
<pin id="1141" dir="0" index="5" bw="0" slack="2147483647"/>
<pin id="1142" dir="1" index="6" bw="8" slack="0"/>
</pin_list>
<bind>
<opcode="phi(47) " fcode="phi"/>
<opset="acc_V_7868/5 "/>
</bind>
</comp>

<comp id="1145" class="1005" name="acc_V_7966_reg_1145">
<pin_list>
<pin id="1146" dir="0" index="0" bw="8" slack="1"/>
<pin id="1147" dir="1" index="1" bw="8" slack="1"/>
</pin_list>
<bind>
<opset="acc_V_7966 (phireg) "/>
</bind>
</comp>

<comp id="1149" class="1004" name="acc_V_7966_phi_fu_1149">
<pin_list>
<pin id="1150" dir="0" index="0" bw="1" slack="4"/>
<pin id="1151" dir="0" index="1" bw="0" slack="2147483647"/>
<pin id="1152" dir="0" index="2" bw="8" slack="1"/>
<pin id="1153" dir="0" index="3" bw="0" slack="2147483647"/>
<pin id="1154" dir="0" index="4" bw="1" slack="3"/>
<pin id="1155" dir="0" index="5" bw="0" slack="2147483647"/>
<pin id="1156" dir="1" index="6" bw="8" slack="0"/>
</pin_list>
<bind>
<opcode="phi(47) " fcode="phi"/>
<opset="acc_V_7966/5 "/>
</bind>
</comp>

<comp id="1160" class="1005" name="acc_V_8064_reg_1160">
<pin_list>
<pin id="1161" dir="0" index="0" bw="8" slack="3"/>
<pin id="1162" dir="1" index="1" bw="8" slack="3"/>
</pin_list>
<bind>
<opset="acc_V_8064 (phireg) "/>
</bind>
</comp>

<comp id="1164" class="1004" name="acc_V_8064_phi_fu_1164">
<pin_list>
<pin id="1165" dir="0" index="0" bw="1" slack="4"/>
<pin id="1166" dir="0" index="1" bw="0" slack="2147483647"/>
<pin id="1167" dir="0" index="2" bw="8" slack="0"/>
<pin id="1168" dir="0" index="3" bw="0" slack="2147483647"/>
<pin id="1169" dir="0" index="4" bw="1" slack="3"/>
<pin id="1170" dir="0" index="5" bw="0" slack="2147483647"/>
<pin id="1171" dir="1" index="6" bw="8" slack="0"/>
</pin_list>
<bind>
<opcode="phi(47) " fcode="phi"/>
<opset="acc_V_8064/5 "/>
</bind>
</comp>

<comp id="1174" class="1005" name="acc_V_8162_reg_1174">
<pin_list>
<pin id="1175" dir="0" index="0" bw="8" slack="3"/>
<pin id="1176" dir="1" index="1" bw="8" slack="3"/>
</pin_list>
<bind>
<opset="acc_V_8162 (phireg) "/>
</bind>
</comp>

<comp id="1178" class="1004" name="acc_V_8162_phi_fu_1178">
<pin_list>
<pin id="1179" dir="0" index="0" bw="1" slack="4"/>
<pin id="1180" dir="0" index="1" bw="0" slack="2147483647"/>
<pin id="1181" dir="0" index="2" bw="8" slack="0"/>
<pin id="1182" dir="0" index="3" bw="0" slack="2147483647"/>
<pin id="1183" dir="0" index="4" bw="1" slack="3"/>
<pin id="1184" dir="0" index="5" bw="0" slack="2147483647"/>
<pin id="1185" dir="1" index="6" bw="8" slack="0"/>
</pin_list>
<bind>
<opcode="phi(47) " fcode="phi"/>
<opset="acc_V_8162/5 "/>
</bind>
</comp>

<comp id="1188" class="1005" name="acc_V_8260_reg_1188">
<pin_list>
<pin id="1189" dir="0" index="0" bw="8" slack="3"/>
<pin id="1190" dir="1" index="1" bw="8" slack="3"/>
</pin_list>
<bind>
<opset="acc_V_8260 (phireg) "/>
</bind>
</comp>

<comp id="1192" class="1004" name="acc_V_8260_phi_fu_1192">
<pin_list>
<pin id="1193" dir="0" index="0" bw="1" slack="4"/>
<pin id="1194" dir="0" index="1" bw="0" slack="2147483647"/>
<pin id="1195" dir="0" index="2" bw="8" slack="0"/>
<pin id="1196" dir="0" index="3" bw="0" slack="2147483647"/>
<pin id="1197" dir="0" index="4" bw="1" slack="3"/>
<pin id="1198" dir="0" index="5" bw="0" slack="2147483647"/>
<pin id="1199" dir="1" index="6" bw="8" slack="0"/>
</pin_list>
<bind>
<opcode="phi(47) " fcode="phi"/>
<opset="acc_V_8260/5 "/>
</bind>
</comp>

<comp id="1202" class="1005" name="acc_V_8358_reg_1202">
<pin_list>
<pin id="1203" dir="0" index="0" bw="8" slack="1"/>
<pin id="1204" dir="1" index="1" bw="8" slack="1"/>
</pin_list>
<bind>
<opset="acc_V_8358 (phireg) "/>
</bind>
</comp>

<comp id="1206" class="1004" name="acc_V_8358_phi_fu_1206">
<pin_list>
<pin id="1207" dir="0" index="0" bw="1" slack="4"/>
<pin id="1208" dir="0" index="1" bw="0" slack="2147483647"/>
<pin id="1209" dir="0" index="2" bw="8" slack="1"/>
<pin id="1210" dir="0" index="3" bw="0" slack="2147483647"/>
<pin id="1211" dir="0" index="4" bw="1" slack="3"/>
<pin id="1212" dir="0" index="5" bw="0" slack="2147483647"/>
<pin id="1213" dir="1" index="6" bw="8" slack="0"/>
</pin_list>
<bind>
<opcode="phi(47) " fcode="phi"/>
<opset="acc_V_8358/5 "/>
</bind>
</comp>

<comp id="1217" class="1005" name="acc_V_8456_reg_1217">
<pin_list>
<pin id="1218" dir="0" index="0" bw="8" slack="3"/>
<pin id="1219" dir="1" index="1" bw="8" slack="3"/>
</pin_list>
<bind>
<opset="acc_V_8456 (phireg) "/>
</bind>
</comp>

<comp id="1221" class="1004" name="acc_V_8456_phi_fu_1221">
<pin_list>
<pin id="1222" dir="0" index="0" bw="1" slack="4"/>
<pin id="1223" dir="0" index="1" bw="0" slack="2147483647"/>
<pin id="1224" dir="0" index="2" bw="8" slack="0"/>
<pin id="1225" dir="0" index="3" bw="0" slack="2147483647"/>
<pin id="1226" dir="0" index="4" bw="1" slack="3"/>
<pin id="1227" dir="0" index="5" bw="0" slack="2147483647"/>
<pin id="1228" dir="1" index="6" bw="8" slack="0"/>
</pin_list>
<bind>
<opcode="phi(47) " fcode="phi"/>
<opset="acc_V_8456/5 "/>
</bind>
</comp>

<comp id="1231" class="1005" name="acc_V_8554_reg_1231">
<pin_list>
<pin id="1232" dir="0" index="0" bw="8" slack="3"/>
<pin id="1233" dir="1" index="1" bw="8" slack="3"/>
</pin_list>
<bind>
<opset="acc_V_8554 (phireg) "/>
</bind>
</comp>

<comp id="1235" class="1004" name="acc_V_8554_phi_fu_1235">
<pin_list>
<pin id="1236" dir="0" index="0" bw="1" slack="4"/>
<pin id="1237" dir="0" index="1" bw="0" slack="2147483647"/>
<pin id="1238" dir="0" index="2" bw="8" slack="0"/>
<pin id="1239" dir="0" index="3" bw="0" slack="2147483647"/>
<pin id="1240" dir="0" index="4" bw="1" slack="3"/>
<pin id="1241" dir="0" index="5" bw="0" slack="2147483647"/>
<pin id="1242" dir="1" index="6" bw="8" slack="0"/>
</pin_list>
<bind>
<opcode="phi(47) " fcode="phi"/>
<opset="acc_V_8554/5 "/>
</bind>
</comp>

<comp id="1245" class="1005" name="acc_V_8652_reg_1245">
<pin_list>
<pin id="1246" dir="0" index="0" bw="8" slack="3"/>
<pin id="1247" dir="1" index="1" bw="8" slack="3"/>
</pin_list>
<bind>
<opset="acc_V_8652 (phireg) "/>
</bind>
</comp>

<comp id="1249" class="1004" name="acc_V_8652_phi_fu_1249">
<pin_list>
<pin id="1250" dir="0" index="0" bw="1" slack="4"/>
<pin id="1251" dir="0" index="1" bw="0" slack="2147483647"/>
<pin id="1252" dir="0" index="2" bw="8" slack="0"/>
<pin id="1253" dir="0" index="3" bw="0" slack="2147483647"/>
<pin id="1254" dir="0" index="4" bw="1" slack="3"/>
<pin id="1255" dir="0" index="5" bw="0" slack="2147483647"/>
<pin id="1256" dir="1" index="6" bw="8" slack="0"/>
</pin_list>
<bind>
<opcode="phi(47) " fcode="phi"/>
<opset="acc_V_8652/5 "/>
</bind>
</comp>

<comp id="1259" class="1004" name="data_V_fu_1259">
<pin_list>
<pin id="1260" dir="0" index="0" bw="144" slack="0"/>
<pin id="1261" dir="1" index="1" bw="8" slack="0"/>
</pin_list>
<bind>
<opcode="trunc(33) " fcode="trunc"/>
<opset="data_V/2 "/>
</bind>
</comp>

<comp id="1264" class="1004" name="data_V_53_fu_1264">
<pin_list>
<pin id="1265" dir="0" index="0" bw="8" slack="0"/>
<pin id="1266" dir="0" index="1" bw="144" slack="0"/>
<pin id="1267" dir="0" index="2" bw="9" slack="0"/>
<pin id="1268" dir="0" index="3" bw="9" slack="0"/>
<pin id="1269" dir="1" index="4" bw="8" slack="0"/>
</pin_list>
<bind>
<opcode="partselect(1002) " fcode="partselect"/>
<opset="data_V_53/2 "/>
</bind>
</comp>

<comp id="1275" class="1004" name="data_V_54_fu_1275">
<pin_list>
<pin id="1276" dir="0" index="0" bw="8" slack="0"/>
<pin id="1277" dir="0" index="1" bw="144" slack="0"/>
<pin id="1278" dir="0" index="2" bw="9" slack="0"/>
<pin id="1279" dir="0" index="3" bw="9" slack="0"/>
<pin id="1280" dir="1" index="4" bw="8" slack="0"/>
</pin_list>
<bind>
<opcode="partselect(1002) " fcode="partselect"/>
<opset="data_V_54/2 "/>
</bind>
</comp>

<comp id="1286" class="1004" name="data_V_55_fu_1286">
<pin_list>
<pin id="1287" dir="0" index="0" bw="8" slack="0"/>
<pin id="1288" dir="0" index="1" bw="144" slack="0"/>
<pin id="1289" dir="0" index="2" bw="5" slack="0"/>
<pin id="1290" dir="0" index="3" bw="5" slack="0"/>
<pin id="1291" dir="1" index="4" bw="8" slack="0"/>
</pin_list>
<bind>
<opcode="partselect(1002) " fcode="partselect"/>
<opset="data_V_55/2 "/>
</bind>
</comp>

<comp id="1297" class="1004" name="data_V_56_fu_1297">
<pin_list>
<pin id="1298" dir="0" index="0" bw="8" slack="0"/>
<pin id="1299" dir="0" index="1" bw="144" slack="0"/>
<pin id="1300" dir="0" index="2" bw="6" slack="0"/>
<pin id="1301" dir="0" index="3" bw="6" slack="0"/>
<pin id="1302" dir="1" index="4" bw="8" slack="0"/>
</pin_list>
<bind>
<opcode="partselect(1002) " fcode="partselect"/>
<opset="data_V_56/2 "/>
</bind>
</comp>

<comp id="1308" class="1004" name="data_V_57_fu_1308">
<pin_list>
<pin id="1309" dir="0" index="0" bw="8" slack="0"/>
<pin id="1310" dir="0" index="1" bw="144" slack="0"/>
<pin id="1311" dir="0" index="2" bw="6" slack="0"/>
<pin id="1312" dir="0" index="3" bw="6" slack="0"/>
<pin id="1313" dir="1" index="4" bw="8" slack="0"/>
</pin_list>
<bind>
<opcode="partselect(1002) " fcode="partselect"/>
<opset="data_V_57/2 "/>
</bind>
</comp>

<comp id="1319" class="1004" name="data_V_58_fu_1319">
<pin_list>
<pin id="1320" dir="0" index="0" bw="8" slack="0"/>
<pin id="1321" dir="0" index="1" bw="144" slack="0"/>
<pin id="1322" dir="0" index="2" bw="7" slack="0"/>
<pin id="1323" dir="0" index="3" bw="7" slack="0"/>
<pin id="1324" dir="1" index="4" bw="8" slack="0"/>
</pin_list>
<bind>
<opcode="partselect(1002) " fcode="partselect"/>
<opset="data_V_58/2 "/>
</bind>
</comp>

<comp id="1330" class="1004" name="data_V_59_fu_1330">
<pin_list>
<pin id="1331" dir="0" index="0" bw="8" slack="0"/>
<pin id="1332" dir="0" index="1" bw="144" slack="0"/>
<pin id="1333" dir="0" index="2" bw="7" slack="0"/>
<pin id="1334" dir="0" index="3" bw="7" slack="0"/>
<pin id="1335" dir="1" index="4" bw="8" slack="0"/>
</pin_list>
<bind>
<opcode="partselect(1002) " fcode="partselect"/>
<opset="data_V_59/2 "/>
</bind>
</comp>

<comp id="1341" class="1004" name="data_V_60_fu_1341">
<pin_list>
<pin id="1342" dir="0" index="0" bw="8" slack="0"/>
<pin id="1343" dir="0" index="1" bw="144" slack="0"/>
<pin id="1344" dir="0" index="2" bw="7" slack="0"/>
<pin id="1345" dir="0" index="3" bw="7" slack="0"/>
<pin id="1346" dir="1" index="4" bw="8" slack="0"/>
</pin_list>
<bind>
<opcode="partselect(1002) " fcode="partselect"/>
<opset="data_V_60/2 "/>
</bind>
</comp>

<comp id="1352" class="1004" name="data_V_61_fu_1352">
<pin_list>
<pin id="1353" dir="0" index="0" bw="8" slack="0"/>
<pin id="1354" dir="0" index="1" bw="144" slack="0"/>
<pin id="1355" dir="0" index="2" bw="7" slack="0"/>
<pin id="1356" dir="0" index="3" bw="7" slack="0"/>
<pin id="1357" dir="1" index="4" bw="8" slack="0"/>
</pin_list>
<bind>
<opcode="partselect(1002) " fcode="partselect"/>
<opset="data_V_61/2 "/>
</bind>
</comp>

<comp id="1363" class="1004" name="data_V_62_fu_1363">
<pin_list>
<pin id="1364" dir="0" index="0" bw="8" slack="0"/>
<pin id="1365" dir="0" index="1" bw="144" slack="0"/>
<pin id="1366" dir="0" index="2" bw="8" slack="0"/>
<pin id="1367" dir="0" index="3" bw="8" slack="0"/>
<pin id="1368" dir="1" index="4" bw="8" slack="0"/>
</pin_list>
<bind>
<opcode="partselect(1002) " fcode="partselect"/>
<opset="data_V_62/2 "/>
</bind>
</comp>

<comp id="1374" class="1004" name="data_V_63_fu_1374">
<pin_list>
<pin id="1375" dir="0" index="0" bw="8" slack="0"/>
<pin id="1376" dir="0" index="1" bw="144" slack="0"/>
<pin id="1377" dir="0" index="2" bw="8" slack="0"/>
<pin id="1378" dir="0" index="3" bw="8" slack="0"/>
<pin id="1379" dir="1" index="4" bw="8" slack="0"/>
</pin_list>
<bind>
<opcode="partselect(1002) " fcode="partselect"/>
<opset="data_V_63/2 "/>
</bind>
</comp>

<comp id="1385" class="1004" name="data_V_64_fu_1385">
<pin_list>
<pin id="1386" dir="0" index="0" bw="8" slack="0"/>
<pin id="1387" dir="0" index="1" bw="144" slack="0"/>
<pin id="1388" dir="0" index="2" bw="8" slack="0"/>
<pin id="1389" dir="0" index="3" bw="8" slack="0"/>
<pin id="1390" dir="1" index="4" bw="8" slack="0"/>
</pin_list>
<bind>
<opcode="partselect(1002) " fcode="partselect"/>
<opset="data_V_64/2 "/>
</bind>
</comp>

<comp id="1396" class="1004" name="data_V_65_fu_1396">
<pin_list>
<pin id="1397" dir="0" index="0" bw="8" slack="0"/>
<pin id="1398" dir="0" index="1" bw="144" slack="0"/>
<pin id="1399" dir="0" index="2" bw="8" slack="0"/>
<pin id="1400" dir="0" index="3" bw="8" slack="0"/>
<pin id="1401" dir="1" index="4" bw="8" slack="0"/>
</pin_list>
<bind>
<opcode="partselect(1002) " fcode="partselect"/>
<opset="data_V_65/2 "/>
</bind>
</comp>

<comp id="1407" class="1004" name="data_V_66_fu_1407">
<pin_list>
<pin id="1408" dir="0" index="0" bw="8" slack="0"/>
<pin id="1409" dir="0" index="1" bw="144" slack="0"/>
<pin id="1410" dir="0" index="2" bw="8" slack="0"/>
<pin id="1411" dir="0" index="3" bw="8" slack="0"/>
<pin id="1412" dir="1" index="4" bw="8" slack="0"/>
</pin_list>
<bind>
<opcode="partselect(1002) " fcode="partselect"/>
<opset="data_V_66/2 "/>
</bind>
</comp>

<comp id="1418" class="1004" name="data_V_67_fu_1418">
<pin_list>
<pin id="1419" dir="0" index="0" bw="8" slack="0"/>
<pin id="1420" dir="0" index="1" bw="144" slack="0"/>
<pin id="1421" dir="0" index="2" bw="8" slack="0"/>
<pin id="1422" dir="0" index="3" bw="8" slack="0"/>
<pin id="1423" dir="1" index="4" bw="8" slack="0"/>
</pin_list>
<bind>
<opcode="partselect(1002) " fcode="partselect"/>
<opset="data_V_67/2 "/>
</bind>
</comp>

<comp id="1429" class="1004" name="data_V_68_fu_1429">
<pin_list>
<pin id="1430" dir="0" index="0" bw="8" slack="0"/>
<pin id="1431" dir="0" index="1" bw="144" slack="0"/>
<pin id="1432" dir="0" index="2" bw="8" slack="0"/>
<pin id="1433" dir="0" index="3" bw="8" slack="0"/>
<pin id="1434" dir="1" index="4" bw="8" slack="0"/>
</pin_list>
<bind>
<opcode="partselect(1002) " fcode="partselect"/>
<opset="data_V_68/2 "/>
</bind>
</comp>

<comp id="1440" class="1004" name="data_V_69_fu_1440">
<pin_list>
<pin id="1441" dir="0" index="0" bw="8" slack="0"/>
<pin id="1442" dir="0" index="1" bw="144" slack="0"/>
<pin id="1443" dir="0" index="2" bw="8" slack="0"/>
<pin id="1444" dir="0" index="3" bw="8" slack="0"/>
<pin id="1445" dir="1" index="4" bw="8" slack="0"/>
</pin_list>
<bind>
<opcode="partselect(1002) " fcode="partselect"/>
<opset="data_V_69/2 "/>
</bind>
</comp>

<comp id="1451" class="1004" name="zext_ln124_fu_1451">
<pin_list>
<pin id="1452" dir="0" index="0" bw="7" slack="0"/>
<pin id="1453" dir="1" index="1" bw="64" slack="0"/>
</pin_list>
<bind>
<opcode="zext(34) " fcode="zext"/>
<opset="zext_ln124/2 "/>
</bind>
</comp>

<comp id="1457" class="1004" name="zext_ln124_2_fu_1457">
<pin_list>
<pin id="1458" dir="0" index="0" bw="7" slack="0"/>
<pin id="1459" dir="1" index="1" bw="10" slack="0"/>
</pin_list>
<bind>
<opcode="zext(34) " fcode="zext"/>
<opset="zext_ln124_2/2 "/>
</bind>
</comp>

<comp id="1461" class="1004" name="zext_ln124_3_fu_1461">
<pin_list>
<pin id="1462" dir="0" index="0" bw="7" slack="0"/>
<pin id="1463" dir="1" index="1" bw="9" slack="0"/>
</pin_list>
<bind>
<opcode="zext(34) " fcode="zext"/>
<opset="zext_ln124_3/2 "/>
</bind>
</comp>

<comp id="1465" class="1004" name="zext_ln124_4_fu_1465">
<pin_list>
<pin id="1466" dir="0" index="0" bw="7" slack="0"/>
<pin id="1467" dir="1" index="1" bw="8" slack="0"/>
</pin_list>
<bind>
<opcode="zext(34) " fcode="zext"/>
<opset="zext_ln124_4/2 "/>
</bind>
</comp>

<comp id="1469" class="1004" name="empty_52_fu_1469">
<pin_list>
<pin id="1470" dir="0" index="0" bw="7" slack="0"/>
<pin id="1471" dir="0" index="1" bw="8" slack="0"/>
<pin id="1472" dir="1" index="2" bw="8" slack="0"/>
</pin_list>
<bind>
<opcode="add(8) " fcode="add"/>
<opset="empty_52/2 "/>
</bind>
</comp>

<comp id="1475" class="1004" name="p_cast467_fu_1475">
<pin_list>
<pin id="1476" dir="0" index="0" bw="8" slack="0"/>
<pin id="1477" dir="1" index="1" bw="64" slack="0"/>
</pin_list>
<bind>
<opcode="zext(34) " fcode="zext"/>
<opset="p_cast467/2 "/>
</bind>
</comp>

<comp id="1480" class="1004" name="empty_53_fu_1480">
<pin_list>
<pin id="1481" dir="0" index="0" bw="7" slack="0"/>
<pin id="1482" dir="0" index="1" bw="8" slack="0"/>
<pin id="1483" dir="1" index="2" bw="8" slack="0"/>
</pin_list>
<bind>
<opcode="add(8) " fcode="add"/>
<opset="empty_53/2 "/>
</bind>
</comp>

<comp id="1486" class="1004" name="p_cast468_fu_1486">
<pin_list>
<pin id="1487" dir="0" index="0" bw="8" slack="0"/>
<pin id="1488" dir="1" index="1" bw="64" slack="0"/>
</pin_list>
<bind>
<opcode="zext(34) " fcode="zext"/>
<opset="p_cast468/2 "/>
</bind>
</comp>

<comp id="1491" class="1004" name="empty_54_fu_1491">
<pin_list>
<pin id="1492" dir="0" index="0" bw="7" slack="0"/>
<pin id="1493" dir="0" index="1" bw="9" slack="0"/>
<pin id="1494" dir="1" index="2" bw="9" slack="0"/>
</pin_list>
<bind>
<opcode="add(8) " fcode="add"/>
<opset="empty_54/2 "/>
</bind>
</comp>

<comp id="1497" class="1004" name="p_cast469_fu_1497">
<pin_list>
<pin id="1498" dir="0" index="0" bw="9" slack="0"/>
<pin id="1499" dir="1" index="1" bw="64" slack="0"/>
</pin_list>
<bind>
<opcode="zext(34) " fcode="zext"/>
<opset="p_cast469/2 "/>
</bind>
</comp>

<comp id="1502" class="1004" name="empty_55_fu_1502">
<pin_list>
<pin id="1503" dir="0" index="0" bw="7" slack="0"/>
<pin id="1504" dir="0" index="1" bw="9" slack="0"/>
<pin id="1505" dir="1" index="2" bw="9" slack="0"/>
</pin_list>
<bind>
<opcode="add(8) " fcode="add"/>
<opset="empty_55/2 "/>
</bind>
</comp>

<comp id="1508" class="1004" name="p_cast470_fu_1508">
<pin_list>
<pin id="1509" dir="0" index="0" bw="9" slack="0"/>
<pin id="1510" dir="1" index="1" bw="64" slack="0"/>
</pin_list>
<bind>
<opcode="zext(34) " fcode="zext"/>
<opset="p_cast470/2 "/>
</bind>
</comp>

<comp id="1513" class="1004" name="empty_56_fu_1513">
<pin_list>
<pin id="1514" dir="0" index="0" bw="7" slack="0"/>
<pin id="1515" dir="0" index="1" bw="9" slack="0"/>
<pin id="1516" dir="1" index="2" bw="9" slack="0"/>
</pin_list>
<bind>
<opcode="add(8) " fcode="add"/>
<opset="empty_56/2 "/>
</bind>
</comp>

<comp id="1519" class="1004" name="p_cast471_fu_1519">
<pin_list>
<pin id="1520" dir="0" index="0" bw="9" slack="0"/>
<pin id="1521" dir="1" index="1" bw="64" slack="0"/>
</pin_list>
<bind>
<opcode="zext(34) " fcode="zext"/>
<opset="p_cast471/2 "/>
</bind>
</comp>

<comp id="1524" class="1004" name="empty_57_fu_1524">
<pin_list>
<pin id="1525" dir="0" index="0" bw="7" slack="0"/>
<pin id="1526" dir="0" index="1" bw="8" slack="0"/>
<pin id="1527" dir="1" index="2" bw="8" slack="0"/>
</pin_list>
<bind>
<opcode="add(8) " fcode="add"/>
<opset="empty_57/2 "/>
</bind>
</comp>

<comp id="1530" class="1004" name="p_cast472_cast_cast_cast_cast_fu_1530">
<pin_list>
<pin id="1531" dir="0" index="0" bw="8" slack="0"/>
<pin id="1532" dir="1" index="1" bw="9" slack="0"/>
</pin_list>
<bind>
<opcode="sext(35) " fcode="sext"/>
<opset="p_cast472_cast_cast_cast_cast/2 "/>
</bind>
</comp>

<comp id="1534" class="1004" name="p_cast472_cast_cast_cast_cast_cast_fu_1534">
<pin_list>
<pin id="1535" dir="0" index="0" bw="8" slack="0"/>
<pin id="1536" dir="1" index="1" bw="64" slack="0"/>
</pin_list>
<bind>
<opcode="zext(34) " fcode="zext"/>
<opset="p_cast472_cast_cast_cast_cast_cast/2 "/>
</bind>
</comp>

<comp id="1539" class="1004" name="empty_58_fu_1539">
<pin_list>
<pin id="1540" dir="0" index="0" bw="7" slack="0"/>
<pin id="1541" dir="0" index="1" bw="10" slack="0"/>
<pin id="1542" dir="1" index="2" bw="10" slack="0"/>
</pin_list>
<bind>
<opcode="add(8) " fcode="add"/>
<opset="empty_58/2 "/>
</bind>
</comp>

<comp id="1545" class="1004" name="p_cast473_fu_1545">
<pin_list>
<pin id="1546" dir="0" index="0" bw="10" slack="0"/>
<pin id="1547" dir="1" index="1" bw="64" slack="0"/>
</pin_list>
<bind>
<opcode="zext(34) " fcode="zext"/>
<opset="p_cast473/2 "/>
</bind>
</comp>

<comp id="1550" class="1004" name="ir_fu_1550">
<pin_list>
<pin id="1551" dir="0" index="0" bw="7" slack="0"/>
<pin id="1552" dir="0" index="1" bw="1" slack="0"/>
<pin id="1553" dir="1" index="2" bw="7" slack="0"/>
</pin_list>
<bind>
<opcode="add(8) " fcode="add"/>
<opset="ir/2 "/>
</bind>
</comp>

<comp id="1556" class="1004" name="icmp_ln124_fu_1556">
<pin_list>
<pin id="1557" dir="0" index="0" bw="7" slack="0"/>
<pin id="1558" dir="0" index="1" bw="7" slack="0"/>
<pin id="1559" dir="1" index="2" bw="1" slack="1"/>
</pin_list>
<bind>
<opcode="icmp(45) " fcode="icmp"/>
<opset="icmp_ln124/2 "/>
</bind>
</comp>

<comp id="1562" class="1004" name="a_V_fu_1562">
<pin_list>
<pin id="1563" dir="0" index="0" bw="8" slack="0"/>
<pin id="1564" dir="0" index="1" bw="8" slack="1"/>
<pin id="1565" dir="0" index="2" bw="8" slack="1"/>
<pin id="1566" dir="0" index="3" bw="8" slack="1"/>
<pin id="1567" dir="0" index="4" bw="8" slack="1"/>
<pin id="1568" dir="0" index="5" bw="8" slack="1"/>
<pin id="1569" dir="0" index="6" bw="8" slack="1"/>
<pin id="1570" dir="0" index="7" bw="8" slack="1"/>
<pin id="1571" dir="0" index="8" bw="8" slack="1"/>
<pin id="1572" dir="0" index="9" bw="8" slack="1"/>
<pin id="1573" dir="0" index="10" bw="8" slack="1"/>
<pin id="1574" dir="0" index="11" bw="8" slack="1"/>
<pin id="1575" dir="0" index="12" bw="8" slack="1"/>
<pin id="1576" dir="0" index="13" bw="8" slack="1"/>
<pin id="1577" dir="0" index="14" bw="8" slack="1"/>
<pin id="1578" dir="0" index="15" bw="8" slack="1"/>
<pin id="1579" dir="0" index="16" bw="8" slack="1"/>
<pin id="1580" dir="0" index="17" bw="8" slack="1"/>
<pin id="1581" dir="0" index="18" bw="8" slack="1"/>
<pin id="1582" dir="0" index="19" bw="5" slack="0"/>
<pin id="1583" dir="1" index="20" bw="8" slack="1"/>
</pin_list>
<bind>
<opcode="mux(1196) " fcode="mux"/>
<opset="a_V/3 "/>
</bind>
</comp>

<comp id="1604" class="1004" name="in_index_2_fu_1604">
<pin_list>
<pin id="1605" dir="0" index="0" bw="5" slack="0"/>
<pin id="1606" dir="0" index="1" bw="1" slack="0"/>
<pin id="1607" dir="1" index="2" bw="5" slack="0"/>
</pin_list>
<bind>
<opcode="add(8) " fcode="add"/>
<opset="in_index_2/3 "/>
</bind>
</comp>

<comp id="1610" class="1004" name="icmp_ln141_fu_1610">
<pin_list>
<pin id="1611" dir="0" index="0" bw="5" slack="0"/>
<pin id="1612" dir="0" index="1" bw="5" slack="0"/>
<pin id="1613" dir="1" index="2" bw="1" slack="0"/>
</pin_list>
<bind>
<opcode="icmp(45) " fcode="icmp"/>
<opset="icmp_ln141/3 "/>
</bind>
</comp>

<comp id="1616" class="1004" name="in_index_fu_1616">
<pin_list>
<pin id="1617" dir="0" index="0" bw="1" slack="0"/>
<pin id="1618" dir="0" index="1" bw="1" slack="0"/>
<pin id="1619" dir="0" index="2" bw="5" slack="0"/>
<pin id="1620" dir="1" index="3" bw="5" slack="0"/>
</pin_list>
<bind>
<opcode="select(49) " fcode="select"/>
<opset="in_index/3 "/>
</bind>
</comp>

<comp id="1624" class="1004" name="sext_ln1273_fu_1624">
<pin_list>
<pin id="1625" dir="0" index="0" bw="8" slack="1"/>
<pin id="1626" dir="1" index="1" bw="13" slack="0"/>
</pin_list>
<bind>
<opcode="sext(35) " fcode="sext"/>
<opset="sext_ln1273/4 "/>
</bind>
</comp>

<comp id="1627" class="1004" name="sext_ln1273_45_fu_1627">
<pin_list>
<pin id="1628" dir="0" index="0" bw="8" slack="1"/>
<pin id="1629" dir="1" index="1" bw="13" slack="0"/>
</pin_list>
<bind>
<opcode="sext(35) " fcode="sext"/>
<opset="sext_ln1273_45/4 "/>
</bind>
</comp>

<comp id="1630" class="1004" name="mul_ln1270_fu_1630">
<pin_list>
<pin id="1631" dir="0" index="0" bw="8" slack="0"/>
<pin id="1632" dir="0" index="1" bw="8" slack="0"/>
<pin id="1633" dir="1" index="2" bw="13" slack="0"/>
</pin_list>
<bind>
<opcode="mul(12) " fcode="mul"/>
<opset="mul_ln1270/4 "/>
</bind>
</comp>

<comp id="1636" class="1004" name="rhs_fu_1636">
<pin_list>
<pin id="1637" dir="0" index="0" bw="8" slack="0"/>
<pin id="1638" dir="0" index="1" bw="13" slack="0"/>
<pin id="1639" dir="0" index="2" bw="4" slack="0"/>
<pin id="1640" dir="0" index="3" bw="5" slack="0"/>
<pin id="1641" dir="1" index="4" bw="8" slack="1"/>
</pin_list>
<bind>
<opcode="partselect(1002) " fcode="partselect"/>
<opset="rhs/4 "/>
</bind>
</comp>

<comp id="1646" class="1004" name="sext_ln1273_46_fu_1646">
<pin_list>
<pin id="1647" dir="0" index="0" bw="8" slack="1"/>
<pin id="1648" dir="1" index="1" bw="13" slack="0"/>
</pin_list>
<bind>
<opcode="sext(35) " fcode="sext"/>
<opset="sext_ln1273_46/4 "/>
</bind>
</comp>

<comp id="1649" class="1004" name="mul_ln1270_10_fu_1649">
<pin_list>
<pin id="1650" dir="0" index="0" bw="8" slack="0"/>
<pin id="1651" dir="0" index="1" bw="8" slack="0"/>
<pin id="1652" dir="1" index="2" bw="13" slack="0"/>
</pin_list>
<bind>
<opcode="mul(12) " fcode="mul"/>
<opset="mul_ln1270_10/4 "/>
</bind>
</comp>

<comp id="1655" class="1004" name="rhs_8_fu_1655">
<pin_list>
<pin id="1656" dir="0" index="0" bw="8" slack="0"/>
<pin id="1657" dir="0" index="1" bw="13" slack="0"/>
<pin id="1658" dir="0" index="2" bw="4" slack="0"/>
<pin id="1659" dir="0" index="3" bw="5" slack="0"/>
<pin id="1660" dir="1" index="4" bw="8" slack="1"/>
</pin_list>
<bind>
<opcode="partselect(1002) " fcode="partselect"/>
<opset="rhs_8/4 "/>
</bind>
</comp>

<comp id="1665" class="1004" name="sext_ln1273_47_fu_1665">
<pin_list>
<pin id="1666" dir="0" index="0" bw="8" slack="1"/>
<pin id="1667" dir="1" index="1" bw="13" slack="0"/>
</pin_list>
<bind>
<opcode="sext(35) " fcode="sext"/>
<opset="sext_ln1273_47/4 "/>
</bind>
</comp>

<comp id="1668" class="1004" name="mul_ln1270_11_fu_1668">
<pin_list>
<pin id="1669" dir="0" index="0" bw="8" slack="0"/>
<pin id="1670" dir="0" index="1" bw="8" slack="0"/>
<pin id="1671" dir="1" index="2" bw="13" slack="0"/>
</pin_list>
<bind>
<opcode="mul(12) " fcode="mul"/>
<opset="mul_ln1270_11/4 "/>
</bind>
</comp>

<comp id="1674" class="1004" name="rhs_9_fu_1674">
<pin_list>
<pin id="1675" dir="0" index="0" bw="8" slack="0"/>
<pin id="1676" dir="0" index="1" bw="13" slack="0"/>
<pin id="1677" dir="0" index="2" bw="4" slack="0"/>
<pin id="1678" dir="0" index="3" bw="5" slack="0"/>
<pin id="1679" dir="1" index="4" bw="8" slack="1"/>
</pin_list>
<bind>
<opcode="partselect(1002) " fcode="partselect"/>
<opset="rhs_9/4 "/>
</bind>
</comp>

<comp id="1684" class="1004" name="sext_ln1273_48_fu_1684">
<pin_list>
<pin id="1685" dir="0" index="0" bw="8" slack="1"/>
<pin id="1686" dir="1" index="1" bw="13" slack="0"/>
</pin_list>
<bind>
<opcode="sext(35) " fcode="sext"/>
<opset="sext_ln1273_48/4 "/>
</bind>
</comp>

<comp id="1687" class="1004" name="mul_ln1270_12_fu_1687">
<pin_list>
<pin id="1688" dir="0" index="0" bw="8" slack="0"/>
<pin id="1689" dir="0" index="1" bw="8" slack="0"/>
<pin id="1690" dir="1" index="2" bw="13" slack="0"/>
</pin_list>
<bind>
<opcode="mul(12) " fcode="mul"/>
<opset="mul_ln1270_12/4 "/>
</bind>
</comp>

<comp id="1693" class="1004" name="rhs_10_fu_1693">
<pin_list>
<pin id="1694" dir="0" index="0" bw="8" slack="0"/>
<pin id="1695" dir="0" index="1" bw="13" slack="0"/>
<pin id="1696" dir="0" index="2" bw="4" slack="0"/>
<pin id="1697" dir="0" index="3" bw="5" slack="0"/>
<pin id="1698" dir="1" index="4" bw="8" slack="1"/>
</pin_list>
<bind>
<opcode="partselect(1002) " fcode="partselect"/>
<opset="rhs_10/4 "/>
</bind>
</comp>

<comp id="1703" class="1004" name="sext_ln1273_49_fu_1703">
<pin_list>
<pin id="1704" dir="0" index="0" bw="8" slack="1"/>
<pin id="1705" dir="1" index="1" bw="13" slack="0"/>
</pin_list>
<bind>
<opcode="sext(35) " fcode="sext"/>
<opset="sext_ln1273_49/4 "/>
</bind>
</comp>

<comp id="1706" class="1004" name="mul_ln1270_13_fu_1706">
<pin_list>
<pin id="1707" dir="0" index="0" bw="8" slack="0"/>
<pin id="1708" dir="0" index="1" bw="8" slack="0"/>
<pin id="1709" dir="1" index="2" bw="13" slack="0"/>
</pin_list>
<bind>
<opcode="mul(12) " fcode="mul"/>
<opset="mul_ln1270_13/4 "/>
</bind>
</comp>

<comp id="1712" class="1004" name="rhs_11_fu_1712">
<pin_list>
<pin id="1713" dir="0" index="0" bw="8" slack="0"/>
<pin id="1714" dir="0" index="1" bw="13" slack="0"/>
<pin id="1715" dir="0" index="2" bw="4" slack="0"/>
<pin id="1716" dir="0" index="3" bw="5" slack="0"/>
<pin id="1717" dir="1" index="4" bw="8" slack="1"/>
</pin_list>
<bind>
<opcode="partselect(1002) " fcode="partselect"/>
<opset="rhs_11/4 "/>
</bind>
</comp>

<comp id="1722" class="1004" name="sext_ln1273_50_fu_1722">
<pin_list>
<pin id="1723" dir="0" index="0" bw="8" slack="1"/>
<pin id="1724" dir="1" index="1" bw="13" slack="0"/>
</pin_list>
<bind>
<opcode="sext(35) " fcode="sext"/>
<opset="sext_ln1273_50/4 "/>
</bind>
</comp>

<comp id="1725" class="1004" name="mul_ln1270_14_fu_1725">
<pin_list>
<pin id="1726" dir="0" index="0" bw="8" slack="0"/>
<pin id="1727" dir="0" index="1" bw="8" slack="0"/>
<pin id="1728" dir="1" index="2" bw="13" slack="0"/>
</pin_list>
<bind>
<opcode="mul(12) " fcode="mul"/>
<opset="mul_ln1270_14/4 "/>
</bind>
</comp>

<comp id="1731" class="1004" name="rhs_12_fu_1731">
<pin_list>
<pin id="1732" dir="0" index="0" bw="8" slack="0"/>
<pin id="1733" dir="0" index="1" bw="13" slack="0"/>
<pin id="1734" dir="0" index="2" bw="4" slack="0"/>
<pin id="1735" dir="0" index="3" bw="5" slack="0"/>
<pin id="1736" dir="1" index="4" bw="8" slack="1"/>
</pin_list>
<bind>
<opcode="partselect(1002) " fcode="partselect"/>
<opset="rhs_12/4 "/>
</bind>
</comp>

<comp id="1741" class="1004" name="sext_ln1273_51_fu_1741">
<pin_list>
<pin id="1742" dir="0" index="0" bw="8" slack="1"/>
<pin id="1743" dir="1" index="1" bw="13" slack="0"/>
</pin_list>
<bind>
<opcode="sext(35) " fcode="sext"/>
<opset="sext_ln1273_51/4 "/>
</bind>
</comp>

<comp id="1744" class="1004" name="mul_ln1270_15_fu_1744">
<pin_list>
<pin id="1745" dir="0" index="0" bw="8" slack="0"/>
<pin id="1746" dir="0" index="1" bw="8" slack="0"/>
<pin id="1747" dir="1" index="2" bw="13" slack="0"/>
</pin_list>
<bind>
<opcode="mul(12) " fcode="mul"/>
<opset="mul_ln1270_15/4 "/>
</bind>
</comp>

<comp id="1750" class="1004" name="rhs_13_fu_1750">
<pin_list>
<pin id="1751" dir="0" index="0" bw="8" slack="0"/>
<pin id="1752" dir="0" index="1" bw="13" slack="0"/>
<pin id="1753" dir="0" index="2" bw="4" slack="0"/>
<pin id="1754" dir="0" index="3" bw="5" slack="0"/>
<pin id="1755" dir="1" index="4" bw="8" slack="1"/>
</pin_list>
<bind>
<opcode="partselect(1002) " fcode="partselect"/>
<opset="rhs_13/4 "/>
</bind>
</comp>

<comp id="1760" class="1004" name="sext_ln1273_52_fu_1760">
<pin_list>
<pin id="1761" dir="0" index="0" bw="8" slack="1"/>
<pin id="1762" dir="1" index="1" bw="13" slack="0"/>
</pin_list>
<bind>
<opcode="sext(35) " fcode="sext"/>
<opset="sext_ln1273_52/4 "/>
</bind>
</comp>

<comp id="1763" class="1004" name="mul_ln1270_16_fu_1763">
<pin_list>
<pin id="1764" dir="0" index="0" bw="8" slack="0"/>
<pin id="1765" dir="0" index="1" bw="8" slack="0"/>
<pin id="1766" dir="1" index="2" bw="13" slack="0"/>
</pin_list>
<bind>
<opcode="mul(12) " fcode="mul"/>
<opset="mul_ln1270_16/4 "/>
</bind>
</comp>

<comp id="1769" class="1004" name="rhs_14_fu_1769">
<pin_list>
<pin id="1770" dir="0" index="0" bw="8" slack="0"/>
<pin id="1771" dir="0" index="1" bw="13" slack="0"/>
<pin id="1772" dir="0" index="2" bw="4" slack="0"/>
<pin id="1773" dir="0" index="3" bw="5" slack="0"/>
<pin id="1774" dir="1" index="4" bw="8" slack="1"/>
</pin_list>
<bind>
<opcode="partselect(1002) " fcode="partselect"/>
<opset="rhs_14/4 "/>
</bind>
</comp>

<comp id="1779" class="1004" name="lhs_fu_1779">
<pin_list>
<pin id="1780" dir="0" index="0" bw="8" slack="0"/>
<pin id="1781" dir="0" index="1" bw="8" slack="0"/>
<pin id="1782" dir="0" index="2" bw="8" slack="0"/>
<pin id="1783" dir="0" index="3" bw="8" slack="0"/>
<pin id="1784" dir="0" index="4" bw="8" slack="0"/>
<pin id="1785" dir="0" index="5" bw="2" slack="2"/>
<pin id="1786" dir="1" index="6" bw="8" slack="0"/>
</pin_list>
<bind>
<opcode="mux(1196) " fcode="mux"/>
<opset="lhs/5 "/>
</bind>
</comp>

<comp id="1792" class="1004" name="sext_ln813_fu_1792">
<pin_list>
<pin id="1793" dir="0" index="0" bw="8" slack="0"/>
<pin id="1794" dir="1" index="1" bw="9" slack="0"/>
</pin_list>
<bind>
<opcode="sext(35) " fcode="sext"/>
<opset="sext_ln813/5 "/>
</bind>
</comp>

<comp id="1796" class="1004" name="sub_ln1420_fu_1796">
<pin_list>
<pin id="1797" dir="0" index="0" bw="1" slack="0"/>
<pin id="1798" dir="0" index="1" bw="8" slack="0"/>
<pin id="1799" dir="1" index="2" bw="9" slack="1"/>
</pin_list>
<bind>
<opcode="sub(10) " fcode="sub"/>
<opset="sub_ln1420/5 "/>
</bind>
</comp>

<comp id="1802" class="1004" name="icmp_ln808_fu_1802">
<pin_list>
<pin id="1803" dir="0" index="0" bw="2" slack="2"/>
<pin id="1804" dir="0" index="1" bw="1" slack="0"/>
<pin id="1805" dir="1" index="2" bw="1" slack="0"/>
</pin_list>
<bind>
<opcode="icmp(45) " fcode="icmp"/>
<opset="icmp_ln808/5 "/>
</bind>
</comp>

<comp id="1807" class="1004" name="icmp_ln808_1_fu_1807">
<pin_list>
<pin id="1808" dir="0" index="0" bw="2" slack="2"/>
<pin id="1809" dir="0" index="1" bw="2" slack="0"/>
<pin id="1810" dir="1" index="2" bw="1" slack="0"/>
</pin_list>
<bind>
<opcode="icmp(45) " fcode="icmp"/>
<opset="icmp_ln808_1/5 "/>
</bind>
</comp>

<comp id="1812" class="1004" name="icmp_ln808_2_fu_1812">
<pin_list>
<pin id="1813" dir="0" index="0" bw="2" slack="2"/>
<pin id="1814" dir="0" index="1" bw="1" slack="0"/>
<pin id="1815" dir="1" index="2" bw="1" slack="0"/>
</pin_list>
<bind>
<opcode="icmp(45) " fcode="icmp"/>
<opset="icmp_ln808_2/5 "/>
</bind>
</comp>

<comp id="1817" class="1004" name="or_ln808_1_fu_1817">
<pin_list>
<pin id="1818" dir="0" index="0" bw="1" slack="0"/>
<pin id="1819" dir="0" index="1" bw="1" slack="0"/>
<pin id="1820" dir="1" index="2" bw="1" slack="0"/>
</pin_list>
<bind>
<opcode="or(24) " fcode="or"/>
<opset="or_ln808_1/5 "/>
</bind>
</comp>

<comp id="1823" class="1004" name="acc_V_87_fu_1823">
<pin_list>
<pin id="1824" dir="0" index="0" bw="8" slack="1"/>
<pin id="1825" dir="0" index="1" bw="8" slack="0"/>
<pin id="1826" dir="1" index="2" bw="8" slack="0"/>
</pin_list>
<bind>
<opcode="add(8) " fcode="add"/>
<opset="acc_V_87/5 "/>
</bind>
</comp>

<comp id="1828" class="1004" name="acc_V_104_fu_1828">
<pin_list>
<pin id="1829" dir="0" index="0" bw="1" slack="0"/>
<pin id="1830" dir="0" index="1" bw="8" slack="0"/>
<pin id="1831" dir="0" index="2" bw="8" slack="0"/>
<pin id="1832" dir="1" index="3" bw="8" slack="0"/>
</pin_list>
<bind>
<opcode="select(49) " fcode="select"/>
<opset="acc_V_104/5 "/>
</bind>
</comp>

<comp id="1836" class="1004" name="acc_V_103_fu_1836">
<pin_list>
<pin id="1837" dir="0" index="0" bw="1" slack="0"/>
<pin id="1838" dir="0" index="1" bw="8" slack="0"/>
<pin id="1839" dir="0" index="2" bw="8" slack="0"/>
<pin id="1840" dir="1" index="3" bw="8" slack="0"/>
</pin_list>
<bind>
<opcode="select(49) " fcode="select"/>
<opset="acc_V_103/5 "/>
</bind>
</comp>

<comp id="1844" class="1004" name="acc_V_102_fu_1844">
<pin_list>
<pin id="1845" dir="0" index="0" bw="1" slack="0"/>
<pin id="1846" dir="0" index="1" bw="8" slack="0"/>
<pin id="1847" dir="0" index="2" bw="8" slack="0"/>
<pin id="1848" dir="1" index="3" bw="8" slack="0"/>
</pin_list>
<bind>
<opcode="select(49) " fcode="select"/>
<opset="acc_V_102/5 "/>
</bind>
</comp>

<comp id="1852" class="1004" name="or_ln813_fu_1852">
<pin_list>
<pin id="1853" dir="0" index="0" bw="1" slack="0"/>
<pin id="1854" dir="0" index="1" bw="1" slack="0"/>
<pin id="1855" dir="1" index="2" bw="1" slack="1"/>
</pin_list>
<bind>
<opcode="or(24) " fcode="or"/>
<opset="or_ln813/5 "/>
</bind>
</comp>

<comp id="1858" class="1004" name="lhs_8_fu_1858">
<pin_list>
<pin id="1859" dir="0" index="0" bw="8" slack="0"/>
<pin id="1860" dir="0" index="1" bw="8" slack="0"/>
<pin id="1861" dir="0" index="2" bw="8" slack="0"/>
<pin id="1862" dir="0" index="3" bw="8" slack="0"/>
<pin id="1863" dir="0" index="4" bw="8" slack="0"/>
<pin id="1864" dir="0" index="5" bw="2" slack="2"/>
<pin id="1865" dir="1" index="6" bw="8" slack="0"/>
</pin_list>
<bind>
<opcode="mux(1196) " fcode="mux"/>
<opset="lhs_8/5 "/>
</bind>
</comp>

<comp id="1871" class="1004" name="sext_ln813_18_fu_1871">
<pin_list>
<pin id="1872" dir="0" index="0" bw="8" slack="0"/>
<pin id="1873" dir="1" index="1" bw="9" slack="0"/>
</pin_list>
<bind>
<opcode="sext(35) " fcode="sext"/>
<opset="sext_ln813_18/5 "/>
</bind>
</comp>

<comp id="1875" class="1004" name="sub_ln1420_8_fu_1875">
<pin_list>
<pin id="1876" dir="0" index="0" bw="1" slack="0"/>
<pin id="1877" dir="0" index="1" bw="8" slack="0"/>
<pin id="1878" dir="1" index="2" bw="9" slack="1"/>
</pin_list>
<bind>
<opcode="sub(10) " fcode="sub"/>
<opset="sub_ln1420_8/5 "/>
</bind>
</comp>

<comp id="1881" class="1004" name="acc_V_88_fu_1881">
<pin_list>
<pin id="1882" dir="0" index="0" bw="8" slack="1"/>
<pin id="1883" dir="0" index="1" bw="8" slack="0"/>
<pin id="1884" dir="1" index="2" bw="8" slack="0"/>
</pin_list>
<bind>
<opcode="add(8) " fcode="add"/>
<opset="acc_V_88/5 "/>
</bind>
</comp>

<comp id="1886" class="1004" name="acc_V_108_fu_1886">
<pin_list>
<pin id="1887" dir="0" index="0" bw="1" slack="0"/>
<pin id="1888" dir="0" index="1" bw="8" slack="0"/>
<pin id="1889" dir="0" index="2" bw="8" slack="0"/>
<pin id="1890" dir="1" index="3" bw="8" slack="0"/>
</pin_list>
<bind>
<opcode="select(49) " fcode="select"/>
<opset="acc_V_108/5 "/>
</bind>
</comp>

<comp id="1894" class="1004" name="acc_V_107_fu_1894">
<pin_list>
<pin id="1895" dir="0" index="0" bw="1" slack="0"/>
<pin id="1896" dir="0" index="1" bw="8" slack="0"/>
<pin id="1897" dir="0" index="2" bw="8" slack="0"/>
<pin id="1898" dir="1" index="3" bw="8" slack="0"/>
</pin_list>
<bind>
<opcode="select(49) " fcode="select"/>
<opset="acc_V_107/5 "/>
</bind>
</comp>

<comp id="1902" class="1004" name="acc_V_106_fu_1902">
<pin_list>
<pin id="1903" dir="0" index="0" bw="1" slack="0"/>
<pin id="1904" dir="0" index="1" bw="8" slack="0"/>
<pin id="1905" dir="0" index="2" bw="8" slack="0"/>
<pin id="1906" dir="1" index="3" bw="8" slack="0"/>
</pin_list>
<bind>
<opcode="select(49) " fcode="select"/>
<opset="acc_V_106/5 "/>
</bind>
</comp>

<comp id="1910" class="1004" name="lhs_9_fu_1910">
<pin_list>
<pin id="1911" dir="0" index="0" bw="8" slack="0"/>
<pin id="1912" dir="0" index="1" bw="8" slack="0"/>
<pin id="1913" dir="0" index="2" bw="8" slack="0"/>
<pin id="1914" dir="0" index="3" bw="8" slack="0"/>
<pin id="1915" dir="0" index="4" bw="8" slack="0"/>
<pin id="1916" dir="0" index="5" bw="2" slack="2"/>
<pin id="1917" dir="1" index="6" bw="8" slack="0"/>
</pin_list>
<bind>
<opcode="mux(1196) " fcode="mux"/>
<opset="lhs_9/5 "/>
</bind>
</comp>

<comp id="1923" class="1004" name="sext_ln813_20_fu_1923">
<pin_list>
<pin id="1924" dir="0" index="0" bw="8" slack="0"/>
<pin id="1925" dir="1" index="1" bw="9" slack="0"/>
</pin_list>
<bind>
<opcode="sext(35) " fcode="sext"/>
<opset="sext_ln813_20/5 "/>
</bind>
</comp>

<comp id="1927" class="1004" name="sub_ln1420_9_fu_1927">
<pin_list>
<pin id="1928" dir="0" index="0" bw="1" slack="0"/>
<pin id="1929" dir="0" index="1" bw="8" slack="0"/>
<pin id="1930" dir="1" index="2" bw="9" slack="1"/>
</pin_list>
<bind>
<opcode="sub(10) " fcode="sub"/>
<opset="sub_ln1420_9/5 "/>
</bind>
</comp>

<comp id="1933" class="1004" name="acc_V_90_fu_1933">
<pin_list>
<pin id="1934" dir="0" index="0" bw="8" slack="1"/>
<pin id="1935" dir="0" index="1" bw="8" slack="0"/>
<pin id="1936" dir="1" index="2" bw="8" slack="0"/>
</pin_list>
<bind>
<opcode="add(8) " fcode="add"/>
<opset="acc_V_90/5 "/>
</bind>
</comp>

<comp id="1938" class="1004" name="acc_V_112_fu_1938">
<pin_list>
<pin id="1939" dir="0" index="0" bw="1" slack="0"/>
<pin id="1940" dir="0" index="1" bw="8" slack="0"/>
<pin id="1941" dir="0" index="2" bw="8" slack="0"/>
<pin id="1942" dir="1" index="3" bw="8" slack="0"/>
</pin_list>
<bind>
<opcode="select(49) " fcode="select"/>
<opset="acc_V_112/5 "/>
</bind>
</comp>

<comp id="1946" class="1004" name="acc_V_111_fu_1946">
<pin_list>
<pin id="1947" dir="0" index="0" bw="1" slack="0"/>
<pin id="1948" dir="0" index="1" bw="8" slack="0"/>
<pin id="1949" dir="0" index="2" bw="8" slack="0"/>
<pin id="1950" dir="1" index="3" bw="8" slack="0"/>
</pin_list>
<bind>
<opcode="select(49) " fcode="select"/>
<opset="acc_V_111/5 "/>
</bind>
</comp>

<comp id="1954" class="1004" name="acc_V_110_fu_1954">
<pin_list>
<pin id="1955" dir="0" index="0" bw="1" slack="0"/>
<pin id="1956" dir="0" index="1" bw="8" slack="0"/>
<pin id="1957" dir="0" index="2" bw="8" slack="0"/>
<pin id="1958" dir="1" index="3" bw="8" slack="0"/>
</pin_list>
<bind>
<opcode="select(49) " fcode="select"/>
<opset="acc_V_110/5 "/>
</bind>
</comp>

<comp id="1962" class="1004" name="lhs_10_fu_1962">
<pin_list>
<pin id="1963" dir="0" index="0" bw="8" slack="0"/>
<pin id="1964" dir="0" index="1" bw="8" slack="0"/>
<pin id="1965" dir="0" index="2" bw="8" slack="0"/>
<pin id="1966" dir="0" index="3" bw="8" slack="0"/>
<pin id="1967" dir="0" index="4" bw="8" slack="0"/>
<pin id="1968" dir="0" index="5" bw="2" slack="2"/>
<pin id="1969" dir="1" index="6" bw="8" slack="0"/>
</pin_list>
<bind>
<opcode="mux(1196) " fcode="mux"/>
<opset="lhs_10/5 "/>
</bind>
</comp>

<comp id="1975" class="1004" name="sext_ln813_22_fu_1975">
<pin_list>
<pin id="1976" dir="0" index="0" bw="8" slack="0"/>
<pin id="1977" dir="1" index="1" bw="9" slack="0"/>
</pin_list>
<bind>
<opcode="sext(35) " fcode="sext"/>
<opset="sext_ln813_22/5 "/>
</bind>
</comp>

<comp id="1979" class="1004" name="sub_ln1420_10_fu_1979">
<pin_list>
<pin id="1980" dir="0" index="0" bw="1" slack="0"/>
<pin id="1981" dir="0" index="1" bw="8" slack="0"/>
<pin id="1982" dir="1" index="2" bw="9" slack="1"/>
</pin_list>
<bind>
<opcode="sub(10) " fcode="sub"/>
<opset="sub_ln1420_10/5 "/>
</bind>
</comp>

<comp id="1985" class="1004" name="acc_V_92_fu_1985">
<pin_list>
<pin id="1986" dir="0" index="0" bw="8" slack="1"/>
<pin id="1987" dir="0" index="1" bw="8" slack="0"/>
<pin id="1988" dir="1" index="2" bw="8" slack="0"/>
</pin_list>
<bind>
<opcode="add(8) " fcode="add"/>
<opset="acc_V_92/5 "/>
</bind>
</comp>

<comp id="1990" class="1004" name="acc_V_116_fu_1990">
<pin_list>
<pin id="1991" dir="0" index="0" bw="1" slack="0"/>
<pin id="1992" dir="0" index="1" bw="8" slack="0"/>
<pin id="1993" dir="0" index="2" bw="8" slack="0"/>
<pin id="1994" dir="1" index="3" bw="8" slack="0"/>
</pin_list>
<bind>
<opcode="select(49) " fcode="select"/>
<opset="acc_V_116/5 "/>
</bind>
</comp>

<comp id="1998" class="1004" name="acc_V_115_fu_1998">
<pin_list>
<pin id="1999" dir="0" index="0" bw="1" slack="0"/>
<pin id="2000" dir="0" index="1" bw="8" slack="0"/>
<pin id="2001" dir="0" index="2" bw="8" slack="0"/>
<pin id="2002" dir="1" index="3" bw="8" slack="0"/>
</pin_list>
<bind>
<opcode="select(49) " fcode="select"/>
<opset="acc_V_115/5 "/>
</bind>
</comp>

<comp id="2006" class="1004" name="acc_V_114_fu_2006">
<pin_list>
<pin id="2007" dir="0" index="0" bw="1" slack="0"/>
<pin id="2008" dir="0" index="1" bw="8" slack="0"/>
<pin id="2009" dir="0" index="2" bw="8" slack="0"/>
<pin id="2010" dir="1" index="3" bw="8" slack="0"/>
</pin_list>
<bind>
<opcode="select(49) " fcode="select"/>
<opset="acc_V_114/5 "/>
</bind>
</comp>

<comp id="2014" class="1004" name="lhs_11_fu_2014">
<pin_list>
<pin id="2015" dir="0" index="0" bw="8" slack="0"/>
<pin id="2016" dir="0" index="1" bw="8" slack="0"/>
<pin id="2017" dir="0" index="2" bw="8" slack="0"/>
<pin id="2018" dir="0" index="3" bw="8" slack="0"/>
<pin id="2019" dir="0" index="4" bw="8" slack="0"/>
<pin id="2020" dir="0" index="5" bw="2" slack="2"/>
<pin id="2021" dir="1" index="6" bw="8" slack="0"/>
</pin_list>
<bind>
<opcode="mux(1196) " fcode="mux"/>
<opset="lhs_11/5 "/>
</bind>
</comp>

<comp id="2027" class="1004" name="sext_ln813_24_fu_2027">
<pin_list>
<pin id="2028" dir="0" index="0" bw="8" slack="0"/>
<pin id="2029" dir="1" index="1" bw="9" slack="0"/>
</pin_list>
<bind>
<opcode="sext(35) " fcode="sext"/>
<opset="sext_ln813_24/5 "/>
</bind>
</comp>

<comp id="2031" class="1004" name="sub_ln1420_11_fu_2031">
<pin_list>
<pin id="2032" dir="0" index="0" bw="1" slack="0"/>
<pin id="2033" dir="0" index="1" bw="8" slack="0"/>
<pin id="2034" dir="1" index="2" bw="9" slack="1"/>
</pin_list>
<bind>
<opcode="sub(10) " fcode="sub"/>
<opset="sub_ln1420_11/5 "/>
</bind>
</comp>

<comp id="2037" class="1004" name="or_ln808_10_fu_2037">
<pin_list>
<pin id="2038" dir="0" index="0" bw="1" slack="0"/>
<pin id="2039" dir="0" index="1" bw="1" slack="0"/>
<pin id="2040" dir="1" index="2" bw="1" slack="0"/>
</pin_list>
<bind>
<opcode="or(24) " fcode="or"/>
<opset="or_ln808_10/5 "/>
</bind>
</comp>

<comp id="2043" class="1004" name="acc_V_94_fu_2043">
<pin_list>
<pin id="2044" dir="0" index="0" bw="8" slack="1"/>
<pin id="2045" dir="0" index="1" bw="8" slack="0"/>
<pin id="2046" dir="1" index="2" bw="8" slack="0"/>
</pin_list>
<bind>
<opcode="add(8) " fcode="add"/>
<opset="acc_V_94/5 "/>
</bind>
</comp>

<comp id="2048" class="1004" name="acc_V_120_fu_2048">
<pin_list>
<pin id="2049" dir="0" index="0" bw="1" slack="0"/>
<pin id="2050" dir="0" index="1" bw="8" slack="0"/>
<pin id="2051" dir="0" index="2" bw="8" slack="0"/>
<pin id="2052" dir="1" index="3" bw="8" slack="0"/>
</pin_list>
<bind>
<opcode="select(49) " fcode="select"/>
<opset="acc_V_120/5 "/>
</bind>
</comp>

<comp id="2056" class="1004" name="acc_V_119_fu_2056">
<pin_list>
<pin id="2057" dir="0" index="0" bw="1" slack="0"/>
<pin id="2058" dir="0" index="1" bw="8" slack="0"/>
<pin id="2059" dir="0" index="2" bw="8" slack="0"/>
<pin id="2060" dir="1" index="3" bw="8" slack="0"/>
</pin_list>
<bind>
<opcode="select(49) " fcode="select"/>
<opset="acc_V_119/5 "/>
</bind>
</comp>

<comp id="2064" class="1004" name="acc_V_118_fu_2064">
<pin_list>
<pin id="2065" dir="0" index="0" bw="1" slack="0"/>
<pin id="2066" dir="0" index="1" bw="8" slack="0"/>
<pin id="2067" dir="0" index="2" bw="8" slack="0"/>
<pin id="2068" dir="1" index="3" bw="8" slack="0"/>
</pin_list>
<bind>
<opcode="select(49) " fcode="select"/>
<opset="acc_V_118/5 "/>
</bind>
</comp>

<comp id="2072" class="1004" name="or_ln813_1_fu_2072">
<pin_list>
<pin id="2073" dir="0" index="0" bw="1" slack="0"/>
<pin id="2074" dir="0" index="1" bw="1" slack="0"/>
<pin id="2075" dir="1" index="2" bw="1" slack="1"/>
</pin_list>
<bind>
<opcode="or(24) " fcode="or"/>
<opset="or_ln813_1/5 "/>
</bind>
</comp>

<comp id="2078" class="1004" name="lhs_12_fu_2078">
<pin_list>
<pin id="2079" dir="0" index="0" bw="8" slack="0"/>
<pin id="2080" dir="0" index="1" bw="8" slack="0"/>
<pin id="2081" dir="0" index="2" bw="8" slack="0"/>
<pin id="2082" dir="0" index="3" bw="8" slack="0"/>
<pin id="2083" dir="0" index="4" bw="8" slack="0"/>
<pin id="2084" dir="0" index="5" bw="2" slack="2"/>
<pin id="2085" dir="1" index="6" bw="8" slack="0"/>
</pin_list>
<bind>
<opcode="mux(1196) " fcode="mux"/>
<opset="lhs_12/5 "/>
</bind>
</comp>

<comp id="2091" class="1004" name="sext_ln813_26_fu_2091">
<pin_list>
<pin id="2092" dir="0" index="0" bw="8" slack="0"/>
<pin id="2093" dir="1" index="1" bw="9" slack="0"/>
</pin_list>
<bind>
<opcode="sext(35) " fcode="sext"/>
<opset="sext_ln813_26/5 "/>
</bind>
</comp>

<comp id="2095" class="1004" name="sub_ln1420_12_fu_2095">
<pin_list>
<pin id="2096" dir="0" index="0" bw="1" slack="0"/>
<pin id="2097" dir="0" index="1" bw="8" slack="0"/>
<pin id="2098" dir="1" index="2" bw="9" slack="1"/>
</pin_list>
<bind>
<opcode="sub(10) " fcode="sub"/>
<opset="sub_ln1420_12/5 "/>
</bind>
</comp>

<comp id="2101" class="1004" name="acc_V_96_fu_2101">
<pin_list>
<pin id="2102" dir="0" index="0" bw="8" slack="1"/>
<pin id="2103" dir="0" index="1" bw="8" slack="0"/>
<pin id="2104" dir="1" index="2" bw="8" slack="0"/>
</pin_list>
<bind>
<opcode="add(8) " fcode="add"/>
<opset="acc_V_96/5 "/>
</bind>
</comp>

<comp id="2106" class="1004" name="acc_V_124_fu_2106">
<pin_list>
<pin id="2107" dir="0" index="0" bw="1" slack="0"/>
<pin id="2108" dir="0" index="1" bw="8" slack="0"/>
<pin id="2109" dir="0" index="2" bw="8" slack="0"/>
<pin id="2110" dir="1" index="3" bw="8" slack="0"/>
</pin_list>
<bind>
<opcode="select(49) " fcode="select"/>
<opset="acc_V_124/5 "/>
</bind>
</comp>

<comp id="2114" class="1004" name="acc_V_123_fu_2114">
<pin_list>
<pin id="2115" dir="0" index="0" bw="1" slack="0"/>
<pin id="2116" dir="0" index="1" bw="8" slack="0"/>
<pin id="2117" dir="0" index="2" bw="8" slack="0"/>
<pin id="2118" dir="1" index="3" bw="8" slack="0"/>
</pin_list>
<bind>
<opcode="select(49) " fcode="select"/>
<opset="acc_V_123/5 "/>
</bind>
</comp>

<comp id="2122" class="1004" name="acc_V_122_fu_2122">
<pin_list>
<pin id="2123" dir="0" index="0" bw="1" slack="0"/>
<pin id="2124" dir="0" index="1" bw="8" slack="0"/>
<pin id="2125" dir="0" index="2" bw="8" slack="0"/>
<pin id="2126" dir="1" index="3" bw="8" slack="0"/>
</pin_list>
<bind>
<opcode="select(49) " fcode="select"/>
<opset="acc_V_122/5 "/>
</bind>
</comp>

<comp id="2130" class="1004" name="lhs_13_fu_2130">
<pin_list>
<pin id="2131" dir="0" index="0" bw="8" slack="0"/>
<pin id="2132" dir="0" index="1" bw="8" slack="0"/>
<pin id="2133" dir="0" index="2" bw="8" slack="0"/>
<pin id="2134" dir="0" index="3" bw="8" slack="0"/>
<pin id="2135" dir="0" index="4" bw="8" slack="0"/>
<pin id="2136" dir="0" index="5" bw="2" slack="2"/>
<pin id="2137" dir="1" index="6" bw="8" slack="0"/>
</pin_list>
<bind>
<opcode="mux(1196) " fcode="mux"/>
<opset="lhs_13/5 "/>
</bind>
</comp>

<comp id="2143" class="1004" name="sext_ln813_28_fu_2143">
<pin_list>
<pin id="2144" dir="0" index="0" bw="8" slack="0"/>
<pin id="2145" dir="1" index="1" bw="9" slack="0"/>
</pin_list>
<bind>
<opcode="sext(35) " fcode="sext"/>
<opset="sext_ln813_28/5 "/>
</bind>
</comp>

<comp id="2147" class="1004" name="sub_ln1420_13_fu_2147">
<pin_list>
<pin id="2148" dir="0" index="0" bw="1" slack="0"/>
<pin id="2149" dir="0" index="1" bw="8" slack="0"/>
<pin id="2150" dir="1" index="2" bw="9" slack="1"/>
</pin_list>
<bind>
<opcode="sub(10) " fcode="sub"/>
<opset="sub_ln1420_13/5 "/>
</bind>
</comp>

<comp id="2153" class="1004" name="acc_V_98_fu_2153">
<pin_list>
<pin id="2154" dir="0" index="0" bw="8" slack="1"/>
<pin id="2155" dir="0" index="1" bw="8" slack="0"/>
<pin id="2156" dir="1" index="2" bw="8" slack="0"/>
</pin_list>
<bind>
<opcode="add(8) " fcode="add"/>
<opset="acc_V_98/5 "/>
</bind>
</comp>

<comp id="2158" class="1004" name="acc_V_128_fu_2158">
<pin_list>
<pin id="2159" dir="0" index="0" bw="1" slack="0"/>
<pin id="2160" dir="0" index="1" bw="8" slack="0"/>
<pin id="2161" dir="0" index="2" bw="8" slack="0"/>
<pin id="2162" dir="1" index="3" bw="8" slack="0"/>
</pin_list>
<bind>
<opcode="select(49) " fcode="select"/>
<opset="acc_V_128/5 "/>
</bind>
</comp>

<comp id="2166" class="1004" name="acc_V_127_fu_2166">
<pin_list>
<pin id="2167" dir="0" index="0" bw="1" slack="0"/>
<pin id="2168" dir="0" index="1" bw="8" slack="0"/>
<pin id="2169" dir="0" index="2" bw="8" slack="0"/>
<pin id="2170" dir="1" index="3" bw="8" slack="0"/>
</pin_list>
<bind>
<opcode="select(49) " fcode="select"/>
<opset="acc_V_127/5 "/>
</bind>
</comp>

<comp id="2174" class="1004" name="acc_V_126_fu_2174">
<pin_list>
<pin id="2175" dir="0" index="0" bw="1" slack="0"/>
<pin id="2176" dir="0" index="1" bw="8" slack="0"/>
<pin id="2177" dir="0" index="2" bw="8" slack="0"/>
<pin id="2178" dir="1" index="3" bw="8" slack="0"/>
</pin_list>
<bind>
<opcode="select(49) " fcode="select"/>
<opset="acc_V_126/5 "/>
</bind>
</comp>

<comp id="2182" class="1004" name="lhs_14_fu_2182">
<pin_list>
<pin id="2183" dir="0" index="0" bw="8" slack="0"/>
<pin id="2184" dir="0" index="1" bw="8" slack="0"/>
<pin id="2185" dir="0" index="2" bw="8" slack="0"/>
<pin id="2186" dir="0" index="3" bw="8" slack="0"/>
<pin id="2187" dir="0" index="4" bw="8" slack="0"/>
<pin id="2188" dir="0" index="5" bw="2" slack="2"/>
<pin id="2189" dir="1" index="6" bw="8" slack="0"/>
</pin_list>
<bind>
<opcode="mux(1196) " fcode="mux"/>
<opset="lhs_14/5 "/>
</bind>
</comp>

<comp id="2195" class="1004" name="sext_ln813_30_fu_2195">
<pin_list>
<pin id="2196" dir="0" index="0" bw="8" slack="0"/>
<pin id="2197" dir="1" index="1" bw="9" slack="0"/>
</pin_list>
<bind>
<opcode="sext(35) " fcode="sext"/>
<opset="sext_ln813_30/5 "/>
</bind>
</comp>

<comp id="2199" class="1004" name="sub_ln1420_14_fu_2199">
<pin_list>
<pin id="2200" dir="0" index="0" bw="1" slack="0"/>
<pin id="2201" dir="0" index="1" bw="8" slack="0"/>
<pin id="2202" dir="1" index="2" bw="9" slack="1"/>
</pin_list>
<bind>
<opcode="sub(10) " fcode="sub"/>
<opset="sub_ln1420_14/5 "/>
</bind>
</comp>

<comp id="2205" class="1004" name="acc_V_100_fu_2205">
<pin_list>
<pin id="2206" dir="0" index="0" bw="8" slack="1"/>
<pin id="2207" dir="0" index="1" bw="8" slack="0"/>
<pin id="2208" dir="1" index="2" bw="8" slack="0"/>
</pin_list>
<bind>
<opcode="add(8) " fcode="add"/>
<opset="acc_V_100/5 "/>
</bind>
</comp>

<comp id="2210" class="1004" name="acc_V_132_fu_2210">
<pin_list>
<pin id="2211" dir="0" index="0" bw="1" slack="0"/>
<pin id="2212" dir="0" index="1" bw="8" slack="0"/>
<pin id="2213" dir="0" index="2" bw="8" slack="0"/>
<pin id="2214" dir="1" index="3" bw="8" slack="0"/>
</pin_list>
<bind>
<opcode="select(49) " fcode="select"/>
<opset="acc_V_132/5 "/>
</bind>
</comp>

<comp id="2218" class="1004" name="acc_V_131_fu_2218">
<pin_list>
<pin id="2219" dir="0" index="0" bw="1" slack="0"/>
<pin id="2220" dir="0" index="1" bw="8" slack="0"/>
<pin id="2221" dir="0" index="2" bw="8" slack="0"/>
<pin id="2222" dir="1" index="3" bw="8" slack="0"/>
</pin_list>
<bind>
<opcode="select(49) " fcode="select"/>
<opset="acc_V_131/5 "/>
</bind>
</comp>

<comp id="2226" class="1004" name="acc_V_130_fu_2226">
<pin_list>
<pin id="2227" dir="0" index="0" bw="1" slack="0"/>
<pin id="2228" dir="0" index="1" bw="8" slack="0"/>
<pin id="2229" dir="0" index="2" bw="8" slack="0"/>
<pin id="2230" dir="1" index="3" bw="8" slack="0"/>
</pin_list>
<bind>
<opcode="select(49) " fcode="select"/>
<opset="acc_V_130/5 "/>
</bind>
</comp>

<comp id="2234" class="1004" name="sext_ln813_17_fu_2234">
<pin_list>
<pin id="2235" dir="0" index="0" bw="8" slack="2"/>
<pin id="2236" dir="1" index="1" bw="9" slack="0"/>
</pin_list>
<bind>
<opcode="sext(35) " fcode="sext"/>
<opset="sext_ln813_17/6 "/>
</bind>
</comp>

<comp id="2237" class="1004" name="icmp_ln1420_fu_2237">
<pin_list>
<pin id="2238" dir="0" index="0" bw="8" slack="0"/>
<pin id="2239" dir="0" index="1" bw="9" slack="1"/>
<pin id="2240" dir="1" index="2" bw="1" slack="0"/>
</pin_list>
<bind>
<opcode="icmp(45) " fcode="icmp"/>
<opset="icmp_ln1420/6 "/>
</bind>
</comp>

<comp id="2242" class="1004" name="or_ln808_fu_2242">
<pin_list>
<pin id="2243" dir="0" index="0" bw="1" slack="1"/>
<pin id="2244" dir="0" index="1" bw="1" slack="0"/>
<pin id="2245" dir="1" index="2" bw="1" slack="0"/>
</pin_list>
<bind>
<opcode="or(24) " fcode="or"/>
<opset="or_ln808/6 "/>
</bind>
</comp>

<comp id="2247" class="1004" name="or_ln808_2_fu_2247">
<pin_list>
<pin id="2248" dir="0" index="0" bw="1" slack="1"/>
<pin id="2249" dir="0" index="1" bw="1" slack="0"/>
<pin id="2250" dir="1" index="2" bw="1" slack="0"/>
</pin_list>
<bind>
<opcode="or(24) " fcode="or"/>
<opset="or_ln808_2/6 "/>
</bind>
</comp>

<comp id="2252" class="1004" name="acc_V_86_fu_2252">
<pin_list>
<pin id="2253" dir="0" index="0" bw="1" slack="0"/>
<pin id="2254" dir="0" index="1" bw="8" slack="1"/>
<pin id="2255" dir="0" index="2" bw="1" slack="0"/>
<pin id="2256" dir="1" index="3" bw="8" slack="0"/>
</pin_list>
<bind>
<opcode="select(49) " fcode="select"/>
<opset="acc_V_86/6 "/>
</bind>
</comp>

<comp id="2260" class="1004" name="acc_V_101_fu_2260">
<pin_list>
<pin id="2261" dir="0" index="0" bw="1" slack="1"/>
<pin id="2262" dir="0" index="1" bw="8" slack="0"/>
<pin id="2263" dir="0" index="2" bw="8" slack="1"/>
<pin id="2264" dir="1" index="3" bw="8" slack="0"/>
</pin_list>
<bind>
<opcode="select(49) " fcode="select"/>
<opset="acc_V_101/6 "/>
</bind>
</comp>

<comp id="2266" class="1004" name="sext_ln813_19_fu_2266">
<pin_list>
<pin id="2267" dir="0" index="0" bw="8" slack="2"/>
<pin id="2268" dir="1" index="1" bw="9" slack="0"/>
</pin_list>
<bind>
<opcode="sext(35) " fcode="sext"/>
<opset="sext_ln813_19/6 "/>
</bind>
</comp>

<comp id="2269" class="1004" name="icmp_ln1420_8_fu_2269">
<pin_list>
<pin id="2270" dir="0" index="0" bw="8" slack="0"/>
<pin id="2271" dir="0" index="1" bw="9" slack="1"/>
<pin id="2272" dir="1" index="2" bw="1" slack="0"/>
</pin_list>
<bind>
<opcode="icmp(45) " fcode="icmp"/>
<opset="icmp_ln1420_8/6 "/>
</bind>
</comp>

<comp id="2274" class="1004" name="or_ln808_3_fu_2274">
<pin_list>
<pin id="2275" dir="0" index="0" bw="1" slack="1"/>
<pin id="2276" dir="0" index="1" bw="1" slack="0"/>
<pin id="2277" dir="1" index="2" bw="1" slack="0"/>
</pin_list>
<bind>
<opcode="or(24) " fcode="or"/>
<opset="or_ln808_3/6 "/>
</bind>
</comp>

<comp id="2279" class="1004" name="or_ln808_4_fu_2279">
<pin_list>
<pin id="2280" dir="0" index="0" bw="1" slack="1"/>
<pin id="2281" dir="0" index="1" bw="1" slack="0"/>
<pin id="2282" dir="1" index="2" bw="1" slack="0"/>
</pin_list>
<bind>
<opcode="or(24) " fcode="or"/>
<opset="or_ln808_4/6 "/>
</bind>
</comp>

<comp id="2284" class="1004" name="acc_V_fu_2284">
<pin_list>
<pin id="2285" dir="0" index="0" bw="1" slack="0"/>
<pin id="2286" dir="0" index="1" bw="8" slack="1"/>
<pin id="2287" dir="0" index="2" bw="1" slack="0"/>
<pin id="2288" dir="1" index="3" bw="8" slack="0"/>
</pin_list>
<bind>
<opcode="select(49) " fcode="select"/>
<opset="acc_V/6 "/>
</bind>
</comp>

<comp id="2292" class="1004" name="acc_V_105_fu_2292">
<pin_list>
<pin id="2293" dir="0" index="0" bw="1" slack="1"/>
<pin id="2294" dir="0" index="1" bw="8" slack="0"/>
<pin id="2295" dir="0" index="2" bw="8" slack="1"/>
<pin id="2296" dir="1" index="3" bw="8" slack="0"/>
</pin_list>
<bind>
<opcode="select(49) " fcode="select"/>
<opset="acc_V_105/6 "/>
</bind>
</comp>

<comp id="2298" class="1004" name="sext_ln813_21_fu_2298">
<pin_list>
<pin id="2299" dir="0" index="0" bw="8" slack="2"/>
<pin id="2300" dir="1" index="1" bw="9" slack="0"/>
</pin_list>
<bind>
<opcode="sext(35) " fcode="sext"/>
<opset="sext_ln813_21/6 "/>
</bind>
</comp>

<comp id="2301" class="1004" name="icmp_ln1420_9_fu_2301">
<pin_list>
<pin id="2302" dir="0" index="0" bw="8" slack="0"/>
<pin id="2303" dir="0" index="1" bw="9" slack="1"/>
<pin id="2304" dir="1" index="2" bw="1" slack="0"/>
</pin_list>
<bind>
<opcode="icmp(45) " fcode="icmp"/>
<opset="icmp_ln1420_9/6 "/>
</bind>
</comp>

<comp id="2306" class="1004" name="or_ln808_5_fu_2306">
<pin_list>
<pin id="2307" dir="0" index="0" bw="1" slack="1"/>
<pin id="2308" dir="0" index="1" bw="1" slack="0"/>
<pin id="2309" dir="1" index="2" bw="1" slack="0"/>
</pin_list>
<bind>
<opcode="or(24) " fcode="or"/>
<opset="or_ln808_5/6 "/>
</bind>
</comp>

<comp id="2311" class="1004" name="or_ln808_6_fu_2311">
<pin_list>
<pin id="2312" dir="0" index="0" bw="1" slack="1"/>
<pin id="2313" dir="0" index="1" bw="1" slack="0"/>
<pin id="2314" dir="1" index="2" bw="1" slack="0"/>
</pin_list>
<bind>
<opcode="or(24) " fcode="or"/>
<opset="or_ln808_6/6 "/>
</bind>
</comp>

<comp id="2316" class="1004" name="acc_V_89_fu_2316">
<pin_list>
<pin id="2317" dir="0" index="0" bw="1" slack="0"/>
<pin id="2318" dir="0" index="1" bw="8" slack="1"/>
<pin id="2319" dir="0" index="2" bw="1" slack="0"/>
<pin id="2320" dir="1" index="3" bw="8" slack="0"/>
</pin_list>
<bind>
<opcode="select(49) " fcode="select"/>
<opset="acc_V_89/6 "/>
</bind>
</comp>

<comp id="2324" class="1004" name="acc_V_109_fu_2324">
<pin_list>
<pin id="2325" dir="0" index="0" bw="1" slack="1"/>
<pin id="2326" dir="0" index="1" bw="8" slack="0"/>
<pin id="2327" dir="0" index="2" bw="8" slack="1"/>
<pin id="2328" dir="1" index="3" bw="8" slack="0"/>
</pin_list>
<bind>
<opcode="select(49) " fcode="select"/>
<opset="acc_V_109/6 "/>
</bind>
</comp>

<comp id="2330" class="1004" name="sext_ln813_23_fu_2330">
<pin_list>
<pin id="2331" dir="0" index="0" bw="8" slack="2"/>
<pin id="2332" dir="1" index="1" bw="9" slack="0"/>
</pin_list>
<bind>
<opcode="sext(35) " fcode="sext"/>
<opset="sext_ln813_23/6 "/>
</bind>
</comp>

<comp id="2333" class="1004" name="icmp_ln1420_10_fu_2333">
<pin_list>
<pin id="2334" dir="0" index="0" bw="8" slack="0"/>
<pin id="2335" dir="0" index="1" bw="9" slack="1"/>
<pin id="2336" dir="1" index="2" bw="1" slack="0"/>
</pin_list>
<bind>
<opcode="icmp(45) " fcode="icmp"/>
<opset="icmp_ln1420_10/6 "/>
</bind>
</comp>

<comp id="2338" class="1004" name="or_ln808_7_fu_2338">
<pin_list>
<pin id="2339" dir="0" index="0" bw="1" slack="1"/>
<pin id="2340" dir="0" index="1" bw="1" slack="0"/>
<pin id="2341" dir="1" index="2" bw="1" slack="0"/>
</pin_list>
<bind>
<opcode="or(24) " fcode="or"/>
<opset="or_ln808_7/6 "/>
</bind>
</comp>

<comp id="2343" class="1004" name="or_ln808_8_fu_2343">
<pin_list>
<pin id="2344" dir="0" index="0" bw="1" slack="1"/>
<pin id="2345" dir="0" index="1" bw="1" slack="0"/>
<pin id="2346" dir="1" index="2" bw="1" slack="0"/>
</pin_list>
<bind>
<opcode="or(24) " fcode="or"/>
<opset="or_ln808_8/6 "/>
</bind>
</comp>

<comp id="2348" class="1004" name="acc_V_91_fu_2348">
<pin_list>
<pin id="2349" dir="0" index="0" bw="1" slack="0"/>
<pin id="2350" dir="0" index="1" bw="8" slack="1"/>
<pin id="2351" dir="0" index="2" bw="1" slack="0"/>
<pin id="2352" dir="1" index="3" bw="8" slack="0"/>
</pin_list>
<bind>
<opcode="select(49) " fcode="select"/>
<opset="acc_V_91/6 "/>
</bind>
</comp>

<comp id="2356" class="1004" name="acc_V_113_fu_2356">
<pin_list>
<pin id="2357" dir="0" index="0" bw="1" slack="1"/>
<pin id="2358" dir="0" index="1" bw="8" slack="0"/>
<pin id="2359" dir="0" index="2" bw="8" slack="1"/>
<pin id="2360" dir="1" index="3" bw="8" slack="0"/>
</pin_list>
<bind>
<opcode="select(49) " fcode="select"/>
<opset="acc_V_113/6 "/>
</bind>
</comp>

<comp id="2362" class="1004" name="sext_ln813_25_fu_2362">
<pin_list>
<pin id="2363" dir="0" index="0" bw="8" slack="2"/>
<pin id="2364" dir="1" index="1" bw="9" slack="0"/>
</pin_list>
<bind>
<opcode="sext(35) " fcode="sext"/>
<opset="sext_ln813_25/6 "/>
</bind>
</comp>

<comp id="2365" class="1004" name="icmp_ln1420_11_fu_2365">
<pin_list>
<pin id="2366" dir="0" index="0" bw="8" slack="0"/>
<pin id="2367" dir="0" index="1" bw="9" slack="1"/>
<pin id="2368" dir="1" index="2" bw="1" slack="0"/>
</pin_list>
<bind>
<opcode="icmp(45) " fcode="icmp"/>
<opset="icmp_ln1420_11/6 "/>
</bind>
</comp>

<comp id="2370" class="1004" name="or_ln808_9_fu_2370">
<pin_list>
<pin id="2371" dir="0" index="0" bw="1" slack="1"/>
<pin id="2372" dir="0" index="1" bw="1" slack="0"/>
<pin id="2373" dir="1" index="2" bw="1" slack="0"/>
</pin_list>
<bind>
<opcode="or(24) " fcode="or"/>
<opset="or_ln808_9/6 "/>
</bind>
</comp>

<comp id="2375" class="1004" name="or_ln808_11_fu_2375">
<pin_list>
<pin id="2376" dir="0" index="0" bw="1" slack="1"/>
<pin id="2377" dir="0" index="1" bw="1" slack="0"/>
<pin id="2378" dir="1" index="2" bw="1" slack="0"/>
</pin_list>
<bind>
<opcode="or(24) " fcode="or"/>
<opset="or_ln808_11/6 "/>
</bind>
</comp>

<comp id="2380" class="1004" name="acc_V_93_fu_2380">
<pin_list>
<pin id="2381" dir="0" index="0" bw="1" slack="0"/>
<pin id="2382" dir="0" index="1" bw="8" slack="1"/>
<pin id="2383" dir="0" index="2" bw="1" slack="0"/>
<pin id="2384" dir="1" index="3" bw="8" slack="0"/>
</pin_list>
<bind>
<opcode="select(49) " fcode="select"/>
<opset="acc_V_93/6 "/>
</bind>
</comp>

<comp id="2388" class="1004" name="acc_V_117_fu_2388">
<pin_list>
<pin id="2389" dir="0" index="0" bw="1" slack="1"/>
<pin id="2390" dir="0" index="1" bw="8" slack="0"/>
<pin id="2391" dir="0" index="2" bw="8" slack="1"/>
<pin id="2392" dir="1" index="3" bw="8" slack="0"/>
</pin_list>
<bind>
<opcode="select(49) " fcode="select"/>
<opset="acc_V_117/6 "/>
</bind>
</comp>

<comp id="2394" class="1004" name="sext_ln813_27_fu_2394">
<pin_list>
<pin id="2395" dir="0" index="0" bw="8" slack="2"/>
<pin id="2396" dir="1" index="1" bw="9" slack="0"/>
</pin_list>
<bind>
<opcode="sext(35) " fcode="sext"/>
<opset="sext_ln813_27/6 "/>
</bind>
</comp>

<comp id="2397" class="1004" name="icmp_ln1420_12_fu_2397">
<pin_list>
<pin id="2398" dir="0" index="0" bw="8" slack="0"/>
<pin id="2399" dir="0" index="1" bw="9" slack="1"/>
<pin id="2400" dir="1" index="2" bw="1" slack="0"/>
</pin_list>
<bind>
<opcode="icmp(45) " fcode="icmp"/>
<opset="icmp_ln1420_12/6 "/>
</bind>
</comp>

<comp id="2402" class="1004" name="or_ln808_12_fu_2402">
<pin_list>
<pin id="2403" dir="0" index="0" bw="1" slack="1"/>
<pin id="2404" dir="0" index="1" bw="1" slack="0"/>
<pin id="2405" dir="1" index="2" bw="1" slack="0"/>
</pin_list>
<bind>
<opcode="or(24) " fcode="or"/>
<opset="or_ln808_12/6 "/>
</bind>
</comp>

<comp id="2407" class="1004" name="or_ln808_13_fu_2407">
<pin_list>
<pin id="2408" dir="0" index="0" bw="1" slack="1"/>
<pin id="2409" dir="0" index="1" bw="1" slack="0"/>
<pin id="2410" dir="1" index="2" bw="1" slack="0"/>
</pin_list>
<bind>
<opcode="or(24) " fcode="or"/>
<opset="or_ln808_13/6 "/>
</bind>
</comp>

<comp id="2412" class="1004" name="acc_V_95_fu_2412">
<pin_list>
<pin id="2413" dir="0" index="0" bw="1" slack="0"/>
<pin id="2414" dir="0" index="1" bw="8" slack="1"/>
<pin id="2415" dir="0" index="2" bw="1" slack="0"/>
<pin id="2416" dir="1" index="3" bw="8" slack="0"/>
</pin_list>
<bind>
<opcode="select(49) " fcode="select"/>
<opset="acc_V_95/6 "/>
</bind>
</comp>

<comp id="2420" class="1004" name="acc_V_121_fu_2420">
<pin_list>
<pin id="2421" dir="0" index="0" bw="1" slack="1"/>
<pin id="2422" dir="0" index="1" bw="8" slack="0"/>
<pin id="2423" dir="0" index="2" bw="8" slack="1"/>
<pin id="2424" dir="1" index="3" bw="8" slack="0"/>
</pin_list>
<bind>
<opcode="select(49) " fcode="select"/>
<opset="acc_V_121/6 "/>
</bind>
</comp>

<comp id="2426" class="1004" name="sext_ln813_29_fu_2426">
<pin_list>
<pin id="2427" dir="0" index="0" bw="8" slack="2"/>
<pin id="2428" dir="1" index="1" bw="9" slack="0"/>
</pin_list>
<bind>
<opcode="sext(35) " fcode="sext"/>
<opset="sext_ln813_29/6 "/>
</bind>
</comp>

<comp id="2429" class="1004" name="icmp_ln1420_13_fu_2429">
<pin_list>
<pin id="2430" dir="0" index="0" bw="8" slack="0"/>
<pin id="2431" dir="0" index="1" bw="9" slack="1"/>
<pin id="2432" dir="1" index="2" bw="1" slack="0"/>
</pin_list>
<bind>
<opcode="icmp(45) " fcode="icmp"/>
<opset="icmp_ln1420_13/6 "/>
</bind>
</comp>

<comp id="2434" class="1004" name="or_ln808_14_fu_2434">
<pin_list>
<pin id="2435" dir="0" index="0" bw="1" slack="1"/>
<pin id="2436" dir="0" index="1" bw="1" slack="0"/>
<pin id="2437" dir="1" index="2" bw="1" slack="0"/>
</pin_list>
<bind>
<opcode="or(24) " fcode="or"/>
<opset="or_ln808_14/6 "/>
</bind>
</comp>

<comp id="2439" class="1004" name="or_ln808_15_fu_2439">
<pin_list>
<pin id="2440" dir="0" index="0" bw="1" slack="1"/>
<pin id="2441" dir="0" index="1" bw="1" slack="0"/>
<pin id="2442" dir="1" index="2" bw="1" slack="0"/>
</pin_list>
<bind>
<opcode="or(24) " fcode="or"/>
<opset="or_ln808_15/6 "/>
</bind>
</comp>

<comp id="2444" class="1004" name="acc_V_97_fu_2444">
<pin_list>
<pin id="2445" dir="0" index="0" bw="1" slack="0"/>
<pin id="2446" dir="0" index="1" bw="8" slack="1"/>
<pin id="2447" dir="0" index="2" bw="1" slack="0"/>
<pin id="2448" dir="1" index="3" bw="8" slack="0"/>
</pin_list>
<bind>
<opcode="select(49) " fcode="select"/>
<opset="acc_V_97/6 "/>
</bind>
</comp>

<comp id="2452" class="1004" name="acc_V_125_fu_2452">
<pin_list>
<pin id="2453" dir="0" index="0" bw="1" slack="1"/>
<pin id="2454" dir="0" index="1" bw="8" slack="0"/>
<pin id="2455" dir="0" index="2" bw="8" slack="1"/>
<pin id="2456" dir="1" index="3" bw="8" slack="0"/>
</pin_list>
<bind>
<opcode="select(49) " fcode="select"/>
<opset="acc_V_125/6 "/>
</bind>
</comp>

<comp id="2458" class="1004" name="sext_ln813_31_fu_2458">
<pin_list>
<pin id="2459" dir="0" index="0" bw="8" slack="2"/>
<pin id="2460" dir="1" index="1" bw="9" slack="0"/>
</pin_list>
<bind>
<opcode="sext(35) " fcode="sext"/>
<opset="sext_ln813_31/6 "/>
</bind>
</comp>

<comp id="2461" class="1004" name="icmp_ln1420_14_fu_2461">
<pin_list>
<pin id="2462" dir="0" index="0" bw="8" slack="0"/>
<pin id="2463" dir="0" index="1" bw="9" slack="1"/>
<pin id="2464" dir="1" index="2" bw="1" slack="0"/>
</pin_list>
<bind>
<opcode="icmp(45) " fcode="icmp"/>
<opset="icmp_ln1420_14/6 "/>
</bind>
</comp>

<comp id="2466" class="1004" name="or_ln808_16_fu_2466">
<pin_list>
<pin id="2467" dir="0" index="0" bw="1" slack="1"/>
<pin id="2468" dir="0" index="1" bw="1" slack="0"/>
<pin id="2469" dir="1" index="2" bw="1" slack="0"/>
</pin_list>
<bind>
<opcode="or(24) " fcode="or"/>
<opset="or_ln808_16/6 "/>
</bind>
</comp>

<comp id="2471" class="1004" name="or_ln808_17_fu_2471">
<pin_list>
<pin id="2472" dir="0" index="0" bw="1" slack="1"/>
<pin id="2473" dir="0" index="1" bw="1" slack="0"/>
<pin id="2474" dir="1" index="2" bw="1" slack="0"/>
</pin_list>
<bind>
<opcode="or(24) " fcode="or"/>
<opset="or_ln808_17/6 "/>
</bind>
</comp>

<comp id="2476" class="1004" name="acc_V_99_fu_2476">
<pin_list>
<pin id="2477" dir="0" index="0" bw="1" slack="0"/>
<pin id="2478" dir="0" index="1" bw="8" slack="1"/>
<pin id="2479" dir="0" index="2" bw="1" slack="0"/>
<pin id="2480" dir="1" index="3" bw="8" slack="0"/>
</pin_list>
<bind>
<opcode="select(49) " fcode="select"/>
<opset="acc_V_99/6 "/>
</bind>
</comp>

<comp id="2484" class="1004" name="acc_V_129_fu_2484">
<pin_list>
<pin id="2485" dir="0" index="0" bw="1" slack="1"/>
<pin id="2486" dir="0" index="1" bw="8" slack="0"/>
<pin id="2487" dir="0" index="2" bw="8" slack="1"/>
<pin id="2488" dir="1" index="3" bw="8" slack="0"/>
</pin_list>
<bind>
<opcode="select(49) " fcode="select"/>
<opset="acc_V_129/6 "/>
</bind>
</comp>

<comp id="2490" class="1004" name="p_s_fu_2490">
<pin_list>
<pin id="2491" dir="0" index="0" bw="256" slack="0"/>
<pin id="2492" dir="0" index="1" bw="8" slack="1"/>
<pin id="2493" dir="0" index="2" bw="8" slack="1"/>
<pin id="2494" dir="0" index="3" bw="8" slack="1"/>
<pin id="2495" dir="0" index="4" bw="8" slack="0"/>
<pin id="2496" dir="0" index="5" bw="8" slack="1"/>
<pin id="2497" dir="0" index="6" bw="8" slack="1"/>
<pin id="2498" dir="0" index="7" bw="8" slack="1"/>
<pin id="2499" dir="0" index="8" bw="8" slack="0"/>
<pin id="2500" dir="0" index="9" bw="8" slack="1"/>
<pin id="2501" dir="0" index="10" bw="8" slack="1"/>
<pin id="2502" dir="0" index="11" bw="8" slack="1"/>
<pin id="2503" dir="0" index="12" bw="8" slack="0"/>
<pin id="2504" dir="0" index="13" bw="8" slack="1"/>
<pin id="2505" dir="0" index="14" bw="8" slack="1"/>
<pin id="2506" dir="0" index="15" bw="8" slack="1"/>
<pin id="2507" dir="0" index="16" bw="8" slack="0"/>
<pin id="2508" dir="0" index="17" bw="8" slack="1"/>
<pin id="2509" dir="0" index="18" bw="8" slack="1"/>
<pin id="2510" dir="0" index="19" bw="8" slack="1"/>
<pin id="2511" dir="0" index="20" bw="8" slack="0"/>
<pin id="2512" dir="0" index="21" bw="8" slack="1"/>
<pin id="2513" dir="0" index="22" bw="8" slack="1"/>
<pin id="2514" dir="0" index="23" bw="8" slack="1"/>
<pin id="2515" dir="0" index="24" bw="8" slack="0"/>
<pin id="2516" dir="0" index="25" bw="8" slack="1"/>
<pin id="2517" dir="0" index="26" bw="8" slack="1"/>
<pin id="2518" dir="0" index="27" bw="8" slack="1"/>
<pin id="2519" dir="0" index="28" bw="8" slack="0"/>
<pin id="2520" dir="0" index="29" bw="8" slack="1"/>
<pin id="2521" dir="0" index="30" bw="8" slack="1"/>
<pin id="2522" dir="0" index="31" bw="8" slack="1"/>
<pin id="2523" dir="0" index="32" bw="8" slack="0"/>
<pin id="2524" dir="1" index="33" bw="256" slack="0"/>
</pin_list>
<bind>
<opcode="bitconcatenate(1004) " fcode="bitconcatenate"/>
<opset="p_s/6 "/>
</bind>
</comp>

<comp id="2535" class="1004" name="return_ln101_fu_2535">
<pin_list>
<pin id="2536" dir="1" index="0" bw="0" slack="2147483647"/>
</pin_list>
<bind>
<opcode="return(1203) " fcode="return"/>
<opset="return_ln101/6 "/>
</bind>
</comp>

<comp id="2537" class="1005" name="outidx_1_addr_reg_2537">
<pin_list>
<pin id="2538" dir="0" index="0" bw="7" slack="1"/>
<pin id="2539" dir="1" index="1" bw="7" slack="1"/>
</pin_list>
<bind>
<opset="outidx_1_addr "/>
</bind>
</comp>

<comp id="2542" class="1005" name="w2_V_addr_reg_2542">
<pin_list>
<pin id="2543" dir="0" index="0" bw="10" slack="1"/>
<pin id="2544" dir="1" index="1" bw="10" slack="1"/>
</pin_list>
<bind>
<opset="w2_V_addr "/>
</bind>
</comp>

<comp id="2547" class="1005" name="w2_V_addr_1_reg_2547">
<pin_list>
<pin id="2548" dir="0" index="0" bw="10" slack="1"/>
<pin id="2549" dir="1" index="1" bw="10" slack="1"/>
</pin_list>
<bind>
<opset="w2_V_addr_1 "/>
</bind>
</comp>

<comp id="2552" class="1005" name="w2_V_addr_2_reg_2552">
<pin_list>
<pin id="2553" dir="0" index="0" bw="10" slack="1"/>
<pin id="2554" dir="1" index="1" bw="10" slack="1"/>
</pin_list>
<bind>
<opset="w2_V_addr_2 "/>
</bind>
</comp>

<comp id="2557" class="1005" name="w2_V_addr_3_reg_2557">
<pin_list>
<pin id="2558" dir="0" index="0" bw="10" slack="1"/>
<pin id="2559" dir="1" index="1" bw="10" slack="1"/>
</pin_list>
<bind>
<opset="w2_V_addr_3 "/>
</bind>
</comp>

<comp id="2562" class="1005" name="w2_V_addr_4_reg_2562">
<pin_list>
<pin id="2563" dir="0" index="0" bw="10" slack="1"/>
<pin id="2564" dir="1" index="1" bw="10" slack="1"/>
</pin_list>
<bind>
<opset="w2_V_addr_4 "/>
</bind>
</comp>

<comp id="2567" class="1005" name="w2_V_addr_5_reg_2567">
<pin_list>
<pin id="2568" dir="0" index="0" bw="10" slack="1"/>
<pin id="2569" dir="1" index="1" bw="10" slack="1"/>
</pin_list>
<bind>
<opset="w2_V_addr_5 "/>
</bind>
</comp>

<comp id="2572" class="1005" name="w2_V_addr_6_reg_2572">
<pin_list>
<pin id="2573" dir="0" index="0" bw="10" slack="1"/>
<pin id="2574" dir="1" index="1" bw="10" slack="1"/>
</pin_list>
<bind>
<opset="w2_V_addr_6 "/>
</bind>
</comp>

<comp id="2577" class="1005" name="w2_V_addr_7_reg_2577">
<pin_list>
<pin id="2578" dir="0" index="0" bw="10" slack="1"/>
<pin id="2579" dir="1" index="1" bw="10" slack="1"/>
</pin_list>
<bind>
<opset="w2_V_addr_7 "/>
</bind>
</comp>

<comp id="2582" class="1005" name="ir_reg_2582">
<pin_list>
<pin id="2583" dir="0" index="0" bw="7" slack="0"/>
<pin id="2584" dir="1" index="1" bw="7" slack="0"/>
</pin_list>
<bind>
<opset="ir "/>
</bind>
</comp>

<comp id="2587" class="1005" name="icmp_ln124_reg_2587">
<pin_list>
<pin id="2588" dir="0" index="0" bw="1" slack="1"/>
<pin id="2589" dir="1" index="1" bw="1" slack="2147483647"/>
</pin_list>
<bind>
<opset="icmp_ln124 "/>
</bind>
</comp>

<comp id="2591" class="1005" name="out_index_reg_2591">
<pin_list>
<pin id="2592" dir="0" index="0" bw="2" slack="2"/>
<pin id="2593" dir="1" index="1" bw="2" slack="2"/>
</pin_list>
<bind>
<opset="out_index "/>
</bind>
</comp>

<comp id="2606" class="1005" name="a_V_reg_2606">
<pin_list>
<pin id="2607" dir="0" index="0" bw="8" slack="1"/>
<pin id="2608" dir="1" index="1" bw="8" slack="1"/>
</pin_list>
<bind>
<opset="a_V "/>
</bind>
</comp>

<comp id="2611" class="1005" name="w_V_reg_2611">
<pin_list>
<pin id="2612" dir="0" index="0" bw="8" slack="1"/>
<pin id="2613" dir="1" index="1" bw="8" slack="1"/>
</pin_list>
<bind>
<opset="w_V "/>
</bind>
</comp>

<comp id="2616" class="1005" name="w_V_8_reg_2616">
<pin_list>
<pin id="2617" dir="0" index="0" bw="8" slack="1"/>
<pin id="2618" dir="1" index="1" bw="8" slack="1"/>
</pin_list>
<bind>
<opset="w_V_8 "/>
</bind>
</comp>

<comp id="2621" class="1005" name="w_V_9_reg_2621">
<pin_list>
<pin id="2622" dir="0" index="0" bw="8" slack="1"/>
<pin id="2623" dir="1" index="1" bw="8" slack="1"/>
</pin_list>
<bind>
<opset="w_V_9 "/>
</bind>
</comp>

<comp id="2626" class="1005" name="w_V_10_reg_2626">
<pin_list>
<pin id="2627" dir="0" index="0" bw="8" slack="1"/>
<pin id="2628" dir="1" index="1" bw="8" slack="1"/>
</pin_list>
<bind>
<opset="w_V_10 "/>
</bind>
</comp>

<comp id="2631" class="1005" name="w_V_11_reg_2631">
<pin_list>
<pin id="2632" dir="0" index="0" bw="8" slack="1"/>
<pin id="2633" dir="1" index="1" bw="8" slack="1"/>
</pin_list>
<bind>
<opset="w_V_11 "/>
</bind>
</comp>

<comp id="2636" class="1005" name="w_V_12_reg_2636">
<pin_list>
<pin id="2637" dir="0" index="0" bw="8" slack="1"/>
<pin id="2638" dir="1" index="1" bw="8" slack="1"/>
</pin_list>
<bind>
<opset="w_V_12 "/>
</bind>
</comp>

<comp id="2641" class="1005" name="w_V_13_reg_2641">
<pin_list>
<pin id="2642" dir="0" index="0" bw="8" slack="1"/>
<pin id="2643" dir="1" index="1" bw="8" slack="1"/>
</pin_list>
<bind>
<opset="w_V_13 "/>
</bind>
</comp>

<comp id="2646" class="1005" name="w_V_14_reg_2646">
<pin_list>
<pin id="2647" dir="0" index="0" bw="8" slack="1"/>
<pin id="2648" dir="1" index="1" bw="8" slack="1"/>
</pin_list>
<bind>
<opset="w_V_14 "/>
</bind>
</comp>

<comp id="2651" class="1005" name="in_index_reg_2651">
<pin_list>
<pin id="2652" dir="0" index="0" bw="5" slack="0"/>
<pin id="2653" dir="1" index="1" bw="5" slack="0"/>
</pin_list>
<bind>
<opset="in_index "/>
</bind>
</comp>

<comp id="2656" class="1005" name="rhs_reg_2656">
<pin_list>
<pin id="2657" dir="0" index="0" bw="8" slack="1"/>
<pin id="2658" dir="1" index="1" bw="8" slack="1"/>
</pin_list>
<bind>
<opset="rhs "/>
</bind>
</comp>

<comp id="2662" class="1005" name="rhs_8_reg_2662">
<pin_list>
<pin id="2663" dir="0" index="0" bw="8" slack="1"/>
<pin id="2664" dir="1" index="1" bw="8" slack="1"/>
</pin_list>
<bind>
<opset="rhs_8 "/>
</bind>
</comp>

<comp id="2668" class="1005" name="rhs_9_reg_2668">
<pin_list>
<pin id="2669" dir="0" index="0" bw="8" slack="1"/>
<pin id="2670" dir="1" index="1" bw="8" slack="1"/>
</pin_list>
<bind>
<opset="rhs_9 "/>
</bind>
</comp>

<comp id="2674" class="1005" name="rhs_10_reg_2674">
<pin_list>
<pin id="2675" dir="0" index="0" bw="8" slack="1"/>
<pin id="2676" dir="1" index="1" bw="8" slack="1"/>
</pin_list>
<bind>
<opset="rhs_10 "/>
</bind>
</comp>

<comp id="2680" class="1005" name="rhs_11_reg_2680">
<pin_list>
<pin id="2681" dir="0" index="0" bw="8" slack="1"/>
<pin id="2682" dir="1" index="1" bw="8" slack="1"/>
</pin_list>
<bind>
<opset="rhs_11 "/>
</bind>
</comp>

<comp id="2686" class="1005" name="rhs_12_reg_2686">
<pin_list>
<pin id="2687" dir="0" index="0" bw="8" slack="1"/>
<pin id="2688" dir="1" index="1" bw="8" slack="1"/>
</pin_list>
<bind>
<opset="rhs_12 "/>
</bind>
</comp>

<comp id="2692" class="1005" name="rhs_13_reg_2692">
<pin_list>
<pin id="2693" dir="0" index="0" bw="8" slack="1"/>
<pin id="2694" dir="1" index="1" bw="8" slack="1"/>
</pin_list>
<bind>
<opset="rhs_13 "/>
</bind>
</comp>

<comp id="2698" class="1005" name="rhs_14_reg_2698">
<pin_list>
<pin id="2699" dir="0" index="0" bw="8" slack="1"/>
<pin id="2700" dir="1" index="1" bw="8" slack="1"/>
</pin_list>
<bind>
<opset="rhs_14 "/>
</bind>
</comp>

<comp id="2704" class="1005" name="sub_ln1420_reg_2704">
<pin_list>
<pin id="2705" dir="0" index="0" bw="9" slack="1"/>
<pin id="2706" dir="1" index="1" bw="9" slack="1"/>
</pin_list>
<bind>
<opset="sub_ln1420 "/>
</bind>
</comp>

<comp id="2709" class="1005" name="icmp_ln808_reg_2709">
<pin_list>
<pin id="2710" dir="0" index="0" bw="1" slack="1"/>
<pin id="2711" dir="1" index="1" bw="1" slack="1"/>
</pin_list>
<bind>
<opset="icmp_ln808 "/>
</bind>
</comp>

<comp id="2717" class="1005" name="icmp_ln808_1_reg_2717">
<pin_list>
<pin id="2718" dir="0" index="0" bw="1" slack="1"/>
<pin id="2719" dir="1" index="1" bw="1" slack="1"/>
</pin_list>
<bind>
<opset="icmp_ln808_1 "/>
</bind>
</comp>

<comp id="2725" class="1005" name="or_ln808_1_reg_2725">
<pin_list>
<pin id="2726" dir="0" index="0" bw="1" slack="1"/>
<pin id="2727" dir="1" index="1" bw="1" slack="1"/>
</pin_list>
<bind>
<opset="or_ln808_1 "/>
</bind>
</comp>

<comp id="2733" class="1005" name="acc_V_87_reg_2733">
<pin_list>
<pin id="2734" dir="0" index="0" bw="8" slack="1"/>
<pin id="2735" dir="1" index="1" bw="8" slack="1"/>
</pin_list>
<bind>
<opset="acc_V_87 "/>
</bind>
</comp>

<comp id="2738" class="1005" name="acc_V_104_reg_2738">
<pin_list>
<pin id="2739" dir="0" index="0" bw="8" slack="0"/>
<pin id="2740" dir="1" index="1" bw="8" slack="0"/>
</pin_list>
<bind>
<opset="acc_V_104 "/>
</bind>
</comp>

<comp id="2744" class="1005" name="acc_V_103_reg_2744">
<pin_list>
<pin id="2745" dir="0" index="0" bw="8" slack="0"/>
<pin id="2746" dir="1" index="1" bw="8" slack="0"/>
</pin_list>
<bind>
<opset="acc_V_103 "/>
</bind>
</comp>

<comp id="2750" class="1005" name="acc_V_102_reg_2750">
<pin_list>
<pin id="2751" dir="0" index="0" bw="8" slack="0"/>
<pin id="2752" dir="1" index="1" bw="8" slack="0"/>
</pin_list>
<bind>
<opset="acc_V_102 "/>
</bind>
</comp>

<comp id="2756" class="1005" name="or_ln813_reg_2756">
<pin_list>
<pin id="2757" dir="0" index="0" bw="1" slack="1"/>
<pin id="2758" dir="1" index="1" bw="1" slack="1"/>
</pin_list>
<bind>
<opset="or_ln813 "/>
</bind>
</comp>

<comp id="2764" class="1005" name="sub_ln1420_8_reg_2764">
<pin_list>
<pin id="2765" dir="0" index="0" bw="9" slack="1"/>
<pin id="2766" dir="1" index="1" bw="9" slack="1"/>
</pin_list>
<bind>
<opset="sub_ln1420_8 "/>
</bind>
</comp>

<comp id="2769" class="1005" name="acc_V_88_reg_2769">
<pin_list>
<pin id="2770" dir="0" index="0" bw="8" slack="1"/>
<pin id="2771" dir="1" index="1" bw="8" slack="1"/>
</pin_list>
<bind>
<opset="acc_V_88 "/>
</bind>
</comp>

<comp id="2774" class="1005" name="acc_V_108_reg_2774">
<pin_list>
<pin id="2775" dir="0" index="0" bw="8" slack="0"/>
<pin id="2776" dir="1" index="1" bw="8" slack="0"/>
</pin_list>
<bind>
<opset="acc_V_108 "/>
</bind>
</comp>

<comp id="2780" class="1005" name="acc_V_107_reg_2780">
<pin_list>
<pin id="2781" dir="0" index="0" bw="8" slack="0"/>
<pin id="2782" dir="1" index="1" bw="8" slack="0"/>
</pin_list>
<bind>
<opset="acc_V_107 "/>
</bind>
</comp>

<comp id="2786" class="1005" name="acc_V_106_reg_2786">
<pin_list>
<pin id="2787" dir="0" index="0" bw="8" slack="0"/>
<pin id="2788" dir="1" index="1" bw="8" slack="0"/>
</pin_list>
<bind>
<opset="acc_V_106 "/>
</bind>
</comp>

<comp id="2792" class="1005" name="sub_ln1420_9_reg_2792">
<pin_list>
<pin id="2793" dir="0" index="0" bw="9" slack="1"/>
<pin id="2794" dir="1" index="1" bw="9" slack="1"/>
</pin_list>
<bind>
<opset="sub_ln1420_9 "/>
</bind>
</comp>

<comp id="2797" class="1005" name="acc_V_90_reg_2797">
<pin_list>
<pin id="2798" dir="0" index="0" bw="8" slack="1"/>
<pin id="2799" dir="1" index="1" bw="8" slack="1"/>
</pin_list>
<bind>
<opset="acc_V_90 "/>
</bind>
</comp>

<comp id="2802" class="1005" name="acc_V_112_reg_2802">
<pin_list>
<pin id="2803" dir="0" index="0" bw="8" slack="0"/>
<pin id="2804" dir="1" index="1" bw="8" slack="0"/>
</pin_list>
<bind>
<opset="acc_V_112 "/>
</bind>
</comp>

<comp id="2808" class="1005" name="acc_V_111_reg_2808">
<pin_list>
<pin id="2809" dir="0" index="0" bw="8" slack="0"/>
<pin id="2810" dir="1" index="1" bw="8" slack="0"/>
</pin_list>
<bind>
<opset="acc_V_111 "/>
</bind>
</comp>

<comp id="2814" class="1005" name="acc_V_110_reg_2814">
<pin_list>
<pin id="2815" dir="0" index="0" bw="8" slack="0"/>
<pin id="2816" dir="1" index="1" bw="8" slack="0"/>
</pin_list>
<bind>
<opset="acc_V_110 "/>
</bind>
</comp>

<comp id="2820" class="1005" name="sub_ln1420_10_reg_2820">
<pin_list>
<pin id="2821" dir="0" index="0" bw="9" slack="1"/>
<pin id="2822" dir="1" index="1" bw="9" slack="1"/>
</pin_list>
<bind>
<opset="sub_ln1420_10 "/>
</bind>
</comp>

<comp id="2825" class="1005" name="acc_V_92_reg_2825">
<pin_list>
<pin id="2826" dir="0" index="0" bw="8" slack="1"/>
<pin id="2827" dir="1" index="1" bw="8" slack="1"/>
</pin_list>
<bind>
<opset="acc_V_92 "/>
</bind>
</comp>

<comp id="2830" class="1005" name="acc_V_116_reg_2830">
<pin_list>
<pin id="2831" dir="0" index="0" bw="8" slack="0"/>
<pin id="2832" dir="1" index="1" bw="8" slack="0"/>
</pin_list>
<bind>
<opset="acc_V_116 "/>
</bind>
</comp>

<comp id="2836" class="1005" name="acc_V_115_reg_2836">
<pin_list>
<pin id="2837" dir="0" index="0" bw="8" slack="0"/>
<pin id="2838" dir="1" index="1" bw="8" slack="0"/>
</pin_list>
<bind>
<opset="acc_V_115 "/>
</bind>
</comp>

<comp id="2842" class="1005" name="acc_V_114_reg_2842">
<pin_list>
<pin id="2843" dir="0" index="0" bw="8" slack="0"/>
<pin id="2844" dir="1" index="1" bw="8" slack="0"/>
</pin_list>
<bind>
<opset="acc_V_114 "/>
</bind>
</comp>

<comp id="2848" class="1005" name="sub_ln1420_11_reg_2848">
<pin_list>
<pin id="2849" dir="0" index="0" bw="9" slack="1"/>
<pin id="2850" dir="1" index="1" bw="9" slack="1"/>
</pin_list>
<bind>
<opset="sub_ln1420_11 "/>
</bind>
</comp>

<comp id="2853" class="1005" name="or_ln808_10_reg_2853">
<pin_list>
<pin id="2854" dir="0" index="0" bw="1" slack="1"/>
<pin id="2855" dir="1" index="1" bw="1" slack="1"/>
</pin_list>
<bind>
<opset="or_ln808_10 "/>
</bind>
</comp>

<comp id="2861" class="1005" name="acc_V_94_reg_2861">
<pin_list>
<pin id="2862" dir="0" index="0" bw="8" slack="1"/>
<pin id="2863" dir="1" index="1" bw="8" slack="1"/>
</pin_list>
<bind>
<opset="acc_V_94 "/>
</bind>
</comp>

<comp id="2866" class="1005" name="acc_V_120_reg_2866">
<pin_list>
<pin id="2867" dir="0" index="0" bw="8" slack="0"/>
<pin id="2868" dir="1" index="1" bw="8" slack="0"/>
</pin_list>
<bind>
<opset="acc_V_120 "/>
</bind>
</comp>

<comp id="2872" class="1005" name="acc_V_119_reg_2872">
<pin_list>
<pin id="2873" dir="0" index="0" bw="8" slack="0"/>
<pin id="2874" dir="1" index="1" bw="8" slack="0"/>
</pin_list>
<bind>
<opset="acc_V_119 "/>
</bind>
</comp>

<comp id="2878" class="1005" name="acc_V_118_reg_2878">
<pin_list>
<pin id="2879" dir="0" index="0" bw="8" slack="0"/>
<pin id="2880" dir="1" index="1" bw="8" slack="0"/>
</pin_list>
<bind>
<opset="acc_V_118 "/>
</bind>
</comp>

<comp id="2884" class="1005" name="or_ln813_1_reg_2884">
<pin_list>
<pin id="2885" dir="0" index="0" bw="1" slack="1"/>
<pin id="2886" dir="1" index="1" bw="1" slack="1"/>
</pin_list>
<bind>
<opset="or_ln813_1 "/>
</bind>
</comp>

<comp id="2892" class="1005" name="sub_ln1420_12_reg_2892">
<pin_list>
<pin id="2893" dir="0" index="0" bw="9" slack="1"/>
<pin id="2894" dir="1" index="1" bw="9" slack="1"/>
</pin_list>
<bind>
<opset="sub_ln1420_12 "/>
</bind>
</comp>

<comp id="2897" class="1005" name="acc_V_96_reg_2897">
<pin_list>
<pin id="2898" dir="0" index="0" bw="8" slack="1"/>
<pin id="2899" dir="1" index="1" bw="8" slack="1"/>
</pin_list>
<bind>
<opset="acc_V_96 "/>
</bind>
</comp>

<comp id="2902" class="1005" name="acc_V_124_reg_2902">
<pin_list>
<pin id="2903" dir="0" index="0" bw="8" slack="0"/>
<pin id="2904" dir="1" index="1" bw="8" slack="0"/>
</pin_list>
<bind>
<opset="acc_V_124 "/>
</bind>
</comp>

<comp id="2908" class="1005" name="acc_V_123_reg_2908">
<pin_list>
<pin id="2909" dir="0" index="0" bw="8" slack="0"/>
<pin id="2910" dir="1" index="1" bw="8" slack="0"/>
</pin_list>
<bind>
<opset="acc_V_123 "/>
</bind>
</comp>

<comp id="2914" class="1005" name="acc_V_122_reg_2914">
<pin_list>
<pin id="2915" dir="0" index="0" bw="8" slack="0"/>
<pin id="2916" dir="1" index="1" bw="8" slack="0"/>
</pin_list>
<bind>
<opset="acc_V_122 "/>
</bind>
</comp>

<comp id="2920" class="1005" name="sub_ln1420_13_reg_2920">
<pin_list>
<pin id="2921" dir="0" index="0" bw="9" slack="1"/>
<pin id="2922" dir="1" index="1" bw="9" slack="1"/>
</pin_list>
<bind>
<opset="sub_ln1420_13 "/>
</bind>
</comp>

<comp id="2925" class="1005" name="acc_V_98_reg_2925">
<pin_list>
<pin id="2926" dir="0" index="0" bw="8" slack="1"/>
<pin id="2927" dir="1" index="1" bw="8" slack="1"/>
</pin_list>
<bind>
<opset="acc_V_98 "/>
</bind>
</comp>

<comp id="2930" class="1005" name="acc_V_128_reg_2930">
<pin_list>
<pin id="2931" dir="0" index="0" bw="8" slack="0"/>
<pin id="2932" dir="1" index="1" bw="8" slack="0"/>
</pin_list>
<bind>
<opset="acc_V_128 "/>
</bind>
</comp>

<comp id="2936" class="1005" name="acc_V_127_reg_2936">
<pin_list>
<pin id="2937" dir="0" index="0" bw="8" slack="0"/>
<pin id="2938" dir="1" index="1" bw="8" slack="0"/>
</pin_list>
<bind>
<opset="acc_V_127 "/>
</bind>
</comp>

<comp id="2942" class="1005" name="acc_V_126_reg_2942">
<pin_list>
<pin id="2943" dir="0" index="0" bw="8" slack="0"/>
<pin id="2944" dir="1" index="1" bw="8" slack="0"/>
</pin_list>
<bind>
<opset="acc_V_126 "/>
</bind>
</comp>

<comp id="2948" class="1005" name="sub_ln1420_14_reg_2948">
<pin_list>
<pin id="2949" dir="0" index="0" bw="9" slack="1"/>
<pin id="2950" dir="1" index="1" bw="9" slack="1"/>
</pin_list>
<bind>
<opset="sub_ln1420_14 "/>
</bind>
</comp>

<comp id="2953" class="1005" name="acc_V_100_reg_2953">
<pin_list>
<pin id="2954" dir="0" index="0" bw="8" slack="1"/>
<pin id="2955" dir="1" index="1" bw="8" slack="1"/>
</pin_list>
<bind>
<opset="acc_V_100 "/>
</bind>
</comp>

<comp id="2958" class="1005" name="acc_V_132_reg_2958">
<pin_list>
<pin id="2959" dir="0" index="0" bw="8" slack="0"/>
<pin id="2960" dir="1" index="1" bw="8" slack="0"/>
</pin_list>
<bind>
<opset="acc_V_132 "/>
</bind>
</comp>

<comp id="2964" class="1005" name="acc_V_131_reg_2964">
<pin_list>
<pin id="2965" dir="0" index="0" bw="8" slack="0"/>
<pin id="2966" dir="1" index="1" bw="8" slack="0"/>
</pin_list>
<bind>
<opset="acc_V_131 "/>
</bind>
</comp>

<comp id="2970" class="1005" name="acc_V_130_reg_2970">
<pin_list>
<pin id="2971" dir="0" index="0" bw="8" slack="0"/>
<pin id="2972" dir="1" index="1" bw="8" slack="0"/>
</pin_list>
<bind>
<opset="acc_V_130 "/>
</bind>
</comp>

<comp id="2976" class="1005" name="acc_V_101_reg_2976">
<pin_list>
<pin id="2977" dir="0" index="0" bw="8" slack="1"/>
<pin id="2978" dir="1" index="1" bw="8" slack="1"/>
</pin_list>
<bind>
<opset="acc_V_101 "/>
</bind>
</comp>

<comp id="2981" class="1005" name="acc_V_105_reg_2981">
<pin_list>
<pin id="2982" dir="0" index="0" bw="8" slack="1"/>
<pin id="2983" dir="1" index="1" bw="8" slack="1"/>
</pin_list>
<bind>
<opset="acc_V_105 "/>
</bind>
</comp>

<comp id="2986" class="1005" name="acc_V_109_reg_2986">
<pin_list>
<pin id="2987" dir="0" index="0" bw="8" slack="1"/>
<pin id="2988" dir="1" index="1" bw="8" slack="1"/>
</pin_list>
<bind>
<opset="acc_V_109 "/>
</bind>
</comp>

<comp id="2991" class="1005" name="acc_V_113_reg_2991">
<pin_list>
<pin id="2992" dir="0" index="0" bw="8" slack="1"/>
<pin id="2993" dir="1" index="1" bw="8" slack="1"/>
</pin_list>
<bind>
<opset="acc_V_113 "/>
</bind>
</comp>

<comp id="2996" class="1005" name="acc_V_117_reg_2996">
<pin_list>
<pin id="2997" dir="0" index="0" bw="8" slack="1"/>
<pin id="2998" dir="1" index="1" bw="8" slack="1"/>
</pin_list>
<bind>
<opset="acc_V_117 "/>
</bind>
</comp>

<comp id="3001" class="1005" name="acc_V_121_reg_3001">
<pin_list>
<pin id="3002" dir="0" index="0" bw="8" slack="1"/>
<pin id="3003" dir="1" index="1" bw="8" slack="1"/>
</pin_list>
<bind>
<opset="acc_V_121 "/>
</bind>
</comp>

<comp id="3006" class="1005" name="acc_V_125_reg_3006">
<pin_list>
<pin id="3007" dir="0" index="0" bw="8" slack="1"/>
<pin id="3008" dir="1" index="1" bw="8" slack="1"/>
</pin_list>
<bind>
<opset="acc_V_125 "/>
</bind>
</comp>

<comp id="3011" class="1005" name="acc_V_129_reg_3011">
<pin_list>
<pin id="3012" dir="0" index="0" bw="8" slack="1"/>
<pin id="3013" dir="1" index="1" bw="8" slack="1"/>
</pin_list>
<bind>
<opset="acc_V_129 "/>
</bind>
</comp>

</comp_list>

<net_list>
<net id="172"><net_src comp="30" pin="0"/><net_sink comp="168" pin=0"/></net>

<net id="173"><net_src comp="0" pin="0"/><net_sink comp="168" pin=1"/></net>

<net id="179"><net_src comp="166" pin="0"/><net_sink comp="174" pin=0"/></net>

<net id="180"><net_src comp="2" pin="0"/><net_sink comp="174" pin=1"/></net>

<net id="186"><net_src comp="4" pin="0"/><net_sink comp="181" pin=0"/></net>

<net id="187"><net_src comp="102" pin="0"/><net_sink comp="181" pin=1"/></net>

<net id="193"><net_src comp="181" pin="3"/><net_sink comp="188" pin=0"/></net>

<net id="199"><net_src comp="6" pin="0"/><net_sink comp="194" pin=0"/></net>

<net id="200"><net_src comp="102" pin="0"/><net_sink comp="194" pin=1"/></net>

<net id="234"><net_src comp="194" pin="3"/><net_sink comp="201" pin=18"/></net>

<net id="240"><net_src comp="6" pin="0"/><net_sink comp="235" pin=0"/></net>

<net id="241"><net_src comp="102" pin="0"/><net_sink comp="235" pin=1"/></net>

<net id="242"><net_src comp="235" pin="3"/><net_sink comp="201" pin=16"/></net>

<net id="248"><net_src comp="6" pin="0"/><net_sink comp="243" pin=0"/></net>

<net id="249"><net_src comp="102" pin="0"/><net_sink comp="243" pin=1"/></net>

<net id="250"><net_src comp="243" pin="3"/><net_sink comp="201" pin=13"/></net>

<net id="256"><net_src comp="6" pin="0"/><net_sink comp="251" pin=0"/></net>

<net id="257"><net_src comp="102" pin="0"/><net_sink comp="251" pin=1"/></net>

<net id="258"><net_src comp="251" pin="3"/><net_sink comp="201" pin=10"/></net>

<net id="264"><net_src comp="6" pin="0"/><net_sink comp="259" pin=0"/></net>

<net id="265"><net_src comp="102" pin="0"/><net_sink comp="259" pin=1"/></net>

<net id="266"><net_src comp="259" pin="3"/><net_sink comp="201" pin=8"/></net>

<net id="272"><net_src comp="6" pin="0"/><net_sink comp="267" pin=0"/></net>

<net id="273"><net_src comp="102" pin="0"/><net_sink comp="267" pin=1"/></net>

<net id="274"><net_src comp="267" pin="3"/><net_sink comp="201" pin=5"/></net>

<net id="280"><net_src comp="6" pin="0"/><net_sink comp="275" pin=0"/></net>

<net id="281"><net_src comp="102" pin="0"/><net_sink comp="275" pin=1"/></net>

<net id="282"><net_src comp="275" pin="3"/><net_sink comp="201" pin=2"/></net>

<net id="288"><net_src comp="6" pin="0"/><net_sink comp="283" pin=0"/></net>

<net id="289"><net_src comp="102" pin="0"/><net_sink comp="283" pin=1"/></net>

<net id="290"><net_src comp="283" pin="3"/><net_sink comp="201" pin=0"/></net>

<net id="294"><net_src comp="22" pin="0"/><net_sink comp="291" pin=0"/></net>

<net id="303"><net_src comp="291" pin="1"/><net_sink comp="295" pin=0"/></net>

<net id="304"><net_src comp="24" pin="0"/><net_sink comp="295" pin=2"/></net>

<net id="305"><net_src comp="22" pin="0"/><net_sink comp="295" pin=4"/></net>

<net id="306"><net_src comp="295" pin="6"/><net_sink comp="291" pin=0"/></net>

<net id="310"><net_src comp="26" pin="0"/><net_sink comp="307" pin=0"/></net>

<net id="319"><net_src comp="307" pin="1"/><net_sink comp="311" pin=0"/></net>

<net id="320"><net_src comp="26" pin="0"/><net_sink comp="311" pin=4"/></net>

<net id="324"><net_src comp="26" pin="0"/><net_sink comp="321" pin=0"/></net>

<net id="333"><net_src comp="321" pin="1"/><net_sink comp="325" pin=0"/></net>

<net id="334"><net_src comp="26" pin="0"/><net_sink comp="325" pin=4"/></net>

<net id="338"><net_src comp="26" pin="0"/><net_sink comp="335" pin=0"/></net>

<net id="347"><net_src comp="335" pin="1"/><net_sink comp="339" pin=0"/></net>

<net id="348"><net_src comp="26" pin="0"/><net_sink comp="339" pin=4"/></net>

<net id="352"><net_src comp="26" pin="0"/><net_sink comp="349" pin=0"/></net>

<net id="361"><net_src comp="349" pin="1"/><net_sink comp="353" pin=0"/></net>

<net id="362"><net_src comp="26" pin="0"/><net_sink comp="353" pin=4"/></net>

<net id="366"><net_src comp="26" pin="0"/><net_sink comp="363" pin=0"/></net>

<net id="375"><net_src comp="363" pin="1"/><net_sink comp="367" pin=0"/></net>

<net id="376"><net_src comp="26" pin="0"/><net_sink comp="367" pin=4"/></net>

<net id="380"><net_src comp="26" pin="0"/><net_sink comp="377" pin=0"/></net>

<net id="389"><net_src comp="377" pin="1"/><net_sink comp="381" pin=0"/></net>

<net id="390"><net_src comp="26" pin="0"/><net_sink comp="381" pin=4"/></net>

<net id="394"><net_src comp="26" pin="0"/><net_sink comp="391" pin=0"/></net>

<net id="403"><net_src comp="391" pin="1"/><net_sink comp="395" pin=0"/></net>

<net id="404"><net_src comp="26" pin="0"/><net_sink comp="395" pin=4"/></net>

<net id="408"><net_src comp="26" pin="0"/><net_sink comp="405" pin=0"/></net>

<net id="417"><net_src comp="405" pin="1"/><net_sink comp="409" pin=0"/></net>

<net id="418"><net_src comp="26" pin="0"/><net_sink comp="409" pin=4"/></net>

<net id="422"><net_src comp="26" pin="0"/><net_sink comp="419" pin=0"/></net>

<net id="431"><net_src comp="419" pin="1"/><net_sink comp="423" pin=0"/></net>

<net id="432"><net_src comp="26" pin="0"/><net_sink comp="423" pin=4"/></net>

<net id="436"><net_src comp="26" pin="0"/><net_sink comp="433" pin=0"/></net>

<net id="445"><net_src comp="433" pin="1"/><net_sink comp="437" pin=0"/></net>

<net id="446"><net_src comp="26" pin="0"/><net_sink comp="437" pin=4"/></net>

<net id="450"><net_src comp="26" pin="0"/><net_sink comp="447" pin=0"/></net>

<net id="459"><net_src comp="447" pin="1"/><net_sink comp="451" pin=0"/></net>

<net id="460"><net_src comp="26" pin="0"/><net_sink comp="451" pin=4"/></net>

<net id="464"><net_src comp="26" pin="0"/><net_sink comp="461" pin=0"/></net>

<net id="473"><net_src comp="461" pin="1"/><net_sink comp="465" pin=0"/></net>

<net id="474"><net_src comp="26" pin="0"/><net_sink comp="465" pin=4"/></net>

<net id="478"><net_src comp="26" pin="0"/><net_sink comp="475" pin=0"/></net>

<net id="487"><net_src comp="475" pin="1"/><net_sink comp="479" pin=0"/></net>

<net id="488"><net_src comp="26" pin="0"/><net_sink comp="479" pin=4"/></net>

<net id="492"><net_src comp="26" pin="0"/><net_sink comp="489" pin=0"/></net>

<net id="501"><net_src comp="489" pin="1"/><net_sink comp="493" pin=0"/></net>

<net id="502"><net_src comp="26" pin="0"/><net_sink comp="493" pin=4"/></net>

<net id="506"><net_src comp="26" pin="0"/><net_sink comp="503" pin=0"/></net>

<net id="515"><net_src comp="503" pin="1"/><net_sink comp="507" pin=0"/></net>

<net id="516"><net_src comp="26" pin="0"/><net_sink comp="507" pin=4"/></net>

<net id="520"><net_src comp="26" pin="0"/><net_sink comp="517" pin=0"/></net>

<net id="529"><net_src comp="517" pin="1"/><net_sink comp="521" pin=0"/></net>

<net id="530"><net_src comp="26" pin="0"/><net_sink comp="521" pin=4"/></net>

<net id="534"><net_src comp="26" pin="0"/><net_sink comp="531" pin=0"/></net>

<net id="543"><net_src comp="531" pin="1"/><net_sink comp="535" pin=0"/></net>

<net id="544"><net_src comp="26" pin="0"/><net_sink comp="535" pin=4"/></net>

<net id="548"><net_src comp="26" pin="0"/><net_sink comp="545" pin=0"/></net>

<net id="557"><net_src comp="545" pin="1"/><net_sink comp="549" pin=0"/></net>

<net id="558"><net_src comp="26" pin="0"/><net_sink comp="549" pin=4"/></net>

<net id="562"><net_src comp="28" pin="0"/><net_sink comp="559" pin=0"/></net>

<net id="571"><net_src comp="559" pin="1"/><net_sink comp="563" pin=0"/></net>

<net id="572"><net_src comp="28" pin="0"/><net_sink comp="563" pin=4"/></net>

<net id="576"><net_src comp="573" pin="1"/><net_sink comp="311" pin=2"/></net>

<net id="583"><net_src comp="311" pin="6"/><net_sink comp="577" pin=2"/></net>

<net id="584"><net_src comp="577" pin="4"/><net_sink comp="573" pin=0"/></net>

<net id="588"><net_src comp="585" pin="1"/><net_sink comp="325" pin=2"/></net>

<net id="595"><net_src comp="325" pin="6"/><net_sink comp="589" pin=2"/></net>

<net id="596"><net_src comp="589" pin="4"/><net_sink comp="585" pin=0"/></net>

<net id="600"><net_src comp="597" pin="1"/><net_sink comp="339" pin=2"/></net>

<net id="607"><net_src comp="339" pin="6"/><net_sink comp="601" pin=2"/></net>

<net id="608"><net_src comp="601" pin="4"/><net_sink comp="597" pin=0"/></net>

<net id="612"><net_src comp="609" pin="1"/><net_sink comp="353" pin=2"/></net>

<net id="619"><net_src comp="353" pin="6"/><net_sink comp="613" pin=2"/></net>

<net id="620"><net_src comp="613" pin="4"/><net_sink comp="609" pin=0"/></net>

<net id="624"><net_src comp="621" pin="1"/><net_sink comp="367" pin=2"/></net>

<net id="631"><net_src comp="367" pin="6"/><net_sink comp="625" pin=2"/></net>

<net id="632"><net_src comp="625" pin="4"/><net_sink comp="621" pin=0"/></net>

<net id="636"><net_src comp="633" pin="1"/><net_sink comp="381" pin=2"/></net>

<net id="643"><net_src comp="381" pin="6"/><net_sink comp="637" pin=2"/></net>

<net id="644"><net_src comp="637" pin="4"/><net_sink comp="633" pin=0"/></net>

<net id="648"><net_src comp="645" pin="1"/><net_sink comp="395" pin=2"/></net>

<net id="655"><net_src comp="395" pin="6"/><net_sink comp="649" pin=2"/></net>

<net id="656"><net_src comp="649" pin="4"/><net_sink comp="645" pin=0"/></net>

<net id="660"><net_src comp="657" pin="1"/><net_sink comp="409" pin=2"/></net>

<net id="667"><net_src comp="409" pin="6"/><net_sink comp="661" pin=2"/></net>

<net id="668"><net_src comp="661" pin="4"/><net_sink comp="657" pin=0"/></net>

<net id="672"><net_src comp="669" pin="1"/><net_sink comp="423" pin=2"/></net>

<net id="679"><net_src comp="423" pin="6"/><net_sink comp="673" pin=2"/></net>

<net id="680"><net_src comp="673" pin="4"/><net_sink comp="669" pin=0"/></net>

<net id="684"><net_src comp="681" pin="1"/><net_sink comp="437" pin=2"/></net>

<net id="691"><net_src comp="437" pin="6"/><net_sink comp="685" pin=2"/></net>

<net id="692"><net_src comp="685" pin="4"/><net_sink comp="681" pin=0"/></net>

<net id="696"><net_src comp="693" pin="1"/><net_sink comp="451" pin=2"/></net>

<net id="703"><net_src comp="451" pin="6"/><net_sink comp="697" pin=2"/></net>

<net id="704"><net_src comp="697" pin="4"/><net_sink comp="693" pin=0"/></net>

<net id="708"><net_src comp="705" pin="1"/><net_sink comp="465" pin=2"/></net>

<net id="715"><net_src comp="465" pin="6"/><net_sink comp="709" pin=2"/></net>

<net id="716"><net_src comp="709" pin="4"/><net_sink comp="705" pin=0"/></net>

<net id="720"><net_src comp="717" pin="1"/><net_sink comp="479" pin=2"/></net>

<net id="727"><net_src comp="479" pin="6"/><net_sink comp="721" pin=2"/></net>

<net id="728"><net_src comp="721" pin="4"/><net_sink comp="717" pin=0"/></net>

<net id="732"><net_src comp="729" pin="1"/><net_sink comp="493" pin=2"/></net>

<net id="739"><net_src comp="493" pin="6"/><net_sink comp="733" pin=2"/></net>

<net id="740"><net_src comp="733" pin="4"/><net_sink comp="729" pin=0"/></net>

<net id="744"><net_src comp="741" pin="1"/><net_sink comp="507" pin=2"/></net>

<net id="751"><net_src comp="507" pin="6"/><net_sink comp="745" pin=2"/></net>

<net id="752"><net_src comp="745" pin="4"/><net_sink comp="741" pin=0"/></net>

<net id="756"><net_src comp="753" pin="1"/><net_sink comp="521" pin=2"/></net>

<net id="763"><net_src comp="521" pin="6"/><net_sink comp="757" pin=2"/></net>

<net id="764"><net_src comp="757" pin="4"/><net_sink comp="753" pin=0"/></net>

<net id="768"><net_src comp="765" pin="1"/><net_sink comp="535" pin=2"/></net>

<net id="775"><net_src comp="535" pin="6"/><net_sink comp="769" pin=2"/></net>

<net id="776"><net_src comp="769" pin="4"/><net_sink comp="765" pin=0"/></net>

<net id="780"><net_src comp="777" pin="1"/><net_sink comp="549" pin=2"/></net>

<net id="787"><net_src comp="549" pin="6"/><net_sink comp="781" pin=2"/></net>

<net id="788"><net_src comp="781" pin="4"/><net_sink comp="777" pin=0"/></net>

<net id="792"><net_src comp="122" pin="0"/><net_sink comp="789" pin=0"/></net>

<net id="801"><net_src comp="789" pin="1"/><net_sink comp="793" pin=0"/></net>

<net id="802"><net_src comp="789" pin="1"/><net_sink comp="793" pin=4"/></net>

<net id="806"><net_src comp="136" pin="0"/><net_sink comp="803" pin=0"/></net>

<net id="815"><net_src comp="803" pin="1"/><net_sink comp="807" pin=0"/></net>

<net id="816"><net_src comp="803" pin="1"/><net_sink comp="807" pin=4"/></net>

<net id="817"><net_src comp="807" pin="6"/><net_sink comp="803" pin=0"/></net>

<net id="821"><net_src comp="138" pin="0"/><net_sink comp="818" pin=0"/></net>

<net id="830"><net_src comp="818" pin="1"/><net_sink comp="822" pin=0"/></net>

<net id="831"><net_src comp="818" pin="1"/><net_sink comp="822" pin=4"/></net>

<net id="835"><net_src comp="138" pin="0"/><net_sink comp="832" pin=0"/></net>

<net id="844"><net_src comp="832" pin="1"/><net_sink comp="836" pin=0"/></net>

<net id="845"><net_src comp="832" pin="1"/><net_sink comp="836" pin=4"/></net>

<net id="849"><net_src comp="138" pin="0"/><net_sink comp="846" pin=0"/></net>

<net id="858"><net_src comp="846" pin="1"/><net_sink comp="850" pin=0"/></net>

<net id="859"><net_src comp="846" pin="1"/><net_sink comp="850" pin=4"/></net>

<net id="863"><net_src comp="136" pin="0"/><net_sink comp="860" pin=0"/></net>

<net id="872"><net_src comp="860" pin="1"/><net_sink comp="864" pin=0"/></net>

<net id="873"><net_src comp="860" pin="1"/><net_sink comp="864" pin=4"/></net>

<net id="874"><net_src comp="864" pin="6"/><net_sink comp="860" pin=0"/></net>

<net id="878"><net_src comp="136" pin="0"/><net_sink comp="875" pin=0"/></net>

<net id="887"><net_src comp="875" pin="1"/><net_sink comp="879" pin=0"/></net>

<net id="888"><net_src comp="875" pin="1"/><net_sink comp="879" pin=4"/></net>

<net id="892"><net_src comp="136" pin="0"/><net_sink comp="889" pin=0"/></net>

<net id="901"><net_src comp="889" pin="1"/><net_sink comp="893" pin=0"/></net>

<net id="902"><net_src comp="889" pin="1"/><net_sink comp="893" pin=4"/></net>

<net id="906"><net_src comp="136" pin="0"/><net_sink comp="903" pin=0"/></net>

<net id="915"><net_src comp="903" pin="1"/><net_sink comp="907" pin=0"/></net>

<net id="916"><net_src comp="903" pin="1"/><net_sink comp="907" pin=4"/></net>

<net id="920"><net_src comp="138" pin="0"/><net_sink comp="917" pin=0"/></net>

<net id="929"><net_src comp="917" pin="1"/><net_sink comp="921" pin=0"/></net>

<net id="930"><net_src comp="917" pin="1"/><net_sink comp="921" pin=4"/></net>

<net id="931"><net_src comp="921" pin="6"/><net_sink comp="917" pin=0"/></net>

<net id="935"><net_src comp="138" pin="0"/><net_sink comp="932" pin=0"/></net>

<net id="944"><net_src comp="932" pin="1"/><net_sink comp="936" pin=0"/></net>

<net id="945"><net_src comp="932" pin="1"/><net_sink comp="936" pin=4"/></net>

<net id="949"><net_src comp="136" pin="0"/><net_sink comp="946" pin=0"/></net>

<net id="958"><net_src comp="946" pin="1"/><net_sink comp="950" pin=0"/></net>

<net id="959"><net_src comp="946" pin="1"/><net_sink comp="950" pin=4"/></net>

<net id="963"><net_src comp="138" pin="0"/><net_sink comp="960" pin=0"/></net>

<net id="972"><net_src comp="960" pin="1"/><net_sink comp="964" pin=0"/></net>

<net id="973"><net_src comp="960" pin="1"/><net_sink comp="964" pin=4"/></net>

<net id="977"><net_src comp="136" pin="0"/><net_sink comp="974" pin=0"/></net>

<net id="986"><net_src comp="974" pin="1"/><net_sink comp="978" pin=0"/></net>

<net id="987"><net_src comp="974" pin="1"/><net_sink comp="978" pin=4"/></net>

<net id="988"><net_src comp="978" pin="6"/><net_sink comp="974" pin=0"/></net>

<net id="992"><net_src comp="136" pin="0"/><net_sink comp="989" pin=0"/></net>

<net id="1001"><net_src comp="989" pin="1"/><net_sink comp="993" pin=0"/></net>

<net id="1002"><net_src comp="989" pin="1"/><net_sink comp="993" pin=4"/></net>

<net id="1006"><net_src comp="136" pin="0"/><net_sink comp="1003" pin=0"/></net>

<net id="1015"><net_src comp="1003" pin="1"/><net_sink comp="1007" pin=0"/></net>

<net id="1016"><net_src comp="1003" pin="1"/><net_sink comp="1007" pin=4"/></net>

<net id="1020"><net_src comp="136" pin="0"/><net_sink comp="1017" pin=0"/></net>

<net id="1029"><net_src comp="1017" pin="1"/><net_sink comp="1021" pin=0"/></net>

<net id="1030"><net_src comp="1017" pin="1"/><net_sink comp="1021" pin=4"/></net>

<net id="1034"><net_src comp="136" pin="0"/><net_sink comp="1031" pin=0"/></net>

<net id="1043"><net_src comp="1031" pin="1"/><net_sink comp="1035" pin=0"/></net>

<net id="1044"><net_src comp="1031" pin="1"/><net_sink comp="1035" pin=4"/></net>

<net id="1045"><net_src comp="1035" pin="6"/><net_sink comp="1031" pin=0"/></net>

<net id="1049"><net_src comp="138" pin="0"/><net_sink comp="1046" pin=0"/></net>

<net id="1058"><net_src comp="1046" pin="1"/><net_sink comp="1050" pin=0"/></net>

<net id="1059"><net_src comp="1046" pin="1"/><net_sink comp="1050" pin=4"/></net>

<net id="1063"><net_src comp="138" pin="0"/><net_sink comp="1060" pin=0"/></net>

<net id="1072"><net_src comp="1060" pin="1"/><net_sink comp="1064" pin=0"/></net>

<net id="1073"><net_src comp="1060" pin="1"/><net_sink comp="1064" pin=4"/></net>

<net id="1077"><net_src comp="138" pin="0"/><net_sink comp="1074" pin=0"/></net>

<net id="1086"><net_src comp="1074" pin="1"/><net_sink comp="1078" pin=0"/></net>

<net id="1087"><net_src comp="1074" pin="1"/><net_sink comp="1078" pin=4"/></net>

<net id="1091"><net_src comp="138" pin="0"/><net_sink comp="1088" pin=0"/></net>

<net id="1100"><net_src comp="1088" pin="1"/><net_sink comp="1092" pin=0"/></net>

<net id="1101"><net_src comp="1088" pin="1"/><net_sink comp="1092" pin=4"/></net>

<net id="1102"><net_src comp="1092" pin="6"/><net_sink comp="1088" pin=0"/></net>

<net id="1106"><net_src comp="136" pin="0"/><net_sink comp="1103" pin=0"/></net>

<net id="1115"><net_src comp="1103" pin="1"/><net_sink comp="1107" pin=0"/></net>

<net id="1116"><net_src comp="1103" pin="1"/><net_sink comp="1107" pin=4"/></net>

<net id="1120"><net_src comp="136" pin="0"/><net_sink comp="1117" pin=0"/></net>

<net id="1129"><net_src comp="1117" pin="1"/><net_sink comp="1121" pin=0"/></net>

<net id="1130"><net_src comp="1117" pin="1"/><net_sink comp="1121" pin=4"/></net>

<net id="1134"><net_src comp="138" pin="0"/><net_sink comp="1131" pin=0"/></net>

<net id="1143"><net_src comp="1131" pin="1"/><net_sink comp="1135" pin=0"/></net>

<net id="1144"><net_src comp="1131" pin="1"/><net_sink comp="1135" pin=4"/></net>

<net id="1148"><net_src comp="136" pin="0"/><net_sink comp="1145" pin=0"/></net>

<net id="1157"><net_src comp="1145" pin="1"/><net_sink comp="1149" pin=0"/></net>

<net id="1158"><net_src comp="1145" pin="1"/><net_sink comp="1149" pin=4"/></net>

<net id="1159"><net_src comp="1149" pin="6"/><net_sink comp="1145" pin=0"/></net>

<net id="1163"><net_src comp="136" pin="0"/><net_sink comp="1160" pin=0"/></net>

<net id="1172"><net_src comp="1160" pin="1"/><net_sink comp="1164" pin=0"/></net>

<net id="1173"><net_src comp="1160" pin="1"/><net_sink comp="1164" pin=4"/></net>

<net id="1177"><net_src comp="138" pin="0"/><net_sink comp="1174" pin=0"/></net>

<net id="1186"><net_src comp="1174" pin="1"/><net_sink comp="1178" pin=0"/></net>

<net id="1187"><net_src comp="1174" pin="1"/><net_sink comp="1178" pin=4"/></net>

<net id="1191"><net_src comp="138" pin="0"/><net_sink comp="1188" pin=0"/></net>

<net id="1200"><net_src comp="1188" pin="1"/><net_sink comp="1192" pin=0"/></net>

<net id="1201"><net_src comp="1188" pin="1"/><net_sink comp="1192" pin=4"/></net>

<net id="1205"><net_src comp="136" pin="0"/><net_sink comp="1202" pin=0"/></net>

<net id="1214"><net_src comp="1202" pin="1"/><net_sink comp="1206" pin=0"/></net>

<net id="1215"><net_src comp="1202" pin="1"/><net_sink comp="1206" pin=4"/></net>

<net id="1216"><net_src comp="1206" pin="6"/><net_sink comp="1202" pin=0"/></net>

<net id="1220"><net_src comp="136" pin="0"/><net_sink comp="1217" pin=0"/></net>

<net id="1229"><net_src comp="1217" pin="1"/><net_sink comp="1221" pin=0"/></net>

<net id="1230"><net_src comp="1217" pin="1"/><net_sink comp="1221" pin=4"/></net>

<net id="1234"><net_src comp="138" pin="0"/><net_sink comp="1231" pin=0"/></net>

<net id="1243"><net_src comp="1231" pin="1"/><net_sink comp="1235" pin=0"/></net>

<net id="1244"><net_src comp="1231" pin="1"/><net_sink comp="1235" pin=4"/></net>

<net id="1248"><net_src comp="136" pin="0"/><net_sink comp="1245" pin=0"/></net>

<net id="1257"><net_src comp="1245" pin="1"/><net_sink comp="1249" pin=0"/></net>

<net id="1258"><net_src comp="1245" pin="1"/><net_sink comp="1249" pin=4"/></net>

<net id="1262"><net_src comp="168" pin="2"/><net_sink comp="1259" pin=0"/></net>

<net id="1263"><net_src comp="1259" pin="1"/><net_sink comp="781" pin=0"/></net>

<net id="1270"><net_src comp="32" pin="0"/><net_sink comp="1264" pin=0"/></net>

<net id="1271"><net_src comp="168" pin="2"/><net_sink comp="1264" pin=1"/></net>

<net id="1272"><net_src comp="34" pin="0"/><net_sink comp="1264" pin=2"/></net>

<net id="1273"><net_src comp="36" pin="0"/><net_sink comp="1264" pin=3"/></net>

<net id="1274"><net_src comp="1264" pin="4"/><net_sink comp="769" pin=0"/></net>

<net id="1281"><net_src comp="32" pin="0"/><net_sink comp="1275" pin=0"/></net>

<net id="1282"><net_src comp="168" pin="2"/><net_sink comp="1275" pin=1"/></net>

<net id="1283"><net_src comp="38" pin="0"/><net_sink comp="1275" pin=2"/></net>

<net id="1284"><net_src comp="40" pin="0"/><net_sink comp="1275" pin=3"/></net>

<net id="1285"><net_src comp="1275" pin="4"/><net_sink comp="757" pin=0"/></net>

<net id="1292"><net_src comp="32" pin="0"/><net_sink comp="1286" pin=0"/></net>

<net id="1293"><net_src comp="168" pin="2"/><net_sink comp="1286" pin=1"/></net>

<net id="1294"><net_src comp="42" pin="0"/><net_sink comp="1286" pin=2"/></net>

<net id="1295"><net_src comp="44" pin="0"/><net_sink comp="1286" pin=3"/></net>

<net id="1296"><net_src comp="1286" pin="4"/><net_sink comp="745" pin=0"/></net>

<net id="1303"><net_src comp="32" pin="0"/><net_sink comp="1297" pin=0"/></net>

<net id="1304"><net_src comp="168" pin="2"/><net_sink comp="1297" pin=1"/></net>

<net id="1305"><net_src comp="46" pin="0"/><net_sink comp="1297" pin=2"/></net>

<net id="1306"><net_src comp="48" pin="0"/><net_sink comp="1297" pin=3"/></net>

<net id="1307"><net_src comp="1297" pin="4"/><net_sink comp="733" pin=0"/></net>

<net id="1314"><net_src comp="32" pin="0"/><net_sink comp="1308" pin=0"/></net>

<net id="1315"><net_src comp="168" pin="2"/><net_sink comp="1308" pin=1"/></net>

<net id="1316"><net_src comp="50" pin="0"/><net_sink comp="1308" pin=2"/></net>

<net id="1317"><net_src comp="52" pin="0"/><net_sink comp="1308" pin=3"/></net>

<net id="1318"><net_src comp="1308" pin="4"/><net_sink comp="721" pin=0"/></net>

<net id="1325"><net_src comp="32" pin="0"/><net_sink comp="1319" pin=0"/></net>

<net id="1326"><net_src comp="168" pin="2"/><net_sink comp="1319" pin=1"/></net>

<net id="1327"><net_src comp="54" pin="0"/><net_sink comp="1319" pin=2"/></net>

<net id="1328"><net_src comp="56" pin="0"/><net_sink comp="1319" pin=3"/></net>

<net id="1329"><net_src comp="1319" pin="4"/><net_sink comp="709" pin=0"/></net>

<net id="1336"><net_src comp="32" pin="0"/><net_sink comp="1330" pin=0"/></net>

<net id="1337"><net_src comp="168" pin="2"/><net_sink comp="1330" pin=1"/></net>

<net id="1338"><net_src comp="58" pin="0"/><net_sink comp="1330" pin=2"/></net>

<net id="1339"><net_src comp="60" pin="0"/><net_sink comp="1330" pin=3"/></net>

<net id="1340"><net_src comp="1330" pin="4"/><net_sink comp="697" pin=0"/></net>

<net id="1347"><net_src comp="32" pin="0"/><net_sink comp="1341" pin=0"/></net>

<net id="1348"><net_src comp="168" pin="2"/><net_sink comp="1341" pin=1"/></net>

<net id="1349"><net_src comp="62" pin="0"/><net_sink comp="1341" pin=2"/></net>

<net id="1350"><net_src comp="64" pin="0"/><net_sink comp="1341" pin=3"/></net>

<net id="1351"><net_src comp="1341" pin="4"/><net_sink comp="685" pin=0"/></net>

<net id="1358"><net_src comp="32" pin="0"/><net_sink comp="1352" pin=0"/></net>

<net id="1359"><net_src comp="168" pin="2"/><net_sink comp="1352" pin=1"/></net>

<net id="1360"><net_src comp="66" pin="0"/><net_sink comp="1352" pin=2"/></net>

<net id="1361"><net_src comp="68" pin="0"/><net_sink comp="1352" pin=3"/></net>

<net id="1362"><net_src comp="1352" pin="4"/><net_sink comp="673" pin=0"/></net>

<net id="1369"><net_src comp="32" pin="0"/><net_sink comp="1363" pin=0"/></net>

<net id="1370"><net_src comp="168" pin="2"/><net_sink comp="1363" pin=1"/></net>

<net id="1371"><net_src comp="70" pin="0"/><net_sink comp="1363" pin=2"/></net>

<net id="1372"><net_src comp="72" pin="0"/><net_sink comp="1363" pin=3"/></net>

<net id="1373"><net_src comp="1363" pin="4"/><net_sink comp="661" pin=0"/></net>

<net id="1380"><net_src comp="32" pin="0"/><net_sink comp="1374" pin=0"/></net>

<net id="1381"><net_src comp="168" pin="2"/><net_sink comp="1374" pin=1"/></net>

<net id="1382"><net_src comp="74" pin="0"/><net_sink comp="1374" pin=2"/></net>

<net id="1383"><net_src comp="76" pin="0"/><net_sink comp="1374" pin=3"/></net>

<net id="1384"><net_src comp="1374" pin="4"/><net_sink comp="649" pin=0"/></net>

<net id="1391"><net_src comp="32" pin="0"/><net_sink comp="1385" pin=0"/></net>

<net id="1392"><net_src comp="168" pin="2"/><net_sink comp="1385" pin=1"/></net>

<net id="1393"><net_src comp="78" pin="0"/><net_sink comp="1385" pin=2"/></net>

<net id="1394"><net_src comp="80" pin="0"/><net_sink comp="1385" pin=3"/></net>

<net id="1395"><net_src comp="1385" pin="4"/><net_sink comp="637" pin=0"/></net>

<net id="1402"><net_src comp="32" pin="0"/><net_sink comp="1396" pin=0"/></net>

<net id="1403"><net_src comp="168" pin="2"/><net_sink comp="1396" pin=1"/></net>

<net id="1404"><net_src comp="82" pin="0"/><net_sink comp="1396" pin=2"/></net>

<net id="1405"><net_src comp="84" pin="0"/><net_sink comp="1396" pin=3"/></net>

<net id="1406"><net_src comp="1396" pin="4"/><net_sink comp="625" pin=0"/></net>

<net id="1413"><net_src comp="32" pin="0"/><net_sink comp="1407" pin=0"/></net>

<net id="1414"><net_src comp="168" pin="2"/><net_sink comp="1407" pin=1"/></net>

<net id="1415"><net_src comp="86" pin="0"/><net_sink comp="1407" pin=2"/></net>

<net id="1416"><net_src comp="88" pin="0"/><net_sink comp="1407" pin=3"/></net>

<net id="1417"><net_src comp="1407" pin="4"/><net_sink comp="613" pin=0"/></net>

<net id="1424"><net_src comp="32" pin="0"/><net_sink comp="1418" pin=0"/></net>

<net id="1425"><net_src comp="168" pin="2"/><net_sink comp="1418" pin=1"/></net>

<net id="1426"><net_src comp="90" pin="0"/><net_sink comp="1418" pin=2"/></net>

<net id="1427"><net_src comp="92" pin="0"/><net_sink comp="1418" pin=3"/></net>

<net id="1428"><net_src comp="1418" pin="4"/><net_sink comp="601" pin=0"/></net>

<net id="1435"><net_src comp="32" pin="0"/><net_sink comp="1429" pin=0"/></net>

<net id="1436"><net_src comp="168" pin="2"/><net_sink comp="1429" pin=1"/></net>

<net id="1437"><net_src comp="94" pin="0"/><net_sink comp="1429" pin=2"/></net>

<net id="1438"><net_src comp="96" pin="0"/><net_sink comp="1429" pin=3"/></net>

<net id="1439"><net_src comp="1429" pin="4"/><net_sink comp="589" pin=0"/></net>

<net id="1446"><net_src comp="32" pin="0"/><net_sink comp="1440" pin=0"/></net>

<net id="1447"><net_src comp="168" pin="2"/><net_sink comp="1440" pin=1"/></net>

<net id="1448"><net_src comp="98" pin="0"/><net_sink comp="1440" pin=2"/></net>

<net id="1449"><net_src comp="100" pin="0"/><net_sink comp="1440" pin=3"/></net>

<net id="1450"><net_src comp="1440" pin="4"/><net_sink comp="577" pin=0"/></net>

<net id="1454"><net_src comp="563" pin="6"/><net_sink comp="1451" pin=0"/></net>

<net id="1455"><net_src comp="1451" pin="1"/><net_sink comp="181" pin=2"/></net>

<net id="1456"><net_src comp="1451" pin="1"/><net_sink comp="194" pin=2"/></net>

<net id="1460"><net_src comp="563" pin="6"/><net_sink comp="1457" pin=0"/></net>

<net id="1464"><net_src comp="563" pin="6"/><net_sink comp="1461" pin=0"/></net>

<net id="1468"><net_src comp="563" pin="6"/><net_sink comp="1465" pin=0"/></net>

<net id="1473"><net_src comp="1465" pin="1"/><net_sink comp="1469" pin=0"/></net>

<net id="1474"><net_src comp="104" pin="0"/><net_sink comp="1469" pin=1"/></net>

<net id="1478"><net_src comp="1469" pin="2"/><net_sink comp="1475" pin=0"/></net>

<net id="1479"><net_src comp="1475" pin="1"/><net_sink comp="235" pin=2"/></net>

<net id="1484"><net_src comp="1465" pin="1"/><net_sink comp="1480" pin=0"/></net>

<net id="1485"><net_src comp="106" pin="0"/><net_sink comp="1480" pin=1"/></net>

<net id="1489"><net_src comp="1480" pin="2"/><net_sink comp="1486" pin=0"/></net>

<net id="1490"><net_src comp="1486" pin="1"/><net_sink comp="243" pin=2"/></net>

<net id="1495"><net_src comp="1461" pin="1"/><net_sink comp="1491" pin=0"/></net>

<net id="1496"><net_src comp="108" pin="0"/><net_sink comp="1491" pin=1"/></net>

<net id="1500"><net_src comp="1491" pin="2"/><net_sink comp="1497" pin=0"/></net>

<net id="1501"><net_src comp="1497" pin="1"/><net_sink comp="251" pin=2"/></net>

<net id="1506"><net_src comp="1461" pin="1"/><net_sink comp="1502" pin=0"/></net>

<net id="1507"><net_src comp="110" pin="0"/><net_sink comp="1502" pin=1"/></net>

<net id="1511"><net_src comp="1502" pin="2"/><net_sink comp="1508" pin=0"/></net>

<net id="1512"><net_src comp="1508" pin="1"/><net_sink comp="259" pin=2"/></net>

<net id="1517"><net_src comp="1461" pin="1"/><net_sink comp="1513" pin=0"/></net>

<net id="1518"><net_src comp="112" pin="0"/><net_sink comp="1513" pin=1"/></net>

<net id="1522"><net_src comp="1513" pin="2"/><net_sink comp="1519" pin=0"/></net>

<net id="1523"><net_src comp="1519" pin="1"/><net_sink comp="267" pin=2"/></net>

<net id="1528"><net_src comp="1465" pin="1"/><net_sink comp="1524" pin=0"/></net>

<net id="1529"><net_src comp="114" pin="0"/><net_sink comp="1524" pin=1"/></net>

<net id="1533"><net_src comp="1524" pin="2"/><net_sink comp="1530" pin=0"/></net>

<net id="1537"><net_src comp="1530" pin="1"/><net_sink comp="1534" pin=0"/></net>

<net id="1538"><net_src comp="1534" pin="1"/><net_sink comp="275" pin=2"/></net>

<net id="1543"><net_src comp="1457" pin="1"/><net_sink comp="1539" pin=0"/></net>

<net id="1544"><net_src comp="116" pin="0"/><net_sink comp="1539" pin=1"/></net>

<net id="1548"><net_src comp="1539" pin="2"/><net_sink comp="1545" pin=0"/></net>

<net id="1549"><net_src comp="1545" pin="1"/><net_sink comp="283" pin=2"/></net>

<net id="1554"><net_src comp="563" pin="6"/><net_sink comp="1550" pin=0"/></net>

<net id="1555"><net_src comp="118" pin="0"/><net_sink comp="1550" pin=1"/></net>

<net id="1560"><net_src comp="563" pin="6"/><net_sink comp="1556" pin=0"/></net>

<net id="1561"><net_src comp="120" pin="0"/><net_sink comp="1556" pin=1"/></net>

<net id="1584"><net_src comp="124" pin="0"/><net_sink comp="1562" pin=0"/></net>

<net id="1585"><net_src comp="777" pin="1"/><net_sink comp="1562" pin=1"/></net>

<net id="1586"><net_src comp="741" pin="1"/><net_sink comp="1562" pin=2"/></net>

<net id="1587"><net_src comp="729" pin="1"/><net_sink comp="1562" pin=3"/></net>

<net id="1588"><net_src comp="717" pin="1"/><net_sink comp="1562" pin=4"/></net>

<net id="1589"><net_src comp="705" pin="1"/><net_sink comp="1562" pin=5"/></net>

<net id="1590"><net_src comp="693" pin="1"/><net_sink comp="1562" pin=6"/></net>

<net id="1591"><net_src comp="681" pin="1"/><net_sink comp="1562" pin=7"/></net>

<net id="1592"><net_src comp="669" pin="1"/><net_sink comp="1562" pin=8"/></net>

<net id="1593"><net_src comp="657" pin="1"/><net_sink comp="1562" pin=9"/></net>

<net id="1594"><net_src comp="645" pin="1"/><net_sink comp="1562" pin=10"/></net>

<net id="1595"><net_src comp="633" pin="1"/><net_sink comp="1562" pin=11"/></net>

<net id="1596"><net_src comp="621" pin="1"/><net_sink comp="1562" pin=12"/></net>

<net id="1597"><net_src comp="609" pin="1"/><net_sink comp="1562" pin=13"/></net>

<net id="1598"><net_src comp="597" pin="1"/><net_sink comp="1562" pin=14"/></net>

<net id="1599"><net_src comp="585" pin="1"/><net_sink comp="1562" pin=15"/></net>

<net id="1600"><net_src comp="573" pin="1"/><net_sink comp="1562" pin=16"/></net>

<net id="1601"><net_src comp="765" pin="1"/><net_sink comp="1562" pin=17"/></net>

<net id="1602"><net_src comp="753" pin="1"/><net_sink comp="1562" pin=18"/></net>

<net id="1603"><net_src comp="793" pin="6"/><net_sink comp="1562" pin=19"/></net>

<net id="1608"><net_src comp="793" pin="6"/><net_sink comp="1604" pin=0"/></net>

<net id="1609"><net_src comp="126" pin="0"/><net_sink comp="1604" pin=1"/></net>

<net id="1614"><net_src comp="1604" pin="2"/><net_sink comp="1610" pin=0"/></net>

<net id="1615"><net_src comp="128" pin="0"/><net_sink comp="1610" pin=1"/></net>

<net id="1621"><net_src comp="1610" pin="2"/><net_sink comp="1616" pin=0"/></net>

<net id="1622"><net_src comp="122" pin="0"/><net_sink comp="1616" pin=1"/></net>

<net id="1623"><net_src comp="1604" pin="2"/><net_sink comp="1616" pin=2"/></net>

<net id="1634"><net_src comp="1624" pin="1"/><net_sink comp="1630" pin=0"/></net>

<net id="1635"><net_src comp="1627" pin="1"/><net_sink comp="1630" pin=1"/></net>

<net id="1642"><net_src comp="130" pin="0"/><net_sink comp="1636" pin=0"/></net>

<net id="1643"><net_src comp="1630" pin="2"/><net_sink comp="1636" pin=1"/></net>

<net id="1644"><net_src comp="132" pin="0"/><net_sink comp="1636" pin=2"/></net>

<net id="1645"><net_src comp="134" pin="0"/><net_sink comp="1636" pin=3"/></net>

<net id="1653"><net_src comp="1646" pin="1"/><net_sink comp="1649" pin=0"/></net>

<net id="1654"><net_src comp="1627" pin="1"/><net_sink comp="1649" pin=1"/></net>

<net id="1661"><net_src comp="130" pin="0"/><net_sink comp="1655" pin=0"/></net>

<net id="1662"><net_src comp="1649" pin="2"/><net_sink comp="1655" pin=1"/></net>

<net id="1663"><net_src comp="132" pin="0"/><net_sink comp="1655" pin=2"/></net>

<net id="1664"><net_src comp="134" pin="0"/><net_sink comp="1655" pin=3"/></net>

<net id="1672"><net_src comp="1665" pin="1"/><net_sink comp="1668" pin=0"/></net>

<net id="1673"><net_src comp="1627" pin="1"/><net_sink comp="1668" pin=1"/></net>

<net id="1680"><net_src comp="130" pin="0"/><net_sink comp="1674" pin=0"/></net>

<net id="1681"><net_src comp="1668" pin="2"/><net_sink comp="1674" pin=1"/></net>

<net id="1682"><net_src comp="132" pin="0"/><net_sink comp="1674" pin=2"/></net>

<net id="1683"><net_src comp="134" pin="0"/><net_sink comp="1674" pin=3"/></net>

<net id="1691"><net_src comp="1684" pin="1"/><net_sink comp="1687" pin=0"/></net>

<net id="1692"><net_src comp="1627" pin="1"/><net_sink comp="1687" pin=1"/></net>

<net id="1699"><net_src comp="130" pin="0"/><net_sink comp="1693" pin=0"/></net>

<net id="1700"><net_src comp="1687" pin="2"/><net_sink comp="1693" pin=1"/></net>

<net id="1701"><net_src comp="132" pin="0"/><net_sink comp="1693" pin=2"/></net>

<net id="1702"><net_src comp="134" pin="0"/><net_sink comp="1693" pin=3"/></net>

<net id="1710"><net_src comp="1703" pin="1"/><net_sink comp="1706" pin=0"/></net>

<net id="1711"><net_src comp="1627" pin="1"/><net_sink comp="1706" pin=1"/></net>

<net id="1718"><net_src comp="130" pin="0"/><net_sink comp="1712" pin=0"/></net>

<net id="1719"><net_src comp="1706" pin="2"/><net_sink comp="1712" pin=1"/></net>

<net id="1720"><net_src comp="132" pin="0"/><net_sink comp="1712" pin=2"/></net>

<net id="1721"><net_src comp="134" pin="0"/><net_sink comp="1712" pin=3"/></net>

<net id="1729"><net_src comp="1722" pin="1"/><net_sink comp="1725" pin=0"/></net>

<net id="1730"><net_src comp="1627" pin="1"/><net_sink comp="1725" pin=1"/></net>

<net id="1737"><net_src comp="130" pin="0"/><net_sink comp="1731" pin=0"/></net>

<net id="1738"><net_src comp="1725" pin="2"/><net_sink comp="1731" pin=1"/></net>

<net id="1739"><net_src comp="132" pin="0"/><net_sink comp="1731" pin=2"/></net>

<net id="1740"><net_src comp="134" pin="0"/><net_sink comp="1731" pin=3"/></net>

<net id="1748"><net_src comp="1741" pin="1"/><net_sink comp="1744" pin=0"/></net>

<net id="1749"><net_src comp="1627" pin="1"/><net_sink comp="1744" pin=1"/></net>

<net id="1756"><net_src comp="130" pin="0"/><net_sink comp="1750" pin=0"/></net>

<net id="1757"><net_src comp="1744" pin="2"/><net_sink comp="1750" pin=1"/></net>

<net id="1758"><net_src comp="132" pin="0"/><net_sink comp="1750" pin=2"/></net>

<net id="1759"><net_src comp="134" pin="0"/><net_sink comp="1750" pin=3"/></net>

<net id="1767"><net_src comp="1760" pin="1"/><net_sink comp="1763" pin=0"/></net>

<net id="1768"><net_src comp="1627" pin="1"/><net_sink comp="1763" pin=1"/></net>

<net id="1775"><net_src comp="130" pin="0"/><net_sink comp="1769" pin=0"/></net>

<net id="1776"><net_src comp="1763" pin="2"/><net_sink comp="1769" pin=1"/></net>

<net id="1777"><net_src comp="132" pin="0"/><net_sink comp="1769" pin=2"/></net>

<net id="1778"><net_src comp="134" pin="0"/><net_sink comp="1769" pin=3"/></net>

<net id="1787"><net_src comp="140" pin="0"/><net_sink comp="1779" pin=0"/></net>

<net id="1788"><net_src comp="807" pin="6"/><net_sink comp="1779" pin=1"/></net>

<net id="1789"><net_src comp="822" pin="6"/><net_sink comp="1779" pin=2"/></net>

<net id="1790"><net_src comp="836" pin="6"/><net_sink comp="1779" pin=3"/></net>

<net id="1791"><net_src comp="850" pin="6"/><net_sink comp="1779" pin=4"/></net>

<net id="1795"><net_src comp="1779" pin="6"/><net_sink comp="1792" pin=0"/></net>

<net id="1800"><net_src comp="142" pin="0"/><net_sink comp="1796" pin=0"/></net>

<net id="1801"><net_src comp="1792" pin="1"/><net_sink comp="1796" pin=1"/></net>

<net id="1806"><net_src comp="144" pin="0"/><net_sink comp="1802" pin=1"/></net>

<net id="1811"><net_src comp="146" pin="0"/><net_sink comp="1807" pin=1"/></net>

<net id="1816"><net_src comp="148" pin="0"/><net_sink comp="1812" pin=1"/></net>

<net id="1821"><net_src comp="1812" pin="2"/><net_sink comp="1817" pin=0"/></net>

<net id="1822"><net_src comp="1807" pin="2"/><net_sink comp="1817" pin=1"/></net>

<net id="1827"><net_src comp="1779" pin="6"/><net_sink comp="1823" pin=1"/></net>

<net id="1833"><net_src comp="1802" pin="2"/><net_sink comp="1828" pin=0"/></net>

<net id="1834"><net_src comp="1823" pin="2"/><net_sink comp="1828" pin=1"/></net>

<net id="1835"><net_src comp="850" pin="6"/><net_sink comp="1828" pin=2"/></net>

<net id="1841"><net_src comp="1807" pin="2"/><net_sink comp="1836" pin=0"/></net>

<net id="1842"><net_src comp="1823" pin="2"/><net_sink comp="1836" pin=1"/></net>

<net id="1843"><net_src comp="836" pin="6"/><net_sink comp="1836" pin=2"/></net>

<net id="1849"><net_src comp="1812" pin="2"/><net_sink comp="1844" pin=0"/></net>

<net id="1850"><net_src comp="1823" pin="2"/><net_sink comp="1844" pin=1"/></net>

<net id="1851"><net_src comp="822" pin="6"/><net_sink comp="1844" pin=2"/></net>

<net id="1856"><net_src comp="1817" pin="2"/><net_sink comp="1852" pin=0"/></net>

<net id="1857"><net_src comp="1802" pin="2"/><net_sink comp="1852" pin=1"/></net>

<net id="1866"><net_src comp="140" pin="0"/><net_sink comp="1858" pin=0"/></net>

<net id="1867"><net_src comp="864" pin="6"/><net_sink comp="1858" pin=1"/></net>

<net id="1868"><net_src comp="879" pin="6"/><net_sink comp="1858" pin=2"/></net>

<net id="1869"><net_src comp="893" pin="6"/><net_sink comp="1858" pin=3"/></net>

<net id="1870"><net_src comp="907" pin="6"/><net_sink comp="1858" pin=4"/></net>

<net id="1874"><net_src comp="1858" pin="6"/><net_sink comp="1871" pin=0"/></net>

<net id="1879"><net_src comp="142" pin="0"/><net_sink comp="1875" pin=0"/></net>

<net id="1880"><net_src comp="1871" pin="1"/><net_sink comp="1875" pin=1"/></net>

<net id="1885"><net_src comp="1858" pin="6"/><net_sink comp="1881" pin=1"/></net>

<net id="1891"><net_src comp="1802" pin="2"/><net_sink comp="1886" pin=0"/></net>

<net id="1892"><net_src comp="1881" pin="2"/><net_sink comp="1886" pin=1"/></net>

<net id="1893"><net_src comp="907" pin="6"/><net_sink comp="1886" pin=2"/></net>

<net id="1899"><net_src comp="1807" pin="2"/><net_sink comp="1894" pin=0"/></net>

<net id="1900"><net_src comp="1881" pin="2"/><net_sink comp="1894" pin=1"/></net>

<net id="1901"><net_src comp="893" pin="6"/><net_sink comp="1894" pin=2"/></net>

<net id="1907"><net_src comp="1812" pin="2"/><net_sink comp="1902" pin=0"/></net>

<net id="1908"><net_src comp="1881" pin="2"/><net_sink comp="1902" pin=1"/></net>

<net id="1909"><net_src comp="879" pin="6"/><net_sink comp="1902" pin=2"/></net>

<net id="1918"><net_src comp="140" pin="0"/><net_sink comp="1910" pin=0"/></net>

<net id="1919"><net_src comp="921" pin="6"/><net_sink comp="1910" pin=1"/></net>

<net id="1920"><net_src comp="936" pin="6"/><net_sink comp="1910" pin=2"/></net>

<net id="1921"><net_src comp="950" pin="6"/><net_sink comp="1910" pin=3"/></net>

<net id="1922"><net_src comp="964" pin="6"/><net_sink comp="1910" pin=4"/></net>

<net id="1926"><net_src comp="1910" pin="6"/><net_sink comp="1923" pin=0"/></net>

<net id="1931"><net_src comp="142" pin="0"/><net_sink comp="1927" pin=0"/></net>

<net id="1932"><net_src comp="1923" pin="1"/><net_sink comp="1927" pin=1"/></net>

<net id="1937"><net_src comp="1910" pin="6"/><net_sink comp="1933" pin=1"/></net>

<net id="1943"><net_src comp="1802" pin="2"/><net_sink comp="1938" pin=0"/></net>

<net id="1944"><net_src comp="1933" pin="2"/><net_sink comp="1938" pin=1"/></net>

<net id="1945"><net_src comp="964" pin="6"/><net_sink comp="1938" pin=2"/></net>

<net id="1951"><net_src comp="1807" pin="2"/><net_sink comp="1946" pin=0"/></net>

<net id="1952"><net_src comp="1933" pin="2"/><net_sink comp="1946" pin=1"/></net>

<net id="1953"><net_src comp="950" pin="6"/><net_sink comp="1946" pin=2"/></net>

<net id="1959"><net_src comp="1812" pin="2"/><net_sink comp="1954" pin=0"/></net>

<net id="1960"><net_src comp="1933" pin="2"/><net_sink comp="1954" pin=1"/></net>

<net id="1961"><net_src comp="936" pin="6"/><net_sink comp="1954" pin=2"/></net>

<net id="1970"><net_src comp="140" pin="0"/><net_sink comp="1962" pin=0"/></net>

<net id="1971"><net_src comp="978" pin="6"/><net_sink comp="1962" pin=1"/></net>

<net id="1972"><net_src comp="993" pin="6"/><net_sink comp="1962" pin=2"/></net>

<net id="1973"><net_src comp="1007" pin="6"/><net_sink comp="1962" pin=3"/></net>

<net id="1974"><net_src comp="1021" pin="6"/><net_sink comp="1962" pin=4"/></net>

<net id="1978"><net_src comp="1962" pin="6"/><net_sink comp="1975" pin=0"/></net>

<net id="1983"><net_src comp="142" pin="0"/><net_sink comp="1979" pin=0"/></net>

<net id="1984"><net_src comp="1975" pin="1"/><net_sink comp="1979" pin=1"/></net>

<net id="1989"><net_src comp="1962" pin="6"/><net_sink comp="1985" pin=1"/></net>

<net id="1995"><net_src comp="1802" pin="2"/><net_sink comp="1990" pin=0"/></net>

<net id="1996"><net_src comp="1985" pin="2"/><net_sink comp="1990" pin=1"/></net>

<net id="1997"><net_src comp="1021" pin="6"/><net_sink comp="1990" pin=2"/></net>

<net id="2003"><net_src comp="1807" pin="2"/><net_sink comp="1998" pin=0"/></net>

<net id="2004"><net_src comp="1985" pin="2"/><net_sink comp="1998" pin=1"/></net>

<net id="2005"><net_src comp="1007" pin="6"/><net_sink comp="1998" pin=2"/></net>

<net id="2011"><net_src comp="1812" pin="2"/><net_sink comp="2006" pin=0"/></net>

<net id="2012"><net_src comp="1985" pin="2"/><net_sink comp="2006" pin=1"/></net>

<net id="2013"><net_src comp="993" pin="6"/><net_sink comp="2006" pin=2"/></net>

<net id="2022"><net_src comp="140" pin="0"/><net_sink comp="2014" pin=0"/></net>

<net id="2023"><net_src comp="1035" pin="6"/><net_sink comp="2014" pin=1"/></net>

<net id="2024"><net_src comp="1050" pin="6"/><net_sink comp="2014" pin=2"/></net>

<net id="2025"><net_src comp="1064" pin="6"/><net_sink comp="2014" pin=3"/></net>

<net id="2026"><net_src comp="1078" pin="6"/><net_sink comp="2014" pin=4"/></net>

<net id="2030"><net_src comp="2014" pin="6"/><net_sink comp="2027" pin=0"/></net>

<net id="2035"><net_src comp="142" pin="0"/><net_sink comp="2031" pin=0"/></net>

<net id="2036"><net_src comp="2027" pin="1"/><net_sink comp="2031" pin=1"/></net>

<net id="2041"><net_src comp="1812" pin="2"/><net_sink comp="2037" pin=0"/></net>

<net id="2042"><net_src comp="1802" pin="2"/><net_sink comp="2037" pin=1"/></net>

<net id="2047"><net_src comp="2014" pin="6"/><net_sink comp="2043" pin=1"/></net>

<net id="2053"><net_src comp="1802" pin="2"/><net_sink comp="2048" pin=0"/></net>

<net id="2054"><net_src comp="2043" pin="2"/><net_sink comp="2048" pin=1"/></net>

<net id="2055"><net_src comp="1078" pin="6"/><net_sink comp="2048" pin=2"/></net>

<net id="2061"><net_src comp="1807" pin="2"/><net_sink comp="2056" pin=0"/></net>

<net id="2062"><net_src comp="2043" pin="2"/><net_sink comp="2056" pin=1"/></net>

<net id="2063"><net_src comp="1064" pin="6"/><net_sink comp="2056" pin=2"/></net>

<net id="2069"><net_src comp="1812" pin="2"/><net_sink comp="2064" pin=0"/></net>

<net id="2070"><net_src comp="2043" pin="2"/><net_sink comp="2064" pin=1"/></net>

<net id="2071"><net_src comp="1050" pin="6"/><net_sink comp="2064" pin=2"/></net>

<net id="2076"><net_src comp="2037" pin="2"/><net_sink comp="2072" pin=0"/></net>

<net id="2077"><net_src comp="1807" pin="2"/><net_sink comp="2072" pin=1"/></net>

<net id="2086"><net_src comp="140" pin="0"/><net_sink comp="2078" pin=0"/></net>

<net id="2087"><net_src comp="1092" pin="6"/><net_sink comp="2078" pin=1"/></net>

<net id="2088"><net_src comp="1107" pin="6"/><net_sink comp="2078" pin=2"/></net>

<net id="2089"><net_src comp="1121" pin="6"/><net_sink comp="2078" pin=3"/></net>

<net id="2090"><net_src comp="1135" pin="6"/><net_sink comp="2078" pin=4"/></net>

<net id="2094"><net_src comp="2078" pin="6"/><net_sink comp="2091" pin=0"/></net>

<net id="2099"><net_src comp="142" pin="0"/><net_sink comp="2095" pin=0"/></net>

<net id="2100"><net_src comp="2091" pin="1"/><net_sink comp="2095" pin=1"/></net>

<net id="2105"><net_src comp="2078" pin="6"/><net_sink comp="2101" pin=1"/></net>

<net id="2111"><net_src comp="1802" pin="2"/><net_sink comp="2106" pin=0"/></net>

<net id="2112"><net_src comp="2101" pin="2"/><net_sink comp="2106" pin=1"/></net>

<net id="2113"><net_src comp="1135" pin="6"/><net_sink comp="2106" pin=2"/></net>

<net id="2119"><net_src comp="1807" pin="2"/><net_sink comp="2114" pin=0"/></net>

<net id="2120"><net_src comp="2101" pin="2"/><net_sink comp="2114" pin=1"/></net>

<net id="2121"><net_src comp="1121" pin="6"/><net_sink comp="2114" pin=2"/></net>

<net id="2127"><net_src comp="1812" pin="2"/><net_sink comp="2122" pin=0"/></net>

<net id="2128"><net_src comp="2101" pin="2"/><net_sink comp="2122" pin=1"/></net>

<net id="2129"><net_src comp="1107" pin="6"/><net_sink comp="2122" pin=2"/></net>

<net id="2138"><net_src comp="140" pin="0"/><net_sink comp="2130" pin=0"/></net>

<net id="2139"><net_src comp="1149" pin="6"/><net_sink comp="2130" pin=1"/></net>

<net id="2140"><net_src comp="1164" pin="6"/><net_sink comp="2130" pin=2"/></net>

<net id="2141"><net_src comp="1178" pin="6"/><net_sink comp="2130" pin=3"/></net>

<net id="2142"><net_src comp="1192" pin="6"/><net_sink comp="2130" pin=4"/></net>

<net id="2146"><net_src comp="2130" pin="6"/><net_sink comp="2143" pin=0"/></net>

<net id="2151"><net_src comp="142" pin="0"/><net_sink comp="2147" pin=0"/></net>

<net id="2152"><net_src comp="2143" pin="1"/><net_sink comp="2147" pin=1"/></net>

<net id="2157"><net_src comp="2130" pin="6"/><net_sink comp="2153" pin=1"/></net>

<net id="2163"><net_src comp="1802" pin="2"/><net_sink comp="2158" pin=0"/></net>

<net id="2164"><net_src comp="2153" pin="2"/><net_sink comp="2158" pin=1"/></net>

<net id="2165"><net_src comp="1192" pin="6"/><net_sink comp="2158" pin=2"/></net>

<net id="2171"><net_src comp="1807" pin="2"/><net_sink comp="2166" pin=0"/></net>

<net id="2172"><net_src comp="2153" pin="2"/><net_sink comp="2166" pin=1"/></net>

<net id="2173"><net_src comp="1178" pin="6"/><net_sink comp="2166" pin=2"/></net>

<net id="2179"><net_src comp="1812" pin="2"/><net_sink comp="2174" pin=0"/></net>

<net id="2180"><net_src comp="2153" pin="2"/><net_sink comp="2174" pin=1"/></net>

<net id="2181"><net_src comp="1164" pin="6"/><net_sink comp="2174" pin=2"/></net>

<net id="2190"><net_src comp="140" pin="0"/><net_sink comp="2182" pin=0"/></net>

<net id="2191"><net_src comp="1206" pin="6"/><net_sink comp="2182" pin=1"/></net>

<net id="2192"><net_src comp="1221" pin="6"/><net_sink comp="2182" pin=2"/></net>

<net id="2193"><net_src comp="1235" pin="6"/><net_sink comp="2182" pin=3"/></net>

<net id="2194"><net_src comp="1249" pin="6"/><net_sink comp="2182" pin=4"/></net>

<net id="2198"><net_src comp="2182" pin="6"/><net_sink comp="2195" pin=0"/></net>

<net id="2203"><net_src comp="142" pin="0"/><net_sink comp="2199" pin=0"/></net>

<net id="2204"><net_src comp="2195" pin="1"/><net_sink comp="2199" pin=1"/></net>

<net id="2209"><net_src comp="2182" pin="6"/><net_sink comp="2205" pin=1"/></net>

<net id="2215"><net_src comp="1802" pin="2"/><net_sink comp="2210" pin=0"/></net>

<net id="2216"><net_src comp="2205" pin="2"/><net_sink comp="2210" pin=1"/></net>

<net id="2217"><net_src comp="1249" pin="6"/><net_sink comp="2210" pin=2"/></net>

<net id="2223"><net_src comp="1807" pin="2"/><net_sink comp="2218" pin=0"/></net>

<net id="2224"><net_src comp="2205" pin="2"/><net_sink comp="2218" pin=1"/></net>

<net id="2225"><net_src comp="1235" pin="6"/><net_sink comp="2218" pin=2"/></net>

<net id="2231"><net_src comp="1812" pin="2"/><net_sink comp="2226" pin=0"/></net>

<net id="2232"><net_src comp="2205" pin="2"/><net_sink comp="2226" pin=1"/></net>

<net id="2233"><net_src comp="1221" pin="6"/><net_sink comp="2226" pin=2"/></net>

<net id="2241"><net_src comp="2234" pin="1"/><net_sink comp="2237" pin=0"/></net>

<net id="2246"><net_src comp="2237" pin="2"/><net_sink comp="2242" pin=1"/></net>

<net id="2251"><net_src comp="2242" pin="2"/><net_sink comp="2247" pin=1"/></net>

<net id="2257"><net_src comp="2247" pin="2"/><net_sink comp="2252" pin=0"/></net>

<net id="2258"><net_src comp="803" pin="1"/><net_sink comp="2252" pin=1"/></net>

<net id="2259"><net_src comp="136" pin="0"/><net_sink comp="2252" pin=2"/></net>

<net id="2265"><net_src comp="2252" pin="3"/><net_sink comp="2260" pin=1"/></net>

<net id="2273"><net_src comp="2266" pin="1"/><net_sink comp="2269" pin=0"/></net>

<net id="2278"><net_src comp="2269" pin="2"/><net_sink comp="2274" pin=1"/></net>

<net id="2283"><net_src comp="2274" pin="2"/><net_sink comp="2279" pin=1"/></net>

<net id="2289"><net_src comp="2279" pin="2"/><net_sink comp="2284" pin=0"/></net>

<net id="2290"><net_src comp="860" pin="1"/><net_sink comp="2284" pin=1"/></net>

<net id="2291"><net_src comp="136" pin="0"/><net_sink comp="2284" pin=2"/></net>

<net id="2297"><net_src comp="2284" pin="3"/><net_sink comp="2292" pin=1"/></net>

<net id="2305"><net_src comp="2298" pin="1"/><net_sink comp="2301" pin=0"/></net>

<net id="2310"><net_src comp="2301" pin="2"/><net_sink comp="2306" pin=1"/></net>

<net id="2315"><net_src comp="2306" pin="2"/><net_sink comp="2311" pin=1"/></net>

<net id="2321"><net_src comp="2311" pin="2"/><net_sink comp="2316" pin=0"/></net>

<net id="2322"><net_src comp="917" pin="1"/><net_sink comp="2316" pin=1"/></net>

<net id="2323"><net_src comp="136" pin="0"/><net_sink comp="2316" pin=2"/></net>

<net id="2329"><net_src comp="2316" pin="3"/><net_sink comp="2324" pin=1"/></net>

<net id="2337"><net_src comp="2330" pin="1"/><net_sink comp="2333" pin=0"/></net>

<net id="2342"><net_src comp="2333" pin="2"/><net_sink comp="2338" pin=1"/></net>

<net id="2347"><net_src comp="2338" pin="2"/><net_sink comp="2343" pin=1"/></net>

<net id="2353"><net_src comp="2343" pin="2"/><net_sink comp="2348" pin=0"/></net>

<net id="2354"><net_src comp="974" pin="1"/><net_sink comp="2348" pin=1"/></net>

<net id="2355"><net_src comp="136" pin="0"/><net_sink comp="2348" pin=2"/></net>

<net id="2361"><net_src comp="2348" pin="3"/><net_sink comp="2356" pin=1"/></net>

<net id="2369"><net_src comp="2362" pin="1"/><net_sink comp="2365" pin=0"/></net>

<net id="2374"><net_src comp="2365" pin="2"/><net_sink comp="2370" pin=1"/></net>

<net id="2379"><net_src comp="2370" pin="2"/><net_sink comp="2375" pin=1"/></net>

<net id="2385"><net_src comp="2375" pin="2"/><net_sink comp="2380" pin=0"/></net>

<net id="2386"><net_src comp="1031" pin="1"/><net_sink comp="2380" pin=1"/></net>

<net id="2387"><net_src comp="136" pin="0"/><net_sink comp="2380" pin=2"/></net>

<net id="2393"><net_src comp="2380" pin="3"/><net_sink comp="2388" pin=1"/></net>

<net id="2401"><net_src comp="2394" pin="1"/><net_sink comp="2397" pin=0"/></net>

<net id="2406"><net_src comp="2397" pin="2"/><net_sink comp="2402" pin=1"/></net>

<net id="2411"><net_src comp="2402" pin="2"/><net_sink comp="2407" pin=1"/></net>

<net id="2417"><net_src comp="2407" pin="2"/><net_sink comp="2412" pin=0"/></net>

<net id="2418"><net_src comp="1088" pin="1"/><net_sink comp="2412" pin=1"/></net>

<net id="2419"><net_src comp="136" pin="0"/><net_sink comp="2412" pin=2"/></net>

<net id="2425"><net_src comp="2412" pin="3"/><net_sink comp="2420" pin=1"/></net>

<net id="2433"><net_src comp="2426" pin="1"/><net_sink comp="2429" pin=0"/></net>

<net id="2438"><net_src comp="2429" pin="2"/><net_sink comp="2434" pin=1"/></net>

<net id="2443"><net_src comp="2434" pin="2"/><net_sink comp="2439" pin=1"/></net>

<net id="2449"><net_src comp="2439" pin="2"/><net_sink comp="2444" pin=0"/></net>

<net id="2450"><net_src comp="1145" pin="1"/><net_sink comp="2444" pin=1"/></net>

<net id="2451"><net_src comp="136" pin="0"/><net_sink comp="2444" pin=2"/></net>

<net id="2457"><net_src comp="2444" pin="3"/><net_sink comp="2452" pin=1"/></net>

<net id="2465"><net_src comp="2458" pin="1"/><net_sink comp="2461" pin=0"/></net>

<net id="2470"><net_src comp="2461" pin="2"/><net_sink comp="2466" pin=1"/></net>

<net id="2475"><net_src comp="2466" pin="2"/><net_sink comp="2471" pin=1"/></net>

<net id="2481"><net_src comp="2471" pin="2"/><net_sink comp="2476" pin=0"/></net>

<net id="2482"><net_src comp="1202" pin="1"/><net_sink comp="2476" pin=1"/></net>

<net id="2483"><net_src comp="136" pin="0"/><net_sink comp="2476" pin=2"/></net>

<net id="2489"><net_src comp="2476" pin="3"/><net_sink comp="2484" pin=1"/></net>

<net id="2525"><net_src comp="164" pin="0"/><net_sink comp="2490" pin=0"/></net>

<net id="2526"><net_src comp="2484" pin="3"/><net_sink comp="2490" pin=4"/></net>

<net id="2527"><net_src comp="2452" pin="3"/><net_sink comp="2490" pin=8"/></net>

<net id="2528"><net_src comp="2420" pin="3"/><net_sink comp="2490" pin=12"/></net>

<net id="2529"><net_src comp="2388" pin="3"/><net_sink comp="2490" pin=16"/></net>

<net id="2530"><net_src comp="2356" pin="3"/><net_sink comp="2490" pin=20"/></net>

<net id="2531"><net_src comp="2324" pin="3"/><net_sink comp="2490" pin=24"/></net>

<net id="2532"><net_src comp="2292" pin="3"/><net_sink comp="2490" pin=28"/></net>

<net id="2533"><net_src comp="2260" pin="3"/><net_sink comp="2490" pin=32"/></net>

<net id="2534"><net_src comp="2490" pin="33"/><net_sink comp="174" pin=2"/></net>

<net id="2540"><net_src comp="181" pin="3"/><net_sink comp="2537" pin=0"/></net>

<net id="2541"><net_src comp="2537" pin="1"/><net_sink comp="188" pin=0"/></net>

<net id="2545"><net_src comp="194" pin="3"/><net_sink comp="2542" pin=0"/></net>

<net id="2546"><net_src comp="2542" pin="1"/><net_sink comp="201" pin=18"/></net>

<net id="2550"><net_src comp="235" pin="3"/><net_sink comp="2547" pin=0"/></net>

<net id="2551"><net_src comp="2547" pin="1"/><net_sink comp="201" pin=16"/></net>

<net id="2555"><net_src comp="243" pin="3"/><net_sink comp="2552" pin=0"/></net>

<net id="2556"><net_src comp="2552" pin="1"/><net_sink comp="201" pin=13"/></net>

<net id="2560"><net_src comp="251" pin="3"/><net_sink comp="2557" pin=0"/></net>

<net id="2561"><net_src comp="2557" pin="1"/><net_sink comp="201" pin=10"/></net>

<net id="2565"><net_src comp="259" pin="3"/><net_sink comp="2562" pin=0"/></net>

<net id="2566"><net_src comp="2562" pin="1"/><net_sink comp="201" pin=8"/></net>

<net id="2570"><net_src comp="267" pin="3"/><net_sink comp="2567" pin=0"/></net>

<net id="2571"><net_src comp="2567" pin="1"/><net_sink comp="201" pin=5"/></net>

<net id="2575"><net_src comp="275" pin="3"/><net_sink comp="2572" pin=0"/></net>

<net id="2576"><net_src comp="2572" pin="1"/><net_sink comp="201" pin=2"/></net>

<net id="2580"><net_src comp="283" pin="3"/><net_sink comp="2577" pin=0"/></net>

<net id="2581"><net_src comp="2577" pin="1"/><net_sink comp="201" pin=0"/></net>

<net id="2585"><net_src comp="1550" pin="2"/><net_sink comp="2582" pin=0"/></net>

<net id="2586"><net_src comp="2582" pin="1"/><net_sink comp="563" pin=2"/></net>

<net id="2590"><net_src comp="1556" pin="2"/><net_sink comp="2587" pin=0"/></net>

<net id="2594"><net_src comp="188" pin="3"/><net_sink comp="2591" pin=0"/></net>

<net id="2595"><net_src comp="2591" pin="1"/><net_sink comp="1779" pin=5"/></net>

<net id="2596"><net_src comp="2591" pin="1"/><net_sink comp="1802" pin=0"/></net>

<net id="2597"><net_src comp="2591" pin="1"/><net_sink comp="1807" pin=0"/></net>

<net id="2598"><net_src comp="2591" pin="1"/><net_sink comp="1812" pin=0"/></net>

<net id="2599"><net_src comp="2591" pin="1"/><net_sink comp="1858" pin=5"/></net>

<net id="2600"><net_src comp="2591" pin="1"/><net_sink comp="1910" pin=5"/></net>

<net id="2601"><net_src comp="2591" pin="1"/><net_sink comp="1962" pin=5"/></net>

<net id="2602"><net_src comp="2591" pin="1"/><net_sink comp="2014" pin=5"/></net>

<net id="2603"><net_src comp="2591" pin="1"/><net_sink comp="2078" pin=5"/></net>

<net id="2604"><net_src comp="2591" pin="1"/><net_sink comp="2130" pin=5"/></net>

<net id="2605"><net_src comp="2591" pin="1"/><net_sink comp="2182" pin=5"/></net>

<net id="2609"><net_src comp="1562" pin="20"/><net_sink comp="2606" pin=0"/></net>

<net id="2610"><net_src comp="2606" pin="1"/><net_sink comp="1627" pin=0"/></net>

<net id="2614"><net_src comp="201" pin="31"/><net_sink comp="2611" pin=0"/></net>

<net id="2615"><net_src comp="2611" pin="1"/><net_sink comp="1624" pin=0"/></net>

<net id="2619"><net_src comp="201" pin="27"/><net_sink comp="2616" pin=0"/></net>

<net id="2620"><net_src comp="2616" pin="1"/><net_sink comp="1646" pin=0"/></net>

<net id="2624"><net_src comp="201" pin="23"/><net_sink comp="2621" pin=0"/></net>

<net id="2625"><net_src comp="2621" pin="1"/><net_sink comp="1665" pin=0"/></net>

<net id="2629"><net_src comp="201" pin="19"/><net_sink comp="2626" pin=0"/></net>

<net id="2630"><net_src comp="2626" pin="1"/><net_sink comp="1684" pin=0"/></net>

<net id="2634"><net_src comp="201" pin="15"/><net_sink comp="2631" pin=0"/></net>

<net id="2635"><net_src comp="2631" pin="1"/><net_sink comp="1703" pin=0"/></net>

<net id="2639"><net_src comp="201" pin="11"/><net_sink comp="2636" pin=0"/></net>

<net id="2640"><net_src comp="2636" pin="1"/><net_sink comp="1722" pin=0"/></net>

<net id="2644"><net_src comp="201" pin="7"/><net_sink comp="2641" pin=0"/></net>

<net id="2645"><net_src comp="2641" pin="1"/><net_sink comp="1741" pin=0"/></net>

<net id="2649"><net_src comp="201" pin="3"/><net_sink comp="2646" pin=0"/></net>

<net id="2650"><net_src comp="2646" pin="1"/><net_sink comp="1760" pin=0"/></net>

<net id="2654"><net_src comp="1616" pin="3"/><net_sink comp="2651" pin=0"/></net>

<net id="2655"><net_src comp="2651" pin="1"/><net_sink comp="793" pin=2"/></net>

<net id="2659"><net_src comp="1636" pin="4"/><net_sink comp="2656" pin=0"/></net>

<net id="2660"><net_src comp="2656" pin="1"/><net_sink comp="1823" pin=0"/></net>

<net id="2661"><net_src comp="2656" pin="1"/><net_sink comp="2234" pin=0"/></net>

<net id="2665"><net_src comp="1655" pin="4"/><net_sink comp="2662" pin=0"/></net>

<net id="2666"><net_src comp="2662" pin="1"/><net_sink comp="1881" pin=0"/></net>

<net id="2667"><net_src comp="2662" pin="1"/><net_sink comp="2266" pin=0"/></net>

<net id="2671"><net_src comp="1674" pin="4"/><net_sink comp="2668" pin=0"/></net>

<net id="2672"><net_src comp="2668" pin="1"/><net_sink comp="1933" pin=0"/></net>

<net id="2673"><net_src comp="2668" pin="1"/><net_sink comp="2298" pin=0"/></net>

<net id="2677"><net_src comp="1693" pin="4"/><net_sink comp="2674" pin=0"/></net>

<net id="2678"><net_src comp="2674" pin="1"/><net_sink comp="1985" pin=0"/></net>

<net id="2679"><net_src comp="2674" pin="1"/><net_sink comp="2330" pin=0"/></net>

<net id="2683"><net_src comp="1712" pin="4"/><net_sink comp="2680" pin=0"/></net>

<net id="2684"><net_src comp="2680" pin="1"/><net_sink comp="2043" pin=0"/></net>

<net id="2685"><net_src comp="2680" pin="1"/><net_sink comp="2362" pin=0"/></net>

<net id="2689"><net_src comp="1731" pin="4"/><net_sink comp="2686" pin=0"/></net>

<net id="2690"><net_src comp="2686" pin="1"/><net_sink comp="2101" pin=0"/></net>

<net id="2691"><net_src comp="2686" pin="1"/><net_sink comp="2394" pin=0"/></net>

<net id="2695"><net_src comp="1750" pin="4"/><net_sink comp="2692" pin=0"/></net>

<net id="2696"><net_src comp="2692" pin="1"/><net_sink comp="2153" pin=0"/></net>

<net id="2697"><net_src comp="2692" pin="1"/><net_sink comp="2426" pin=0"/></net>

<net id="2701"><net_src comp="1769" pin="4"/><net_sink comp="2698" pin=0"/></net>

<net id="2702"><net_src comp="2698" pin="1"/><net_sink comp="2205" pin=0"/></net>

<net id="2703"><net_src comp="2698" pin="1"/><net_sink comp="2458" pin=0"/></net>

<net id="2707"><net_src comp="1796" pin="2"/><net_sink comp="2704" pin=0"/></net>

<net id="2708"><net_src comp="2704" pin="1"/><net_sink comp="2237" pin=1"/></net>

<net id="2712"><net_src comp="1802" pin="2"/><net_sink comp="2709" pin=0"/></net>

<net id="2713"><net_src comp="2709" pin="1"/><net_sink comp="2242" pin=0"/></net>

<net id="2714"><net_src comp="2709" pin="1"/><net_sink comp="2274" pin=0"/></net>

<net id="2715"><net_src comp="2709" pin="1"/><net_sink comp="2306" pin=0"/></net>

<net id="2716"><net_src comp="2709" pin="1"/><net_sink comp="2338" pin=0"/></net>

<net id="2720"><net_src comp="1807" pin="2"/><net_sink comp="2717" pin=0"/></net>

<net id="2721"><net_src comp="2717" pin="1"/><net_sink comp="2370" pin=0"/></net>

<net id="2722"><net_src comp="2717" pin="1"/><net_sink comp="2402" pin=0"/></net>

<net id="2723"><net_src comp="2717" pin="1"/><net_sink comp="2434" pin=0"/></net>

<net id="2724"><net_src comp="2717" pin="1"/><net_sink comp="2466" pin=0"/></net>

<net id="2728"><net_src comp="1817" pin="2"/><net_sink comp="2725" pin=0"/></net>

<net id="2729"><net_src comp="2725" pin="1"/><net_sink comp="2247" pin=0"/></net>

<net id="2730"><net_src comp="2725" pin="1"/><net_sink comp="2279" pin=0"/></net>

<net id="2731"><net_src comp="2725" pin="1"/><net_sink comp="2311" pin=0"/></net>

<net id="2732"><net_src comp="2725" pin="1"/><net_sink comp="2343" pin=0"/></net>

<net id="2736"><net_src comp="1823" pin="2"/><net_sink comp="2733" pin=0"/></net>

<net id="2737"><net_src comp="2733" pin="1"/><net_sink comp="2260" pin=2"/></net>

<net id="2741"><net_src comp="1828" pin="3"/><net_sink comp="2738" pin=0"/></net>

<net id="2742"><net_src comp="2738" pin="1"/><net_sink comp="850" pin=2"/></net>

<net id="2743"><net_src comp="2738" pin="1"/><net_sink comp="2490" pin=29"/></net>

<net id="2747"><net_src comp="1836" pin="3"/><net_sink comp="2744" pin=0"/></net>

<net id="2748"><net_src comp="2744" pin="1"/><net_sink comp="836" pin=2"/></net>

<net id="2749"><net_src comp="2744" pin="1"/><net_sink comp="2490" pin=30"/></net>

<net id="2753"><net_src comp="1844" pin="3"/><net_sink comp="2750" pin=0"/></net>

<net id="2754"><net_src comp="2750" pin="1"/><net_sink comp="822" pin=2"/></net>

<net id="2755"><net_src comp="2750" pin="1"/><net_sink comp="2490" pin=31"/></net>

<net id="2759"><net_src comp="1852" pin="2"/><net_sink comp="2756" pin=0"/></net>

<net id="2760"><net_src comp="2756" pin="1"/><net_sink comp="2260" pin=0"/></net>

<net id="2761"><net_src comp="2756" pin="1"/><net_sink comp="2292" pin=0"/></net>

<net id="2762"><net_src comp="2756" pin="1"/><net_sink comp="2324" pin=0"/></net>

<net id="2763"><net_src comp="2756" pin="1"/><net_sink comp="2356" pin=0"/></net>

<net id="2767"><net_src comp="1875" pin="2"/><net_sink comp="2764" pin=0"/></net>

<net id="2768"><net_src comp="2764" pin="1"/><net_sink comp="2269" pin=1"/></net>

<net id="2772"><net_src comp="1881" pin="2"/><net_sink comp="2769" pin=0"/></net>

<net id="2773"><net_src comp="2769" pin="1"/><net_sink comp="2292" pin=2"/></net>

<net id="2777"><net_src comp="1886" pin="3"/><net_sink comp="2774" pin=0"/></net>

<net id="2778"><net_src comp="2774" pin="1"/><net_sink comp="907" pin=2"/></net>

<net id="2779"><net_src comp="2774" pin="1"/><net_sink comp="2490" pin=25"/></net>

<net id="2783"><net_src comp="1894" pin="3"/><net_sink comp="2780" pin=0"/></net>

<net id="2784"><net_src comp="2780" pin="1"/><net_sink comp="893" pin=2"/></net>

<net id="2785"><net_src comp="2780" pin="1"/><net_sink comp="2490" pin=26"/></net>

<net id="2789"><net_src comp="1902" pin="3"/><net_sink comp="2786" pin=0"/></net>

<net id="2790"><net_src comp="2786" pin="1"/><net_sink comp="879" pin=2"/></net>

<net id="2791"><net_src comp="2786" pin="1"/><net_sink comp="2490" pin=27"/></net>

<net id="2795"><net_src comp="1927" pin="2"/><net_sink comp="2792" pin=0"/></net>

<net id="2796"><net_src comp="2792" pin="1"/><net_sink comp="2301" pin=1"/></net>

<net id="2800"><net_src comp="1933" pin="2"/><net_sink comp="2797" pin=0"/></net>

<net id="2801"><net_src comp="2797" pin="1"/><net_sink comp="2324" pin=2"/></net>

<net id="2805"><net_src comp="1938" pin="3"/><net_sink comp="2802" pin=0"/></net>

<net id="2806"><net_src comp="2802" pin="1"/><net_sink comp="964" pin=2"/></net>

<net id="2807"><net_src comp="2802" pin="1"/><net_sink comp="2490" pin=21"/></net>

<net id="2811"><net_src comp="1946" pin="3"/><net_sink comp="2808" pin=0"/></net>

<net id="2812"><net_src comp="2808" pin="1"/><net_sink comp="950" pin=2"/></net>

<net id="2813"><net_src comp="2808" pin="1"/><net_sink comp="2490" pin=22"/></net>

<net id="2817"><net_src comp="1954" pin="3"/><net_sink comp="2814" pin=0"/></net>

<net id="2818"><net_src comp="2814" pin="1"/><net_sink comp="936" pin=2"/></net>

<net id="2819"><net_src comp="2814" pin="1"/><net_sink comp="2490" pin=23"/></net>

<net id="2823"><net_src comp="1979" pin="2"/><net_sink comp="2820" pin=0"/></net>

<net id="2824"><net_src comp="2820" pin="1"/><net_sink comp="2333" pin=1"/></net>

<net id="2828"><net_src comp="1985" pin="2"/><net_sink comp="2825" pin=0"/></net>

<net id="2829"><net_src comp="2825" pin="1"/><net_sink comp="2356" pin=2"/></net>

<net id="2833"><net_src comp="1990" pin="3"/><net_sink comp="2830" pin=0"/></net>

<net id="2834"><net_src comp="2830" pin="1"/><net_sink comp="1021" pin=2"/></net>

<net id="2835"><net_src comp="2830" pin="1"/><net_sink comp="2490" pin=17"/></net>

<net id="2839"><net_src comp="1998" pin="3"/><net_sink comp="2836" pin=0"/></net>

<net id="2840"><net_src comp="2836" pin="1"/><net_sink comp="1007" pin=2"/></net>

<net id="2841"><net_src comp="2836" pin="1"/><net_sink comp="2490" pin=18"/></net>

<net id="2845"><net_src comp="2006" pin="3"/><net_sink comp="2842" pin=0"/></net>

<net id="2846"><net_src comp="2842" pin="1"/><net_sink comp="993" pin=2"/></net>

<net id="2847"><net_src comp="2842" pin="1"/><net_sink comp="2490" pin=19"/></net>

<net id="2851"><net_src comp="2031" pin="2"/><net_sink comp="2848" pin=0"/></net>

<net id="2852"><net_src comp="2848" pin="1"/><net_sink comp="2365" pin=1"/></net>

<net id="2856"><net_src comp="2037" pin="2"/><net_sink comp="2853" pin=0"/></net>

<net id="2857"><net_src comp="2853" pin="1"/><net_sink comp="2375" pin=0"/></net>

<net id="2858"><net_src comp="2853" pin="1"/><net_sink comp="2407" pin=0"/></net>

<net id="2859"><net_src comp="2853" pin="1"/><net_sink comp="2439" pin=0"/></net>

<net id="2860"><net_src comp="2853" pin="1"/><net_sink comp="2471" pin=0"/></net>

<net id="2864"><net_src comp="2043" pin="2"/><net_sink comp="2861" pin=0"/></net>

<net id="2865"><net_src comp="2861" pin="1"/><net_sink comp="2388" pin=2"/></net>

<net id="2869"><net_src comp="2048" pin="3"/><net_sink comp="2866" pin=0"/></net>

<net id="2870"><net_src comp="2866" pin="1"/><net_sink comp="1078" pin=2"/></net>

<net id="2871"><net_src comp="2866" pin="1"/><net_sink comp="2490" pin=13"/></net>

<net id="2875"><net_src comp="2056" pin="3"/><net_sink comp="2872" pin=0"/></net>

<net id="2876"><net_src comp="2872" pin="1"/><net_sink comp="1064" pin=2"/></net>

<net id="2877"><net_src comp="2872" pin="1"/><net_sink comp="2490" pin=14"/></net>

<net id="2881"><net_src comp="2064" pin="3"/><net_sink comp="2878" pin=0"/></net>

<net id="2882"><net_src comp="2878" pin="1"/><net_sink comp="1050" pin=2"/></net>

<net id="2883"><net_src comp="2878" pin="1"/><net_sink comp="2490" pin=15"/></net>

<net id="2887"><net_src comp="2072" pin="2"/><net_sink comp="2884" pin=0"/></net>

<net id="2888"><net_src comp="2884" pin="1"/><net_sink comp="2388" pin=0"/></net>

<net id="2889"><net_src comp="2884" pin="1"/><net_sink comp="2420" pin=0"/></net>

<net id="2890"><net_src comp="2884" pin="1"/><net_sink comp="2452" pin=0"/></net>

<net id="2891"><net_src comp="2884" pin="1"/><net_sink comp="2484" pin=0"/></net>

<net id="2895"><net_src comp="2095" pin="2"/><net_sink comp="2892" pin=0"/></net>

<net id="2896"><net_src comp="2892" pin="1"/><net_sink comp="2397" pin=1"/></net>

<net id="2900"><net_src comp="2101" pin="2"/><net_sink comp="2897" pin=0"/></net>

<net id="2901"><net_src comp="2897" pin="1"/><net_sink comp="2420" pin=2"/></net>

<net id="2905"><net_src comp="2106" pin="3"/><net_sink comp="2902" pin=0"/></net>

<net id="2906"><net_src comp="2902" pin="1"/><net_sink comp="1135" pin=2"/></net>

<net id="2907"><net_src comp="2902" pin="1"/><net_sink comp="2490" pin=9"/></net>

<net id="2911"><net_src comp="2114" pin="3"/><net_sink comp="2908" pin=0"/></net>

<net id="2912"><net_src comp="2908" pin="1"/><net_sink comp="1121" pin=2"/></net>

<net id="2913"><net_src comp="2908" pin="1"/><net_sink comp="2490" pin=10"/></net>

<net id="2917"><net_src comp="2122" pin="3"/><net_sink comp="2914" pin=0"/></net>

<net id="2918"><net_src comp="2914" pin="1"/><net_sink comp="1107" pin=2"/></net>

<net id="2919"><net_src comp="2914" pin="1"/><net_sink comp="2490" pin=11"/></net>

<net id="2923"><net_src comp="2147" pin="2"/><net_sink comp="2920" pin=0"/></net>

<net id="2924"><net_src comp="2920" pin="1"/><net_sink comp="2429" pin=1"/></net>

<net id="2928"><net_src comp="2153" pin="2"/><net_sink comp="2925" pin=0"/></net>

<net id="2929"><net_src comp="2925" pin="1"/><net_sink comp="2452" pin=2"/></net>

<net id="2933"><net_src comp="2158" pin="3"/><net_sink comp="2930" pin=0"/></net>

<net id="2934"><net_src comp="2930" pin="1"/><net_sink comp="1192" pin=2"/></net>

<net id="2935"><net_src comp="2930" pin="1"/><net_sink comp="2490" pin=5"/></net>

<net id="2939"><net_src comp="2166" pin="3"/><net_sink comp="2936" pin=0"/></net>

<net id="2940"><net_src comp="2936" pin="1"/><net_sink comp="1178" pin=2"/></net>

<net id="2941"><net_src comp="2936" pin="1"/><net_sink comp="2490" pin=6"/></net>

<net id="2945"><net_src comp="2174" pin="3"/><net_sink comp="2942" pin=0"/></net>

<net id="2946"><net_src comp="2942" pin="1"/><net_sink comp="1164" pin=2"/></net>

<net id="2947"><net_src comp="2942" pin="1"/><net_sink comp="2490" pin=7"/></net>

<net id="2951"><net_src comp="2199" pin="2"/><net_sink comp="2948" pin=0"/></net>

<net id="2952"><net_src comp="2948" pin="1"/><net_sink comp="2461" pin=1"/></net>

<net id="2956"><net_src comp="2205" pin="2"/><net_sink comp="2953" pin=0"/></net>

<net id="2957"><net_src comp="2953" pin="1"/><net_sink comp="2484" pin=2"/></net>

<net id="2961"><net_src comp="2210" pin="3"/><net_sink comp="2958" pin=0"/></net>

<net id="2962"><net_src comp="2958" pin="1"/><net_sink comp="1249" pin=2"/></net>

<net id="2963"><net_src comp="2958" pin="1"/><net_sink comp="2490" pin=1"/></net>

<net id="2967"><net_src comp="2218" pin="3"/><net_sink comp="2964" pin=0"/></net>

<net id="2968"><net_src comp="2964" pin="1"/><net_sink comp="1235" pin=2"/></net>

<net id="2969"><net_src comp="2964" pin="1"/><net_sink comp="2490" pin=2"/></net>

<net id="2973"><net_src comp="2226" pin="3"/><net_sink comp="2970" pin=0"/></net>

<net id="2974"><net_src comp="2970" pin="1"/><net_sink comp="1221" pin=2"/></net>

<net id="2975"><net_src comp="2970" pin="1"/><net_sink comp="2490" pin=3"/></net>

<net id="2979"><net_src comp="2260" pin="3"/><net_sink comp="2976" pin=0"/></net>

<net id="2980"><net_src comp="2976" pin="1"/><net_sink comp="807" pin=2"/></net>

<net id="2984"><net_src comp="2292" pin="3"/><net_sink comp="2981" pin=0"/></net>

<net id="2985"><net_src comp="2981" pin="1"/><net_sink comp="864" pin=2"/></net>

<net id="2989"><net_src comp="2324" pin="3"/><net_sink comp="2986" pin=0"/></net>

<net id="2990"><net_src comp="2986" pin="1"/><net_sink comp="921" pin=2"/></net>

<net id="2994"><net_src comp="2356" pin="3"/><net_sink comp="2991" pin=0"/></net>

<net id="2995"><net_src comp="2991" pin="1"/><net_sink comp="978" pin=2"/></net>

<net id="2999"><net_src comp="2388" pin="3"/><net_sink comp="2996" pin=0"/></net>

<net id="3000"><net_src comp="2996" pin="1"/><net_sink comp="1035" pin=2"/></net>

<net id="3004"><net_src comp="2420" pin="3"/><net_sink comp="3001" pin=0"/></net>

<net id="3005"><net_src comp="3001" pin="1"/><net_sink comp="1092" pin=2"/></net>

<net id="3009"><net_src comp="2452" pin="3"/><net_sink comp="3006" pin=0"/></net>

<net id="3010"><net_src comp="3006" pin="1"/><net_sink comp="1149" pin=2"/></net>

<net id="3014"><net_src comp="2484" pin="3"/><net_sink comp="3011" pin=0"/></net>

<net id="3015"><net_src comp="3011" pin="1"/><net_sink comp="1206" pin=2"/></net>

</net_list>

</model> 
---------------- Datapath Model END ------------------

* FSMD analyzer results:
  - Output states:
	Port: layer2_out | {6 }
 - Input state : 
	Port: dense<array<ap_fixed,18u>,array<ap_fixed<8,2,5,3,0>,32u>,config2> : internal_input | {2 }
	Port: dense<array<ap_fixed,18u>,array<ap_fixed<8,2,5,3,0>,32u>,config2> : outidx_1 | {2 3 }
	Port: dense<array<ap_fixed,18u>,array<ap_fixed<8,2,5,3,0>,32u>,config2> : w2_V | {2 3 }
  - Chain level:
	State 1
	State 2
		br_ln0 : 1
		data_V_42_phi : 1
		data_V_41_phi : 1
		data_V_40_phi : 1
		data_V_39_phi : 1
		data_V_38_phi : 1
		data_V_37_phi : 1
		data_V_36_phi : 1
		data_V_35_phi : 1
		data_V_34_phi : 1
		data_V_33_phi : 1
		data_V_32_phi : 1
		data_V_31_phi : 1
		data_V_30_phi : 1
		data_V_29_phi : 1
		data_V_43_phi : 1
		data_V_44_phi : 1
		data_V_45_phi : 1
		p_phi : 1
		zext_ln124 : 1
		zext_ln124_2 : 1
		zext_ln124_3 : 1
		zext_ln124_4 : 1
		outidx_1_addr : 2
		out_index : 3
		w2_V_addr : 2
		w_V : 3
		empty_52 : 2
		p_cast467 : 3
		w2_V_addr_1 : 4
		w_V_8 : 5
		empty_53 : 2
		p_cast468 : 3
		w2_V_addr_2 : 4
		w_V_9 : 5
		empty_54 : 2
		p_cast469 : 3
		w2_V_addr_3 : 4
		w_V_10 : 5
		empty_55 : 2
		p_cast470 : 3
		w2_V_addr_4 : 4
		w_V_11 : 5
		empty_56 : 2
		p_cast471 : 3
		w2_V_addr_5 : 4
		w_V_12 : 5
		empty_57 : 2
		p_cast472_cast_cast_cast_cast : 3
		p_cast472_cast_cast_cast_cast_cast : 4
		w2_V_addr_6 : 5
		w_V_13 : 6
		empty_58 : 2
		p_cast473 : 3
		w2_V_addr_7 : 4
		w_V_14 : 5
		ir : 1
		icmp_ln124 : 1
		br_ln124 : 2
	State 3
		a_V : 1
		in_index_2 : 1
		icmp_ln141 : 2
		in_index : 3
	State 4
		mul_ln1270 : 1
		rhs : 2
		mul_ln1270_10 : 1
		rhs_8 : 2
		mul_ln1270_11 : 1
		rhs_9 : 2
		mul_ln1270_12 : 1
		rhs_10 : 2
		mul_ln1270_13 : 1
		rhs_11 : 2
		mul_ln1270_14 : 1
		rhs_12 : 2
		mul_ln1270_15 : 1
		rhs_13 : 2
		mul_ln1270_16 : 1
		rhs_14 : 2
	State 5
		lhs : 1
		sext_ln813 : 2
		sub_ln1420 : 3
		or_ln808_1 : 1
		acc_V_87 : 2
		acc_V_104 : 3
		acc_V_103 : 3
		acc_V_102 : 3
		or_ln813 : 1
		lhs_8 : 1
		sext_ln813_18 : 2
		sub_ln1420_8 : 3
		acc_V_88 : 2
		acc_V_108 : 3
		acc_V_107 : 3
		acc_V_106 : 3
		lhs_9 : 1
		sext_ln813_20 : 2
		sub_ln1420_9 : 3
		acc_V_90 : 2
		acc_V_112 : 3
		acc_V_111 : 3
		acc_V_110 : 3
		lhs_10 : 1
		sext_ln813_22 : 2
		sub_ln1420_10 : 3
		acc_V_92 : 2
		acc_V_116 : 3
		acc_V_115 : 3
		acc_V_114 : 3
		lhs_11 : 1
		sext_ln813_24 : 2
		sub_ln1420_11 : 3
		or_ln808_10 : 1
		acc_V_94 : 2
		acc_V_120 : 3
		acc_V_119 : 3
		acc_V_118 : 3
		or_ln813_1 : 1
		lhs_12 : 1
		sext_ln813_26 : 2
		sub_ln1420_12 : 3
		acc_V_96 : 2
		acc_V_124 : 3
		acc_V_123 : 3
		acc_V_122 : 3
		lhs_13 : 1
		sext_ln813_28 : 2
		sub_ln1420_13 : 3
		acc_V_98 : 2
		acc_V_128 : 3
		acc_V_127 : 3
		acc_V_126 : 3
		lhs_14 : 1
		sext_ln813_30 : 2
		sub_ln1420_14 : 3
		acc_V_100 : 2
		acc_V_132 : 3
		acc_V_131 : 3
		acc_V_130 : 3
	State 6
		icmp_ln1420 : 1
		or_ln808 : 2
		or_ln808_2 : 2
		acc_V_86 : 2
		acc_V_101 : 3
		icmp_ln1420_8 : 1
		or_ln808_3 : 2
		or_ln808_4 : 2
		acc_V : 2
		acc_V_105 : 3
		icmp_ln1420_9 : 1
		or_ln808_5 : 2
		or_ln808_6 : 2
		acc_V_89 : 2
		acc_V_109 : 3
		icmp_ln1420_10 : 1
		or_ln808_7 : 2
		or_ln808_8 : 2
		acc_V_91 : 2
		acc_V_113 : 3
		icmp_ln1420_11 : 1
		or_ln808_9 : 2
		or_ln808_11 : 2
		acc_V_93 : 2
		acc_V_117 : 3
		icmp_ln1420_12 : 1
		or_ln808_12 : 2
		or_ln808_13 : 2
		acc_V_95 : 2
		acc_V_121 : 3
		icmp_ln1420_13 : 1
		or_ln808_14 : 2
		or_ln808_15 : 2
		acc_V_97 : 2
		acc_V_125 : 3
		icmp_ln1420_14 : 1
		or_ln808_16 : 2
		or_ln808_17 : 2
		acc_V_99 : 2
		acc_V_129 : 3
		p_s : 4
		write_ln77 : 5


============================================================
+ Verbose Summary: Datapath Resource usage 
============================================================

* Functional unit list:
|----------|--------------------------------------------|---------|---------|---------|
| Operation|               Functional Unit              |   DSP   |    FF   |   LUT   |
|----------|--------------------------------------------|---------|---------|---------|
|          |             mul_ln1270_fu_1630             |    0    |    0    |    41   |
|          |            mul_ln1270_10_fu_1649           |    0    |    0    |    41   |
|          |            mul_ln1270_11_fu_1668           |    0    |    0    |    41   |
|    mul   |            mul_ln1270_12_fu_1687           |    0    |    0    |    41   |
|          |            mul_ln1270_13_fu_1706           |    0    |    0    |    41   |
|          |            mul_ln1270_14_fu_1725           |    0    |    0    |    41   |
|          |            mul_ln1270_15_fu_1744           |    0    |    0    |    41   |
|          |            mul_ln1270_16_fu_1763           |    0    |    0    |    41   |
|----------|--------------------------------------------|---------|---------|---------|
|          |              in_index_fu_1616              |    0    |    0    |    5    |
|          |              acc_V_104_fu_1828             |    0    |    0    |    8    |
|          |              acc_V_103_fu_1836             |    0    |    0    |    8    |
|          |              acc_V_102_fu_1844             |    0    |    0    |    8    |
|          |              acc_V_108_fu_1886             |    0    |    0    |    8    |
|          |              acc_V_107_fu_1894             |    0    |    0    |    8    |
|          |              acc_V_106_fu_1902             |    0    |    0    |    8    |
|          |              acc_V_112_fu_1938             |    0    |    0    |    8    |
|          |              acc_V_111_fu_1946             |    0    |    0    |    8    |
|          |              acc_V_110_fu_1954             |    0    |    0    |    8    |
|          |              acc_V_116_fu_1990             |    0    |    0    |    8    |
|          |              acc_V_115_fu_1998             |    0    |    0    |    8    |
|          |              acc_V_114_fu_2006             |    0    |    0    |    8    |
|          |              acc_V_120_fu_2048             |    0    |    0    |    8    |
|          |              acc_V_119_fu_2056             |    0    |    0    |    8    |
|          |              acc_V_118_fu_2064             |    0    |    0    |    8    |
|          |              acc_V_124_fu_2106             |    0    |    0    |    8    |
|          |              acc_V_123_fu_2114             |    0    |    0    |    8    |
|          |              acc_V_122_fu_2122             |    0    |    0    |    8    |
|          |              acc_V_128_fu_2158             |    0    |    0    |    8    |
|  select  |              acc_V_127_fu_2166             |    0    |    0    |    8    |
|          |              acc_V_126_fu_2174             |    0    |    0    |    8    |
|          |              acc_V_132_fu_2210             |    0    |    0    |    8    |
|          |              acc_V_131_fu_2218             |    0    |    0    |    8    |
|          |              acc_V_130_fu_2226             |    0    |    0    |    8    |
|          |              acc_V_86_fu_2252              |    0    |    0    |    8    |
|          |              acc_V_101_fu_2260             |    0    |    0    |    8    |
|          |                acc_V_fu_2284               |    0    |    0    |    8    |
|          |              acc_V_105_fu_2292             |    0    |    0    |    8    |
|          |              acc_V_89_fu_2316              |    0    |    0    |    8    |
|          |              acc_V_109_fu_2324             |    0    |    0    |    8    |
|          |              acc_V_91_fu_2348              |    0    |    0    |    8    |
|          |              acc_V_113_fu_2356             |    0    |    0    |    8    |
|          |              acc_V_93_fu_2380              |    0    |    0    |    8    |
|          |              acc_V_117_fu_2388             |    0    |    0    |    8    |
|          |              acc_V_95_fu_2412              |    0    |    0    |    8    |
|          |              acc_V_121_fu_2420             |    0    |    0    |    8    |
|          |              acc_V_97_fu_2444              |    0    |    0    |    8    |
|          |              acc_V_125_fu_2452             |    0    |    0    |    8    |
|          |              acc_V_99_fu_2476              |    0    |    0    |    8    |
|          |              acc_V_129_fu_2484             |    0    |    0    |    8    |
|----------|--------------------------------------------|---------|---------|---------|
|          |              empty_52_fu_1469              |    0    |    0    |    15   |
|          |              empty_53_fu_1480              |    0    |    0    |    15   |
|          |              empty_54_fu_1491              |    0    |    0    |    14   |
|          |              empty_55_fu_1502              |    0    |    0    |    14   |
|          |              empty_56_fu_1513              |    0    |    0    |    14   |
|          |              empty_57_fu_1524              |    0    |    0    |    15   |
|          |              empty_58_fu_1539              |    0    |    0    |    13   |
|          |                 ir_fu_1550                 |    0    |    0    |    14   |
|    add   |             in_index_2_fu_1604             |    0    |    0    |    13   |
|          |              acc_V_87_fu_1823              |    0    |    0    |    15   |
|          |              acc_V_88_fu_1881              |    0    |    0    |    15   |
|          |              acc_V_90_fu_1933              |    0    |    0    |    15   |
|          |              acc_V_92_fu_1985              |    0    |    0    |    15   |
|          |              acc_V_94_fu_2043              |    0    |    0    |    15   |
|          |              acc_V_96_fu_2101              |    0    |    0    |    15   |
|          |              acc_V_98_fu_2153              |    0    |    0    |    15   |
|          |              acc_V_100_fu_2205             |    0    |    0    |    15   |
|----------|--------------------------------------------|---------|---------|---------|
|          |                 a_V_fu_1562                |    0    |    0    |    87   |
|          |                 lhs_fu_1779                |    0    |    0    |    20   |
|          |                lhs_8_fu_1858               |    0    |    0    |    20   |
|          |                lhs_9_fu_1910               |    0    |    0    |    20   |
|    mux   |               lhs_10_fu_1962               |    0    |    0    |    20   |
|          |               lhs_11_fu_2014               |    0    |    0    |    20   |
|          |               lhs_12_fu_2078               |    0    |    0    |    20   |
|          |               lhs_13_fu_2130               |    0    |    0    |    20   |
|          |               lhs_14_fu_2182               |    0    |    0    |    20   |
|----------|--------------------------------------------|---------|---------|---------|
|          |             icmp_ln124_fu_1556             |    0    |    0    |    10   |
|          |             icmp_ln141_fu_1610             |    0    |    0    |    9    |
|          |             icmp_ln808_fu_1802             |    0    |    0    |    8    |
|          |            icmp_ln808_1_fu_1807            |    0    |    0    |    8    |
|          |            icmp_ln808_2_fu_1812            |    0    |    0    |    8    |
|          |             icmp_ln1420_fu_2237            |    0    |    0    |    11   |
|   icmp   |            icmp_ln1420_8_fu_2269           |    0    |    0    |    11   |
|          |            icmp_ln1420_9_fu_2301           |    0    |    0    |    11   |
|          |           icmp_ln1420_10_fu_2333           |    0    |    0    |    11   |
|          |           icmp_ln1420_11_fu_2365           |    0    |    0    |    11   |
|          |           icmp_ln1420_12_fu_2397           |    0    |    0    |    11   |
|          |           icmp_ln1420_13_fu_2429           |    0    |    0    |    11   |
|          |           icmp_ln1420_14_fu_2461           |    0    |    0    |    11   |
|----------|--------------------------------------------|---------|---------|---------|
|          |             sub_ln1420_fu_1796             |    0    |    0    |    15   |
|          |            sub_ln1420_8_fu_1875            |    0    |    0    |    15   |
|          |            sub_ln1420_9_fu_1927            |    0    |    0    |    15   |
|    sub   |            sub_ln1420_10_fu_1979           |    0    |    0    |    15   |
|          |            sub_ln1420_11_fu_2031           |    0    |    0    |    15   |
|          |            sub_ln1420_12_fu_2095           |    0    |    0    |    15   |
|          |            sub_ln1420_13_fu_2147           |    0    |    0    |    15   |
|          |            sub_ln1420_14_fu_2199           |    0    |    0    |    15   |
|----------|--------------------------------------------|---------|---------|---------|
|          |             or_ln808_1_fu_1817             |    0    |    0    |    2    |
|          |              or_ln813_fu_1852              |    0    |    0    |    2    |
|          |             or_ln808_10_fu_2037            |    0    |    0    |    2    |
|          |             or_ln813_1_fu_2072             |    0    |    0    |    2    |
|          |              or_ln808_fu_2242              |    0    |    0    |    2    |
|          |             or_ln808_2_fu_2247             |    0    |    0    |    2    |
|          |             or_ln808_3_fu_2274             |    0    |    0    |    2    |
|          |             or_ln808_4_fu_2279             |    0    |    0    |    2    |
|          |             or_ln808_5_fu_2306             |    0    |    0    |    2    |
|    or    |             or_ln808_6_fu_2311             |    0    |    0    |    2    |
|          |             or_ln808_7_fu_2338             |    0    |    0    |    2    |
|          |             or_ln808_8_fu_2343             |    0    |    0    |    2    |
|          |             or_ln808_9_fu_2370             |    0    |    0    |    2    |
|          |             or_ln808_11_fu_2375            |    0    |    0    |    2    |
|          |             or_ln808_12_fu_2402            |    0    |    0    |    2    |
|          |             or_ln808_13_fu_2407            |    0    |    0    |    2    |
|          |             or_ln808_14_fu_2434            |    0    |    0    |    2    |
|          |             or_ln808_15_fu_2439            |    0    |    0    |    2    |
|          |             or_ln808_16_fu_2466            |    0    |    0    |    2    |
|          |             or_ln808_17_fu_2471            |    0    |    0    |    2    |
|----------|--------------------------------------------|---------|---------|---------|
|   read   |       internal_input_read_read_fu_168      |    0    |    0    |    0    |
|----------|--------------------------------------------|---------|---------|---------|
|   write  |           write_ln77_write_fu_174          |    0    |    0    |    0    |
|----------|--------------------------------------------|---------|---------|---------|
|   trunc  |               data_V_fu_1259               |    0    |    0    |    0    |
|----------|--------------------------------------------|---------|---------|---------|
|          |              data_V_53_fu_1264             |    0    |    0    |    0    |
|          |              data_V_54_fu_1275             |    0    |    0    |    0    |
|          |              data_V_55_fu_1286             |    0    |    0    |    0    |
|          |              data_V_56_fu_1297             |    0    |    0    |    0    |
|          |              data_V_57_fu_1308             |    0    |    0    |    0    |
|          |              data_V_58_fu_1319             |    0    |    0    |    0    |
|          |              data_V_59_fu_1330             |    0    |    0    |    0    |
|          |              data_V_60_fu_1341             |    0    |    0    |    0    |
|          |              data_V_61_fu_1352             |    0    |    0    |    0    |
|          |              data_V_62_fu_1363             |    0    |    0    |    0    |
|          |              data_V_63_fu_1374             |    0    |    0    |    0    |
|          |              data_V_64_fu_1385             |    0    |    0    |    0    |
|partselect|              data_V_65_fu_1396             |    0    |    0    |    0    |
|          |              data_V_66_fu_1407             |    0    |    0    |    0    |
|          |              data_V_67_fu_1418             |    0    |    0    |    0    |
|          |              data_V_68_fu_1429             |    0    |    0    |    0    |
|          |              data_V_69_fu_1440             |    0    |    0    |    0    |
|          |                 rhs_fu_1636                |    0    |    0    |    0    |
|          |                rhs_8_fu_1655               |    0    |    0    |    0    |
|          |                rhs_9_fu_1674               |    0    |    0    |    0    |
|          |               rhs_10_fu_1693               |    0    |    0    |    0    |
|          |               rhs_11_fu_1712               |    0    |    0    |    0    |
|          |               rhs_12_fu_1731               |    0    |    0    |    0    |
|          |               rhs_13_fu_1750               |    0    |    0    |    0    |
|          |               rhs_14_fu_1769               |    0    |    0    |    0    |
|----------|--------------------------------------------|---------|---------|---------|
|          |             zext_ln124_fu_1451             |    0    |    0    |    0    |
|          |            zext_ln124_2_fu_1457            |    0    |    0    |    0    |
|          |            zext_ln124_3_fu_1461            |    0    |    0    |    0    |
|          |            zext_ln124_4_fu_1465            |    0    |    0    |    0    |
|          |              p_cast467_fu_1475             |    0    |    0    |    0    |
|   zext   |              p_cast468_fu_1486             |    0    |    0    |    0    |
|          |              p_cast469_fu_1497             |    0    |    0    |    0    |
|          |              p_cast470_fu_1508             |    0    |    0    |    0    |
|          |              p_cast471_fu_1519             |    0    |    0    |    0    |
|          | p_cast472_cast_cast_cast_cast_cast_fu_1534 |    0    |    0    |    0    |
|          |              p_cast473_fu_1545             |    0    |    0    |    0    |
|----------|--------------------------------------------|---------|---------|---------|
|          |    p_cast472_cast_cast_cast_cast_fu_1530   |    0    |    0    |    0    |
|          |             sext_ln1273_fu_1624            |    0    |    0    |    0    |
|          |           sext_ln1273_45_fu_1627           |    0    |    0    |    0    |
|          |           sext_ln1273_46_fu_1646           |    0    |    0    |    0    |
|          |           sext_ln1273_47_fu_1665           |    0    |    0    |    0    |
|          |           sext_ln1273_48_fu_1684           |    0    |    0    |    0    |
|          |           sext_ln1273_49_fu_1703           |    0    |    0    |    0    |
|          |           sext_ln1273_50_fu_1722           |    0    |    0    |    0    |
|          |           sext_ln1273_51_fu_1741           |    0    |    0    |    0    |
|          |           sext_ln1273_52_fu_1760           |    0    |    0    |    0    |
|          |             sext_ln813_fu_1792             |    0    |    0    |    0    |
|          |            sext_ln813_18_fu_1871           |    0    |    0    |    0    |
|   sext   |            sext_ln813_20_fu_1923           |    0    |    0    |    0    |
|          |            sext_ln813_22_fu_1975           |    0    |    0    |    0    |
|          |            sext_ln813_24_fu_2027           |    0    |    0    |    0    |
|          |            sext_ln813_26_fu_2091           |    0    |    0    |    0    |
|          |            sext_ln813_28_fu_2143           |    0    |    0    |    0    |
|          |            sext_ln813_30_fu_2195           |    0    |    0    |    0    |
|          |            sext_ln813_17_fu_2234           |    0    |    0    |    0    |
|          |            sext_ln813_19_fu_2266           |    0    |    0    |    0    |
|          |            sext_ln813_21_fu_2298           |    0    |    0    |    0    |
|          |            sext_ln813_23_fu_2330           |    0    |    0    |    0    |
|          |            sext_ln813_25_fu_2362           |    0    |    0    |    0    |
|          |            sext_ln813_27_fu_2394           |    0    |    0    |    0    |
|          |            sext_ln813_29_fu_2426           |    0    |    0    |    0    |
|          |            sext_ln813_31_fu_2458           |    0    |    0    |    0    |
|----------|--------------------------------------------|---------|---------|---------|
|bitconcatenate|                 p_s_fu_2490                |    0    |    0    |    0    |
|----------|--------------------------------------------|---------|---------|---------|
|  return  |            return_ln101_fu_2535            |    0    |    0    |    0    |
|----------|--------------------------------------------|---------|---------|---------|
|   Total  |                                            |    0    |    0    |   1438  |
|----------|--------------------------------------------|---------|---------|---------|

Memories:
N/A

* Register list:
+------------------------+--------+
|                        |   FF   |
+------------------------+--------+
|      a_V_reg_2606      |    8   |
|    acc_V114_reg_803    |    8   |
|   acc_V_100_reg_2953   |    8   |
|   acc_V_101_reg_2976   |    8   |
|   acc_V_102_reg_2750   |    8   |
|   acc_V_103_reg_2744   |    8   |
|   acc_V_104_reg_2738   |    8   |
|   acc_V_105_reg_2981   |    8   |
|   acc_V_106_reg_2786   |    8   |
|   acc_V_107_reg_2780   |    8   |
|   acc_V_108_reg_2774   |    8   |
|   acc_V_109_reg_2986   |    8   |
|   acc_V_110_reg_2814   |    8   |
|   acc_V_111_reg_2808   |    8   |
|   acc_V_112_reg_2802   |    8   |
|   acc_V_113_reg_2991   |    8   |
|   acc_V_114_reg_2842   |    8   |
|   acc_V_115_reg_2836   |    8   |
|   acc_V_116_reg_2830   |    8   |
|   acc_V_117_reg_2996   |    8   |
|   acc_V_118_reg_2878   |    8   |
|   acc_V_119_reg_2872   |    8   |
|   acc_V_120_reg_2866   |    8   |
|   acc_V_121_reg_3001   |    8   |
|   acc_V_122_reg_2914   |    8   |
|   acc_V_123_reg_2908   |    8   |
|   acc_V_124_reg_2902   |    8   |
|   acc_V_125_reg_3006   |    8   |
|   acc_V_126_reg_2942   |    8   |
|   acc_V_127_reg_2936   |    8   |
|   acc_V_128_reg_2930   |    8   |
|   acc_V_129_reg_3011   |    8   |
|   acc_V_130_reg_2970   |    8   |
|   acc_V_131_reg_2964   |    8   |
|   acc_V_132_reg_2958   |    8   |
|   acc_V_56112_reg_818  |    8   |
|   acc_V_57110_reg_832  |    8   |
|   acc_V_58108_reg_846  |    8   |
|   acc_V_59106_reg_860  |    8   |
|   acc_V_60104_reg_875  |    8   |
|   acc_V_61102_reg_889  |    8   |
|   acc_V_62100_reg_903  |    8   |
|   acc_V_6398_reg_917   |    8   |
|   acc_V_6496_reg_932   |    8   |
|   acc_V_6594_reg_946   |    8   |
|   acc_V_6692_reg_960   |    8   |
|   acc_V_6790_reg_974   |    8   |
|   acc_V_6888_reg_989   |    8   |
|   acc_V_6986_reg_1003  |    8   |
|   acc_V_7084_reg_1017  |    8   |
|   acc_V_7182_reg_1031  |    8   |
|   acc_V_7280_reg_1046  |    8   |
|   acc_V_7378_reg_1060  |    8   |
|   acc_V_7476_reg_1074  |    8   |
|   acc_V_7574_reg_1088  |    8   |
|   acc_V_7672_reg_1103  |    8   |
|   acc_V_7770_reg_1117  |    8   |
|   acc_V_7868_reg_1131  |    8   |
|   acc_V_7966_reg_1145  |    8   |
|   acc_V_8064_reg_1160  |    8   |
|   acc_V_8162_reg_1174  |    8   |
|   acc_V_8260_reg_1188  |    8   |
|   acc_V_8358_reg_1202  |    8   |
|   acc_V_8456_reg_1217  |    8   |
|   acc_V_8554_reg_1231  |    8   |
|   acc_V_8652_reg_1245  |    8   |
|    acc_V_87_reg_2733   |    8   |
|    acc_V_88_reg_2769   |    8   |
|    acc_V_90_reg_2797   |    8   |
|    acc_V_92_reg_2825   |    8   |
|    acc_V_94_reg_2861   |    8   |
|    acc_V_96_reg_2897   |    8   |
|    acc_V_98_reg_2925   |    8   |
|  data_V_29_phi_reg_729 |    8   |
|data_V_29_rewind_reg_489|    8   |
|  data_V_30_phi_reg_717 |    8   |
|data_V_30_rewind_reg_475|    8   |
|  data_V_31_phi_reg_705 |    8   |
|data_V_31_rewind_reg_461|    8   |
|  data_V_32_phi_reg_693 |    8   |
|data_V_32_rewind_reg_447|    8   |
|  data_V_33_phi_reg_681 |    8   |
|data_V_33_rewind_reg_433|    8   |
|  data_V_34_phi_reg_669 |    8   |
|data_V_34_rewind_reg_419|    8   |
|  data_V_35_phi_reg_657 |    8   |
|data_V_35_rewind_reg_405|    8   |
|  data_V_36_phi_reg_645 |    8   |
|data_V_36_rewind_reg_391|    8   |
|  data_V_37_phi_reg_633 |    8   |
|data_V_37_rewind_reg_377|    8   |
|  data_V_38_phi_reg_621 |    8   |
|data_V_38_rewind_reg_363|    8   |
|  data_V_39_phi_reg_609 |    8   |
|data_V_39_rewind_reg_349|    8   |
|  data_V_40_phi_reg_597 |    8   |
|data_V_40_rewind_reg_335|    8   |
|  data_V_41_phi_reg_585 |    8   |
|data_V_41_rewind_reg_321|    8   |
|  data_V_42_phi_reg_573 |    8   |
|data_V_42_rewind_reg_307|    8   |
|  data_V_43_phi_reg_741 |    8   |
|data_V_43_rewind_reg_503|    8   |
|  data_V_44_phi_reg_753 |    8   |
|data_V_44_rewind_reg_517|    8   |
|  data_V_45_phi_reg_765 |    8   |
|data_V_45_rewind_reg_531|    8   |
|     do_init_reg_291    |    1   |
|   icmp_ln124_reg_2587  |    1   |
|  icmp_ln808_1_reg_2717 |    1   |
|   icmp_ln808_reg_2709  |    1   |
|   in_index116_reg_789  |    5   |
|    in_index_reg_2651   |    5   |
|      ir115_reg_559     |    7   |
|       ir_reg_2582      |    7   |
|  or_ln808_10_reg_2853  |    1   |
|   or_ln808_1_reg_2725  |    1   |
|   or_ln813_1_reg_2884  |    1   |
|    or_ln813_reg_2756   |    1   |
|   out_index_reg_2591   |    2   |
| outidx_1_addr_reg_2537 |    7   |
|      p_phi_reg_777     |    8   |
|    p_rewind_reg_545    |    8   |
|     rhs_10_reg_2674    |    8   |
|     rhs_11_reg_2680    |    8   |
|     rhs_12_reg_2686    |    8   |
|     rhs_13_reg_2692    |    8   |
|     rhs_14_reg_2698    |    8   |
|     rhs_8_reg_2662     |    8   |
|     rhs_9_reg_2668     |    8   |
|      rhs_reg_2656      |    8   |
| sub_ln1420_10_reg_2820 |    9   |
| sub_ln1420_11_reg_2848 |    9   |
| sub_ln1420_12_reg_2892 |    9   |
| sub_ln1420_13_reg_2920 |    9   |
| sub_ln1420_14_reg_2948 |    9   |
|  sub_ln1420_8_reg_2764 |    9   |
|  sub_ln1420_9_reg_2792 |    9   |
|   sub_ln1420_reg_2704  |    9   |
|  w2_V_addr_1_reg_2547  |   10   |
|  w2_V_addr_2_reg_2552  |   10   |
|  w2_V_addr_3_reg_2557  |   10   |
|  w2_V_addr_4_reg_2562  |   10   |
|  w2_V_addr_5_reg_2567  |   10   |
|  w2_V_addr_6_reg_2572  |   10   |
|  w2_V_addr_7_reg_2577  |   10   |
|   w2_V_addr_reg_2542   |   10   |
|     w_V_10_reg_2626    |    8   |
|     w_V_11_reg_2631    |    8   |
|     w_V_12_reg_2636    |    8   |
|     w_V_13_reg_2641    |    8   |
|     w_V_14_reg_2646    |    8   |
|     w_V_8_reg_2616     |    8   |
|     w_V_9_reg_2621     |    8   |
|      w_V_reg_2611      |    8   |
+------------------------+--------+
|          Total         |  1193  |
+------------------------+--------+

* Multiplexer (MUX) list: 
|---------------------|------|------|------|--------||---------||---------|
|         Comp        |  Pin | Size |  BW  | S x BW ||  Delay  ||   LUT   |
|---------------------|------|------|------|--------||---------||---------|
|  grp_access_fu_188  |  p0  |   2  |   7  |   14   ||    9    |
|  grp_access_fu_201  |  p0  |   2  |  10  |   20   ||    9    |
|  grp_access_fu_201  |  p2  |   2  |   0  |    0   ||    9    |
|  grp_access_fu_201  |  p5  |   2  |   8  |   16   ||    9    |
|  grp_access_fu_201  |  p8  |   2  |  10  |   20   ||    9    |
|  grp_access_fu_201  |  p10 |   2  |   0  |    0   ||    9    |
|  grp_access_fu_201  |  p13 |   2  |   8  |   16   ||    9    |
|  grp_access_fu_201  |  p16 |   2  |  10  |   20   ||    9    |
|  grp_access_fu_201  |  p18 |   2  |   0  |    0   ||    9    |
|   do_init_reg_291   |  p0  |   2  |   1  |    2   ||    9    |
|   acc_V114_reg_803  |  p0  |   2  |   8  |   16   ||    9    |
| acc_V_59106_reg_860 |  p0  |   2  |   8  |   16   ||    9    |
|  acc_V_6398_reg_917 |  p0  |   2  |   8  |   16   ||    9    |
|  acc_V_6790_reg_974 |  p0  |   2  |   8  |   16   ||    9    |
| acc_V_7182_reg_1031 |  p0  |   2  |   8  |   16   ||    9    |
| acc_V_7574_reg_1088 |  p0  |   2  |   8  |   16   ||    9    |
| acc_V_7966_reg_1145 |  p0  |   2  |   8  |   16   ||    9    |
| acc_V_8358_reg_1202 |  p0  |   2  |   8  |   16   ||    9    |
|---------------------|------|------|------|--------||---------||---------|
|        Total        |      |      |      |   236  ||  28.584 ||   162   |
|---------------------|------|------|------|--------||---------||---------|



* Summary:
+-----------+--------+--------+--------+--------+
|           |   DSP  |  Delay |   FF   |   LUT  |
+-----------+--------+--------+--------+--------+
|  Function |    0   |    -   |    0   |  1438  |
|   Memory  |    -   |    -   |    -   |    -   |
|Multiplexer|    -   |   28   |    -   |   162  |
|  Register |    -   |    -   |  1193  |    -   |
+-----------+--------+--------+--------+--------+
|   Total   |    0   |   28   |  1193  |  1600  |
+-----------+--------+--------+--------+--------+
