

================================================================
== Vitis HLS Report for 'dense_array_ap_fixed_18u_array_ap_fixed_8_2_5_3_0_32u_config2_s'
================================================================
* Date:           Fri Jun 26 18:52:40 2026

* Version:        2022.2 (Build 3670227 on Oct 13 2022)
* Project:        myproject_prj
* Solution:       solution1 (Vivado IP Flow Target)
* Product family: zynq
* Target device:  xc7z020-clg400-1


================================================================
== Performance Estimates
================================================================
+ Timing: 
    * Summary: 
    +--------+---------+----------+------------+
    |  Clock |  Target | Estimated| Uncertainty|
    +--------+---------+----------+------------+
    |ap_clk  |  5.00 ns|  7.898 ns|     0.62 ns|
    +--------+---------+----------+------------+

+ Latency: 
    * Summary: 
    +---------+---------+----------+----------+-----+-----+------------------------------------------+
    |  Latency (cycles) |  Latency (absolute) |  Interval |                 Pipeline                 |
    |   min   |   max   |    min   |    max   | min | max |                   Type                   |
    +---------+---------+----------+----------+-----+-----+------------------------------------------+
    |       75|       76|  0.592 us|  0.600 us|   72|   72|  loop rewind stp(delay=0 clock cycles(s))|
    +---------+---------+----------+----------+-----+-----+------------------------------------------+

    + Detail: 
        * Instance: 
        N/A

        * Loop: 
        +-------------+---------+---------+----------+-----------+-----------+------+----------+
        |             |  Latency (cycles) | Iteration|  Initiation Interval  | Trip |          |
        |  Loop Name  |   min   |   max   |  Latency |  achieved |   target  | Count| Pipelined|
        +-------------+---------+---------+----------+-----------+-----------+------+----------+
        |- ReuseLoop  |       75|       75|         5|          1|          1|    72|       yes|
        +-------------+---------+---------+----------+-----------+-----------+------+----------+

============================================================
+ Verbose Summary: Synthesis Manager
============================================================
InlineROM: 1
ExposeGlobal: 0
============================================================
+ Verbose Summary: CDFG Model
============================================================
IsTopModel: 0
ResetActiveHigh: 1
IsCombinational: 2
IsDatapathOnly: 0
HasWiredReturn: 1
HasMFsm: 2
HasVarLatency: 1
IsPipeline: 0
IsRtlPipelined: 0
IsInstanceOverlapped: 0
IsDontTouch: 0
HasImplIP: 0
IsGatedGlobalClock: 0

+ Individual pipeline summary: 
  * Pipeline-0: initiation interval (II) = 1, depth = 5


============================================================
+ Verbose Summary: Schedule
============================================================
* Number of FSM states : 6
* Pipeline : 1
  Pipeline-0 : II = 1, D = 5, States = { 2 3 4 5 6 }
* Dataflow Pipeline: 0

* FSM state transitions: 
1 --> 2 
2 --> 3 
3 --> 4 
4 --> 5 
5 --> 6 
6 --> 2 

* FSM state operations: 

State 1 <SV = 0> <Delay = 1.58>
ST_1 : Operation 7 [1/1] (0.00ns)   --->   "%specinterface_ln0 = specinterface void @_ssdm_op_SpecInterface, i256 %layer2_out, void @empty_2, i32 0, i32 0, void @empty_0, i32 0, i32 0, void @empty_0, void @empty_0, void @empty_0, i32 0, i32 0, i32 0, i32 0, void @empty_0, void @empty_0, i32 4294967295, i32 0"   --->   Operation 7 'specinterface' 'specinterface_ln0' <Predicate = true> <Delay = 0.00>
ST_1 : Operation 8 [1/1] (0.00ns)   --->   "%specinterface_ln0 = specinterface void @_ssdm_op_SpecInterface, i144 %internal_input, void @empty_2, i32 0, i32 0, void @empty_0, i32 0, i32 0, void @empty_0, void @empty_0, void @empty_0, i32 0, i32 0, i32 0, i32 0, void @empty_0, void @empty_0, i32 4294967295, i32 0"   --->   Operation 8 'specinterface' 'specinterface_ln0' <Predicate = true> <Delay = 0.00>
ST_1 : Operation 9 [1/1] (0.00ns)   --->   "%rbegin = specregionbegin i32 @_ssdm_op_SpecRegionBegin, void @nnet_KD_KD_dense_resource_MD_ap_fixed_MD_8_MC_AC_2_MC_AC_IC_ap_q_mode_JC_5_M_1" [firmware/nnet_utils/nnet_dense_stream.h:24]   --->   Operation 9 'specregionbegin' 'rbegin' <Predicate = true> <Delay = 0.00>
ST_1 : Operation 10 [1/1] (1.58ns)   --->   "%br_ln124 = br void %rewind_header" [firmware/nnet_utils/nnet_dense_resource.h:124->firmware/nnet_utils/nnet_dense_resource.h:242->firmware/nnet_utils/nnet_dense_stream.h:24]   --->   Operation 10 'br' 'br_ln124' <Predicate = true> <Delay = 1.58>

State 2 <SV = 1> <Delay = 5.16>
ST_2 : Operation 11 [1/1] (0.00ns)   --->   "%do_init = phi i1 1, void %nnet::dense_resource<ap_fixed<8, 2, (ap_q_mode)5, (ap_o_mode)3, 0>, ap_fixed<8, 2, (ap_q_mode)5, (ap_o_mode)3, 0>, config2>.region_begin, i1 0, void %for.body26.split.i.i_ifconv, i1 1, void %nnet::dense_resource<ap_fixed<8, 2, (ap_q_mode)5, (ap_o_mode)3, 0>, ap_fixed<8, 2, (ap_q_mode)5, (ap_o_mode)3, 0>, config2>.region_end"   --->   Operation 11 'phi' 'do_init' <Predicate = true> <Delay = 0.00>
ST_2 : Operation 12 [1/1] (0.00ns)   --->   "%data_V_42_rewind = phi i8 0, void %nnet::dense_resource<ap_fixed<8, 2, (ap_q_mode)5, (ap_o_mode)3, 0>, ap_fixed<8, 2, (ap_q_mode)5, (ap_o_mode)3, 0>, config2>.region_begin, i8 %data_V_42_phi, void %for.body26.split.i.i_ifconv, i8 0, void %nnet::dense_resource<ap_fixed<8, 2, (ap_q_mode)5, (ap_o_mode)3, 0>, ap_fixed<8, 2, (ap_q_mode)5, (ap_o_mode)3, 0>, config2>.region_end" [firmware/nnet_utils/nnet_dense_stream.h:43]   --->   Operation 12 'phi' 'data_V_42_rewind' <Predicate = true> <Delay = 0.00>
ST_2 : Operation 13 [1/1] (0.00ns)   --->   "%data_V_41_rewind = phi i8 0, void %nnet::dense_resource<ap_fixed<8, 2, (ap_q_mode)5, (ap_o_mode)3, 0>, ap_fixed<8, 2, (ap_q_mode)5, (ap_o_mode)3, 0>, config2>.region_begin, i8 %data_V_41_phi, void %for.body26.split.i.i_ifconv, i8 0, void %nnet::dense_resource<ap_fixed<8, 2, (ap_q_mode)5, (ap_o_mode)3, 0>, ap_fixed<8, 2, (ap_q_mode)5, (ap_o_mode)3, 0>, config2>.region_end" [firmware/nnet_utils/nnet_dense_stream.h:43]   --->   Operation 13 'phi' 'data_V_41_rewind' <Predicate = true> <Delay = 0.00>
ST_2 : Operation 14 [1/1] (0.00ns)   --->   "%data_V_40_rewind = phi i8 0, void %nnet::dense_resource<ap_fixed<8, 2, (ap_q_mode)5, (ap_o_mode)3, 0>, ap_fixed<8, 2, (ap_q_mode)5, (ap_o_mode)3, 0>, config2>.region_begin, i8 %data_V_40_phi, void %for.body26.split.i.i_ifconv, i8 0, void %nnet::dense_resource<ap_fixed<8, 2, (ap_q_mode)5, (ap_o_mode)3, 0>, ap_fixed<8, 2, (ap_q_mode)5, (ap_o_mode)3, 0>, config2>.region_end" [firmware/nnet_utils/nnet_dense_stream.h:43]   --->   Operation 14 'phi' 'data_V_40_rewind' <Predicate = true> <Delay = 0.00>
ST_2 : Operation 15 [1/1] (0.00ns)   --->   "%data_V_39_rewind = phi i8 0, void %nnet::dense_resource<ap_fixed<8, 2, (ap_q_mode)5, (ap_o_mode)3, 0>, ap_fixed<8, 2, (ap_q_mode)5, (ap_o_mode)3, 0>, config2>.region_begin, i8 %data_V_39_phi, void %for.body26.split.i.i_ifconv, i8 0, void %nnet::dense_resource<ap_fixed<8, 2, (ap_q_mode)5, (ap_o_mode)3, 0>, ap_fixed<8, 2, (ap_q_mode)5, (ap_o_mode)3, 0>, config2>.region_end" [firmware/nnet_utils/nnet_dense_stream.h:43]   --->   Operation 15 'phi' 'data_V_39_rewind' <Predicate = true> <Delay = 0.00>
ST_2 : Operation 16 [1/1] (0.00ns)   --->   "%data_V_38_rewind = phi i8 0, void %nnet::dense_resource<ap_fixed<8, 2, (ap_q_mode)5, (ap_o_mode)3, 0>, ap_fixed<8, 2, (ap_q_mode)5, (ap_o_mode)3, 0>, config2>.region_begin, i8 %data_V_38_phi, void %for.body26.split.i.i_ifconv, i8 0, void %nnet::dense_resource<ap_fixed<8, 2, (ap_q_mode)5, (ap_o_mode)3, 0>, ap_fixed<8, 2, (ap_q_mode)5, (ap_o_mode)3, 0>, config2>.region_end" [firmware/nnet_utils/nnet_dense_stream.h:43]   --->   Operation 16 'phi' 'data_V_38_rewind' <Predicate = true> <Delay = 0.00>
ST_2 : Operation 17 [1/1] (0.00ns)   --->   "%data_V_37_rewind = phi i8 0, void %nnet::dense_resource<ap_fixed<8, 2, (ap_q_mode)5, (ap_o_mode)3, 0>, ap_fixed<8, 2, (ap_q_mode)5, (ap_o_mode)3, 0>, config2>.region_begin, i8 %data_V_37_phi, void %for.body26.split.i.i_ifconv, i8 0, void %nnet::dense_resource<ap_fixed<8, 2, (ap_q_mode)5, (ap_o_mode)3, 0>, ap_fixed<8, 2, (ap_q_mode)5, (ap_o_mode)3, 0>, config2>.region_end" [firmware/nnet_utils/nnet_dense_stream.h:43]   --->   Operation 17 'phi' 'data_V_37_rewind' <Predicate = true> <Delay = 0.00>
ST_2 : Operation 18 [1/1] (0.00ns)   --->   "%data_V_36_rewind = phi i8 0, void %nnet::dense_resource<ap_fixed<8, 2, (ap_q_mode)5, (ap_o_mode)3, 0>, ap_fixed<8, 2, (ap_q_mode)5, (ap_o_mode)3, 0>, config2>.region_begin, i8 %data_V_36_phi, void %for.body26.split.i.i_ifconv, i8 0, void %nnet::dense_resource<ap_fixed<8, 2, (ap_q_mode)5, (ap_o_mode)3, 0>, ap_fixed<8, 2, (ap_q_mode)5, (ap_o_mode)3, 0>, config2>.region_end" [firmware/nnet_utils/nnet_dense_stream.h:43]   --->   Operation 18 'phi' 'data_V_36_rewind' <Predicate = true> <Delay = 0.00>
ST_2 : Operation 19 [1/1] (0.00ns)   --->   "%data_V_35_rewind = phi i8 0, void %nnet::dense_resource<ap_fixed<8, 2, (ap_q_mode)5, (ap_o_mode)3, 0>, ap_fixed<8, 2, (ap_q_mode)5, (ap_o_mode)3, 0>, config2>.region_begin, i8 %data_V_35_phi, void %for.body26.split.i.i_ifconv, i8 0, void %nnet::dense_resource<ap_fixed<8, 2, (ap_q_mode)5, (ap_o_mode)3, 0>, ap_fixed<8, 2, (ap_q_mode)5, (ap_o_mode)3, 0>, config2>.region_end" [firmware/nnet_utils/nnet_dense_stream.h:43]   --->   Operation 19 'phi' 'data_V_35_rewind' <Predicate = true> <Delay = 0.00>
ST_2 : Operation 20 [1/1] (0.00ns)   --->   "%data_V_34_rewind = phi i8 0, void %nnet::dense_resource<ap_fixed<8, 2, (ap_q_mode)5, (ap_o_mode)3, 0>, ap_fixed<8, 2, (ap_q_mode)5, (ap_o_mode)3, 0>, config2>.region_begin, i8 %data_V_34_phi, void %for.body26.split.i.i_ifconv, i8 0, void %nnet::dense_resource<ap_fixed<8, 2, (ap_q_mode)5, (ap_o_mode)3, 0>, ap_fixed<8, 2, (ap_q_mode)5, (ap_o_mode)3, 0>, config2>.region_end" [firmware/nnet_utils/nnet_dense_stream.h:43]   --->   Operation 20 'phi' 'data_V_34_rewind' <Predicate = true> <Delay = 0.00>
ST_2 : Operation 21 [1/1] (0.00ns)   --->   "%data_V_33_rewind = phi i8 0, void %nnet::dense_resource<ap_fixed<8, 2, (ap_q_mode)5, (ap_o_mode)3, 0>, ap_fixed<8, 2, (ap_q_mode)5, (ap_o_mode)3, 0>, config2>.region_begin, i8 %data_V_33_phi, void %for.body26.split.i.i_ifconv, i8 0, void %nnet::dense_resource<ap_fixed<8, 2, (ap_q_mode)5, (ap_o_mode)3, 0>, ap_fixed<8, 2, (ap_q_mode)5, (ap_o_mode)3, 0>, config2>.region_end" [firmware/nnet_utils/nnet_dense_stream.h:43]   --->   Operation 21 'phi' 'data_V_33_rewind' <Predicate = true> <Delay = 0.00>
ST_2 : Operation 22 [1/1] (0.00ns)   --->   "%data_V_32_rewind = phi i8 0, void %nnet::dense_resource<ap_fixed<8, 2, (ap_q_mode)5, (ap_o_mode)3, 0>, ap_fixed<8, 2, (ap_q_mode)5, (ap_o_mode)3, 0>, config2>.region_begin, i8 %data_V_32_phi, void %for.body26.split.i.i_ifconv, i8 0, void %nnet::dense_resource<ap_fixed<8, 2, (ap_q_mode)5, (ap_o_mode)3, 0>, ap_fixed<8, 2, (ap_q_mode)5, (ap_o_mode)3, 0>, config2>.region_end" [firmware/nnet_utils/nnet_dense_stream.h:43]   --->   Operation 22 'phi' 'data_V_32_rewind' <Predicate = true> <Delay = 0.00>
ST_2 : Operation 23 [1/1] (0.00ns)   --->   "%data_V_31_rewind = phi i8 0, void %nnet::dense_resource<ap_fixed<8, 2, (ap_q_mode)5, (ap_o_mode)3, 0>, ap_fixed<8, 2, (ap_q_mode)5, (ap_o_mode)3, 0>, config2>.region_begin, i8 %data_V_31_phi, void %for.body26.split.i.i_ifconv, i8 0, void %nnet::dense_resource<ap_fixed<8, 2, (ap_q_mode)5, (ap_o_mode)3, 0>, ap_fixed<8, 2, (ap_q_mode)5, (ap_o_mode)3, 0>, config2>.region_end" [firmware/nnet_utils/nnet_dense_stream.h:43]   --->   Operation 23 'phi' 'data_V_31_rewind' <Predicate = true> <Delay = 0.00>
ST_2 : Operation 24 [1/1] (0.00ns)   --->   "%data_V_30_rewind = phi i8 0, void %nnet::dense_resource<ap_fixed<8, 2, (ap_q_mode)5, (ap_o_mode)3, 0>, ap_fixed<8, 2, (ap_q_mode)5, (ap_o_mode)3, 0>, config2>.region_begin, i8 %data_V_30_phi, void %for.body26.split.i.i_ifconv, i8 0, void %nnet::dense_resource<ap_fixed<8, 2, (ap_q_mode)5, (ap_o_mode)3, 0>, ap_fixed<8, 2, (ap_q_mode)5, (ap_o_mode)3, 0>, config2>.region_end" [firmware/nnet_utils/nnet_dense_stream.h:43]   --->   Operation 24 'phi' 'data_V_30_rewind' <Predicate = true> <Delay = 0.00>
ST_2 : Operation 25 [1/1] (0.00ns)   --->   "%data_V_29_rewind = phi i8 0, void %nnet::dense_resource<ap_fixed<8, 2, (ap_q_mode)5, (ap_o_mode)3, 0>, ap_fixed<8, 2, (ap_q_mode)5, (ap_o_mode)3, 0>, config2>.region_begin, i8 %data_V_29_phi, void %for.body26.split.i.i_ifconv, i8 0, void %nnet::dense_resource<ap_fixed<8, 2, (ap_q_mode)5, (ap_o_mode)3, 0>, ap_fixed<8, 2, (ap_q_mode)5, (ap_o_mode)3, 0>, config2>.region_end" [firmware/nnet_utils/nnet_dense_stream.h:43]   --->   Operation 25 'phi' 'data_V_29_rewind' <Predicate = true> <Delay = 0.00>
ST_2 : Operation 26 [1/1] (0.00ns)   --->   "%data_V_43_rewind = phi i8 0, void %nnet::dense_resource<ap_fixed<8, 2, (ap_q_mode)5, (ap_o_mode)3, 0>, ap_fixed<8, 2, (ap_q_mode)5, (ap_o_mode)3, 0>, config2>.region_begin, i8 %data_V_43_phi, void %for.body26.split.i.i_ifconv, i8 0, void %nnet::dense_resource<ap_fixed<8, 2, (ap_q_mode)5, (ap_o_mode)3, 0>, ap_fixed<8, 2, (ap_q_mode)5, (ap_o_mode)3, 0>, config2>.region_end" [firmware/nnet_utils/nnet_dense_stream.h:43]   --->   Operation 26 'phi' 'data_V_43_rewind' <Predicate = true> <Delay = 0.00>
ST_2 : Operation 27 [1/1] (0.00ns)   --->   "%data_V_44_rewind = phi i8 0, void %nnet::dense_resource<ap_fixed<8, 2, (ap_q_mode)5, (ap_o_mode)3, 0>, ap_fixed<8, 2, (ap_q_mode)5, (ap_o_mode)3, 0>, config2>.region_begin, i8 %data_V_44_phi, void %for.body26.split.i.i_ifconv, i8 0, void %nnet::dense_resource<ap_fixed<8, 2, (ap_q_mode)5, (ap_o_mode)3, 0>, ap_fixed<8, 2, (ap_q_mode)5, (ap_o_mode)3, 0>, config2>.region_end" [firmware/nnet_utils/nnet_dense_stream.h:43]   --->   Operation 27 'phi' 'data_V_44_rewind' <Predicate = true> <Delay = 0.00>
ST_2 : Operation 28 [1/1] (0.00ns)   --->   "%data_V_45_rewind = phi i8 0, void %nnet::dense_resource<ap_fixed<8, 2, (ap_q_mode)5, (ap_o_mode)3, 0>, ap_fixed<8, 2, (ap_q_mode)5, (ap_o_mode)3, 0>, config2>.region_begin, i8 %data_V_45_phi, void %for.body26.split.i.i_ifconv, i8 0, void %nnet::dense_resource<ap_fixed<8, 2, (ap_q_mode)5, (ap_o_mode)3, 0>, ap_fixed<8, 2, (ap_q_mode)5, (ap_o_mode)3, 0>, config2>.region_end" [firmware/nnet_utils/nnet_dense_stream.h:43]   --->   Operation 28 'phi' 'data_V_45_rewind' <Predicate = true> <Delay = 0.00>
ST_2 : Operation 29 [1/1] (0.00ns)   --->   "%p_rewind = phi i8 0, void %nnet::dense_resource<ap_fixed<8, 2, (ap_q_mode)5, (ap_o_mode)3, 0>, ap_fixed<8, 2, (ap_q_mode)5, (ap_o_mode)3, 0>, config2>.region_begin, i8 %p_phi, void %for.body26.split.i.i_ifconv, i8 0, void %nnet::dense_resource<ap_fixed<8, 2, (ap_q_mode)5, (ap_o_mode)3, 0>, ap_fixed<8, 2, (ap_q_mode)5, (ap_o_mode)3, 0>, config2>.region_end" [firmware/nnet_utils/nnet_dense_stream.h:43]   --->   Operation 29 'phi' 'p_rewind' <Predicate = true> <Delay = 0.00>
ST_2 : Operation 30 [1/1] (0.00ns)   --->   "%ir115 = phi i7 0, void %nnet::dense_resource<ap_fixed<8, 2, (ap_q_mode)5, (ap_o_mode)3, 0>, ap_fixed<8, 2, (ap_q_mode)5, (ap_o_mode)3, 0>, config2>.region_begin, i7 %ir, void %for.body26.split.i.i_ifconv, i7 0, void %nnet::dense_resource<ap_fixed<8, 2, (ap_q_mode)5, (ap_o_mode)3, 0>, ap_fixed<8, 2, (ap_q_mode)5, (ap_o_mode)3, 0>, config2>.region_end"   --->   Operation 30 'phi' 'ir115' <Predicate = true> <Delay = 0.00>
ST_2 : Operation 31 [1/1] (1.58ns)   --->   "%br_ln0 = br i1 %do_init, void %for.body26.split.i.i_ifconv, void %rewind_init"   --->   Operation 31 'br' 'br_ln0' <Predicate = true> <Delay = 1.58>
ST_2 : Operation 32 [1/1] (2.18ns)   --->   "%internal_input_read = read i144 @_ssdm_op_Read.ap_fifo.volatile.i144P0A, i144 %internal_input" [firmware/nnet_utils/nnet_dense_stream.h:43]   --->   Operation 32 'read' 'internal_input_read' <Predicate = (do_init)> <Delay = 2.18> <CoreInst = "FIFO_SRL">   --->   Core 81 'FIFO_SRL' <Latency = 0> <II = 1> <Delay = 3.63> <Storage> <Opcode : 'read' 'write' 'nbread' 'nbwrite'> <Ports = 0> <Width = 144> <Depth = 2> <FIFO>
ST_2 : Operation 33 [1/1] (0.00ns)   --->   "%data_V = trunc i144 %internal_input_read" [firmware/nnet_utils/nnet_dense_stream.h:43]   --->   Operation 33 'trunc' 'data_V' <Predicate = (do_init)> <Delay = 0.00>
ST_2 : Operation 34 [1/1] (0.00ns)   --->   "%data_V_53 = partselect i8 @_ssdm_op_PartSelect.i8.i144.i32.i32, i144 %internal_input_read, i32 128, i32 135" [firmware/nnet_utils/nnet_dense_stream.h:43]   --->   Operation 34 'partselect' 'data_V_53' <Predicate = (do_init)> <Delay = 0.00>
ST_2 : Operation 35 [1/1] (0.00ns)   --->   "%data_V_54 = partselect i8 @_ssdm_op_PartSelect.i8.i144.i32.i32, i144 %internal_input_read, i32 136, i32 143" [firmware/nnet_utils/nnet_dense_stream.h:43]   --->   Operation 35 'partselect' 'data_V_54' <Predicate = (do_init)> <Delay = 0.00>
ST_2 : Operation 36 [1/1] (0.00ns)   --->   "%data_V_55 = partselect i8 @_ssdm_op_PartSelect.i8.i144.i32.i32, i144 %internal_input_read, i32 8, i32 15" [firmware/nnet_utils/nnet_dense_stream.h:43]   --->   Operation 36 'partselect' 'data_V_55' <Predicate = (do_init)> <Delay = 0.00>
ST_2 : Operation 37 [1/1] (0.00ns)   --->   "%data_V_56 = partselect i8 @_ssdm_op_PartSelect.i8.i144.i32.i32, i144 %internal_input_read, i32 16, i32 23" [firmware/nnet_utils/nnet_dense_stream.h:43]   --->   Operation 37 'partselect' 'data_V_56' <Predicate = (do_init)> <Delay = 0.00>
ST_2 : Operation 38 [1/1] (0.00ns)   --->   "%data_V_57 = partselect i8 @_ssdm_op_PartSelect.i8.i144.i32.i32, i144 %internal_input_read, i32 24, i32 31" [firmware/nnet_utils/nnet_dense_stream.h:43]   --->   Operation 38 'partselect' 'data_V_57' <Predicate = (do_init)> <Delay = 0.00>
ST_2 : Operation 39 [1/1] (0.00ns)   --->   "%data_V_58 = partselect i8 @_ssdm_op_PartSelect.i8.i144.i32.i32, i144 %internal_input_read, i32 32, i32 39" [firmware/nnet_utils/nnet_dense_stream.h:43]   --->   Operation 39 'partselect' 'data_V_58' <Predicate = (do_init)> <Delay = 0.00>
ST_2 : Operation 40 [1/1] (0.00ns)   --->   "%data_V_59 = partselect i8 @_ssdm_op_PartSelect.i8.i144.i32.i32, i144 %internal_input_read, i32 40, i32 47" [firmware/nnet_utils/nnet_dense_stream.h:43]   --->   Operation 40 'partselect' 'data_V_59' <Predicate = (do_init)> <Delay = 0.00>
ST_2 : Operation 41 [1/1] (0.00ns)   --->   "%data_V_60 = partselect i8 @_ssdm_op_PartSelect.i8.i144.i32.i32, i144 %internal_input_read, i32 48, i32 55" [firmware/nnet_utils/nnet_dense_stream.h:43]   --->   Operation 41 'partselect' 'data_V_60' <Predicate = (do_init)> <Delay = 0.00>
ST_2 : Operation 42 [1/1] (0.00ns)   --->   "%data_V_61 = partselect i8 @_ssdm_op_PartSelect.i8.i144.i32.i32, i144 %internal_input_read, i32 56, i32 63" [firmware/nnet_utils/nnet_dense_stream.h:43]   --->   Operation 42 'partselect' 'data_V_61' <Predicate = (do_init)> <Delay = 0.00>
ST_2 : Operation 43 [1/1] (0.00ns)   --->   "%data_V_62 = partselect i8 @_ssdm_op_PartSelect.i8.i144.i32.i32, i144 %internal_input_read, i32 64, i32 71" [firmware/nnet_utils/nnet_dense_stream.h:43]   --->   Operation 43 'partselect' 'data_V_62' <Predicate = (do_init)> <Delay = 0.00>
ST_2 : Operation 44 [1/1] (0.00ns)   --->   "%data_V_63 = partselect i8 @_ssdm_op_PartSelect.i8.i144.i32.i32, i144 %internal_input_read, i32 72, i32 79" [firmware/nnet_utils/nnet_dense_stream.h:43]   --->   Operation 44 'partselect' 'data_V_63' <Predicate = (do_init)> <Delay = 0.00>
ST_2 : Operation 45 [1/1] (0.00ns)   --->   "%data_V_64 = partselect i8 @_ssdm_op_PartSelect.i8.i144.i32.i32, i144 %internal_input_read, i32 80, i32 87" [firmware/nnet_utils/nnet_dense_stream.h:43]   --->   Operation 45 'partselect' 'data_V_64' <Predicate = (do_init)> <Delay = 0.00>
ST_2 : Operation 46 [1/1] (0.00ns)   --->   "%data_V_65 = partselect i8 @_ssdm_op_PartSelect.i8.i144.i32.i32, i144 %internal_input_read, i32 88, i32 95" [firmware/nnet_utils/nnet_dense_stream.h:43]   --->   Operation 46 'partselect' 'data_V_65' <Predicate = (do_init)> <Delay = 0.00>
ST_2 : Operation 47 [1/1] (0.00ns)   --->   "%data_V_66 = partselect i8 @_ssdm_op_PartSelect.i8.i144.i32.i32, i144 %internal_input_read, i32 96, i32 103" [firmware/nnet_utils/nnet_dense_stream.h:43]   --->   Operation 47 'partselect' 'data_V_66' <Predicate = (do_init)> <Delay = 0.00>
ST_2 : Operation 48 [1/1] (0.00ns)   --->   "%data_V_67 = partselect i8 @_ssdm_op_PartSelect.i8.i144.i32.i32, i144 %internal_input_read, i32 104, i32 111" [firmware/nnet_utils/nnet_dense_stream.h:43]   --->   Operation 48 'partselect' 'data_V_67' <Predicate = (do_init)> <Delay = 0.00>
ST_2 : Operation 49 [1/1] (0.00ns)   --->   "%data_V_68 = partselect i8 @_ssdm_op_PartSelect.i8.i144.i32.i32, i144 %internal_input_read, i32 112, i32 119" [firmware/nnet_utils/nnet_dense_stream.h:43]   --->   Operation 49 'partselect' 'data_V_68' <Predicate = (do_init)> <Delay = 0.00>
ST_2 : Operation 50 [1/1] (0.00ns)   --->   "%data_V_69 = partselect i8 @_ssdm_op_PartSelect.i8.i144.i32.i32, i144 %internal_input_read, i32 120, i32 127" [firmware/nnet_utils/nnet_dense_stream.h:43]   --->   Operation 50 'partselect' 'data_V_69' <Predicate = (do_init)> <Delay = 0.00>
ST_2 : Operation 51 [1/1] (1.58ns)   --->   "%br_ln124 = br void %for.body26.split.i.i_ifconv" [firmware/nnet_utils/nnet_dense_resource.h:124->firmware/nnet_utils/nnet_dense_resource.h:242->firmware/nnet_utils/nnet_dense_stream.h:24]   --->   Operation 51 'br' 'br_ln124' <Predicate = (do_init)> <Delay = 1.58>
ST_2 : Operation 52 [1/1] (0.00ns)   --->   "%data_V_42_phi = phi i8 %data_V_69, void %rewind_init, i8 %data_V_42_rewind, void %rewind_header"   --->   Operation 52 'phi' 'data_V_42_phi' <Predicate = true> <Delay = 0.00>
ST_2 : Operation 53 [1/1] (0.00ns)   --->   "%data_V_41_phi = phi i8 %data_V_68, void %rewind_init, i8 %data_V_41_rewind, void %rewind_header"   --->   Operation 53 'phi' 'data_V_41_phi' <Predicate = true> <Delay = 0.00>
ST_2 : Operation 54 [1/1] (0.00ns)   --->   "%data_V_40_phi = phi i8 %data_V_67, void %rewind_init, i8 %data_V_40_rewind, void %rewind_header"   --->   Operation 54 'phi' 'data_V_40_phi' <Predicate = true> <Delay = 0.00>
ST_2 : Operation 55 [1/1] (0.00ns)   --->   "%data_V_39_phi = phi i8 %data_V_66, void %rewind_init, i8 %data_V_39_rewind, void %rewind_header"   --->   Operation 55 'phi' 'data_V_39_phi' <Predicate = true> <Delay = 0.00>
ST_2 : Operation 56 [1/1] (0.00ns)   --->   "%data_V_38_phi = phi i8 %data_V_65, void %rewind_init, i8 %data_V_38_rewind, void %rewind_header"   --->   Operation 56 'phi' 'data_V_38_phi' <Predicate = true> <Delay = 0.00>
ST_2 : Operation 57 [1/1] (0.00ns)   --->   "%data_V_37_phi = phi i8 %data_V_64, void %rewind_init, i8 %data_V_37_rewind, void %rewind_header"   --->   Operation 57 'phi' 'data_V_37_phi' <Predicate = true> <Delay = 0.00>
ST_2 : Operation 58 [1/1] (0.00ns)   --->   "%data_V_36_phi = phi i8 %data_V_63, void %rewind_init, i8 %data_V_36_rewind, void %rewind_header"   --->   Operation 58 'phi' 'data_V_36_phi' <Predicate = true> <Delay = 0.00>
ST_2 : Operation 59 [1/1] (0.00ns)   --->   "%data_V_35_phi = phi i8 %data_V_62, void %rewind_init, i8 %data_V_35_rewind, void %rewind_header"   --->   Operation 59 'phi' 'data_V_35_phi' <Predicate = true> <Delay = 0.00>
ST_2 : Operation 60 [1/1] (0.00ns)   --->   "%data_V_34_phi = phi i8 %data_V_61, void %rewind_init, i8 %data_V_34_rewind, void %rewind_header"   --->   Operation 60 'phi' 'data_V_34_phi' <Predicate = true> <Delay = 0.00>
ST_2 : Operation 61 [1/1] (0.00ns)   --->   "%data_V_33_phi = phi i8 %data_V_60, void %rewind_init, i8 %data_V_33_rewind, void %rewind_header"   --->   Operation 61 'phi' 'data_V_33_phi' <Predicate = true> <Delay = 0.00>
ST_2 : Operation 62 [1/1] (0.00ns)   --->   "%data_V_32_phi = phi i8 %data_V_59, void %rewind_init, i8 %data_V_32_rewind, void %rewind_header"   --->   Operation 62 'phi' 'data_V_32_phi' <Predicate = true> <Delay = 0.00>
ST_2 : Operation 63 [1/1] (0.00ns)   --->   "%data_V_31_phi = phi i8 %data_V_58, void %rewind_init, i8 %data_V_31_rewind, void %rewind_header"   --->   Operation 63 'phi' 'data_V_31_phi' <Predicate = true> <Delay = 0.00>
ST_2 : Operation 64 [1/1] (0.00ns)   --->   "%data_V_30_phi = phi i8 %data_V_57, void %rewind_init, i8 %data_V_30_rewind, void %rewind_header"   --->   Operation 64 'phi' 'data_V_30_phi' <Predicate = true> <Delay = 0.00>
ST_2 : Operation 65 [1/1] (0.00ns)   --->   "%data_V_29_phi = phi i8 %data_V_56, void %rewind_init, i8 %data_V_29_rewind, void %rewind_header"   --->   Operation 65 'phi' 'data_V_29_phi' <Predicate = true> <Delay = 0.00>
ST_2 : Operation 66 [1/1] (0.00ns)   --->   "%data_V_43_phi = phi i8 %data_V_55, void %rewind_init, i8 %data_V_43_rewind, void %rewind_header"   --->   Operation 66 'phi' 'data_V_43_phi' <Predicate = true> <Delay = 0.00>
ST_2 : Operation 67 [1/1] (0.00ns)   --->   "%data_V_44_phi = phi i8 %data_V_54, void %rewind_init, i8 %data_V_44_rewind, void %rewind_header"   --->   Operation 67 'phi' 'data_V_44_phi' <Predicate = true> <Delay = 0.00>
ST_2 : Operation 68 [1/1] (0.00ns)   --->   "%data_V_45_phi = phi i8 %data_V_53, void %rewind_init, i8 %data_V_45_rewind, void %rewind_header"   --->   Operation 68 'phi' 'data_V_45_phi' <Predicate = true> <Delay = 0.00>
ST_2 : Operation 69 [1/1] (0.00ns)   --->   "%p_phi = phi i8 %data_V, void %rewind_init, i8 %p_rewind, void %rewind_header"   --->   Operation 69 'phi' 'p_phi' <Predicate = true> <Delay = 0.00>
ST_2 : Operation 70 [1/1] (0.00ns)   --->   "%zext_ln124 = zext i7 %ir115" [firmware/nnet_utils/nnet_dense_resource.h:124->firmware/nnet_utils/nnet_dense_resource.h:242->firmware/nnet_utils/nnet_dense_stream.h:24]   --->   Operation 70 'zext' 'zext_ln124' <Predicate = true> <Delay = 0.00>
ST_2 : Operation 71 [1/1] (0.00ns)   --->   "%zext_ln124_2 = zext i7 %ir115" [firmware/nnet_utils/nnet_dense_resource.h:124->firmware/nnet_utils/nnet_dense_resource.h:242->firmware/nnet_utils/nnet_dense_stream.h:24]   --->   Operation 71 'zext' 'zext_ln124_2' <Predicate = true> <Delay = 0.00>
ST_2 : Operation 72 [1/1] (0.00ns)   --->   "%zext_ln124_3 = zext i7 %ir115" [firmware/nnet_utils/nnet_dense_resource.h:124->firmware/nnet_utils/nnet_dense_resource.h:242->firmware/nnet_utils/nnet_dense_stream.h:24]   --->   Operation 72 'zext' 'zext_ln124_3' <Predicate = true> <Delay = 0.00>
ST_2 : Operation 73 [1/1] (0.00ns)   --->   "%zext_ln124_4 = zext i7 %ir115" [firmware/nnet_utils/nnet_dense_resource.h:124->firmware/nnet_utils/nnet_dense_resource.h:242->firmware/nnet_utils/nnet_dense_stream.h:24]   --->   Operation 73 'zext' 'zext_ln124_4' <Predicate = true> <Delay = 0.00>
ST_2 : Operation 74 [1/1] (0.00ns)   --->   "%outidx_1_addr = getelementptr i2 %outidx_1, i64 0, i64 %zext_ln124" [firmware/nnet_utils/nnet_dense_resource.h:127->firmware/nnet_utils/nnet_dense_resource.h:242->firmware/nnet_utils/nnet_dense_stream.h:24]   --->   Operation 74 'getelementptr' 'outidx_1_addr' <Predicate = true> <Delay = 0.00>
ST_2 : Operation 75 [2/2] (2.32ns)   --->   "%out_index = load i7 %outidx_1_addr" [firmware/nnet_utils/nnet_dense_stream.h:24]   --->   Operation 75 'load' 'out_index' <Predicate = true> <Delay = 2.32> <CoreInst = "ROM">   --->   Core 95 'ROM' <Latency = 1> <II = 1> <Delay = 2.32> <Storage> <Opcode : 'load'> <Ports = 0> <Width = 2> <Depth = 72> <ROM>
ST_2 : Operation 76 [1/1] (0.00ns)   --->   "%w2_V_addr = getelementptr i8 %w2_V, i64 0, i64 %zext_ln124" [firmware/nnet_utils/nnet_dense_resource.h:124->firmware/nnet_utils/nnet_dense_resource.h:242->firmware/nnet_utils/nnet_dense_stream.h:24]   --->   Operation 76 'getelementptr' 'w2_V_addr' <Predicate = true> <Delay = 0.00>
ST_2 : Operation 77 [2/2] (3.25ns)   --->   "%w_V = load i10 %w2_V_addr" [firmware/nnet_utils/nnet_dense_resource.h:124->firmware/nnet_utils/nnet_dense_resource.h:242->firmware/nnet_utils/nnet_dense_stream.h:24]   --->   Operation 77 'load' 'w_V' <Predicate = true> <Delay = 3.25> <CoreInst = "ROM">   --->   Core 95 'ROM' <Latency = 1> <II = 1> <Delay = 3.25> <Storage> <Opcode : 'load'> <Ports = 0> <Width = 8> <Depth = 576> <ROM>
ST_2 : Operation 78 [1/1] (1.91ns)   --->   "%empty_52 = add i8 %zext_ln124_4, i8 72" [firmware/nnet_utils/nnet_dense_resource.h:124->firmware/nnet_utils/nnet_dense_resource.h:242->firmware/nnet_utils/nnet_dense_stream.h:24]   --->   Operation 78 'add' 'empty_52' <Predicate = true> <Delay = 1.91> <CoreInst = "Adder">   --->   Core 1 'Adder' <Latency = 0> <II = 1> <Delay = 1.91> <FuncUnit> <Opcode : 'add' 'sub'> <InPorts = 2> <OutPorts = 1>
ST_2 : Operation 79 [1/1] (0.00ns)   --->   "%p_cast467 = zext i8 %empty_52" [firmware/nnet_utils/nnet_dense_resource.h:124->firmware/nnet_utils/nnet_dense_resource.h:242->firmware/nnet_utils/nnet_dense_stream.h:24]   --->   Operation 79 'zext' 'p_cast467' <Predicate = true> <Delay = 0.00>
ST_2 : Operation 80 [1/1] (0.00ns)   --->   "%w2_V_addr_1 = getelementptr i8 %w2_V, i64 0, i64 %p_cast467" [firmware/nnet_utils/nnet_dense_resource.h:124->firmware/nnet_utils/nnet_dense_resource.h:242->firmware/nnet_utils/nnet_dense_stream.h:24]   --->   Operation 80 'getelementptr' 'w2_V_addr_1' <Predicate = true> <Delay = 0.00>
ST_2 : Operation 81 [2/2] (3.25ns)   --->   "%w_V_8 = load i10 %w2_V_addr_1" [firmware/nnet_utils/nnet_dense_resource.h:124->firmware/nnet_utils/nnet_dense_resource.h:242->firmware/nnet_utils/nnet_dense_stream.h:24]   --->   Operation 81 'load' 'w_V_8' <Predicate = true> <Delay = 3.25> <CoreInst = "ROM">   --->   Core 95 'ROM' <Latency = 1> <II = 1> <Delay = 3.25> <Storage> <Opcode : 'load'> <Ports = 0> <Width = 8> <Depth = 576> <ROM>
ST_2 : Operation 82 [1/1] (1.91ns)   --->   "%empty_53 = add i8 %zext_ln124_4, i8 144" [firmware/nnet_utils/nnet_dense_resource.h:124->firmware/nnet_utils/nnet_dense_resource.h:242->firmware/nnet_utils/nnet_dense_stream.h:24]   --->   Operation 82 'add' 'empty_53' <Predicate = true> <Delay = 1.91> <CoreInst = "Adder">   --->   Core 1 'Adder' <Latency = 0> <II = 1> <Delay = 1.91> <FuncUnit> <Opcode : 'add' 'sub'> <InPorts = 2> <OutPorts = 1>
ST_2 : Operation 83 [1/1] (0.00ns)   --->   "%p_cast468 = zext i8 %empty_53" [firmware/nnet_utils/nnet_dense_resource.h:124->firmware/nnet_utils/nnet_dense_resource.h:242->firmware/nnet_utils/nnet_dense_stream.h:24]   --->   Operation 83 'zext' 'p_cast468' <Predicate = true> <Delay = 0.00>
ST_2 : Operation 84 [1/1] (0.00ns)   --->   "%w2_V_addr_2 = getelementptr i8 %w2_V, i64 0, i64 %p_cast468" [firmware/nnet_utils/nnet_dense_resource.h:124->firmware/nnet_utils/nnet_dense_resource.h:242->firmware/nnet_utils/nnet_dense_stream.h:24]   --->   Operation 84 'getelementptr' 'w2_V_addr_2' <Predicate = true> <Delay = 0.00>
ST_2 : Operation 85 [2/2] (3.25ns)   --->   "%w_V_9 = load i10 %w2_V_addr_2" [firmware/nnet_utils/nnet_dense_resource.h:124->firmware/nnet_utils/nnet_dense_resource.h:242->firmware/nnet_utils/nnet_dense_stream.h:24]   --->   Operation 85 'load' 'w_V_9' <Predicate = true> <Delay = 3.25> <CoreInst = "ROM">   --->   Core 95 'ROM' <Latency = 1> <II = 1> <Delay = 3.25> <Storage> <Opcode : 'load'> <Ports = 0> <Width = 8> <Depth = 576> <ROM>
ST_2 : Operation 86 [1/1] (1.82ns)   --->   "%empty_54 = add i9 %zext_ln124_3, i9 216" [firmware/nnet_utils/nnet_dense_resource.h:124->firmware/nnet_utils/nnet_dense_resource.h:242->firmware/nnet_utils/nnet_dense_stream.h:24]   --->   Operation 86 'add' 'empty_54' <Predicate = true> <Delay = 1.82> <CoreInst = "Adder">   --->   Core 1 'Adder' <Latency = 0> <II = 1> <Delay = 1.82> <FuncUnit> <Opcode : 'add' 'sub'> <InPorts = 2> <OutPorts = 1>
ST_2 : Operation 87 [1/1] (0.00ns)   --->   "%p_cast469 = zext i9 %empty_54" [firmware/nnet_utils/nnet_dense_resource.h:124->firmware/nnet_utils/nnet_dense_resource.h:242->firmware/nnet_utils/nnet_dense_stream.h:24]   --->   Operation 87 'zext' 'p_cast469' <Predicate = true> <Delay = 0.00>
ST_2 : Operation 88 [1/1] (0.00ns)   --->   "%w2_V_addr_3 = getelementptr i8 %w2_V, i64 0, i64 %p_cast469" [firmware/nnet_utils/nnet_dense_resource.h:124->firmware/nnet_utils/nnet_dense_resource.h:242->firmware/nnet_utils/nnet_dense_stream.h:24]   --->   Operation 88 'getelementptr' 'w2_V_addr_3' <Predicate = true> <Delay = 0.00>
ST_2 : Operation 89 [2/2] (3.25ns)   --->   "%w_V_10 = load i10 %w2_V_addr_3" [firmware/nnet_utils/nnet_dense_resource.h:124->firmware/nnet_utils/nnet_dense_resource.h:242->firmware/nnet_utils/nnet_dense_stream.h:24]   --->   Operation 89 'load' 'w_V_10' <Predicate = true> <Delay = 3.25> <CoreInst = "ROM">   --->   Core 95 'ROM' <Latency = 1> <II = 1> <Delay = 3.25> <Storage> <Opcode : 'load'> <Ports = 0> <Width = 8> <Depth = 576> <ROM>
ST_2 : Operation 90 [1/1] (1.82ns)   --->   "%empty_55 = add i9 %zext_ln124_3, i9 288" [firmware/nnet_utils/nnet_dense_resource.h:124->firmware/nnet_utils/nnet_dense_resource.h:242->firmware/nnet_utils/nnet_dense_stream.h:24]   --->   Operation 90 'add' 'empty_55' <Predicate = true> <Delay = 1.82> <CoreInst = "Adder">   --->   Core 1 'Adder' <Latency = 0> <II = 1> <Delay = 1.82> <FuncUnit> <Opcode : 'add' 'sub'> <InPorts = 2> <OutPorts = 1>
ST_2 : Operation 91 [1/1] (0.00ns)   --->   "%p_cast470 = zext i9 %empty_55" [firmware/nnet_utils/nnet_dense_resource.h:124->firmware/nnet_utils/nnet_dense_resource.h:242->firmware/nnet_utils/nnet_dense_stream.h:24]   --->   Operation 91 'zext' 'p_cast470' <Predicate = true> <Delay = 0.00>
ST_2 : Operation 92 [1/1] (0.00ns)   --->   "%w2_V_addr_4 = getelementptr i8 %w2_V, i64 0, i64 %p_cast470" [firmware/nnet_utils/nnet_dense_resource.h:124->firmware/nnet_utils/nnet_dense_resource.h:242->firmware/nnet_utils/nnet_dense_stream.h:24]   --->   Operation 92 'getelementptr' 'w2_V_addr_4' <Predicate = true> <Delay = 0.00>
ST_2 : Operation 93 [2/2] (3.25ns)   --->   "%w_V_11 = load i10 %w2_V_addr_4" [firmware/nnet_utils/nnet_dense_resource.h:124->firmware/nnet_utils/nnet_dense_resource.h:242->firmware/nnet_utils/nnet_dense_stream.h:24]   --->   Operation 93 'load' 'w_V_11' <Predicate = true> <Delay = 3.25> <CoreInst = "ROM">   --->   Core 95 'ROM' <Latency = 1> <II = 1> <Delay = 3.25> <Storage> <Opcode : 'load'> <Ports = 0> <Width = 8> <Depth = 576> <ROM>
ST_2 : Operation 94 [1/1] (1.82ns)   --->   "%empty_56 = add i9 %zext_ln124_3, i9 360" [firmware/nnet_utils/nnet_dense_resource.h:124->firmware/nnet_utils/nnet_dense_resource.h:242->firmware/nnet_utils/nnet_dense_stream.h:24]   --->   Operation 94 'add' 'empty_56' <Predicate = true> <Delay = 1.82> <CoreInst = "Adder">   --->   Core 1 'Adder' <Latency = 0> <II = 1> <Delay = 1.82> <FuncUnit> <Opcode : 'add' 'sub'> <InPorts = 2> <OutPorts = 1>
ST_2 : Operation 95 [1/1] (0.00ns)   --->   "%p_cast471 = zext i9 %empty_56" [firmware/nnet_utils/nnet_dense_resource.h:124->firmware/nnet_utils/nnet_dense_resource.h:242->firmware/nnet_utils/nnet_dense_stream.h:24]   --->   Operation 95 'zext' 'p_cast471' <Predicate = true> <Delay = 0.00>
ST_2 : Operation 96 [1/1] (0.00ns)   --->   "%w2_V_addr_5 = getelementptr i8 %w2_V, i64 0, i64 %p_cast471" [firmware/nnet_utils/nnet_dense_resource.h:124->firmware/nnet_utils/nnet_dense_resource.h:242->firmware/nnet_utils/nnet_dense_stream.h:24]   --->   Operation 96 'getelementptr' 'w2_V_addr_5' <Predicate = true> <Delay = 0.00>
ST_2 : Operation 97 [2/2] (3.25ns)   --->   "%w_V_12 = load i10 %w2_V_addr_5" [firmware/nnet_utils/nnet_dense_resource.h:124->firmware/nnet_utils/nnet_dense_resource.h:242->firmware/nnet_utils/nnet_dense_stream.h:24]   --->   Operation 97 'load' 'w_V_12' <Predicate = true> <Delay = 3.25> <CoreInst = "ROM">   --->   Core 95 'ROM' <Latency = 1> <II = 1> <Delay = 3.25> <Storage> <Opcode : 'load'> <Ports = 0> <Width = 8> <Depth = 576> <ROM>
ST_2 : Operation 98 [1/1] (1.91ns)   --->   "%empty_57 = add i8 %zext_ln124_4, i8 176" [firmware/nnet_utils/nnet_dense_resource.h:124->firmware/nnet_utils/nnet_dense_resource.h:242->firmware/nnet_utils/nnet_dense_stream.h:24]   --->   Operation 98 'add' 'empty_57' <Predicate = true> <Delay = 1.91> <CoreInst = "Adder">   --->   Core 1 'Adder' <Latency = 0> <II = 1> <Delay = 1.91> <FuncUnit> <Opcode : 'add' 'sub'> <InPorts = 2> <OutPorts = 1>
ST_2 : Operation 99 [1/1] (0.00ns)   --->   "%p_cast472_cast_cast_cast_cast = sext i8 %empty_57" [firmware/nnet_utils/nnet_dense_resource.h:124->firmware/nnet_utils/nnet_dense_resource.h:242->firmware/nnet_utils/nnet_dense_stream.h:24]   --->   Operation 99 'sext' 'p_cast472_cast_cast_cast_cast' <Predicate = true> <Delay = 0.00>
ST_2 : Operation 100 [1/1] (0.00ns)   --->   "%p_cast472_cast_cast_cast_cast_cast = zext i9 %p_cast472_cast_cast_cast_cast" [firmware/nnet_utils/nnet_dense_resource.h:124->firmware/nnet_utils/nnet_dense_resource.h:242->firmware/nnet_utils/nnet_dense_stream.h:24]   --->   Operation 100 'zext' 'p_cast472_cast_cast_cast_cast_cast' <Predicate = true> <Delay = 0.00>
ST_2 : Operation 101 [1/1] (0.00ns)   --->   "%w2_V_addr_6 = getelementptr i8 %w2_V, i64 0, i64 %p_cast472_cast_cast_cast_cast_cast" [firmware/nnet_utils/nnet_dense_resource.h:124->firmware/nnet_utils/nnet_dense_resource.h:242->firmware/nnet_utils/nnet_dense_stream.h:24]   --->   Operation 101 'getelementptr' 'w2_V_addr_6' <Predicate = true> <Delay = 0.00>
ST_2 : Operation 102 [2/2] (3.25ns)   --->   "%w_V_13 = load i10 %w2_V_addr_6" [firmware/nnet_utils/nnet_dense_resource.h:124->firmware/nnet_utils/nnet_dense_resource.h:242->firmware/nnet_utils/nnet_dense_stream.h:24]   --->   Operation 102 'load' 'w_V_13' <Predicate = true> <Delay = 3.25> <CoreInst = "ROM">   --->   Core 95 'ROM' <Latency = 1> <II = 1> <Delay = 3.25> <Storage> <Opcode : 'load'> <Ports = 0> <Width = 8> <Depth = 576> <ROM>
ST_2 : Operation 103 [1/1] (1.73ns)   --->   "%empty_58 = add i10 %zext_ln124_2, i10 504" [firmware/nnet_utils/nnet_dense_resource.h:124->firmware/nnet_utils/nnet_dense_resource.h:242->firmware/nnet_utils/nnet_dense_stream.h:24]   --->   Operation 103 'add' 'empty_58' <Predicate = true> <Delay = 1.73> <CoreInst = "Adder">   --->   Core 1 'Adder' <Latency = 0> <II = 1> <Delay = 1.73> <FuncUnit> <Opcode : 'add' 'sub'> <InPorts = 2> <OutPorts = 1>
ST_2 : Operation 104 [1/1] (0.00ns)   --->   "%p_cast473 = zext i10 %empty_58" [firmware/nnet_utils/nnet_dense_resource.h:124->firmware/nnet_utils/nnet_dense_resource.h:242->firmware/nnet_utils/nnet_dense_stream.h:24]   --->   Operation 104 'zext' 'p_cast473' <Predicate = true> <Delay = 0.00>
ST_2 : Operation 105 [1/1] (0.00ns)   --->   "%w2_V_addr_7 = getelementptr i8 %w2_V, i64 0, i64 %p_cast473" [firmware/nnet_utils/nnet_dense_resource.h:124->firmware/nnet_utils/nnet_dense_resource.h:242->firmware/nnet_utils/nnet_dense_stream.h:24]   --->   Operation 105 'getelementptr' 'w2_V_addr_7' <Predicate = true> <Delay = 0.00>
ST_2 : Operation 106 [2/2] (3.25ns)   --->   "%w_V_14 = load i10 %w2_V_addr_7" [firmware/nnet_utils/nnet_dense_resource.h:124->firmware/nnet_utils/nnet_dense_resource.h:242->firmware/nnet_utils/nnet_dense_stream.h:24]   --->   Operation 106 'load' 'w_V_14' <Predicate = true> <Delay = 3.25> <CoreInst = "ROM">   --->   Core 95 'ROM' <Latency = 1> <II = 1> <Delay = 3.25> <Storage> <Opcode : 'load'> <Ports = 0> <Width = 8> <Depth = 576> <ROM>
ST_2 : Operation 107 [1/1] (1.87ns)   --->   "%ir = add i7 %ir115, i7 1" [firmware/nnet_utils/nnet_dense_resource.h:124->firmware/nnet_utils/nnet_dense_resource.h:242->firmware/nnet_utils/nnet_dense_stream.h:24]   --->   Operation 107 'add' 'ir' <Predicate = true> <Delay = 1.87> <CoreInst = "Adder">   --->   Core 1 'Adder' <Latency = 0> <II = 1> <Delay = 1.87> <FuncUnit> <Opcode : 'add' 'sub'> <InPorts = 2> <OutPorts = 1>
ST_2 : Operation 108 [1/1] (1.48ns)   --->   "%icmp_ln124 = icmp_eq  i7 %ir115, i7 71" [firmware/nnet_utils/nnet_dense_resource.h:124->firmware/nnet_utils/nnet_dense_resource.h:242->firmware/nnet_utils/nnet_dense_stream.h:24]   --->   Operation 108 'icmp' 'icmp_ln124' <Predicate = true> <Delay = 1.48> <CoreInst = "Cmp">   --->   Core 9 'Cmp' <Latency = 0> <II = 1> <Delay = 1.48> <FuncUnit> <Opcode : 'icmp'> <InPorts = 2> <OutPorts = 1>
ST_2 : Operation 109 [1/1] (0.00ns)   --->   "%br_ln124 = br i1 %icmp_ln124, void %rewind_header, void %nnet::dense_resource<ap_fixed<8, 2, (ap_q_mode)5, (ap_o_mode)3, 0>, ap_fixed<8, 2, (ap_q_mode)5, (ap_o_mode)3, 0>, config2>.region_end" [firmware/nnet_utils/nnet_dense_resource.h:124->firmware/nnet_utils/nnet_dense_resource.h:242->firmware/nnet_utils/nnet_dense_stream.h:24]   --->   Operation 109 'br' 'br_ln124' <Predicate = true> <Delay = 0.00>
ST_2 : Operation 110 [1/1] (0.00ns)   --->   "%br_ln101 = br void %rewind_header" [firmware/nnet_utils/nnet_dense_stream.h:101]   --->   Operation 110 'br' 'br_ln101' <Predicate = (icmp_ln124)> <Delay = 0.00>

State 3 <SV = 2> <Delay = 4.35>
ST_3 : Operation 111 [1/1] (0.00ns)   --->   "%in_index116 = phi i5 0, void %nnet::dense_resource<ap_fixed<8, 2, (ap_q_mode)5, (ap_o_mode)3, 0>, ap_fixed<8, 2, (ap_q_mode)5, (ap_o_mode)3, 0>, config2>.region_begin, i5 %in_index, void %for.body26.split.i.i_ifconv, i5 0, void %nnet::dense_resource<ap_fixed<8, 2, (ap_q_mode)5, (ap_o_mode)3, 0>, ap_fixed<8, 2, (ap_q_mode)5, (ap_o_mode)3, 0>, config2>.region_end"   --->   Operation 111 'phi' 'in_index116' <Predicate = true> <Delay = 0.00>
ST_3 : Operation 112 [1/2] (2.32ns)   --->   "%out_index = load i7 %outidx_1_addr" [firmware/nnet_utils/nnet_dense_stream.h:24]   --->   Operation 112 'load' 'out_index' <Predicate = true> <Delay = 2.32> <CoreInst = "ROM">   --->   Core 95 'ROM' <Latency = 1> <II = 1> <Delay = 2.32> <Storage> <Opcode : 'load'> <Ports = 0> <Width = 2> <Depth = 72> <ROM>
ST_3 : Operation 113 [1/1] (2.84ns)   --->   "%a_V = mux i8 @_ssdm_op_Mux.ap_auto.18i8.i5, i8 %p_phi, i8 %data_V_43_phi, i8 %data_V_29_phi, i8 %data_V_30_phi, i8 %data_V_31_phi, i8 %data_V_32_phi, i8 %data_V_33_phi, i8 %data_V_34_phi, i8 %data_V_35_phi, i8 %data_V_36_phi, i8 %data_V_37_phi, i8 %data_V_38_phi, i8 %data_V_39_phi, i8 %data_V_40_phi, i8 %data_V_41_phi, i8 %data_V_42_phi, i8 %data_V_45_phi, i8 %data_V_44_phi, i5 %in_index116" [firmware/nnet_utils/nnet_dense_stream.h:43]   --->   Operation 113 'mux' 'a_V' <Predicate = true> <Delay = 2.84> <CoreInst = "Multiplexer">   --->   Core 76 'Multiplexer' <Latency = 0> <II = 1> <Delay = 2.84> <FuncUnit> <Opcode : 'mux'> <InPorts = 2> <OutPorts = 1>
ST_3 : Operation 114 [1/2] (3.25ns)   --->   "%w_V = load i10 %w2_V_addr" [firmware/nnet_utils/nnet_dense_resource.h:124->firmware/nnet_utils/nnet_dense_resource.h:242->firmware/nnet_utils/nnet_dense_stream.h:24]   --->   Operation 114 'load' 'w_V' <Predicate = true> <Delay = 3.25> <CoreInst = "ROM">   --->   Core 95 'ROM' <Latency = 1> <II = 1> <Delay = 3.25> <Storage> <Opcode : 'load'> <Ports = 0> <Width = 8> <Depth = 576> <ROM>
ST_3 : Operation 115 [1/2] (3.25ns)   --->   "%w_V_8 = load i10 %w2_V_addr_1" [firmware/nnet_utils/nnet_dense_resource.h:124->firmware/nnet_utils/nnet_dense_resource.h:242->firmware/nnet_utils/nnet_dense_stream.h:24]   --->   Operation 115 'load' 'w_V_8' <Predicate = true> <Delay = 3.25> <CoreInst = "ROM">   --->   Core 95 'ROM' <Latency = 1> <II = 1> <Delay = 3.25> <Storage> <Opcode : 'load'> <Ports = 0> <Width = 8> <Depth = 576> <ROM>
ST_3 : Operation 116 [1/2] (3.25ns)   --->   "%w_V_9 = load i10 %w2_V_addr_2" [firmware/nnet_utils/nnet_dense_resource.h:124->firmware/nnet_utils/nnet_dense_resource.h:242->firmware/nnet_utils/nnet_dense_stream.h:24]   --->   Operation 116 'load' 'w_V_9' <Predicate = true> <Delay = 3.25> <CoreInst = "ROM">   --->   Core 95 'ROM' <Latency = 1> <II = 1> <Delay = 3.25> <Storage> <Opcode : 'load'> <Ports = 0> <Width = 8> <Depth = 576> <ROM>
ST_3 : Operation 117 [1/2] (3.25ns)   --->   "%w_V_10 = load i10 %w2_V_addr_3" [firmware/nnet_utils/nnet_dense_resource.h:124->firmware/nnet_utils/nnet_dense_resource.h:242->firmware/nnet_utils/nnet_dense_stream.h:24]   --->   Operation 117 'load' 'w_V_10' <Predicate = true> <Delay = 3.25> <CoreInst = "ROM">   --->   Core 95 'ROM' <Latency = 1> <II = 1> <Delay = 3.25> <Storage> <Opcode : 'load'> <Ports = 0> <Width = 8> <Depth = 576> <ROM>
ST_3 : Operation 118 [1/2] (3.25ns)   --->   "%w_V_11 = load i10 %w2_V_addr_4" [firmware/nnet_utils/nnet_dense_resource.h:124->firmware/nnet_utils/nnet_dense_resource.h:242->firmware/nnet_utils/nnet_dense_stream.h:24]   --->   Operation 118 'load' 'w_V_11' <Predicate = true> <Delay = 3.25> <CoreInst = "ROM">   --->   Core 95 'ROM' <Latency = 1> <II = 1> <Delay = 3.25> <Storage> <Opcode : 'load'> <Ports = 0> <Width = 8> <Depth = 576> <ROM>
ST_3 : Operation 119 [1/2] (3.25ns)   --->   "%w_V_12 = load i10 %w2_V_addr_5" [firmware/nnet_utils/nnet_dense_resource.h:124->firmware/nnet_utils/nnet_dense_resource.h:242->firmware/nnet_utils/nnet_dense_stream.h:24]   --->   Operation 119 'load' 'w_V_12' <Predicate = true> <Delay = 3.25> <CoreInst = "ROM">   --->   Core 95 'ROM' <Latency = 1> <II = 1> <Delay = 3.25> <Storage> <Opcode : 'load'> <Ports = 0> <Width = 8> <Depth = 576> <ROM>
ST_3 : Operation 120 [1/2] (3.25ns)   --->   "%w_V_13 = load i10 %w2_V_addr_6" [firmware/nnet_utils/nnet_dense_resource.h:124->firmware/nnet_utils/nnet_dense_resource.h:242->firmware/nnet_utils/nnet_dense_stream.h:24]   --->   Operation 120 'load' 'w_V_13' <Predicate = true> <Delay = 3.25> <CoreInst = "ROM">   --->   Core 95 'ROM' <Latency = 1> <II = 1> <Delay = 3.25> <Storage> <Opcode : 'load'> <Ports = 0> <Width = 8> <Depth = 576> <ROM>
ST_3 : Operation 121 [1/2] (3.25ns)   --->   "%w_V_14 = load i10 %w2_V_addr_7" [firmware/nnet_utils/nnet_dense_resource.h:124->firmware/nnet_utils/nnet_dense_resource.h:242->firmware/nnet_utils/nnet_dense_stream.h:24]   --->   Operation 121 'load' 'w_V_14' <Predicate = true> <Delay = 3.25> <CoreInst = "ROM">   --->   Core 95 'ROM' <Latency = 1> <II = 1> <Delay = 3.25> <Storage> <Opcode : 'load'> <Ports = 0> <Width = 8> <Depth = 576> <ROM>
ST_3 : Operation 122 [1/1] (1.78ns)   --->   "%in_index_2 = add i5 %in_index116, i5 1" [firmware/nnet_utils/nnet_dense_resource.h:140->firmware/nnet_utils/nnet_dense_resource.h:242->firmware/nnet_utils/nnet_dense_stream.h:24]   --->   Operation 122 'add' 'in_index_2' <Predicate = true> <Delay = 1.78> <CoreInst = "Adder">   --->   Core 1 'Adder' <Latency = 0> <II = 1> <Delay = 1.78> <FuncUnit> <Opcode : 'add' 'sub'> <InPorts = 2> <OutPorts = 1>
ST_3 : Operation 123 [1/1] (1.36ns)   --->   "%icmp_ln141 = icmp_ugt  i5 %in_index_2, i5 17" [firmware/nnet_utils/nnet_dense_resource.h:141->firmware/nnet_utils/nnet_dense_resource.h:242->firmware/nnet_utils/nnet_dense_stream.h:24]   --->   Operation 123 'icmp' 'icmp_ln141' <Predicate = true> <Delay = 1.36> <CoreInst = "Cmp">   --->   Core 9 'Cmp' <Latency = 0> <II = 1> <Delay = 1.36> <FuncUnit> <Opcode : 'icmp'> <InPorts = 2> <OutPorts = 1>
ST_3 : Operation 124 [1/1] (1.21ns)   --->   "%in_index = select i1 %icmp_ln141, i5 0, i5 %in_index_2" [firmware/nnet_utils/nnet_dense_resource.h:141->firmware/nnet_utils/nnet_dense_resource.h:242->firmware/nnet_utils/nnet_dense_stream.h:24]   --->   Operation 124 'select' 'in_index' <Predicate = true> <Delay = 1.21> <CoreInst = "Sel">   --->   Core 73 'Sel' <Latency = 0> <II = 1> <Delay = 1.21> <FuncUnit> <Opcode : 'select'> <InPorts = 3> <OutPorts = 1>

State 4 <SV = 3> <Delay = 4.17>
ST_4 : Operation 125 [1/1] (0.00ns)   --->   "%sext_ln1273 = sext i8 %w_V" [firmware/nnet_utils/nnet_dense_stream.h:24]   --->   Operation 125 'sext' 'sext_ln1273' <Predicate = true> <Delay = 0.00>
ST_4 : Operation 126 [1/1] (0.00ns)   --->   "%sext_ln1273_45 = sext i8 %a_V" [firmware/nnet_utils/nnet_dense_stream.h:24]   --->   Operation 126 'sext' 'sext_ln1273_45' <Predicate = true> <Delay = 0.00>
ST_4 : Operation 127 [1/1] (4.17ns)   --->   "%mul_ln1270 = mul i13 %sext_ln1273, i13 %sext_ln1273_45" [firmware/nnet_utils/nnet_dense_stream.h:24]   --->   Operation 127 'mul' 'mul_ln1270' <Predicate = true> <Delay = 4.17> <CoreInst = "Multiplier">   --->   Core 3 'Multiplier' <Latency = 0> <II = 1> <Delay = 4.17> <FuncUnit> <Opcode : 'mul'> <InPorts = 2> <OutPorts = 1>
ST_4 : Operation 128 [1/1] (0.00ns)   --->   "%rhs = partselect i8 @_ssdm_op_PartSelect.i8.i13.i32.i32, i13 %mul_ln1270, i32 5, i32 12" [firmware/nnet_utils/nnet_dense_stream.h:24]   --->   Operation 128 'partselect' 'rhs' <Predicate = true> <Delay = 0.00>
ST_4 : Operation 129 [1/1] (0.00ns)   --->   "%sext_ln1273_46 = sext i8 %w_V_8" [firmware/nnet_utils/nnet_dense_stream.h:24]   --->   Operation 129 'sext' 'sext_ln1273_46' <Predicate = true> <Delay = 0.00>
ST_4 : Operation 130 [1/1] (4.17ns)   --->   "%mul_ln1270_10 = mul i13 %sext_ln1273_46, i13 %sext_ln1273_45" [firmware/nnet_utils/nnet_dense_stream.h:24]   --->   Operation 130 'mul' 'mul_ln1270_10' <Predicate = true> <Delay = 4.17> <CoreInst = "Multiplier">   --->   Core 3 'Multiplier' <Latency = 0> <II = 1> <Delay = 4.17> <FuncUnit> <Opcode : 'mul'> <InPorts = 2> <OutPorts = 1>
ST_4 : Operation 131 [1/1] (0.00ns)   --->   "%rhs_8 = partselect i8 @_ssdm_op_PartSelect.i8.i13.i32.i32, i13 %mul_ln1270_10, i32 5, i32 12" [firmware/nnet_utils/nnet_dense_stream.h:24]   --->   Operation 131 'partselect' 'rhs_8' <Predicate = true> <Delay = 0.00>
ST_4 : Operation 132 [1/1] (0.00ns)   --->   "%sext_ln1273_47 = sext i8 %w_V_9" [firmware/nnet_utils/nnet_dense_stream.h:24]   --->   Operation 132 'sext' 'sext_ln1273_47' <Predicate = true> <Delay = 0.00>
ST_4 : Operation 133 [1/1] (4.17ns)   --->   "%mul_ln1270_11 = mul i13 %sext_ln1273_47, i13 %sext_ln1273_45" [firmware/nnet_utils/nnet_dense_stream.h:24]   --->   Operation 133 'mul' 'mul_ln1270_11' <Predicate = true> <Delay = 4.17> <CoreInst = "Multiplier">   --->   Core 3 'Multiplier' <Latency = 0> <II = 1> <Delay = 4.17> <FuncUnit> <Opcode : 'mul'> <InPorts = 2> <OutPorts = 1>
ST_4 : Operation 134 [1/1] (0.00ns)   --->   "%rhs_9 = partselect i8 @_ssdm_op_PartSelect.i8.i13.i32.i32, i13 %mul_ln1270_11, i32 5, i32 12" [firmware/nnet_utils/nnet_dense_stream.h:24]   --->   Operation 134 'partselect' 'rhs_9' <Predicate = true> <Delay = 0.00>
ST_4 : Operation 135 [1/1] (0.00ns)   --->   "%sext_ln1273_48 = sext i8 %w_V_10" [firmware/nnet_utils/nnet_dense_stream.h:24]   --->   Operation 135 'sext' 'sext_ln1273_48' <Predicate = true> <Delay = 0.00>
ST_4 : Operation 136 [1/1] (4.17ns)   --->   "%mul_ln1270_12 = mul i13 %sext_ln1273_48, i13 %sext_ln1273_45" [firmware/nnet_utils/nnet_dense_stream.h:24]   --->   Operation 136 'mul' 'mul_ln1270_12' <Predicate = true> <Delay = 4.17> <CoreInst = "Multiplier">   --->   Core 3 'Multiplier' <Latency = 0> <II = 1> <Delay = 4.17> <FuncUnit> <Opcode : 'mul'> <InPorts = 2> <OutPorts = 1>
ST_4 : Operation 137 [1/1] (0.00ns)   --->   "%rhs_10 = partselect i8 @_ssdm_op_PartSelect.i8.i13.i32.i32, i13 %mul_ln1270_12, i32 5, i32 12" [firmware/nnet_utils/nnet_dense_stream.h:24]   --->   Operation 137 'partselect' 'rhs_10' <Predicate = true> <Delay = 0.00>
ST_4 : Operation 138 [1/1] (0.00ns)   --->   "%sext_ln1273_49 = sext i8 %w_V_11" [firmware/nnet_utils/nnet_dense_stream.h:24]   --->   Operation 138 'sext' 'sext_ln1273_49' <Predicate = true> <Delay = 0.00>
ST_4 : Operation 139 [1/1] (4.17ns)   --->   "%mul_ln1270_13 = mul i13 %sext_ln1273_49, i13 %sext_ln1273_45" [firmware/nnet_utils/nnet_dense_stream.h:24]   --->   Operation 139 'mul' 'mul_ln1270_13' <Predicate = true> <Delay = 4.17> <CoreInst = "Multiplier">   --->   Core 3 'Multiplier' <Latency = 0> <II = 1> <Delay = 4.17> <FuncUnit> <Opcode : 'mul'> <InPorts = 2> <OutPorts = 1>
ST_4 : Operation 140 [1/1] (0.00ns)   --->   "%rhs_11 = partselect i8 @_ssdm_op_PartSelect.i8.i13.i32.i32, i13 %mul_ln1270_13, i32 5, i32 12" [firmware/nnet_utils/nnet_dense_stream.h:24]   --->   Operation 140 'partselect' 'rhs_11' <Predicate = true> <Delay = 0.00>
ST_4 : Operation 141 [1/1] (0.00ns)   --->   "%sext_ln1273_50 = sext i8 %w_V_12" [firmware/nnet_utils/nnet_dense_stream.h:24]   --->   Operation 141 'sext' 'sext_ln1273_50' <Predicate = true> <Delay = 0.00>
ST_4 : Operation 142 [1/1] (4.17ns)   --->   "%mul_ln1270_14 = mul i13 %sext_ln1273_50, i13 %sext_ln1273_45" [firmware/nnet_utils/nnet_dense_stream.h:24]   --->   Operation 142 'mul' 'mul_ln1270_14' <Predicate = true> <Delay = 4.17> <CoreInst = "Multiplier">   --->   Core 3 'Multiplier' <Latency = 0> <II = 1> <Delay = 4.17> <FuncUnit> <Opcode : 'mul'> <InPorts = 2> <OutPorts = 1>
ST_4 : Operation 143 [1/1] (0.00ns)   --->   "%rhs_12 = partselect i8 @_ssdm_op_PartSelect.i8.i13.i32.i32, i13 %mul_ln1270_14, i32 5, i32 12" [firmware/nnet_utils/nnet_dense_stream.h:24]   --->   Operation 143 'partselect' 'rhs_12' <Predicate = true> <Delay = 0.00>
ST_4 : Operation 144 [1/1] (0.00ns)   --->   "%sext_ln1273_51 = sext i8 %w_V_13" [firmware/nnet_utils/nnet_dense_stream.h:24]   --->   Operation 144 'sext' 'sext_ln1273_51' <Predicate = true> <Delay = 0.00>
ST_4 : Operation 145 [1/1] (4.17ns)   --->   "%mul_ln1270_15 = mul i13 %sext_ln1273_51, i13 %sext_ln1273_45" [firmware/nnet_utils/nnet_dense_stream.h:24]   --->   Operation 145 'mul' 'mul_ln1270_15' <Predicate = true> <Delay = 4.17> <CoreInst = "Multiplier">   --->   Core 3 'Multiplier' <Latency = 0> <II = 1> <Delay = 4.17> <FuncUnit> <Opcode : 'mul'> <InPorts = 2> <OutPorts = 1>
ST_4 : Operation 146 [1/1] (0.00ns)   --->   "%rhs_13 = partselect i8 @_ssdm_op_PartSelect.i8.i13.i32.i32, i13 %mul_ln1270_15, i32 5, i32 12" [firmware/nnet_utils/nnet_dense_stream.h:24]   --->   Operation 146 'partselect' 'rhs_13' <Predicate = true> <Delay = 0.00>
ST_4 : Operation 147 [1/1] (0.00ns)   --->   "%sext_ln1273_52 = sext i8 %w_V_14" [firmware/nnet_utils/nnet_dense_stream.h:24]   --->   Operation 147 'sext' 'sext_ln1273_52' <Predicate = true> <Delay = 0.00>
ST_4 : Operation 148 [1/1] (4.17ns)   --->   "%mul_ln1270_16 = mul i13 %sext_ln1273_52, i13 %sext_ln1273_45" [firmware/nnet_utils/nnet_dense_stream.h:24]   --->   Operation 148 'mul' 'mul_ln1270_16' <Predicate = true> <Delay = 4.17> <CoreInst = "Multiplier">   --->   Core 3 'Multiplier' <Latency = 0> <II = 1> <Delay = 4.17> <FuncUnit> <Opcode : 'mul'> <InPorts = 2> <OutPorts = 1>
ST_4 : Operation 149 [1/1] (0.00ns)   --->   "%rhs_14 = partselect i8 @_ssdm_op_PartSelect.i8.i13.i32.i32, i13 %mul_ln1270_16, i32 5, i32 12" [firmware/nnet_utils/nnet_dense_stream.h:24]   --->   Operation 149 'partselect' 'rhs_14' <Predicate = true> <Delay = 0.00>

State 5 <SV = 4> <Delay = 4.98>
ST_5 : Operation 150 [1/1] (0.00ns)   --->   "%acc_V114 = phi i8 0, void %nnet::dense_resource<ap_fixed<8, 2, (ap_q_mode)5, (ap_o_mode)3, 0>, ap_fixed<8, 2, (ap_q_mode)5, (ap_o_mode)3, 0>, config2>.region_begin, i8 %acc_V_101, void %for.body26.split.i.i_ifconv, i8 0, void %nnet::dense_resource<ap_fixed<8, 2, (ap_q_mode)5, (ap_o_mode)3, 0>, ap_fixed<8, 2, (ap_q_mode)5, (ap_o_mode)3, 0>, config2>.region_end"   --->   Operation 150 'phi' 'acc_V114' <Predicate = true> <Delay = 0.00>
ST_5 : Operation 151 [1/1] (0.00ns)   --->   "%acc_V_56112 = phi i8 255, void %nnet::dense_resource<ap_fixed<8, 2, (ap_q_mode)5, (ap_o_mode)3, 0>, ap_fixed<8, 2, (ap_q_mode)5, (ap_o_mode)3, 0>, config2>.region_begin, i8 %acc_V_102, void %for.body26.split.i.i_ifconv, i8 255, void %nnet::dense_resource<ap_fixed<8, 2, (ap_q_mode)5, (ap_o_mode)3, 0>, ap_fixed<8, 2, (ap_q_mode)5, (ap_o_mode)3, 0>, config2>.region_end"   --->   Operation 151 'phi' 'acc_V_56112' <Predicate = true> <Delay = 0.00>
ST_5 : Operation 152 [1/1] (0.00ns)   --->   "%acc_V_57110 = phi i8 255, void %nnet::dense_resource<ap_fixed<8, 2, (ap_q_mode)5, (ap_o_mode)3, 0>, ap_fixed<8, 2, (ap_q_mode)5, (ap_o_mode)3, 0>, config2>.region_begin, i8 %acc_V_103, void %for.body26.split.i.i_ifconv, i8 255, void %nnet::dense_resource<ap_fixed<8, 2, (ap_q_mode)5, (ap_o_mode)3, 0>, ap_fixed<8, 2, (ap_q_mode)5, (ap_o_mode)3, 0>, config2>.region_end"   --->   Operation 152 'phi' 'acc_V_57110' <Predicate = true> <Delay = 0.00>
ST_5 : Operation 153 [1/1] (0.00ns)   --->   "%acc_V_58108 = phi i8 255, void %nnet::dense_resource<ap_fixed<8, 2, (ap_q_mode)5, (ap_o_mode)3, 0>, ap_fixed<8, 2, (ap_q_mode)5, (ap_o_mode)3, 0>, config2>.region_begin, i8 %acc_V_104, void %for.body26.split.i.i_ifconv, i8 255, void %nnet::dense_resource<ap_fixed<8, 2, (ap_q_mode)5, (ap_o_mode)3, 0>, ap_fixed<8, 2, (ap_q_mode)5, (ap_o_mode)3, 0>, config2>.region_end"   --->   Operation 153 'phi' 'acc_V_58108' <Predicate = true> <Delay = 0.00>
ST_5 : Operation 154 [1/1] (0.00ns)   --->   "%acc_V_59106 = phi i8 0, void %nnet::dense_resource<ap_fixed<8, 2, (ap_q_mode)5, (ap_o_mode)3, 0>, ap_fixed<8, 2, (ap_q_mode)5, (ap_o_mode)3, 0>, config2>.region_begin, i8 %acc_V_105, void %for.body26.split.i.i_ifconv, i8 0, void %nnet::dense_resource<ap_fixed<8, 2, (ap_q_mode)5, (ap_o_mode)3, 0>, ap_fixed<8, 2, (ap_q_mode)5, (ap_o_mode)3, 0>, config2>.region_end"   --->   Operation 154 'phi' 'acc_V_59106' <Predicate = true> <Delay = 0.00>
ST_5 : Operation 155 [1/1] (0.00ns)   --->   "%acc_V_60104 = phi i8 0, void %nnet::dense_resource<ap_fixed<8, 2, (ap_q_mode)5, (ap_o_mode)3, 0>, ap_fixed<8, 2, (ap_q_mode)5, (ap_o_mode)3, 0>, config2>.region_begin, i8 %acc_V_106, void %for.body26.split.i.i_ifconv, i8 0, void %nnet::dense_resource<ap_fixed<8, 2, (ap_q_mode)5, (ap_o_mode)3, 0>, ap_fixed<8, 2, (ap_q_mode)5, (ap_o_mode)3, 0>, config2>.region_end"   --->   Operation 155 'phi' 'acc_V_60104' <Predicate = true> <Delay = 0.00>
ST_5 : Operation 156 [1/1] (0.00ns)   --->   "%acc_V_61102 = phi i8 0, void %nnet::dense_resource<ap_fixed<8, 2, (ap_q_mode)5, (ap_o_mode)3, 0>, ap_fixed<8, 2, (ap_q_mode)5, (ap_o_mode)3, 0>, config2>.region_begin, i8 %acc_V_107, void %for.body26.split.i.i_ifconv, i8 0, void %nnet::dense_resource<ap_fixed<8, 2, (ap_q_mode)5, (ap_o_mode)3, 0>, ap_fixed<8, 2, (ap_q_mode)5, (ap_o_mode)3, 0>, config2>.region_end"   --->   Operation 156 'phi' 'acc_V_61102' <Predicate = true> <Delay = 0.00>
ST_5 : Operation 157 [1/1] (0.00ns)   --->   "%acc_V_62100 = phi i8 0, void %nnet::dense_resource<ap_fixed<8, 2, (ap_q_mode)5, (ap_o_mode)3, 0>, ap_fixed<8, 2, (ap_q_mode)5, (ap_o_mode)3, 0>, config2>.region_begin, i8 %acc_V_108, void %for.body26.split.i.i_ifconv, i8 0, void %nnet::dense_resource<ap_fixed<8, 2, (ap_q_mode)5, (ap_o_mode)3, 0>, ap_fixed<8, 2, (ap_q_mode)5, (ap_o_mode)3, 0>, config2>.region_end"   --->   Operation 157 'phi' 'acc_V_62100' <Predicate = true> <Delay = 0.00>
ST_5 : Operation 158 [1/1] (0.00ns)   --->   "%acc_V_6398 = phi i8 255, void %nnet::dense_resource<ap_fixed<8, 2, (ap_q_mode)5, (ap_o_mode)3, 0>, ap_fixed<8, 2, (ap_q_mode)5, (ap_o_mode)3, 0>, config2>.region_begin, i8 %acc_V_109, void %for.body26.split.i.i_ifconv, i8 255, void %nnet::dense_resource<ap_fixed<8, 2, (ap_q_mode)5, (ap_o_mode)3, 0>, ap_fixed<8, 2, (ap_q_mode)5, (ap_o_mode)3, 0>, config2>.region_end"   --->   Operation 158 'phi' 'acc_V_6398' <Predicate = true> <Delay = 0.00>
ST_5 : Operation 159 [1/1] (0.00ns)   --->   "%acc_V_6496 = phi i8 255, void %nnet::dense_resource<ap_fixed<8, 2, (ap_q_mode)5, (ap_o_mode)3, 0>, ap_fixed<8, 2, (ap_q_mode)5, (ap_o_mode)3, 0>, config2>.region_begin, i8 %acc_V_110, void %for.body26.split.i.i_ifconv, i8 255, void %nnet::dense_resource<ap_fixed<8, 2, (ap_q_mode)5, (ap_o_mode)3, 0>, ap_fixed<8, 2, (ap_q_mode)5, (ap_o_mode)3, 0>, config2>.region_end"   --->   Operation 159 'phi' 'acc_V_6496' <Predicate = true> <Delay = 0.00>
ST_5 : Operation 160 [1/1] (0.00ns)   --->   "%acc_V_6594 = phi i8 0, void %nnet::dense_resource<ap_fixed<8, 2, (ap_q_mode)5, (ap_o_mode)3, 0>, ap_fixed<8, 2, (ap_q_mode)5, (ap_o_mode)3, 0>, config2>.region_begin, i8 %acc_V_111, void %for.body26.split.i.i_ifconv, i8 0, void %nnet::dense_resource<ap_fixed<8, 2, (ap_q_mode)5, (ap_o_mode)3, 0>, ap_fixed<8, 2, (ap_q_mode)5, (ap_o_mode)3, 0>, config2>.region_end"   --->   Operation 160 'phi' 'acc_V_6594' <Predicate = true> <Delay = 0.00>
ST_5 : Operation 161 [1/1] (0.00ns)   --->   "%acc_V_6692 = phi i8 255, void %nnet::dense_resource<ap_fixed<8, 2, (ap_q_mode)5, (ap_o_mode)3, 0>, ap_fixed<8, 2, (ap_q_mode)5, (ap_o_mode)3, 0>, config2>.region_begin, i8 %acc_V_112, void %for.body26.split.i.i_ifconv, i8 255, void %nnet::dense_resource<ap_fixed<8, 2, (ap_q_mode)5, (ap_o_mode)3, 0>, ap_fixed<8, 2, (ap_q_mode)5, (ap_o_mode)3, 0>, config2>.region_end"   --->   Operation 161 'phi' 'acc_V_6692' <Predicate = true> <Delay = 0.00>
ST_5 : Operation 162 [1/1] (0.00ns)   --->   "%acc_V_6790 = phi i8 0, void %nnet::dense_resource<ap_fixed<8, 2, (ap_q_mode)5, (ap_o_mode)3, 0>, ap_fixed<8, 2, (ap_q_mode)5, (ap_o_mode)3, 0>, config2>.region_begin, i8 %acc_V_113, void %for.body26.split.i.i_ifconv, i8 0, void %nnet::dense_resource<ap_fixed<8, 2, (ap_q_mode)5, (ap_o_mode)3, 0>, ap_fixed<8, 2, (ap_q_mode)5, (ap_o_mode)3, 0>, config2>.region_end"   --->   Operation 162 'phi' 'acc_V_6790' <Predicate = true> <Delay = 0.00>
ST_5 : Operation 163 [1/1] (0.00ns)   --->   "%acc_V_6888 = phi i8 0, void %nnet::dense_resource<ap_fixed<8, 2, (ap_q_mode)5, (ap_o_mode)3, 0>, ap_fixed<8, 2, (ap_q_mode)5, (ap_o_mode)3, 0>, config2>.region_begin, i8 %acc_V_114, void %for.body26.split.i.i_ifconv, i8 0, void %nnet::dense_resource<ap_fixed<8, 2, (ap_q_mode)5, (ap_o_mode)3, 0>, ap_fixed<8, 2, (ap_q_mode)5, (ap_o_mode)3, 0>, config2>.region_end"   --->   Operation 163 'phi' 'acc_V_6888' <Predicate = true> <Delay = 0.00>
ST_5 : Operation 164 [1/1] (0.00ns)   --->   "%acc_V_6986 = phi i8 0, void %nnet::dense_resource<ap_fixed<8, 2, (ap_q_mode)5, (ap_o_mode)3, 0>, ap_fixed<8, 2, (ap_q_mode)5, (ap_o_mode)3, 0>, config2>.region_begin, i8 %acc_V_115, void %for.body26.split.i.i_ifconv, i8 0, void %nnet::dense_resource<ap_fixed<8, 2, (ap_q_mode)5, (ap_o_mode)3, 0>, ap_fixed<8, 2, (ap_q_mode)5, (ap_o_mode)3, 0>, config2>.region_end"   --->   Operation 164 'phi' 'acc_V_6986' <Predicate = true> <Delay = 0.00>
ST_5 : Operation 165 [1/1] (0.00ns)   --->   "%acc_V_7084 = phi i8 0, void %nnet::dense_resource<ap_fixed<8, 2, (ap_q_mode)5, (ap_o_mode)3, 0>, ap_fixed<8, 2, (ap_q_mode)5, (ap_o_mode)3, 0>, config2>.region_begin, i8 %acc_V_116, void %for.body26.split.i.i_ifconv, i8 0, void %nnet::dense_resource<ap_fixed<8, 2, (ap_q_mode)5, (ap_o_mode)3, 0>, ap_fixed<8, 2, (ap_q_mode)5, (ap_o_mode)3, 0>, config2>.region_end"   --->   Operation 165 'phi' 'acc_V_7084' <Predicate = true> <Delay = 0.00>
ST_5 : Operation 166 [1/1] (0.00ns)   --->   "%acc_V_7182 = phi i8 0, void %nnet::dense_resource<ap_fixed<8, 2, (ap_q_mode)5, (ap_o_mode)3, 0>, ap_fixed<8, 2, (ap_q_mode)5, (ap_o_mode)3, 0>, config2>.region_begin, i8 %acc_V_117, void %for.body26.split.i.i_ifconv, i8 0, void %nnet::dense_resource<ap_fixed<8, 2, (ap_q_mode)5, (ap_o_mode)3, 0>, ap_fixed<8, 2, (ap_q_mode)5, (ap_o_mode)3, 0>, config2>.region_end"   --->   Operation 166 'phi' 'acc_V_7182' <Predicate = true> <Delay = 0.00>
ST_5 : Operation 167 [1/1] (0.00ns)   --->   "%acc_V_7280 = phi i8 255, void %nnet::dense_resource<ap_fixed<8, 2, (ap_q_mode)5, (ap_o_mode)3, 0>, ap_fixed<8, 2, (ap_q_mode)5, (ap_o_mode)3, 0>, config2>.region_begin, i8 %acc_V_118, void %for.body26.split.i.i_ifconv, i8 255, void %nnet::dense_resource<ap_fixed<8, 2, (ap_q_mode)5, (ap_o_mode)3, 0>, ap_fixed<8, 2, (ap_q_mode)5, (ap_o_mode)3, 0>, config2>.region_end"   --->   Operation 167 'phi' 'acc_V_7280' <Predicate = true> <Delay = 0.00>
ST_5 : Operation 168 [1/1] (0.00ns)   --->   "%acc_V_7378 = phi i8 255, void %nnet::dense_resource<ap_fixed<8, 2, (ap_q_mode)5, (ap_o_mode)3, 0>, ap_fixed<8, 2, (ap_q_mode)5, (ap_o_mode)3, 0>, config2>.region_begin, i8 %acc_V_119, void %for.body26.split.i.i_ifconv, i8 255, void %nnet::dense_resource<ap_fixed<8, 2, (ap_q_mode)5, (ap_o_mode)3, 0>, ap_fixed<8, 2, (ap_q_mode)5, (ap_o_mode)3, 0>, config2>.region_end"   --->   Operation 168 'phi' 'acc_V_7378' <Predicate = true> <Delay = 0.00>
ST_5 : Operation 169 [1/1] (0.00ns)   --->   "%acc_V_7476 = phi i8 255, void %nnet::dense_resource<ap_fixed<8, 2, (ap_q_mode)5, (ap_o_mode)3, 0>, ap_fixed<8, 2, (ap_q_mode)5, (ap_o_mode)3, 0>, config2>.region_begin, i8 %acc_V_120, void %for.body26.split.i.i_ifconv, i8 255, void %nnet::dense_resource<ap_fixed<8, 2, (ap_q_mode)5, (ap_o_mode)3, 0>, ap_fixed<8, 2, (ap_q_mode)5, (ap_o_mode)3, 0>, config2>.region_end"   --->   Operation 169 'phi' 'acc_V_7476' <Predicate = true> <Delay = 0.00>
ST_5 : Operation 170 [1/1] (0.00ns)   --->   "%acc_V_7574 = phi i8 255, void %nnet::dense_resource<ap_fixed<8, 2, (ap_q_mode)5, (ap_o_mode)3, 0>, ap_fixed<8, 2, (ap_q_mode)5, (ap_o_mode)3, 0>, config2>.region_begin, i8 %acc_V_121, void %for.body26.split.i.i_ifconv, i8 255, void %nnet::dense_resource<ap_fixed<8, 2, (ap_q_mode)5, (ap_o_mode)3, 0>, ap_fixed<8, 2, (ap_q_mode)5, (ap_o_mode)3, 0>, config2>.region_end"   --->   Operation 170 'phi' 'acc_V_7574' <Predicate = true> <Delay = 0.00>
ST_5 : Operation 171 [1/1] (0.00ns)   --->   "%acc_V_7672 = phi i8 0, void %nnet::dense_resource<ap_fixed<8, 2, (ap_q_mode)5, (ap_o_mode)3, 0>, ap_fixed<8, 2, (ap_q_mode)5, (ap_o_mode)3, 0>, config2>.region_begin, i8 %acc_V_122, void %for.body26.split.i.i_ifconv, i8 0, void %nnet::dense_resource<ap_fixed<8, 2, (ap_q_mode)5, (ap_o_mode)3, 0>, ap_fixed<8, 2, (ap_q_mode)5, (ap_o_mode)3, 0>, config2>.region_end"   --->   Operation 171 'phi' 'acc_V_7672' <Predicate = true> <Delay = 0.00>
ST_5 : Operation 172 [1/1] (0.00ns)   --->   "%acc_V_7770 = phi i8 0, void %nnet::dense_resource<ap_fixed<8, 2, (ap_q_mode)5, (ap_o_mode)3, 0>, ap_fixed<8, 2, (ap_q_mode)5, (ap_o_mode)3, 0>, config2>.region_begin, i8 %acc_V_123, void %for.body26.split.i.i_ifconv, i8 0, void %nnet::dense_resource<ap_fixed<8, 2, (ap_q_mode)5, (ap_o_mode)3, 0>, ap_fixed<8, 2, (ap_q_mode)5, (ap_o_mode)3, 0>, config2>.region_end"   --->   Operation 172 'phi' 'acc_V_7770' <Predicate = true> <Delay = 0.00>
ST_5 : Operation 173 [1/1] (0.00ns)   --->   "%acc_V_7868 = phi i8 255, void %nnet::dense_resource<ap_fixed<8, 2, (ap_q_mode)5, (ap_o_mode)3, 0>, ap_fixed<8, 2, (ap_q_mode)5, (ap_o_mode)3, 0>, config2>.region_begin, i8 %acc_V_124, void %for.body26.split.i.i_ifconv, i8 255, void %nnet::dense_resource<ap_fixed<8, 2, (ap_q_mode)5, (ap_o_mode)3, 0>, ap_fixed<8, 2, (ap_q_mode)5, (ap_o_mode)3, 0>, config2>.region_end"   --->   Operation 173 'phi' 'acc_V_7868' <Predicate = true> <Delay = 0.00>
ST_5 : Operation 174 [1/1] (0.00ns)   --->   "%acc_V_7966 = phi i8 0, void %nnet::dense_resource<ap_fixed<8, 2, (ap_q_mode)5, (ap_o_mode)3, 0>, ap_fixed<8, 2, (ap_q_mode)5, (ap_o_mode)3, 0>, config2>.region_begin, i8 %acc_V_125, void %for.body26.split.i.i_ifconv, i8 0, void %nnet::dense_resource<ap_fixed<8, 2, (ap_q_mode)5, (ap_o_mode)3, 0>, ap_fixed<8, 2, (ap_q_mode)5, (ap_o_mode)3, 0>, config2>.region_end"   --->   Operation 174 'phi' 'acc_V_7966' <Predicate = true> <Delay = 0.00>
ST_5 : Operation 175 [1/1] (0.00ns)   --->   "%acc_V_8064 = phi i8 0, void %nnet::dense_resource<ap_fixed<8, 2, (ap_q_mode)5, (ap_o_mode)3, 0>, ap_fixed<8, 2, (ap_q_mode)5, (ap_o_mode)3, 0>, config2>.region_begin, i8 %acc_V_126, void %for.body26.split.i.i_ifconv, i8 0, void %nnet::dense_resource<ap_fixed<8, 2, (ap_q_mode)5, (ap_o_mode)3, 0>, ap_fixed<8, 2, (ap_q_mode)5, (ap_o_mode)3, 0>, config2>.region_end"   --->   Operation 175 'phi' 'acc_V_8064' <Predicate = true> <Delay = 0.00>
ST_5 : Operation 176 [1/1] (0.00ns)   --->   "%acc_V_8162 = phi i8 255, void %nnet::dense_resource<ap_fixed<8, 2, (ap_q_mode)5, (ap_o_mode)3, 0>, ap_fixed<8, 2, (ap_q_mode)5, (ap_o_mode)3, 0>, config2>.region_begin, i8 %acc_V_127, void %for.body26.split.i.i_ifconv, i8 255, void %nnet::dense_resource<ap_fixed<8, 2, (ap_q_mode)5, (ap_o_mode)3, 0>, ap_fixed<8, 2, (ap_q_mode)5, (ap_o_mode)3, 0>, config2>.region_end"   --->   Operation 176 'phi' 'acc_V_8162' <Predicate = true> <Delay = 0.00>
ST_5 : Operation 177 [1/1] (0.00ns)   --->   "%acc_V_8260 = phi i8 255, void %nnet::dense_resource<ap_fixed<8, 2, (ap_q_mode)5, (ap_o_mode)3, 0>, ap_fixed<8, 2, (ap_q_mode)5, (ap_o_mode)3, 0>, config2>.region_begin, i8 %acc_V_128, void %for.body26.split.i.i_ifconv, i8 255, void %nnet::dense_resource<ap_fixed<8, 2, (ap_q_mode)5, (ap_o_mode)3, 0>, ap_fixed<8, 2, (ap_q_mode)5, (ap_o_mode)3, 0>, config2>.region_end"   --->   Operation 177 'phi' 'acc_V_8260' <Predicate = true> <Delay = 0.00>
ST_5 : Operation 178 [1/1] (0.00ns)   --->   "%acc_V_8358 = phi i8 0, void %nnet::dense_resource<ap_fixed<8, 2, (ap_q_mode)5, (ap_o_mode)3, 0>, ap_fixed<8, 2, (ap_q_mode)5, (ap_o_mode)3, 0>, config2>.region_begin, i8 %acc_V_129, void %for.body26.split.i.i_ifconv, i8 0, void %nnet::dense_resource<ap_fixed<8, 2, (ap_q_mode)5, (ap_o_mode)3, 0>, ap_fixed<8, 2, (ap_q_mode)5, (ap_o_mode)3, 0>, config2>.region_end"   --->   Operation 178 'phi' 'acc_V_8358' <Predicate = true> <Delay = 0.00>
ST_5 : Operation 179 [1/1] (0.00ns)   --->   "%acc_V_8456 = phi i8 0, void %nnet::dense_resource<ap_fixed<8, 2, (ap_q_mode)5, (ap_o_mode)3, 0>, ap_fixed<8, 2, (ap_q_mode)5, (ap_o_mode)3, 0>, config2>.region_begin, i8 %acc_V_130, void %for.body26.split.i.i_ifconv, i8 0, void %nnet::dense_resource<ap_fixed<8, 2, (ap_q_mode)5, (ap_o_mode)3, 0>, ap_fixed<8, 2, (ap_q_mode)5, (ap_o_mode)3, 0>, config2>.region_end"   --->   Operation 179 'phi' 'acc_V_8456' <Predicate = true> <Delay = 0.00>
ST_5 : Operation 180 [1/1] (0.00ns)   --->   "%acc_V_8554 = phi i8 255, void %nnet::dense_resource<ap_fixed<8, 2, (ap_q_mode)5, (ap_o_mode)3, 0>, ap_fixed<8, 2, (ap_q_mode)5, (ap_o_mode)3, 0>, config2>.region_begin, i8 %acc_V_131, void %for.body26.split.i.i_ifconv, i8 255, void %nnet::dense_resource<ap_fixed<8, 2, (ap_q_mode)5, (ap_o_mode)3, 0>, ap_fixed<8, 2, (ap_q_mode)5, (ap_o_mode)3, 0>, config2>.region_end"   --->   Operation 180 'phi' 'acc_V_8554' <Predicate = true> <Delay = 0.00>
ST_5 : Operation 181 [1/1] (0.00ns)   --->   "%acc_V_8652 = phi i8 0, void %nnet::dense_resource<ap_fixed<8, 2, (ap_q_mode)5, (ap_o_mode)3, 0>, ap_fixed<8, 2, (ap_q_mode)5, (ap_o_mode)3, 0>, config2>.region_begin, i8 %acc_V_132, void %for.body26.split.i.i_ifconv, i8 0, void %nnet::dense_resource<ap_fixed<8, 2, (ap_q_mode)5, (ap_o_mode)3, 0>, ap_fixed<8, 2, (ap_q_mode)5, (ap_o_mode)3, 0>, config2>.region_end"   --->   Operation 181 'phi' 'acc_V_8652' <Predicate = true> <Delay = 0.00>
ST_5 : Operation 182 [1/1] (1.82ns)   --->   "%lhs = mux i8 @_ssdm_op_Mux.ap_auto.4i8.i2, i8 %acc_V114, i8 %acc_V_56112, i8 %acc_V_57110, i8 %acc_V_58108, i2 %out_index" [firmware/nnet_utils/nnet_dense_stream.h:24]   --->   Operation 182 'mux' 'lhs' <Predicate = true> <Delay = 1.82> <CoreInst = "Multiplexer">   --->   Core 76 'Multiplexer' <Latency = 0> <II = 1> <Delay = 1.82> <FuncUnit> <Opcode : 'mux'> <InPorts = 2> <OutPorts = 1>
ST_5 : Operation 183 [1/1] (0.00ns)   --->   "%sext_ln813 = sext i8 %lhs" [firmware/nnet_utils/nnet_dense_stream.h:24]   --->   Operation 183 'sext' 'sext_ln813' <Predicate = true> <Delay = 0.00>
ST_5 : Operation 184 [1/1] (1.91ns)   --->   "%sub_ln1420 = sub i9 0, i9 %sext_ln813" [firmware/nnet_utils/nnet_dense_stream.h:24]   --->   Operation 184 'sub' 'sub_ln1420' <Predicate = true> <Delay = 1.91> <CoreInst = "Adder">   --->   Core 1 'Adder' <Latency = 0> <II = 1> <Delay = 1.91> <FuncUnit> <Opcode : 'add' 'sub'> <InPorts = 2> <OutPorts = 1>
ST_5 : Operation 185 [1/1] (0.95ns)   --->   "%icmp_ln808 = icmp_eq  i2 %out_index, i2 3" [firmware/nnet_utils/nnet_dense_stream.h:24]   --->   Operation 185 'icmp' 'icmp_ln808' <Predicate = true> <Delay = 0.95> <CoreInst = "Cmp">   --->   Core 9 'Cmp' <Latency = 0> <II = 1> <Delay = 0.95> <FuncUnit> <Opcode : 'icmp'> <InPorts = 2> <OutPorts = 1>
ST_5 : Operation 186 [1/1] (0.95ns)   --->   "%icmp_ln808_1 = icmp_eq  i2 %out_index, i2 2" [firmware/nnet_utils/nnet_dense_stream.h:24]   --->   Operation 186 'icmp' 'icmp_ln808_1' <Predicate = true> <Delay = 0.95> <CoreInst = "Cmp">   --->   Core 9 'Cmp' <Latency = 0> <II = 1> <Delay = 0.95> <FuncUnit> <Opcode : 'icmp'> <InPorts = 2> <OutPorts = 1>
ST_5 : Operation 187 [1/1] (0.95ns)   --->   "%icmp_ln808_2 = icmp_eq  i2 %out_index, i2 1" [firmware/nnet_utils/nnet_dense_stream.h:24]   --->   Operation 187 'icmp' 'icmp_ln808_2' <Predicate = true> <Delay = 0.95> <CoreInst = "Cmp">   --->   Core 9 'Cmp' <Latency = 0> <II = 1> <Delay = 0.95> <FuncUnit> <Opcode : 'icmp'> <InPorts = 2> <OutPorts = 1>
ST_5 : Operation 188 [1/1] (0.97ns)   --->   "%or_ln808_1 = or i1 %icmp_ln808_2, i1 %icmp_ln808_1" [firmware/nnet_utils/nnet_dense_stream.h:24]   --->   Operation 188 'or' 'or_ln808_1' <Predicate = true> <Delay = 0.97> <CoreInst = "LogicGate">   --->   Core 74 'LogicGate' <Latency = 0> <II = 1> <Delay = 0.97> <FuncUnit> <Opcode : 'and' 'or' 'xor'> <InPorts = 2> <OutPorts = 1>
ST_5 : Operation 189 [1/1] (1.91ns)   --->   "%acc_V_87 = add i8 %rhs, i8 %lhs" [firmware/nnet_utils/nnet_dense_stream.h:24]   --->   Operation 189 'add' 'acc_V_87' <Predicate = true> <Delay = 1.91> <CoreInst = "Adder">   --->   Core 1 'Adder' <Latency = 0> <II = 1> <Delay = 1.91> <FuncUnit> <Opcode : 'add' 'sub'> <InPorts = 2> <OutPorts = 1>
ST_5 : Operation 190 [1/1] (1.24ns)   --->   "%acc_V_104 = select i1 %icmp_ln808, i8 %acc_V_87, i8 %acc_V_58108" [firmware/nnet_utils/nnet_dense_stream.h:24]   --->   Operation 190 'select' 'acc_V_104' <Predicate = true> <Delay = 1.24> <CoreInst = "Sel">   --->   Core 73 'Sel' <Latency = 0> <II = 1> <Delay = 1.24> <FuncUnit> <Opcode : 'select'> <InPorts = 3> <OutPorts = 1>
ST_5 : Operation 191 [1/1] (1.24ns)   --->   "%acc_V_103 = select i1 %icmp_ln808_1, i8 %acc_V_87, i8 %acc_V_57110" [firmware/nnet_utils/nnet_dense_stream.h:24]   --->   Operation 191 'select' 'acc_V_103' <Predicate = true> <Delay = 1.24> <CoreInst = "Sel">   --->   Core 73 'Sel' <Latency = 0> <II = 1> <Delay = 1.24> <FuncUnit> <Opcode : 'select'> <InPorts = 3> <OutPorts = 1>
ST_5 : Operation 192 [1/1] (1.24ns)   --->   "%acc_V_102 = select i1 %icmp_ln808_2, i8 %acc_V_87, i8 %acc_V_56112" [firmware/nnet_utils/nnet_dense_stream.h:24]   --->   Operation 192 'select' 'acc_V_102' <Predicate = true> <Delay = 1.24> <CoreInst = "Sel">   --->   Core 73 'Sel' <Latency = 0> <II = 1> <Delay = 1.24> <FuncUnit> <Opcode : 'select'> <InPorts = 3> <OutPorts = 1>
ST_5 : Operation 193 [1/1] (0.97ns)   --->   "%or_ln813 = or i1 %or_ln808_1, i1 %icmp_ln808" [firmware/nnet_utils/nnet_dense_stream.h:24]   --->   Operation 193 'or' 'or_ln813' <Predicate = true> <Delay = 0.97> <CoreInst = "LogicGate">   --->   Core 74 'LogicGate' <Latency = 0> <II = 1> <Delay = 0.97> <FuncUnit> <Opcode : 'and' 'or' 'xor'> <InPorts = 2> <OutPorts = 1>
ST_5 : Operation 194 [1/1] (1.82ns)   --->   "%lhs_8 = mux i8 @_ssdm_op_Mux.ap_auto.4i8.i2, i8 %acc_V_59106, i8 %acc_V_60104, i8 %acc_V_61102, i8 %acc_V_62100, i2 %out_index" [firmware/nnet_utils/nnet_dense_stream.h:24]   --->   Operation 194 'mux' 'lhs_8' <Predicate = true> <Delay = 1.82> <CoreInst = "Multiplexer">   --->   Core 76 'Multiplexer' <Latency = 0> <II = 1> <Delay = 1.82> <FuncUnit> <Opcode : 'mux'> <InPorts = 2> <OutPorts = 1>
ST_5 : Operation 195 [1/1] (0.00ns)   --->   "%sext_ln813_18 = sext i8 %lhs_8" [firmware/nnet_utils/nnet_dense_stream.h:24]   --->   Operation 195 'sext' 'sext_ln813_18' <Predicate = true> <Delay = 0.00>
ST_5 : Operation 196 [1/1] (1.91ns)   --->   "%sub_ln1420_8 = sub i9 0, i9 %sext_ln813_18" [firmware/nnet_utils/nnet_dense_stream.h:24]   --->   Operation 196 'sub' 'sub_ln1420_8' <Predicate = true> <Delay = 1.91> <CoreInst = "Adder">   --->   Core 1 'Adder' <Latency = 0> <II = 1> <Delay = 1.91> <FuncUnit> <Opcode : 'add' 'sub'> <InPorts = 2> <OutPorts = 1>
ST_5 : Operation 197 [1/1] (1.91ns)   --->   "%acc_V_88 = add i8 %rhs_8, i8 %lhs_8" [firmware/nnet_utils/nnet_dense_stream.h:24]   --->   Operation 197 'add' 'acc_V_88' <Predicate = true> <Delay = 1.91> <CoreInst = "Adder">   --->   Core 1 'Adder' <Latency = 0> <II = 1> <Delay = 1.91> <FuncUnit> <Opcode : 'add' 'sub'> <InPorts = 2> <OutPorts = 1>
ST_5 : Operation 198 [1/1] (1.24ns)   --->   "%acc_V_108 = select i1 %icmp_ln808, i8 %acc_V_88, i8 %acc_V_62100" [firmware/nnet_utils/nnet_dense_stream.h:24]   --->   Operation 198 'select' 'acc_V_108' <Predicate = true> <Delay = 1.24> <CoreInst = "Sel">   --->   Core 73 'Sel' <Latency = 0> <II = 1> <Delay = 1.24> <FuncUnit> <Opcode : 'select'> <InPorts = 3> <OutPorts = 1>
ST_5 : Operation 199 [1/1] (1.24ns)   --->   "%acc_V_107 = select i1 %icmp_ln808_1, i8 %acc_V_88, i8 %acc_V_61102" [firmware/nnet_utils/nnet_dense_stream.h:24]   --->   Operation 199 'select' 'acc_V_107' <Predicate = true> <Delay = 1.24> <CoreInst = "Sel">   --->   Core 73 'Sel' <Latency = 0> <II = 1> <Delay = 1.24> <FuncUnit> <Opcode : 'select'> <InPorts = 3> <OutPorts = 1>
ST_5 : Operation 200 [1/1] (1.24ns)   --->   "%acc_V_106 = select i1 %icmp_ln808_2, i8 %acc_V_88, i8 %acc_V_60104" [firmware/nnet_utils/nnet_dense_stream.h:24]   --->   Operation 200 'select' 'acc_V_106' <Predicate = true> <Delay = 1.24> <CoreInst = "Sel">   --->   Core 73 'Sel' <Latency = 0> <II = 1> <Delay = 1.24> <FuncUnit> <Opcode : 'select'> <InPorts = 3> <OutPorts = 1>
ST_5 : Operation 201 [1/1] (1.82ns)   --->   "%lhs_9 = mux i8 @_ssdm_op_Mux.ap_auto.4i8.i2, i8 %acc_V_6398, i8 %acc_V_6496, i8 %acc_V_6594, i8 %acc_V_6692, i2 %out_index" [firmware/nnet_utils/nnet_dense_stream.h:24]   --->   Operation 201 'mux' 'lhs_9' <Predicate = true> <Delay = 1.82> <CoreInst = "Multiplexer">   --->   Core 76 'Multiplexer' <Latency = 0> <II = 1> <Delay = 1.82> <FuncUnit> <Opcode : 'mux'> <InPorts = 2> <OutPorts = 1>
ST_5 : Operation 202 [1/1] (0.00ns)   --->   "%sext_ln813_20 = sext i8 %lhs_9" [firmware/nnet_utils/nnet_dense_stream.h:24]   --->   Operation 202 'sext' 'sext_ln813_20' <Predicate = true> <Delay = 0.00>
ST_5 : Operation 203 [1/1] (1.91ns)   --->   "%sub_ln1420_9 = sub i9 0, i9 %sext_ln813_20" [firmware/nnet_utils/nnet_dense_stream.h:24]   --->   Operation 203 'sub' 'sub_ln1420_9' <Predicate = true> <Delay = 1.91> <CoreInst = "Adder">   --->   Core 1 'Adder' <Latency = 0> <II = 1> <Delay = 1.91> <FuncUnit> <Opcode : 'add' 'sub'> <InPorts = 2> <OutPorts = 1>
ST_5 : Operation 204 [1/1] (1.91ns)   --->   "%acc_V_90 = add i8 %rhs_9, i8 %lhs_9" [firmware/nnet_utils/nnet_dense_stream.h:24]   --->   Operation 204 'add' 'acc_V_90' <Predicate = true> <Delay = 1.91> <CoreInst = "Adder">   --->   Core 1 'Adder' <Latency = 0> <II = 1> <Delay = 1.91> <FuncUnit> <Opcode : 'add' 'sub'> <InPorts = 2> <OutPorts = 1>
ST_5 : Operation 205 [1/1] (1.24ns)   --->   "%acc_V_112 = select i1 %icmp_ln808, i8 %acc_V_90, i8 %acc_V_6692" [firmware/nnet_utils/nnet_dense_stream.h:24]   --->   Operation 205 'select' 'acc_V_112' <Predicate = true> <Delay = 1.24> <CoreInst = "Sel">   --->   Core 73 'Sel' <Latency = 0> <II = 1> <Delay = 1.24> <FuncUnit> <Opcode : 'select'> <InPorts = 3> <OutPorts = 1>
ST_5 : Operation 206 [1/1] (1.24ns)   --->   "%acc_V_111 = select i1 %icmp_ln808_1, i8 %acc_V_90, i8 %acc_V_6594" [firmware/nnet_utils/nnet_dense_stream.h:24]   --->   Operation 206 'select' 'acc_V_111' <Predicate = true> <Delay = 1.24> <CoreInst = "Sel">   --->   Core 73 'Sel' <Latency = 0> <II = 1> <Delay = 1.24> <FuncUnit> <Opcode : 'select'> <InPorts = 3> <OutPorts = 1>
ST_5 : Operation 207 [1/1] (1.24ns)   --->   "%acc_V_110 = select i1 %icmp_ln808_2, i8 %acc_V_90, i8 %acc_V_6496" [firmware/nnet_utils/nnet_dense_stream.h:24]   --->   Operation 207 'select' 'acc_V_110' <Predicate = true> <Delay = 1.24> <CoreInst = "Sel">   --->   Core 73 'Sel' <Latency = 0> <II = 1> <Delay = 1.24> <FuncUnit> <Opcode : 'select'> <InPorts = 3> <OutPorts = 1>
ST_5 : Operation 208 [1/1] (1.82ns)   --->   "%lhs_10 = mux i8 @_ssdm_op_Mux.ap_auto.4i8.i2, i8 %acc_V_6790, i8 %acc_V_6888, i8 %acc_V_6986, i8 %acc_V_7084, i2 %out_index" [firmware/nnet_utils/nnet_dense_stream.h:24]   --->   Operation 208 'mux' 'lhs_10' <Predicate = true> <Delay = 1.82> <CoreInst = "Multiplexer">   --->   Core 76 'Multiplexer' <Latency = 0> <II = 1> <Delay = 1.82> <FuncUnit> <Opcode : 'mux'> <InPorts = 2> <OutPorts = 1>
ST_5 : Operation 209 [1/1] (0.00ns)   --->   "%sext_ln813_22 = sext i8 %lhs_10" [firmware/nnet_utils/nnet_dense_stream.h:24]   --->   Operation 209 'sext' 'sext_ln813_22' <Predicate = true> <Delay = 0.00>
ST_5 : Operation 210 [1/1] (1.91ns)   --->   "%sub_ln1420_10 = sub i9 0, i9 %sext_ln813_22" [firmware/nnet_utils/nnet_dense_stream.h:24]   --->   Operation 210 'sub' 'sub_ln1420_10' <Predicate = true> <Delay = 1.91> <CoreInst = "Adder">   --->   Core 1 'Adder' <Latency = 0> <II = 1> <Delay = 1.91> <FuncUnit> <Opcode : 'add' 'sub'> <InPorts = 2> <OutPorts = 1>
ST_5 : Operation 211 [1/1] (1.91ns)   --->   "%acc_V_92 = add i8 %rhs_10, i8 %lhs_10" [firmware/nnet_utils/nnet_dense_stream.h:24]   --->   Operation 211 'add' 'acc_V_92' <Predicate = true> <Delay = 1.91> <CoreInst = "Adder">   --->   Core 1 'Adder' <Latency = 0> <II = 1> <Delay = 1.91> <FuncUnit> <Opcode : 'add' 'sub'> <InPorts = 2> <OutPorts = 1>
ST_5 : Operation 212 [1/1] (1.24ns)   --->   "%acc_V_116 = select i1 %icmp_ln808, i8 %acc_V_92, i8 %acc_V_7084" [firmware/nnet_utils/nnet_dense_stream.h:24]   --->   Operation 212 'select' 'acc_V_116' <Predicate = true> <Delay = 1.24> <CoreInst = "Sel">   --->   Core 73 'Sel' <Latency = 0> <II = 1> <Delay = 1.24> <FuncUnit> <Opcode : 'select'> <InPorts = 3> <OutPorts = 1>
ST_5 : Operation 213 [1/1] (1.24ns)   --->   "%acc_V_115 = select i1 %icmp_ln808_1, i8 %acc_V_92, i8 %acc_V_6986" [firmware/nnet_utils/nnet_dense_stream.h:24]   --->   Operation 213 'select' 'acc_V_115' <Predicate = true> <Delay = 1.24> <CoreInst = "Sel">   --->   Core 73 'Sel' <Latency = 0> <II = 1> <Delay = 1.24> <FuncUnit> <Opcode : 'select'> <InPorts = 3> <OutPorts = 1>
ST_5 : Operation 214 [1/1] (1.24ns)   --->   "%acc_V_114 = select i1 %icmp_ln808_2, i8 %acc_V_92, i8 %acc_V_6888" [firmware/nnet_utils/nnet_dense_stream.h:24]   --->   Operation 214 'select' 'acc_V_114' <Predicate = true> <Delay = 1.24> <CoreInst = "Sel">   --->   Core 73 'Sel' <Latency = 0> <II = 1> <Delay = 1.24> <FuncUnit> <Opcode : 'select'> <InPorts = 3> <OutPorts = 1>
ST_5 : Operation 215 [1/1] (1.82ns)   --->   "%lhs_11 = mux i8 @_ssdm_op_Mux.ap_auto.4i8.i2, i8 %acc_V_7182, i8 %acc_V_7280, i8 %acc_V_7378, i8 %acc_V_7476, i2 %out_index" [firmware/nnet_utils/nnet_dense_stream.h:24]   --->   Operation 215 'mux' 'lhs_11' <Predicate = true> <Delay = 1.82> <CoreInst = "Multiplexer">   --->   Core 76 'Multiplexer' <Latency = 0> <II = 1> <Delay = 1.82> <FuncUnit> <Opcode : 'mux'> <InPorts = 2> <OutPorts = 1>
ST_5 : Operation 216 [1/1] (0.00ns)   --->   "%sext_ln813_24 = sext i8 %lhs_11" [firmware/nnet_utils/nnet_dense_stream.h:24]   --->   Operation 216 'sext' 'sext_ln813_24' <Predicate = true> <Delay = 0.00>
ST_5 : Operation 217 [1/1] (1.91ns)   --->   "%sub_ln1420_11 = sub i9 0, i9 %sext_ln813_24" [firmware/nnet_utils/nnet_dense_stream.h:24]   --->   Operation 217 'sub' 'sub_ln1420_11' <Predicate = true> <Delay = 1.91> <CoreInst = "Adder">   --->   Core 1 'Adder' <Latency = 0> <II = 1> <Delay = 1.91> <FuncUnit> <Opcode : 'add' 'sub'> <InPorts = 2> <OutPorts = 1>
ST_5 : Operation 218 [1/1] (0.97ns)   --->   "%or_ln808_10 = or i1 %icmp_ln808_2, i1 %icmp_ln808" [firmware/nnet_utils/nnet_dense_stream.h:24]   --->   Operation 218 'or' 'or_ln808_10' <Predicate = true> <Delay = 0.97> <CoreInst = "LogicGate">   --->   Core 74 'LogicGate' <Latency = 0> <II = 1> <Delay = 0.97> <FuncUnit> <Opcode : 'and' 'or' 'xor'> <InPorts = 2> <OutPorts = 1>
ST_5 : Operation 219 [1/1] (1.91ns)   --->   "%acc_V_94 = add i8 %rhs_11, i8 %lhs_11" [firmware/nnet_utils/nnet_dense_stream.h:24]   --->   Operation 219 'add' 'acc_V_94' <Predicate = true> <Delay = 1.91> <CoreInst = "Adder">   --->   Core 1 'Adder' <Latency = 0> <II = 1> <Delay = 1.91> <FuncUnit> <Opcode : 'add' 'sub'> <InPorts = 2> <OutPorts = 1>
ST_5 : Operation 220 [1/1] (1.24ns)   --->   "%acc_V_120 = select i1 %icmp_ln808, i8 %acc_V_94, i8 %acc_V_7476" [firmware/nnet_utils/nnet_dense_stream.h:24]   --->   Operation 220 'select' 'acc_V_120' <Predicate = true> <Delay = 1.24> <CoreInst = "Sel">   --->   Core 73 'Sel' <Latency = 0> <II = 1> <Delay = 1.24> <FuncUnit> <Opcode : 'select'> <InPorts = 3> <OutPorts = 1>
ST_5 : Operation 221 [1/1] (1.24ns)   --->   "%acc_V_119 = select i1 %icmp_ln808_1, i8 %acc_V_94, i8 %acc_V_7378" [firmware/nnet_utils/nnet_dense_stream.h:24]   --->   Operation 221 'select' 'acc_V_119' <Predicate = true> <Delay = 1.24> <CoreInst = "Sel">   --->   Core 73 'Sel' <Latency = 0> <II = 1> <Delay = 1.24> <FuncUnit> <Opcode : 'select'> <InPorts = 3> <OutPorts = 1>
ST_5 : Operation 222 [1/1] (1.24ns)   --->   "%acc_V_118 = select i1 %icmp_ln808_2, i8 %acc_V_94, i8 %acc_V_7280" [firmware/nnet_utils/nnet_dense_stream.h:24]   --->   Operation 222 'select' 'acc_V_118' <Predicate = true> <Delay = 1.24> <CoreInst = "Sel">   --->   Core 73 'Sel' <Latency = 0> <II = 1> <Delay = 1.24> <FuncUnit> <Opcode : 'select'> <InPorts = 3> <OutPorts = 1>
ST_5 : Operation 223 [1/1] (0.97ns)   --->   "%or_ln813_1 = or i1 %or_ln808_10, i1 %icmp_ln808_1" [firmware/nnet_utils/nnet_dense_stream.h:24]   --->   Operation 223 'or' 'or_ln813_1' <Predicate = true> <Delay = 0.97> <CoreInst = "LogicGate">   --->   Core 74 'LogicGate' <Latency = 0> <II = 1> <Delay = 0.97> <FuncUnit> <Opcode : 'and' 'or' 'xor'> <InPorts = 2> <OutPorts = 1>
ST_5 : Operation 224 [1/1] (1.82ns)   --->   "%lhs_12 = mux i8 @_ssdm_op_Mux.ap_auto.4i8.i2, i8 %acc_V_7574, i8 %acc_V_7672, i8 %acc_V_7770, i8 %acc_V_7868, i2 %out_index" [firmware/nnet_utils/nnet_dense_stream.h:24]   --->   Operation 224 'mux' 'lhs_12' <Predicate = true> <Delay = 1.82> <CoreInst = "Multiplexer">   --->   Core 76 'Multiplexer' <Latency = 0> <II = 1> <Delay = 1.82> <FuncUnit> <Opcode : 'mux'> <InPorts = 2> <OutPorts = 1>
ST_5 : Operation 225 [1/1] (0.00ns)   --->   "%sext_ln813_26 = sext i8 %lhs_12" [firmware/nnet_utils/nnet_dense_stream.h:24]   --->   Operation 225 'sext' 'sext_ln813_26' <Predicate = true> <Delay = 0.00>
ST_5 : Operation 226 [1/1] (1.91ns)   --->   "%sub_ln1420_12 = sub i9 0, i9 %sext_ln813_26" [firmware/nnet_utils/nnet_dense_stream.h:24]   --->   Operation 226 'sub' 'sub_ln1420_12' <Predicate = true> <Delay = 1.91> <CoreInst = "Adder">   --->   Core 1 'Adder' <Latency = 0> <II = 1> <Delay = 1.91> <FuncUnit> <Opcode : 'add' 'sub'> <InPorts = 2> <OutPorts = 1>
ST_5 : Operation 227 [1/1] (1.91ns)   --->   "%acc_V_96 = add i8 %rhs_12, i8 %lhs_12" [firmware/nnet_utils/nnet_dense_stream.h:24]   --->   Operation 227 'add' 'acc_V_96' <Predicate = true> <Delay = 1.91> <CoreInst = "Adder">   --->   Core 1 'Adder' <Latency = 0> <II = 1> <Delay = 1.91> <FuncUnit> <Opcode : 'add' 'sub'> <InPorts = 2> <OutPorts = 1>
ST_5 : Operation 228 [1/1] (1.24ns)   --->   "%acc_V_124 = select i1 %icmp_ln808, i8 %acc_V_96, i8 %acc_V_7868" [firmware/nnet_utils/nnet_dense_stream.h:24]   --->   Operation 228 'select' 'acc_V_124' <Predicate = true> <Delay = 1.24> <CoreInst = "Sel">   --->   Core 73 'Sel' <Latency = 0> <II = 1> <Delay = 1.24> <FuncUnit> <Opcode : 'select'> <InPorts = 3> <OutPorts = 1>
ST_5 : Operation 229 [1/1] (1.24ns)   --->   "%acc_V_123 = select i1 %icmp_ln808_1, i8 %acc_V_96, i8 %acc_V_7770" [firmware/nnet_utils/nnet_dense_stream.h:24]   --->   Operation 229 'select' 'acc_V_123' <Predicate = true> <Delay = 1.24> <CoreInst = "Sel">   --->   Core 73 'Sel' <Latency = 0> <II = 1> <Delay = 1.24> <FuncUnit> <Opcode : 'select'> <InPorts = 3> <OutPorts = 1>
ST_5 : Operation 230 [1/1] (1.24ns)   --->   "%acc_V_122 = select i1 %icmp_ln808_2, i8 %acc_V_96, i8 %acc_V_7672" [firmware/nnet_utils/nnet_dense_stream.h:24]   --->   Operation 230 'select' 'acc_V_122' <Predicate = true> <Delay = 1.24> <CoreInst = "Sel">   --->   Core 73 'Sel' <Latency = 0> <II = 1> <Delay = 1.24> <FuncUnit> <Opcode : 'select'> <InPorts = 3> <OutPorts = 1>
ST_5 : Operation 231 [1/1] (1.82ns)   --->   "%lhs_13 = mux i8 @_ssdm_op_Mux.ap_auto.4i8.i2, i8 %acc_V_7966, i8 %acc_V_8064, i8 %acc_V_8162, i8 %acc_V_8260, i2 %out_index" [firmware/nnet_utils/nnet_dense_stream.h:24]   --->   Operation 231 'mux' 'lhs_13' <Predicate = true> <Delay = 1.82> <CoreInst = "Multiplexer">   --->   Core 76 'Multiplexer' <Latency = 0> <II = 1> <Delay = 1.82> <FuncUnit> <Opcode : 'mux'> <InPorts = 2> <OutPorts = 1>
ST_5 : Operation 232 [1/1] (0.00ns)   --->   "%sext_ln813_28 = sext i8 %lhs_13" [firmware/nnet_utils/nnet_dense_stream.h:24]   --->   Operation 232 'sext' 'sext_ln813_28' <Predicate = true> <Delay = 0.00>
ST_5 : Operation 233 [1/1] (1.91ns)   --->   "%sub_ln1420_13 = sub i9 0, i9 %sext_ln813_28" [firmware/nnet_utils/nnet_dense_stream.h:24]   --->   Operation 233 'sub' 'sub_ln1420_13' <Predicate = true> <Delay = 1.91> <CoreInst = "Adder">   --->   Core 1 'Adder' <Latency = 0> <II = 1> <Delay = 1.91> <FuncUnit> <Opcode : 'add' 'sub'> <InPorts = 2> <OutPorts = 1>
ST_5 : Operation 234 [1/1] (1.91ns)   --->   "%acc_V_98 = add i8 %rhs_13, i8 %lhs_13" [firmware/nnet_utils/nnet_dense_stream.h:24]   --->   Operation 234 'add' 'acc_V_98' <Predicate = true> <Delay = 1.91> <CoreInst = "Adder">   --->   Core 1 'Adder' <Latency = 0> <II = 1> <Delay = 1.91> <FuncUnit> <Opcode : 'add' 'sub'> <InPorts = 2> <OutPorts = 1>
ST_5 : Operation 235 [1/1] (1.24ns)   --->   "%acc_V_128 = select i1 %icmp_ln808, i8 %acc_V_98, i8 %acc_V_8260" [firmware/nnet_utils/nnet_dense_stream.h:24]   --->   Operation 235 'select' 'acc_V_128' <Predicate = true> <Delay = 1.24> <CoreInst = "Sel">   --->   Core 73 'Sel' <Latency = 0> <II = 1> <Delay = 1.24> <FuncUnit> <Opcode : 'select'> <InPorts = 3> <OutPorts = 1>
ST_5 : Operation 236 [1/1] (1.24ns)   --->   "%acc_V_127 = select i1 %icmp_ln808_1, i8 %acc_V_98, i8 %acc_V_8162" [firmware/nnet_utils/nnet_dense_stream.h:24]   --->   Operation 236 'select' 'acc_V_127' <Predicate = true> <Delay = 1.24> <CoreInst = "Sel">   --->   Core 73 'Sel' <Latency = 0> <II = 1> <Delay = 1.24> <FuncUnit> <Opcode : 'select'> <InPorts = 3> <OutPorts = 1>
ST_5 : Operation 237 [1/1] (1.24ns)   --->   "%acc_V_126 = select i1 %icmp_ln808_2, i8 %acc_V_98, i8 %acc_V_8064" [firmware/nnet_utils/nnet_dense_stream.h:24]   --->   Operation 237 'select' 'acc_V_126' <Predicate = true> <Delay = 1.24> <CoreInst = "Sel">   --->   Core 73 'Sel' <Latency = 0> <II = 1> <Delay = 1.24> <FuncUnit> <Opcode : 'select'> <InPorts = 3> <OutPorts = 1>
ST_5 : Operation 238 [1/1] (1.82ns)   --->   "%lhs_14 = mux i8 @_ssdm_op_Mux.ap_auto.4i8.i2, i8 %acc_V_8358, i8 %acc_V_8456, i8 %acc_V_8554, i8 %acc_V_8652, i2 %out_index" [firmware/nnet_utils/nnet_dense_stream.h:24]   --->   Operation 238 'mux' 'lhs_14' <Predicate = true> <Delay = 1.82> <CoreInst = "Multiplexer">   --->   Core 76 'Multiplexer' <Latency = 0> <II = 1> <Delay = 1.82> <FuncUnit> <Opcode : 'mux'> <InPorts = 2> <OutPorts = 1>
ST_5 : Operation 239 [1/1] (0.00ns)   --->   "%sext_ln813_30 = sext i8 %lhs_14" [firmware/nnet_utils/nnet_dense_stream.h:24]   --->   Operation 239 'sext' 'sext_ln813_30' <Predicate = true> <Delay = 0.00>
ST_5 : Operation 240 [1/1] (1.91ns)   --->   "%sub_ln1420_14 = sub i9 0, i9 %sext_ln813_30" [firmware/nnet_utils/nnet_dense_stream.h:24]   --->   Operation 240 'sub' 'sub_ln1420_14' <Predicate = true> <Delay = 1.91> <CoreInst = "Adder">   --->   Core 1 'Adder' <Latency = 0> <II = 1> <Delay = 1.91> <FuncUnit> <Opcode : 'add' 'sub'> <InPorts = 2> <OutPorts = 1>
ST_5 : Operation 241 [1/1] (1.91ns)   --->   "%acc_V_100 = add i8 %rhs_14, i8 %lhs_14" [firmware/nnet_utils/nnet_dense_stream.h:24]   --->   Operation 241 'add' 'acc_V_100' <Predicate = true> <Delay = 1.91> <CoreInst = "Adder">   --->   Core 1 'Adder' <Latency = 0> <II = 1> <Delay = 1.91> <FuncUnit> <Opcode : 'add' 'sub'> <InPorts = 2> <OutPorts = 1>
ST_5 : Operation 242 [1/1] (1.24ns)   --->   "%acc_V_132 = select i1 %icmp_ln808, i8 %acc_V_100, i8 %acc_V_8652" [firmware/nnet_utils/nnet_dense_stream.h:24]   --->   Operation 242 'select' 'acc_V_132' <Predicate = true> <Delay = 1.24> <CoreInst = "Sel">   --->   Core 73 'Sel' <Latency = 0> <II = 1> <Delay = 1.24> <FuncUnit> <Opcode : 'select'> <InPorts = 3> <OutPorts = 1>
ST_5 : Operation 243 [1/1] (1.24ns)   --->   "%acc_V_131 = select i1 %icmp_ln808_1, i8 %acc_V_100, i8 %acc_V_8554" [firmware/nnet_utils/nnet_dense_stream.h:24]   --->   Operation 243 'select' 'acc_V_131' <Predicate = true> <Delay = 1.24> <CoreInst = "Sel">   --->   Core 73 'Sel' <Latency = 0> <II = 1> <Delay = 1.24> <FuncUnit> <Opcode : 'select'> <InPorts = 3> <OutPorts = 1>
ST_5 : Operation 244 [1/1] (1.24ns)   --->   "%acc_V_130 = select i1 %icmp_ln808_2, i8 %acc_V_100, i8 %acc_V_8456" [firmware/nnet_utils/nnet_dense_stream.h:24]   --->   Operation 244 'select' 'acc_V_130' <Predicate = true> <Delay = 1.24> <CoreInst = "Sel">   --->   Core 73 'Sel' <Latency = 0> <II = 1> <Delay = 1.24> <FuncUnit> <Opcode : 'select'> <InPorts = 3> <OutPorts = 1>

State 6 <SV = 5> <Delay = 7.89>
ST_6 : Operation 245 [1/1] (0.00ns)   --->   "%empty = speclooptripcount i32 @_ssdm_op_SpecLoopTripCount, i64 72, i64 72, i64 72"   --->   Operation 245 'speclooptripcount' 'empty' <Predicate = true> <Delay = 0.00>
ST_6 : Operation 246 [1/1] (0.00ns)   --->   "%specpipeline_ln125 = specpipeline void @_ssdm_op_SpecPipeline, i32 1, i32 0, i32 0, i32 0, void @empty_0" [firmware/nnet_utils/nnet_dense_resource.h:125->firmware/nnet_utils/nnet_dense_resource.h:242->firmware/nnet_utils/nnet_dense_stream.h:24]   --->   Operation 246 'specpipeline' 'specpipeline_ln125' <Predicate = true> <Delay = 0.00>
ST_6 : Operation 247 [1/1] (0.00ns)   --->   "%specloopname_ln100 = specloopname void @_ssdm_op_SpecLoopName, void @empty_3" [firmware/nnet_utils/nnet_dense_resource.h:100->firmware/nnet_utils/nnet_dense_resource.h:242->firmware/nnet_utils/nnet_dense_stream.h:24]   --->   Operation 247 'specloopname' 'specloopname_ln100' <Predicate = true> <Delay = 0.00>
ST_6 : Operation 248 [1/1] (0.00ns)   --->   "%sext_ln813_17 = sext i8 %rhs" [firmware/nnet_utils/nnet_dense_stream.h:24]   --->   Operation 248 'sext' 'sext_ln813_17' <Predicate = (or_ln813)> <Delay = 0.00>
ST_6 : Operation 249 [1/1] (1.66ns)   --->   "%icmp_ln1420 = icmp_ne  i9 %sext_ln813_17, i9 %sub_ln1420" [firmware/nnet_utils/nnet_dense_stream.h:24]   --->   Operation 249 'icmp' 'icmp_ln1420' <Predicate = (or_ln813)> <Delay = 1.66> <CoreInst = "Cmp">   --->   Core 9 'Cmp' <Latency = 0> <II = 1> <Delay = 1.66> <FuncUnit> <Opcode : 'icmp'> <InPorts = 2> <OutPorts = 1>
ST_6 : Operation 250 [1/1] (0.00ns) (grouped into LUT with out node acc_V_101)   --->   "%or_ln808 = or i1 %icmp_ln808, i1 %icmp_ln1420" [firmware/nnet_utils/nnet_dense_stream.h:24]   --->   Operation 250 'or' 'or_ln808' <Predicate = (or_ln813)> <Delay = 0.00> <CoreInst = "LogicGate">   --->   Core 74 'LogicGate' <Latency = 0> <II = 1> <Delay = 0.97> <FuncUnit> <Opcode : 'and' 'or' 'xor'> <InPorts = 2> <OutPorts = 1>
ST_6 : Operation 251 [1/1] (0.00ns) (grouped into LUT with out node acc_V_101)   --->   "%or_ln808_2 = or i1 %or_ln808_1, i1 %or_ln808" [firmware/nnet_utils/nnet_dense_stream.h:24]   --->   Operation 251 'or' 'or_ln808_2' <Predicate = (or_ln813)> <Delay = 0.00> <CoreInst = "LogicGate">   --->   Core 74 'LogicGate' <Latency = 0> <II = 1> <Delay = 0.97> <FuncUnit> <Opcode : 'and' 'or' 'xor'> <InPorts = 2> <OutPorts = 1>
ST_6 : Operation 252 [1/1] (0.00ns) (grouped into LUT with out node acc_V_101)   --->   "%acc_V_86 = select i1 %or_ln808_2, i8 %acc_V114, i8 0" [firmware/nnet_utils/nnet_dense_stream.h:24]   --->   Operation 252 'select' 'acc_V_86' <Predicate = (or_ln813)> <Delay = 0.00> <CoreInst = "Sel">   --->   Core 73 'Sel' <Latency = 0> <II = 1> <Delay = 1.24> <FuncUnit> <Opcode : 'select'> <InPorts = 3> <OutPorts = 1>
ST_6 : Operation 253 [1/1] (1.24ns) (out node of the LUT)   --->   "%acc_V_101 = select i1 %or_ln813, i8 %acc_V_86, i8 %acc_V_87" [firmware/nnet_utils/nnet_dense_stream.h:24]   --->   Operation 253 'select' 'acc_V_101' <Predicate = true> <Delay = 1.24> <CoreInst = "Sel">   --->   Core 73 'Sel' <Latency = 0> <II = 1> <Delay = 1.24> <FuncUnit> <Opcode : 'select'> <InPorts = 3> <OutPorts = 1>
ST_6 : Operation 254 [1/1] (0.00ns)   --->   "%sext_ln813_19 = sext i8 %rhs_8" [firmware/nnet_utils/nnet_dense_stream.h:24]   --->   Operation 254 'sext' 'sext_ln813_19' <Predicate = (or_ln813)> <Delay = 0.00>
ST_6 : Operation 255 [1/1] (1.66ns)   --->   "%icmp_ln1420_8 = icmp_ne  i9 %sext_ln813_19, i9 %sub_ln1420_8" [firmware/nnet_utils/nnet_dense_stream.h:24]   --->   Operation 255 'icmp' 'icmp_ln1420_8' <Predicate = (or_ln813)> <Delay = 1.66> <CoreInst = "Cmp">   --->   Core 9 'Cmp' <Latency = 0> <II = 1> <Delay = 1.66> <FuncUnit> <Opcode : 'icmp'> <InPorts = 2> <OutPorts = 1>
ST_6 : Operation 256 [1/1] (0.00ns) (grouped into LUT with out node acc_V_105)   --->   "%or_ln808_3 = or i1 %icmp_ln808, i1 %icmp_ln1420_8" [firmware/nnet_utils/nnet_dense_stream.h:24]   --->   Operation 256 'or' 'or_ln808_3' <Predicate = (or_ln813)> <Delay = 0.00> <CoreInst = "LogicGate">   --->   Core 74 'LogicGate' <Latency = 0> <II = 1> <Delay = 0.97> <FuncUnit> <Opcode : 'and' 'or' 'xor'> <InPorts = 2> <OutPorts = 1>
ST_6 : Operation 257 [1/1] (0.00ns) (grouped into LUT with out node acc_V_105)   --->   "%or_ln808_4 = or i1 %or_ln808_1, i1 %or_ln808_3" [firmware/nnet_utils/nnet_dense_stream.h:24]   --->   Operation 257 'or' 'or_ln808_4' <Predicate = (or_ln813)> <Delay = 0.00> <CoreInst = "LogicGate">   --->   Core 74 'LogicGate' <Latency = 0> <II = 1> <Delay = 0.97> <FuncUnit> <Opcode : 'and' 'or' 'xor'> <InPorts = 2> <OutPorts = 1>
ST_6 : Operation 258 [1/1] (0.00ns) (grouped into LUT with out node acc_V_105)   --->   "%acc_V = select i1 %or_ln808_4, i8 %acc_V_59106, i8 0" [firmware/nnet_utils/nnet_dense_stream.h:24]   --->   Operation 258 'select' 'acc_V' <Predicate = (or_ln813)> <Delay = 0.00> <CoreInst = "Sel">   --->   Core 73 'Sel' <Latency = 0> <II = 1> <Delay = 1.24> <FuncUnit> <Opcode : 'select'> <InPorts = 3> <OutPorts = 1>
ST_6 : Operation 259 [1/1] (1.24ns) (out node of the LUT)   --->   "%acc_V_105 = select i1 %or_ln813, i8 %acc_V, i8 %acc_V_88" [firmware/nnet_utils/nnet_dense_stream.h:24]   --->   Operation 259 'select' 'acc_V_105' <Predicate = true> <Delay = 1.24> <CoreInst = "Sel">   --->   Core 73 'Sel' <Latency = 0> <II = 1> <Delay = 1.24> <FuncUnit> <Opcode : 'select'> <InPorts = 3> <OutPorts = 1>
ST_6 : Operation 260 [1/1] (0.00ns)   --->   "%sext_ln813_21 = sext i8 %rhs_9" [firmware/nnet_utils/nnet_dense_stream.h:24]   --->   Operation 260 'sext' 'sext_ln813_21' <Predicate = (or_ln813)> <Delay = 0.00>
ST_6 : Operation 261 [1/1] (1.66ns)   --->   "%icmp_ln1420_9 = icmp_ne  i9 %sext_ln813_21, i9 %sub_ln1420_9" [firmware/nnet_utils/nnet_dense_stream.h:24]   --->   Operation 261 'icmp' 'icmp_ln1420_9' <Predicate = (or_ln813)> <Delay = 1.66> <CoreInst = "Cmp">   --->   Core 9 'Cmp' <Latency = 0> <II = 1> <Delay = 1.66> <FuncUnit> <Opcode : 'icmp'> <InPorts = 2> <OutPorts = 1>
ST_6 : Operation 262 [1/1] (0.00ns) (grouped into LUT with out node acc_V_109)   --->   "%or_ln808_5 = or i1 %icmp_ln808, i1 %icmp_ln1420_9" [firmware/nnet_utils/nnet_dense_stream.h:24]   --->   Operation 262 'or' 'or_ln808_5' <Predicate = (or_ln813)> <Delay = 0.00> <CoreInst = "LogicGate">   --->   Core 74 'LogicGate' <Latency = 0> <II = 1> <Delay = 0.97> <FuncUnit> <Opcode : 'and' 'or' 'xor'> <InPorts = 2> <OutPorts = 1>
ST_6 : Operation 263 [1/1] (0.00ns) (grouped into LUT with out node acc_V_109)   --->   "%or_ln808_6 = or i1 %or_ln808_1, i1 %or_ln808_5" [firmware/nnet_utils/nnet_dense_stream.h:24]   --->   Operation 263 'or' 'or_ln808_6' <Predicate = (or_ln813)> <Delay = 0.00> <CoreInst = "LogicGate">   --->   Core 74 'LogicGate' <Latency = 0> <II = 1> <Delay = 0.97> <FuncUnit> <Opcode : 'and' 'or' 'xor'> <InPorts = 2> <OutPorts = 1>
ST_6 : Operation 264 [1/1] (0.00ns) (grouped into LUT with out node acc_V_109)   --->   "%acc_V_89 = select i1 %or_ln808_6, i8 %acc_V_6398, i8 0" [firmware/nnet_utils/nnet_dense_stream.h:24]   --->   Operation 264 'select' 'acc_V_89' <Predicate = (or_ln813)> <Delay = 0.00> <CoreInst = "Sel">   --->   Core 73 'Sel' <Latency = 0> <II = 1> <Delay = 1.24> <FuncUnit> <Opcode : 'select'> <InPorts = 3> <OutPorts = 1>
ST_6 : Operation 265 [1/1] (1.24ns) (out node of the LUT)   --->   "%acc_V_109 = select i1 %or_ln813, i8 %acc_V_89, i8 %acc_V_90" [firmware/nnet_utils/nnet_dense_stream.h:24]   --->   Operation 265 'select' 'acc_V_109' <Predicate = true> <Delay = 1.24> <CoreInst = "Sel">   --->   Core 73 'Sel' <Latency = 0> <II = 1> <Delay = 1.24> <FuncUnit> <Opcode : 'select'> <InPorts = 3> <OutPorts = 1>
ST_6 : Operation 266 [1/1] (0.00ns)   --->   "%sext_ln813_23 = sext i8 %rhs_10" [firmware/nnet_utils/nnet_dense_stream.h:24]   --->   Operation 266 'sext' 'sext_ln813_23' <Predicate = (or_ln813)> <Delay = 0.00>
ST_6 : Operation 267 [1/1] (1.66ns)   --->   "%icmp_ln1420_10 = icmp_ne  i9 %sext_ln813_23, i9 %sub_ln1420_10" [firmware/nnet_utils/nnet_dense_stream.h:24]   --->   Operation 267 'icmp' 'icmp_ln1420_10' <Predicate = (or_ln813)> <Delay = 1.66> <CoreInst = "Cmp">   --->   Core 9 'Cmp' <Latency = 0> <II = 1> <Delay = 1.66> <FuncUnit> <Opcode : 'icmp'> <InPorts = 2> <OutPorts = 1>
ST_6 : Operation 268 [1/1] (0.00ns) (grouped into LUT with out node acc_V_113)   --->   "%or_ln808_7 = or i1 %icmp_ln808, i1 %icmp_ln1420_10" [firmware/nnet_utils/nnet_dense_stream.h:24]   --->   Operation 268 'or' 'or_ln808_7' <Predicate = (or_ln813)> <Delay = 0.00> <CoreInst = "LogicGate">   --->   Core 74 'LogicGate' <Latency = 0> <II = 1> <Delay = 0.97> <FuncUnit> <Opcode : 'and' 'or' 'xor'> <InPorts = 2> <OutPorts = 1>
ST_6 : Operation 269 [1/1] (0.00ns) (grouped into LUT with out node acc_V_113)   --->   "%or_ln808_8 = or i1 %or_ln808_1, i1 %or_ln808_7" [firmware/nnet_utils/nnet_dense_stream.h:24]   --->   Operation 269 'or' 'or_ln808_8' <Predicate = (or_ln813)> <Delay = 0.00> <CoreInst = "LogicGate">   --->   Core 74 'LogicGate' <Latency = 0> <II = 1> <Delay = 0.97> <FuncUnit> <Opcode : 'and' 'or' 'xor'> <InPorts = 2> <OutPorts = 1>
ST_6 : Operation 270 [1/1] (0.00ns) (grouped into LUT with out node acc_V_113)   --->   "%acc_V_91 = select i1 %or_ln808_8, i8 %acc_V_6790, i8 0" [firmware/nnet_utils/nnet_dense_stream.h:24]   --->   Operation 270 'select' 'acc_V_91' <Predicate = (or_ln813)> <Delay = 0.00> <CoreInst = "Sel">   --->   Core 73 'Sel' <Latency = 0> <II = 1> <Delay = 1.24> <FuncUnit> <Opcode : 'select'> <InPorts = 3> <OutPorts = 1>
ST_6 : Operation 271 [1/1] (1.24ns) (out node of the LUT)   --->   "%acc_V_113 = select i1 %or_ln813, i8 %acc_V_91, i8 %acc_V_92" [firmware/nnet_utils/nnet_dense_stream.h:24]   --->   Operation 271 'select' 'acc_V_113' <Predicate = true> <Delay = 1.24> <CoreInst = "Sel">   --->   Core 73 'Sel' <Latency = 0> <II = 1> <Delay = 1.24> <FuncUnit> <Opcode : 'select'> <InPorts = 3> <OutPorts = 1>
ST_6 : Operation 272 [1/1] (0.00ns)   --->   "%sext_ln813_25 = sext i8 %rhs_11" [firmware/nnet_utils/nnet_dense_stream.h:24]   --->   Operation 272 'sext' 'sext_ln813_25' <Predicate = (or_ln813_1)> <Delay = 0.00>
ST_6 : Operation 273 [1/1] (1.66ns)   --->   "%icmp_ln1420_11 = icmp_ne  i9 %sext_ln813_25, i9 %sub_ln1420_11" [firmware/nnet_utils/nnet_dense_stream.h:24]   --->   Operation 273 'icmp' 'icmp_ln1420_11' <Predicate = (or_ln813_1)> <Delay = 1.66> <CoreInst = "Cmp">   --->   Core 9 'Cmp' <Latency = 0> <II = 1> <Delay = 1.66> <FuncUnit> <Opcode : 'icmp'> <InPorts = 2> <OutPorts = 1>
ST_6 : Operation 274 [1/1] (0.00ns) (grouped into LUT with out node acc_V_117)   --->   "%or_ln808_9 = or i1 %icmp_ln808_1, i1 %icmp_ln1420_11" [firmware/nnet_utils/nnet_dense_stream.h:24]   --->   Operation 274 'or' 'or_ln808_9' <Predicate = (or_ln813_1)> <Delay = 0.00> <CoreInst = "LogicGate">   --->   Core 74 'LogicGate' <Latency = 0> <II = 1> <Delay = 0.97> <FuncUnit> <Opcode : 'and' 'or' 'xor'> <InPorts = 2> <OutPorts = 1>
ST_6 : Operation 275 [1/1] (0.00ns) (grouped into LUT with out node acc_V_117)   --->   "%or_ln808_11 = or i1 %or_ln808_10, i1 %or_ln808_9" [firmware/nnet_utils/nnet_dense_stream.h:24]   --->   Operation 275 'or' 'or_ln808_11' <Predicate = (or_ln813_1)> <Delay = 0.00> <CoreInst = "LogicGate">   --->   Core 74 'LogicGate' <Latency = 0> <II = 1> <Delay = 0.97> <FuncUnit> <Opcode : 'and' 'or' 'xor'> <InPorts = 2> <OutPorts = 1>
ST_6 : Operation 276 [1/1] (0.00ns) (grouped into LUT with out node acc_V_117)   --->   "%acc_V_93 = select i1 %or_ln808_11, i8 %acc_V_7182, i8 0" [firmware/nnet_utils/nnet_dense_stream.h:24]   --->   Operation 276 'select' 'acc_V_93' <Predicate = (or_ln813_1)> <Delay = 0.00> <CoreInst = "Sel">   --->   Core 73 'Sel' <Latency = 0> <II = 1> <Delay = 1.24> <FuncUnit> <Opcode : 'select'> <InPorts = 3> <OutPorts = 1>
ST_6 : Operation 277 [1/1] (1.24ns) (out node of the LUT)   --->   "%acc_V_117 = select i1 %or_ln813_1, i8 %acc_V_93, i8 %acc_V_94" [firmware/nnet_utils/nnet_dense_stream.h:24]   --->   Operation 277 'select' 'acc_V_117' <Predicate = true> <Delay = 1.24> <CoreInst = "Sel">   --->   Core 73 'Sel' <Latency = 0> <II = 1> <Delay = 1.24> <FuncUnit> <Opcode : 'select'> <InPorts = 3> <OutPorts = 1>
ST_6 : Operation 278 [1/1] (0.00ns)   --->   "%sext_ln813_27 = sext i8 %rhs_12" [firmware/nnet_utils/nnet_dense_stream.h:24]   --->   Operation 278 'sext' 'sext_ln813_27' <Predicate = (or_ln813_1)> <Delay = 0.00>
ST_6 : Operation 279 [1/1] (1.66ns)   --->   "%icmp_ln1420_12 = icmp_ne  i9 %sext_ln813_27, i9 %sub_ln1420_12" [firmware/nnet_utils/nnet_dense_stream.h:24]   --->   Operation 279 'icmp' 'icmp_ln1420_12' <Predicate = (or_ln813_1)> <Delay = 1.66> <CoreInst = "Cmp">   --->   Core 9 'Cmp' <Latency = 0> <II = 1> <Delay = 1.66> <FuncUnit> <Opcode : 'icmp'> <InPorts = 2> <OutPorts = 1>
ST_6 : Operation 280 [1/1] (0.00ns) (grouped into LUT with out node acc_V_121)   --->   "%or_ln808_12 = or i1 %icmp_ln808_1, i1 %icmp_ln1420_12" [firmware/nnet_utils/nnet_dense_stream.h:24]   --->   Operation 280 'or' 'or_ln808_12' <Predicate = (or_ln813_1)> <Delay = 0.00> <CoreInst = "LogicGate">   --->   Core 74 'LogicGate' <Latency = 0> <II = 1> <Delay = 0.97> <FuncUnit> <Opcode : 'and' 'or' 'xor'> <InPorts = 2> <OutPorts = 1>
ST_6 : Operation 281 [1/1] (0.00ns) (grouped into LUT with out node acc_V_121)   --->   "%or_ln808_13 = or i1 %or_ln808_10, i1 %or_ln808_12" [firmware/nnet_utils/nnet_dense_stream.h:24]   --->   Operation 281 'or' 'or_ln808_13' <Predicate = (or_ln813_1)> <Delay = 0.00> <CoreInst = "LogicGate">   --->   Core 74 'LogicGate' <Latency = 0> <II = 1> <Delay = 0.97> <FuncUnit> <Opcode : 'and' 'or' 'xor'> <InPorts = 2> <OutPorts = 1>
ST_6 : Operation 282 [1/1] (0.00ns) (grouped into LUT with out node acc_V_121)   --->   "%acc_V_95 = select i1 %or_ln808_13, i8 %acc_V_7574, i8 0" [firmware/nnet_utils/nnet_dense_stream.h:24]   --->   Operation 282 'select' 'acc_V_95' <Predicate = (or_ln813_1)> <Delay = 0.00> <CoreInst = "Sel">   --->   Core 73 'Sel' <Latency = 0> <II = 1> <Delay = 1.24> <FuncUnit> <Opcode : 'select'> <InPorts = 3> <OutPorts = 1>
ST_6 : Operation 283 [1/1] (1.24ns) (out node of the LUT)   --->   "%acc_V_121 = select i1 %or_ln813_1, i8 %acc_V_95, i8 %acc_V_96" [firmware/nnet_utils/nnet_dense_stream.h:24]   --->   Operation 283 'select' 'acc_V_121' <Predicate = true> <Delay = 1.24> <CoreInst = "Sel">   --->   Core 73 'Sel' <Latency = 0> <II = 1> <Delay = 1.24> <FuncUnit> <Opcode : 'select'> <InPorts = 3> <OutPorts = 1>
ST_6 : Operation 284 [1/1] (0.00ns)   --->   "%sext_ln813_29 = sext i8 %rhs_13" [firmware/nnet_utils/nnet_dense_stream.h:24]   --->   Operation 284 'sext' 'sext_ln813_29' <Predicate = (or_ln813_1)> <Delay = 0.00>
ST_6 : Operation 285 [1/1] (1.66ns)   --->   "%icmp_ln1420_13 = icmp_ne  i9 %sext_ln813_29, i9 %sub_ln1420_13" [firmware/nnet_utils/nnet_dense_stream.h:24]   --->   Operation 285 'icmp' 'icmp_ln1420_13' <Predicate = (or_ln813_1)> <Delay = 1.66> <CoreInst = "Cmp">   --->   Core 9 'Cmp' <Latency = 0> <II = 1> <Delay = 1.66> <FuncUnit> <Opcode : 'icmp'> <InPorts = 2> <OutPorts = 1>
ST_6 : Operation 286 [1/1] (0.00ns) (grouped into LUT with out node acc_V_125)   --->   "%or_ln808_14 = or i1 %icmp_ln808_1, i1 %icmp_ln1420_13" [firmware/nnet_utils/nnet_dense_stream.h:24]   --->   Operation 286 'or' 'or_ln808_14' <Predicate = (or_ln813_1)> <Delay = 0.00> <CoreInst = "LogicGate">   --->   Core 74 'LogicGate' <Latency = 0> <II = 1> <Delay = 0.97> <FuncUnit> <Opcode : 'and' 'or' 'xor'> <InPorts = 2> <OutPorts = 1>
ST_6 : Operation 287 [1/1] (0.00ns) (grouped into LUT with out node acc_V_125)   --->   "%or_ln808_15 = or i1 %or_ln808_10, i1 %or_ln808_14" [firmware/nnet_utils/nnet_dense_stream.h:24]   --->   Operation 287 'or' 'or_ln808_15' <Predicate = (or_ln813_1)> <Delay = 0.00> <CoreInst = "LogicGate">   --->   Core 74 'LogicGate' <Latency = 0> <II = 1> <Delay = 0.97> <FuncUnit> <Opcode : 'and' 'or' 'xor'> <InPorts = 2> <OutPorts = 1>
ST_6 : Operation 288 [1/1] (0.00ns) (grouped into LUT with out node acc_V_125)   --->   "%acc_V_97 = select i1 %or_ln808_15, i8 %acc_V_7966, i8 0" [firmware/nnet_utils/nnet_dense_stream.h:24]   --->   Operation 288 'select' 'acc_V_97' <Predicate = (or_ln813_1)> <Delay = 0.00> <CoreInst = "Sel">   --->   Core 73 'Sel' <Latency = 0> <II = 1> <Delay = 1.24> <FuncUnit> <Opcode : 'select'> <InPorts = 3> <OutPorts = 1>
ST_6 : Operation 289 [1/1] (1.24ns) (out node of the LUT)   --->   "%acc_V_125 = select i1 %or_ln813_1, i8 %acc_V_97, i8 %acc_V_98" [firmware/nnet_utils/nnet_dense_stream.h:24]   --->   Operation 289 'select' 'acc_V_125' <Predicate = true> <Delay = 1.24> <CoreInst = "Sel">   --->   Core 73 'Sel' <Latency = 0> <II = 1> <Delay = 1.24> <FuncUnit> <Opcode : 'select'> <InPorts = 3> <OutPorts = 1>
ST_6 : Operation 290 [1/1] (0.00ns)   --->   "%sext_ln813_31 = sext i8 %rhs_14" [firmware/nnet_utils/nnet_dense_stream.h:24]   --->   Operation 290 'sext' 'sext_ln813_31' <Predicate = (or_ln813_1)> <Delay = 0.00>
ST_6 : Operation 291 [1/1] (1.66ns)   --->   "%icmp_ln1420_14 = icmp_ne  i9 %sext_ln813_31, i9 %sub_ln1420_14" [firmware/nnet_utils/nnet_dense_stream.h:24]   --->   Operation 291 'icmp' 'icmp_ln1420_14' <Predicate = (or_ln813_1)> <Delay = 1.66> <CoreInst = "Cmp">   --->   Core 9 'Cmp' <Latency = 0> <II = 1> <Delay = 1.66> <FuncUnit> <Opcode : 'icmp'> <InPorts = 2> <OutPorts = 1>
ST_6 : Operation 292 [1/1] (0.00ns) (grouped into LUT with out node acc_V_129)   --->   "%or_ln808_16 = or i1 %icmp_ln808_1, i1 %icmp_ln1420_14" [firmware/nnet_utils/nnet_dense_stream.h:24]   --->   Operation 292 'or' 'or_ln808_16' <Predicate = (or_ln813_1)> <Delay = 0.00> <CoreInst = "LogicGate">   --->   Core 74 'LogicGate' <Latency = 0> <II = 1> <Delay = 0.97> <FuncUnit> <Opcode : 'and' 'or' 'xor'> <InPorts = 2> <OutPorts = 1>
ST_6 : Operation 293 [1/1] (0.00ns) (grouped into LUT with out node acc_V_129)   --->   "%or_ln808_17 = or i1 %or_ln808_10, i1 %or_ln808_16" [firmware/nnet_utils/nnet_dense_stream.h:24]   --->   Operation 293 'or' 'or_ln808_17' <Predicate = (or_ln813_1)> <Delay = 0.00> <CoreInst = "LogicGate">   --->   Core 74 'LogicGate' <Latency = 0> <II = 1> <Delay = 0.97> <FuncUnit> <Opcode : 'and' 'or' 'xor'> <InPorts = 2> <OutPorts = 1>
ST_6 : Operation 294 [1/1] (0.00ns) (grouped into LUT with out node acc_V_129)   --->   "%acc_V_99 = select i1 %or_ln808_17, i8 %acc_V_8358, i8 0" [firmware/nnet_utils/nnet_dense_stream.h:24]   --->   Operation 294 'select' 'acc_V_99' <Predicate = (or_ln813_1)> <Delay = 0.00> <CoreInst = "Sel">   --->   Core 73 'Sel' <Latency = 0> <II = 1> <Delay = 1.24> <FuncUnit> <Opcode : 'select'> <InPorts = 3> <OutPorts = 1>
ST_6 : Operation 295 [1/1] (1.24ns) (out node of the LUT)   --->   "%acc_V_129 = select i1 %or_ln813_1, i8 %acc_V_99, i8 %acc_V_100" [firmware/nnet_utils/nnet_dense_stream.h:24]   --->   Operation 295 'select' 'acc_V_129' <Predicate = true> <Delay = 1.24> <CoreInst = "Sel">   --->   Core 73 'Sel' <Latency = 0> <II = 1> <Delay = 1.24> <FuncUnit> <Opcode : 'select'> <InPorts = 3> <OutPorts = 1>
ST_6 : Operation 296 [1/1] (0.00ns)   --->   "%rend = specregionend i32 @_ssdm_op_SpecRegionEnd, void @nnet_KD_KD_dense_resource_MD_ap_fixed_MD_8_MC_AC_2_MC_AC_IC_ap_q_mode_JC_5_M_1, i32 %rbegin" [firmware/nnet_utils/nnet_dense_stream.h:53]   --->   Operation 296 'specregionend' 'rend' <Predicate = (icmp_ln124)> <Delay = 0.00>
ST_6 : Operation 297 [1/1] (0.00ns)   --->   "%p_s = bitconcatenate i256 @_ssdm_op_BitConcatenate.i256.i8.i8.i8.i8.i8.i8.i8.i8.i8.i8.i8.i8.i8.i8.i8.i8.i8.i8.i8.i8.i8.i8.i8.i8.i8.i8.i8.i8.i8.i8.i8.i8, i8 %acc_V_132, i8 %acc_V_131, i8 %acc_V_130, i8 %acc_V_129, i8 %acc_V_128, i8 %acc_V_127, i8 %acc_V_126, i8 %acc_V_125, i8 %acc_V_124, i8 %acc_V_123, i8 %acc_V_122, i8 %acc_V_121, i8 %acc_V_120, i8 %acc_V_119, i8 %acc_V_118, i8 %acc_V_117, i8 %acc_V_116, i8 %acc_V_115, i8 %acc_V_114, i8 %acc_V_113, i8 %acc_V_112, i8 %acc_V_111, i8 %acc_V_110, i8 %acc_V_109, i8 %acc_V_108, i8 %acc_V_107, i8 %acc_V_106, i8 %acc_V_105, i8 %acc_V_104, i8 %acc_V_103, i8 %acc_V_102, i8 %acc_V_101" [firmware/nnet_utils/nnet_dense_stream.h:77]   --->   Operation 297 'bitconcatenate' 'p_s' <Predicate = (icmp_ln124)> <Delay = 0.00>
ST_6 : Operation 298 [1/1] (2.18ns)   --->   "%write_ln77 = write void @_ssdm_op_Write.ap_fifo.volatile.i256P0A, i256 %layer2_out, i256 %p_s" [firmware/nnet_utils/nnet_dense_stream.h:77]   --->   Operation 298 'write' 'write_ln77' <Predicate = (icmp_ln124)> <Delay = 2.18> <CoreInst = "FIFO_SRL">   --->   Core 81 'FIFO_SRL' <Latency = 0> <II = 1> <Delay = 3.63> <Storage> <Opcode : 'read' 'write' 'nbread' 'nbwrite'> <Ports = 0> <Width = 256> <Depth = 1> <FIFO>
ST_6 : Operation 299 [1/1] (0.00ns)   --->   "%return_ln101 = return void @_ssdm_op_Return" [firmware/nnet_utils/nnet_dense_stream.h:101]   --->   Operation 299 'return' 'return_ln101' <Predicate = (icmp_ln124)> <Delay = 0.00>


============================================================
+ Verbose Summary: Timing violations
============================================================
Target clock period: 5ns, clock uncertainty: 0.625ns.

 <State 1>: 1.59ns
The critical path consists of the following:
	multiplexor before 'phi' operation ('do_init') [10]  (1.59 ns)

 <State 2>: 5.17ns
The critical path consists of the following:
	'phi' operation ('ir') with incoming values : ('ir', firmware/nnet_utils/nnet_dense_resource.h:124->firmware/nnet_utils/nnet_dense_resource.h:242->firmware/nnet_utils/nnet_dense_stream.h:24) [30]  (0 ns)
	'add' operation ('empty_52', firmware/nnet_utils/nnet_dense_resource.h:124->firmware/nnet_utils/nnet_dense_resource.h:242->firmware/nnet_utils/nnet_dense_stream.h:24) [138]  (1.92 ns)
	'getelementptr' operation ('w2_V_addr_1', firmware/nnet_utils/nnet_dense_resource.h:124->firmware/nnet_utils/nnet_dense_resource.h:242->firmware/nnet_utils/nnet_dense_stream.h:24) [140]  (0 ns)
	'load' operation ('w.V', firmware/nnet_utils/nnet_dense_resource.h:124->firmware/nnet_utils/nnet_dense_resource.h:242->firmware/nnet_utils/nnet_dense_stream.h:24) on array 'w2_V' [141]  (3.25 ns)

 <State 3>: 4.36ns
The critical path consists of the following:
	'phi' operation ('in_index') with incoming values : ('in_index', firmware/nnet_utils/nnet_dense_resource.h:141->firmware/nnet_utils/nnet_dense_resource.h:242->firmware/nnet_utils/nnet_dense_stream.h:24) [29]  (0 ns)
	'add' operation ('in_index', firmware/nnet_utils/nnet_dense_resource.h:140->firmware/nnet_utils/nnet_dense_resource.h:242->firmware/nnet_utils/nnet_dense_stream.h:24) [281]  (1.78 ns)
	'icmp' operation ('icmp_ln141', firmware/nnet_utils/nnet_dense_resource.h:141->firmware/nnet_utils/nnet_dense_resource.h:242->firmware/nnet_utils/nnet_dense_stream.h:24) [282]  (1.36 ns)
	'select' operation ('in_index', firmware/nnet_utils/nnet_dense_resource.h:141->firmware/nnet_utils/nnet_dense_resource.h:242->firmware/nnet_utils/nnet_dense_stream.h:24) [283]  (1.22 ns)

 <State 4>: 4.17ns
The critical path consists of the following:
	'mul' operation ('mul_ln1270', firmware/nnet_utils/nnet_dense_stream.h:24) [118]  (4.17 ns)

 <State 5>: 4.99ns
The critical path consists of the following:
	'phi' operation ('acc.V') with incoming values : ('res.V', firmware/nnet_utils/nnet_dense_stream.h:24) [31]  (0 ns)
	'mux' operation ('lhs', firmware/nnet_utils/nnet_dense_stream.h:24) [120]  (1.83 ns)
	'add' operation ('acc.V', firmware/nnet_utils/nnet_dense_stream.h:24) [132]  (1.92 ns)
	'select' operation ('res.V', firmware/nnet_utils/nnet_dense_stream.h:24) [133]  (1.25 ns)

 <State 6>: 7.9ns
The critical path consists of the following:
	'icmp' operation ('icmp_ln1420', firmware/nnet_utils/nnet_dense_stream.h:24) [127]  (1.66 ns)
	'or' operation ('or_ln808', firmware/nnet_utils/nnet_dense_stream.h:24) [128]  (0 ns)
	'or' operation ('or_ln808_2', firmware/nnet_utils/nnet_dense_stream.h:24) [130]  (0 ns)
	'select' operation ('acc.V', firmware/nnet_utils/nnet_dense_stream.h:24) [131]  (0 ns)
	'select' operation ('res.V', firmware/nnet_utils/nnet_dense_stream.h:24) [137]  (1.25 ns)
	'phi' operation ('acc.V') with incoming values : ('res.V', firmware/nnet_utils/nnet_dense_stream.h:24) [31]  (0 ns)
	'mux' operation ('lhs', firmware/nnet_utils/nnet_dense_stream.h:24) [120]  (1.83 ns)
	'add' operation ('acc.V', firmware/nnet_utils/nnet_dense_stream.h:24) [132]  (1.92 ns)
	'select' operation ('res.V', firmware/nnet_utils/nnet_dense_stream.h:24) [133]  (1.25 ns)


============================================================
+ Verbose Summary: Binding
============================================================
N/A
* FSMD analyzer results:
  - Output states:
 - Input state : 
  - Chain level:
	State 1
	State 2
	State 3
	State 4
	State 5
	State 6


============================================================
+ Verbose Summary: Datapath Resource usage 
============================================================
N/A
