

================================================================
== Vitis HLS Report for 'dense_array_ap_fixed_32u_array_ap_fixed_8_2_5_3_0_16u_config6_s'
================================================================
* Date:           Fri Jun 26 18:52:41 2026

* Version:        2022.2 (Build 3670227 on Oct 13 2022)
* Project:        myproject_prj
* Solution:       solution1 (Vivado IP Flow Target)
* Product family: zynq
* Target device:  xc7z020-clg400-1


================================================================
== Performance Estimates
================================================================
+ Timing: 
    * Summary: 
    +--------+---------+----------+------------+
    |  Clock |  Target | Estimated| Uncertainty|
    +--------+---------+----------+------------+
    |ap_clk  |  5.00 ns|  6.072 ns|     0.62 ns|
    +--------+---------+----------+------------+

+ Latency: 
    * Summary: 
    +---------+---------+----------+----------+-----+-----+------------------------------------------+
    |  Latency (cycles) |  Latency (absolute) |  Interval |                 Pipeline                 |
    |   min   |   max   |    min   |    max   | min | max |                   Type                   |
    +---------+---------+----------+----------+-----+-----+------------------------------------------+
    |       68|       69|  0.413 us|  0.419 us|   64|   64|  loop rewind stp(delay=0 clock cycles(s))|
    +---------+---------+----------+----------+-----+-----+------------------------------------------+

    + Detail: 
        * Instance: 
        N/A

        * Loop: 
        +-------------+---------+---------+----------+-----------+-----------+------+----------+
        |             |  Latency (cycles) | Iteration|  Initiation Interval  | Trip |          |
        |  Loop Name  |   min   |   max   |  Latency |  achieved |   target  | Count| Pipelined|
        +-------------+---------+---------+----------+-----------+-----------+------+----------+
        |- ReuseLoop  |       68|       68|         6|          1|          1|    64|       yes|
        +-------------+---------+---------+----------+-----------+-----------+------+----------+

============================================================
+ Verbose Summary: Synthesis Manager
============================================================
InlineROM: 1
ExposeGlobal: 0
============================================================
+ Verbose Summary: CDFG Model
============================================================
IsTopModel: 0
ResetActiveHigh: 1
IsCombinational: 2
IsDatapathOnly: 0
HasWiredReturn: 1
HasMFsm: 2
HasVarLatency: 1
IsPipeline: 0
IsRtlPipelined: 0
IsInstanceOverlapped: 0
IsDontTouch: 0
HasImplIP: 0
IsGatedGlobalClock: 0

+ Individual pipeline summary: 
  * Pipeline-0: initiation interval (II) = 1, depth = 6


============================================================
+ Verbose Summary: Schedule
============================================================
* Number of FSM states : 7
* Pipeline : 1
  Pipeline-0 : II = 1, D = 6, States = { 2 3 4 5 6 7 }
* Dataflow Pipeline: 0

* FSM state transitions: 
1 --> 2 
2 --> 3 
3 --> 4 
4 --> 5 
5 --> 6 
6 --> 7 
7 --> 2 

* FSM state operations: 

State 1 <SV = 0> <Delay = 1.58>
ST_1 : Operation 8 [1/1] (0.00ns)   --->   "%specinterface_ln0 = specinterface void @_ssdm_op_SpecInterface, i128 %layer6_out, void @empty_2, i32 0, i32 0, void @empty_0, i32 0, i32 0, void @empty_0, void @empty_0, void @empty_0, i32 0, i32 0, i32 0, i32 0, void @empty_0, void @empty_0, i32 4294967295, i32 0"   --->   Operation 8 'specinterface' 'specinterface_ln0' <Predicate = true> <Delay = 0.00>
ST_1 : Operation 9 [1/1] (0.00ns)   --->   "%specinterface_ln0 = specinterface void @_ssdm_op_SpecInterface, i256 %layer5_out, void @empty_2, i32 0, i32 0, void @empty_0, i32 0, i32 0, void @empty_0, void @empty_0, void @empty_0, i32 0, i32 0, i32 0, i32 0, void @empty_0, void @empty_0, i32 4294967295, i32 0"   --->   Operation 9 'specinterface' 'specinterface_ln0' <Predicate = true> <Delay = 0.00>
ST_1 : Operation 10 [1/1] (0.00ns)   --->   "%rbegin = specregionbegin i32 @_ssdm_op_SpecRegionBegin, void @nnet_KD_KD_dense_resource_MD_ap_fixed_MD_8_MC_AC_2_MC_AC_IC_ap_q_mode_JC_5_M" [firmware/nnet_utils/nnet_dense_stream.h:24]   --->   Operation 10 'specregionbegin' 'rbegin' <Predicate = true> <Delay = 0.00>
ST_1 : Operation 11 [1/1] (1.58ns)   --->   "%br_ln124 = br void %rewind_header" [firmware/nnet_utils/nnet_dense_resource.h:124->firmware/nnet_utils/nnet_dense_resource.h:242->firmware/nnet_utils/nnet_dense_stream.h:24]   --->   Operation 11 'br' 'br_ln124' <Predicate = true> <Delay = 1.58>

State 2 <SV = 1> <Delay = 1.82>
ST_2 : Operation 12 [1/1] (0.00ns)   --->   "%do_init = phi i1 1, void %nnet::dense_resource<ap_fixed<8, 2, (ap_q_mode)5, (ap_o_mode)3, 0>, ap_fixed<8, 2, (ap_q_mode)5, (ap_o_mode)3, 0>, config6>.region_begin, i1 0, void %for.body26.split.i.i_ifconv, i1 1, void %nnet::dense_resource<ap_fixed<8, 2, (ap_q_mode)5, (ap_o_mode)3, 0>, ap_fixed<8, 2, (ap_q_mode)5, (ap_o_mode)3, 0>, config6>.region_end"   --->   Operation 12 'phi' 'do_init' <Predicate = true> <Delay = 0.00>
ST_2 : Operation 13 [1/1] (0.00ns)   --->   "%ir83 = phi i6 0, void %nnet::dense_resource<ap_fixed<8, 2, (ap_q_mode)5, (ap_o_mode)3, 0>, ap_fixed<8, 2, (ap_q_mode)5, (ap_o_mode)3, 0>, config6>.region_begin, i6 %ir, void %for.body26.split.i.i_ifconv, i6 0, void %nnet::dense_resource<ap_fixed<8, 2, (ap_q_mode)5, (ap_o_mode)3, 0>, ap_fixed<8, 2, (ap_q_mode)5, (ap_o_mode)3, 0>, config6>.region_end"   --->   Operation 13 'phi' 'ir83' <Predicate = true> <Delay = 0.00>
ST_2 : Operation 14 [1/1] (1.82ns)   --->   "%ir = add i6 %ir83, i6 1" [firmware/nnet_utils/nnet_dense_resource.h:124->firmware/nnet_utils/nnet_dense_resource.h:242->firmware/nnet_utils/nnet_dense_stream.h:24]   --->   Operation 14 'add' 'ir' <Predicate = true> <Delay = 1.82> <CoreInst = "Adder">   --->   Core 1 'Adder' <Latency = 0> <II = 1> <Delay = 1.82> <FuncUnit> <Opcode : 'add' 'sub'> <InPorts = 2> <OutPorts = 1>
ST_2 : Operation 15 [1/1] (1.42ns)   --->   "%icmp_ln124 = icmp_eq  i6 %ir83, i6 63" [firmware/nnet_utils/nnet_dense_resource.h:124->firmware/nnet_utils/nnet_dense_resource.h:242->firmware/nnet_utils/nnet_dense_stream.h:24]   --->   Operation 15 'icmp' 'icmp_ln124' <Predicate = true> <Delay = 1.42> <CoreInst = "Cmp">   --->   Core 9 'Cmp' <Latency = 0> <II = 1> <Delay = 1.42> <FuncUnit> <Opcode : 'icmp'> <InPorts = 2> <OutPorts = 1>
ST_2 : Operation 16 [1/1] (0.00ns)   --->   "%br_ln124 = br i1 %icmp_ln124, void %rewind_header, void %nnet::dense_resource<ap_fixed<8, 2, (ap_q_mode)5, (ap_o_mode)3, 0>, ap_fixed<8, 2, (ap_q_mode)5, (ap_o_mode)3, 0>, config6>.region_end" [firmware/nnet_utils/nnet_dense_resource.h:124->firmware/nnet_utils/nnet_dense_resource.h:242->firmware/nnet_utils/nnet_dense_stream.h:24]   --->   Operation 16 'br' 'br_ln124' <Predicate = true> <Delay = 0.00>
ST_2 : Operation 17 [1/1] (0.00ns)   --->   "%br_ln101 = br void %rewind_header" [firmware/nnet_utils/nnet_dense_stream.h:101]   --->   Operation 17 'br' 'br_ln101' <Predicate = (icmp_ln124)> <Delay = 0.00>

State 3 <SV = 2> <Delay = 3.77>
ST_3 : Operation 18 [1/1] (0.00ns)   --->   "%data_V_28_rewind = phi i8 0, void %nnet::dense_resource<ap_fixed<8, 2, (ap_q_mode)5, (ap_o_mode)3, 0>, ap_fixed<8, 2, (ap_q_mode)5, (ap_o_mode)3, 0>, config6>.region_begin, i8 %data_V_28_phi, void %for.body26.split.i.i_ifconv, i8 0, void %nnet::dense_resource<ap_fixed<8, 2, (ap_q_mode)5, (ap_o_mode)3, 0>, ap_fixed<8, 2, (ap_q_mode)5, (ap_o_mode)3, 0>, config6>.region_end" [firmware/nnet_utils/nnet_dense_stream.h:43]   --->   Operation 18 'phi' 'data_V_28_rewind' <Predicate = true> <Delay = 0.00>
ST_3 : Operation 19 [1/1] (0.00ns)   --->   "%data_V_27_rewind = phi i8 0, void %nnet::dense_resource<ap_fixed<8, 2, (ap_q_mode)5, (ap_o_mode)3, 0>, ap_fixed<8, 2, (ap_q_mode)5, (ap_o_mode)3, 0>, config6>.region_begin, i8 %data_V_27_phi, void %for.body26.split.i.i_ifconv, i8 0, void %nnet::dense_resource<ap_fixed<8, 2, (ap_q_mode)5, (ap_o_mode)3, 0>, ap_fixed<8, 2, (ap_q_mode)5, (ap_o_mode)3, 0>, config6>.region_end" [firmware/nnet_utils/nnet_dense_stream.h:43]   --->   Operation 19 'phi' 'data_V_27_rewind' <Predicate = true> <Delay = 0.00>
ST_3 : Operation 20 [1/1] (0.00ns)   --->   "%data_V_26_rewind = phi i8 0, void %nnet::dense_resource<ap_fixed<8, 2, (ap_q_mode)5, (ap_o_mode)3, 0>, ap_fixed<8, 2, (ap_q_mode)5, (ap_o_mode)3, 0>, config6>.region_begin, i8 %data_V_26_phi, void %for.body26.split.i.i_ifconv, i8 0, void %nnet::dense_resource<ap_fixed<8, 2, (ap_q_mode)5, (ap_o_mode)3, 0>, ap_fixed<8, 2, (ap_q_mode)5, (ap_o_mode)3, 0>, config6>.region_end" [firmware/nnet_utils/nnet_dense_stream.h:43]   --->   Operation 20 'phi' 'data_V_26_rewind' <Predicate = true> <Delay = 0.00>
ST_3 : Operation 21 [1/1] (0.00ns)   --->   "%data_V_25_rewind = phi i8 0, void %nnet::dense_resource<ap_fixed<8, 2, (ap_q_mode)5, (ap_o_mode)3, 0>, ap_fixed<8, 2, (ap_q_mode)5, (ap_o_mode)3, 0>, config6>.region_begin, i8 %data_V_25_phi, void %for.body26.split.i.i_ifconv, i8 0, void %nnet::dense_resource<ap_fixed<8, 2, (ap_q_mode)5, (ap_o_mode)3, 0>, ap_fixed<8, 2, (ap_q_mode)5, (ap_o_mode)3, 0>, config6>.region_end" [firmware/nnet_utils/nnet_dense_stream.h:43]   --->   Operation 21 'phi' 'data_V_25_rewind' <Predicate = true> <Delay = 0.00>
ST_3 : Operation 22 [1/1] (0.00ns)   --->   "%data_V_24_rewind = phi i8 0, void %nnet::dense_resource<ap_fixed<8, 2, (ap_q_mode)5, (ap_o_mode)3, 0>, ap_fixed<8, 2, (ap_q_mode)5, (ap_o_mode)3, 0>, config6>.region_begin, i8 %data_V_24_phi, void %for.body26.split.i.i_ifconv, i8 0, void %nnet::dense_resource<ap_fixed<8, 2, (ap_q_mode)5, (ap_o_mode)3, 0>, ap_fixed<8, 2, (ap_q_mode)5, (ap_o_mode)3, 0>, config6>.region_end" [firmware/nnet_utils/nnet_dense_stream.h:43]   --->   Operation 22 'phi' 'data_V_24_rewind' <Predicate = true> <Delay = 0.00>
ST_3 : Operation 23 [1/1] (0.00ns)   --->   "%data_V_23_rewind = phi i8 0, void %nnet::dense_resource<ap_fixed<8, 2, (ap_q_mode)5, (ap_o_mode)3, 0>, ap_fixed<8, 2, (ap_q_mode)5, (ap_o_mode)3, 0>, config6>.region_begin, i8 %data_V_23_phi, void %for.body26.split.i.i_ifconv, i8 0, void %nnet::dense_resource<ap_fixed<8, 2, (ap_q_mode)5, (ap_o_mode)3, 0>, ap_fixed<8, 2, (ap_q_mode)5, (ap_o_mode)3, 0>, config6>.region_end" [firmware/nnet_utils/nnet_dense_stream.h:43]   --->   Operation 23 'phi' 'data_V_23_rewind' <Predicate = true> <Delay = 0.00>
ST_3 : Operation 24 [1/1] (0.00ns)   --->   "%data_V_22_rewind = phi i8 0, void %nnet::dense_resource<ap_fixed<8, 2, (ap_q_mode)5, (ap_o_mode)3, 0>, ap_fixed<8, 2, (ap_q_mode)5, (ap_o_mode)3, 0>, config6>.region_begin, i8 %data_V_22_phi, void %for.body26.split.i.i_ifconv, i8 0, void %nnet::dense_resource<ap_fixed<8, 2, (ap_q_mode)5, (ap_o_mode)3, 0>, ap_fixed<8, 2, (ap_q_mode)5, (ap_o_mode)3, 0>, config6>.region_end" [firmware/nnet_utils/nnet_dense_stream.h:43]   --->   Operation 24 'phi' 'data_V_22_rewind' <Predicate = true> <Delay = 0.00>
ST_3 : Operation 25 [1/1] (0.00ns)   --->   "%data_V_21_rewind = phi i8 0, void %nnet::dense_resource<ap_fixed<8, 2, (ap_q_mode)5, (ap_o_mode)3, 0>, ap_fixed<8, 2, (ap_q_mode)5, (ap_o_mode)3, 0>, config6>.region_begin, i8 %data_V_21_phi, void %for.body26.split.i.i_ifconv, i8 0, void %nnet::dense_resource<ap_fixed<8, 2, (ap_q_mode)5, (ap_o_mode)3, 0>, ap_fixed<8, 2, (ap_q_mode)5, (ap_o_mode)3, 0>, config6>.region_end" [firmware/nnet_utils/nnet_dense_stream.h:43]   --->   Operation 25 'phi' 'data_V_21_rewind' <Predicate = true> <Delay = 0.00>
ST_3 : Operation 26 [1/1] (0.00ns)   --->   "%data_V_20_rewind = phi i8 0, void %nnet::dense_resource<ap_fixed<8, 2, (ap_q_mode)5, (ap_o_mode)3, 0>, ap_fixed<8, 2, (ap_q_mode)5, (ap_o_mode)3, 0>, config6>.region_begin, i8 %data_V_20_phi, void %for.body26.split.i.i_ifconv, i8 0, void %nnet::dense_resource<ap_fixed<8, 2, (ap_q_mode)5, (ap_o_mode)3, 0>, ap_fixed<8, 2, (ap_q_mode)5, (ap_o_mode)3, 0>, config6>.region_end" [firmware/nnet_utils/nnet_dense_stream.h:43]   --->   Operation 26 'phi' 'data_V_20_rewind' <Predicate = true> <Delay = 0.00>
ST_3 : Operation 27 [1/1] (0.00ns)   --->   "%data_V_19_rewind = phi i8 0, void %nnet::dense_resource<ap_fixed<8, 2, (ap_q_mode)5, (ap_o_mode)3, 0>, ap_fixed<8, 2, (ap_q_mode)5, (ap_o_mode)3, 0>, config6>.region_begin, i8 %data_V_19_phi, void %for.body26.split.i.i_ifconv, i8 0, void %nnet::dense_resource<ap_fixed<8, 2, (ap_q_mode)5, (ap_o_mode)3, 0>, ap_fixed<8, 2, (ap_q_mode)5, (ap_o_mode)3, 0>, config6>.region_end" [firmware/nnet_utils/nnet_dense_stream.h:43]   --->   Operation 27 'phi' 'data_V_19_rewind' <Predicate = true> <Delay = 0.00>
ST_3 : Operation 28 [1/1] (0.00ns)   --->   "%data_V_18_rewind = phi i8 0, void %nnet::dense_resource<ap_fixed<8, 2, (ap_q_mode)5, (ap_o_mode)3, 0>, ap_fixed<8, 2, (ap_q_mode)5, (ap_o_mode)3, 0>, config6>.region_begin, i8 %data_V_18_phi, void %for.body26.split.i.i_ifconv, i8 0, void %nnet::dense_resource<ap_fixed<8, 2, (ap_q_mode)5, (ap_o_mode)3, 0>, ap_fixed<8, 2, (ap_q_mode)5, (ap_o_mode)3, 0>, config6>.region_end" [firmware/nnet_utils/nnet_dense_stream.h:43]   --->   Operation 28 'phi' 'data_V_18_rewind' <Predicate = true> <Delay = 0.00>
ST_3 : Operation 29 [1/1] (0.00ns)   --->   "%data_V_17_rewind = phi i8 0, void %nnet::dense_resource<ap_fixed<8, 2, (ap_q_mode)5, (ap_o_mode)3, 0>, ap_fixed<8, 2, (ap_q_mode)5, (ap_o_mode)3, 0>, config6>.region_begin, i8 %data_V_17_phi, void %for.body26.split.i.i_ifconv, i8 0, void %nnet::dense_resource<ap_fixed<8, 2, (ap_q_mode)5, (ap_o_mode)3, 0>, ap_fixed<8, 2, (ap_q_mode)5, (ap_o_mode)3, 0>, config6>.region_end" [firmware/nnet_utils/nnet_dense_stream.h:43]   --->   Operation 29 'phi' 'data_V_17_rewind' <Predicate = true> <Delay = 0.00>
ST_3 : Operation 30 [1/1] (0.00ns)   --->   "%data_V_16_rewind = phi i8 0, void %nnet::dense_resource<ap_fixed<8, 2, (ap_q_mode)5, (ap_o_mode)3, 0>, ap_fixed<8, 2, (ap_q_mode)5, (ap_o_mode)3, 0>, config6>.region_begin, i8 %data_V_16_phi, void %for.body26.split.i.i_ifconv, i8 0, void %nnet::dense_resource<ap_fixed<8, 2, (ap_q_mode)5, (ap_o_mode)3, 0>, ap_fixed<8, 2, (ap_q_mode)5, (ap_o_mode)3, 0>, config6>.region_end" [firmware/nnet_utils/nnet_dense_stream.h:43]   --->   Operation 30 'phi' 'data_V_16_rewind' <Predicate = true> <Delay = 0.00>
ST_3 : Operation 31 [1/1] (0.00ns)   --->   "%data_V_15_rewind = phi i8 0, void %nnet::dense_resource<ap_fixed<8, 2, (ap_q_mode)5, (ap_o_mode)3, 0>, ap_fixed<8, 2, (ap_q_mode)5, (ap_o_mode)3, 0>, config6>.region_begin, i8 %data_V_15_phi, void %for.body26.split.i.i_ifconv, i8 0, void %nnet::dense_resource<ap_fixed<8, 2, (ap_q_mode)5, (ap_o_mode)3, 0>, ap_fixed<8, 2, (ap_q_mode)5, (ap_o_mode)3, 0>, config6>.region_end" [firmware/nnet_utils/nnet_dense_stream.h:43]   --->   Operation 31 'phi' 'data_V_15_rewind' <Predicate = true> <Delay = 0.00>
ST_3 : Operation 32 [1/1] (0.00ns)   --->   "%data_V_14_rewind = phi i8 0, void %nnet::dense_resource<ap_fixed<8, 2, (ap_q_mode)5, (ap_o_mode)3, 0>, ap_fixed<8, 2, (ap_q_mode)5, (ap_o_mode)3, 0>, config6>.region_begin, i8 %data_V_14_phi, void %for.body26.split.i.i_ifconv, i8 0, void %nnet::dense_resource<ap_fixed<8, 2, (ap_q_mode)5, (ap_o_mode)3, 0>, ap_fixed<8, 2, (ap_q_mode)5, (ap_o_mode)3, 0>, config6>.region_end" [firmware/nnet_utils/nnet_dense_stream.h:43]   --->   Operation 32 'phi' 'data_V_14_rewind' <Predicate = true> <Delay = 0.00>
ST_3 : Operation 33 [1/1] (0.00ns)   --->   "%data_V_13_rewind = phi i8 0, void %nnet::dense_resource<ap_fixed<8, 2, (ap_q_mode)5, (ap_o_mode)3, 0>, ap_fixed<8, 2, (ap_q_mode)5, (ap_o_mode)3, 0>, config6>.region_begin, i8 %data_V_13_phi, void %for.body26.split.i.i_ifconv, i8 0, void %nnet::dense_resource<ap_fixed<8, 2, (ap_q_mode)5, (ap_o_mode)3, 0>, ap_fixed<8, 2, (ap_q_mode)5, (ap_o_mode)3, 0>, config6>.region_end" [firmware/nnet_utils/nnet_dense_stream.h:43]   --->   Operation 33 'phi' 'data_V_13_rewind' <Predicate = true> <Delay = 0.00>
ST_3 : Operation 34 [1/1] (0.00ns)   --->   "%data_V_12_rewind = phi i8 0, void %nnet::dense_resource<ap_fixed<8, 2, (ap_q_mode)5, (ap_o_mode)3, 0>, ap_fixed<8, 2, (ap_q_mode)5, (ap_o_mode)3, 0>, config6>.region_begin, i8 %data_V_12_phi, void %for.body26.split.i.i_ifconv, i8 0, void %nnet::dense_resource<ap_fixed<8, 2, (ap_q_mode)5, (ap_o_mode)3, 0>, ap_fixed<8, 2, (ap_q_mode)5, (ap_o_mode)3, 0>, config6>.region_end" [firmware/nnet_utils/nnet_dense_stream.h:43]   --->   Operation 34 'phi' 'data_V_12_rewind' <Predicate = true> <Delay = 0.00>
ST_3 : Operation 35 [1/1] (0.00ns)   --->   "%data_V_11_rewind = phi i8 0, void %nnet::dense_resource<ap_fixed<8, 2, (ap_q_mode)5, (ap_o_mode)3, 0>, ap_fixed<8, 2, (ap_q_mode)5, (ap_o_mode)3, 0>, config6>.region_begin, i8 %data_V_11_phi, void %for.body26.split.i.i_ifconv, i8 0, void %nnet::dense_resource<ap_fixed<8, 2, (ap_q_mode)5, (ap_o_mode)3, 0>, ap_fixed<8, 2, (ap_q_mode)5, (ap_o_mode)3, 0>, config6>.region_end" [firmware/nnet_utils/nnet_dense_stream.h:43]   --->   Operation 35 'phi' 'data_V_11_rewind' <Predicate = true> <Delay = 0.00>
ST_3 : Operation 36 [1/1] (0.00ns)   --->   "%data_V_10_rewind = phi i8 0, void %nnet::dense_resource<ap_fixed<8, 2, (ap_q_mode)5, (ap_o_mode)3, 0>, ap_fixed<8, 2, (ap_q_mode)5, (ap_o_mode)3, 0>, config6>.region_begin, i8 %data_V_10_phi, void %for.body26.split.i.i_ifconv, i8 0, void %nnet::dense_resource<ap_fixed<8, 2, (ap_q_mode)5, (ap_o_mode)3, 0>, ap_fixed<8, 2, (ap_q_mode)5, (ap_o_mode)3, 0>, config6>.region_end" [firmware/nnet_utils/nnet_dense_stream.h:43]   --->   Operation 36 'phi' 'data_V_10_rewind' <Predicate = true> <Delay = 0.00>
ST_3 : Operation 37 [1/1] (0.00ns)   --->   "%data_V_29_rewind = phi i8 0, void %nnet::dense_resource<ap_fixed<8, 2, (ap_q_mode)5, (ap_o_mode)3, 0>, ap_fixed<8, 2, (ap_q_mode)5, (ap_o_mode)3, 0>, config6>.region_begin, i8 %data_V_29_phi, void %for.body26.split.i.i_ifconv, i8 0, void %nnet::dense_resource<ap_fixed<8, 2, (ap_q_mode)5, (ap_o_mode)3, 0>, ap_fixed<8, 2, (ap_q_mode)5, (ap_o_mode)3, 0>, config6>.region_end" [firmware/nnet_utils/nnet_dense_stream.h:43]   --->   Operation 37 'phi' 'data_V_29_rewind' <Predicate = true> <Delay = 0.00>
ST_3 : Operation 38 [1/1] (0.00ns)   --->   "%data_V_9_rewind = phi i8 0, void %nnet::dense_resource<ap_fixed<8, 2, (ap_q_mode)5, (ap_o_mode)3, 0>, ap_fixed<8, 2, (ap_q_mode)5, (ap_o_mode)3, 0>, config6>.region_begin, i8 %data_V_9_phi, void %for.body26.split.i.i_ifconv, i8 0, void %nnet::dense_resource<ap_fixed<8, 2, (ap_q_mode)5, (ap_o_mode)3, 0>, ap_fixed<8, 2, (ap_q_mode)5, (ap_o_mode)3, 0>, config6>.region_end" [firmware/nnet_utils/nnet_dense_stream.h:43]   --->   Operation 38 'phi' 'data_V_9_rewind' <Predicate = true> <Delay = 0.00>
ST_3 : Operation 39 [1/1] (0.00ns)   --->   "%data_V_8_rewind = phi i8 0, void %nnet::dense_resource<ap_fixed<8, 2, (ap_q_mode)5, (ap_o_mode)3, 0>, ap_fixed<8, 2, (ap_q_mode)5, (ap_o_mode)3, 0>, config6>.region_begin, i8 %data_V_8_phi, void %for.body26.split.i.i_ifconv, i8 0, void %nnet::dense_resource<ap_fixed<8, 2, (ap_q_mode)5, (ap_o_mode)3, 0>, ap_fixed<8, 2, (ap_q_mode)5, (ap_o_mode)3, 0>, config6>.region_end" [firmware/nnet_utils/nnet_dense_stream.h:43]   --->   Operation 39 'phi' 'data_V_8_rewind' <Predicate = true> <Delay = 0.00>
ST_3 : Operation 40 [1/1] (0.00ns)   --->   "%data_V_7_rewind = phi i8 0, void %nnet::dense_resource<ap_fixed<8, 2, (ap_q_mode)5, (ap_o_mode)3, 0>, ap_fixed<8, 2, (ap_q_mode)5, (ap_o_mode)3, 0>, config6>.region_begin, i8 %data_V_7_phi, void %for.body26.split.i.i_ifconv, i8 0, void %nnet::dense_resource<ap_fixed<8, 2, (ap_q_mode)5, (ap_o_mode)3, 0>, ap_fixed<8, 2, (ap_q_mode)5, (ap_o_mode)3, 0>, config6>.region_end" [firmware/nnet_utils/nnet_dense_stream.h:43]   --->   Operation 40 'phi' 'data_V_7_rewind' <Predicate = true> <Delay = 0.00>
ST_3 : Operation 41 [1/1] (0.00ns)   --->   "%data_V_6_rewind = phi i8 0, void %nnet::dense_resource<ap_fixed<8, 2, (ap_q_mode)5, (ap_o_mode)3, 0>, ap_fixed<8, 2, (ap_q_mode)5, (ap_o_mode)3, 0>, config6>.region_begin, i8 %data_V_6_phi, void %for.body26.split.i.i_ifconv, i8 0, void %nnet::dense_resource<ap_fixed<8, 2, (ap_q_mode)5, (ap_o_mode)3, 0>, ap_fixed<8, 2, (ap_q_mode)5, (ap_o_mode)3, 0>, config6>.region_end" [firmware/nnet_utils/nnet_dense_stream.h:43]   --->   Operation 41 'phi' 'data_V_6_rewind' <Predicate = true> <Delay = 0.00>
ST_3 : Operation 42 [1/1] (0.00ns)   --->   "%data_V_5_rewind = phi i8 0, void %nnet::dense_resource<ap_fixed<8, 2, (ap_q_mode)5, (ap_o_mode)3, 0>, ap_fixed<8, 2, (ap_q_mode)5, (ap_o_mode)3, 0>, config6>.region_begin, i8 %data_V_5_phi, void %for.body26.split.i.i_ifconv, i8 0, void %nnet::dense_resource<ap_fixed<8, 2, (ap_q_mode)5, (ap_o_mode)3, 0>, ap_fixed<8, 2, (ap_q_mode)5, (ap_o_mode)3, 0>, config6>.region_end" [firmware/nnet_utils/nnet_dense_stream.h:43]   --->   Operation 42 'phi' 'data_V_5_rewind' <Predicate = true> <Delay = 0.00>
ST_3 : Operation 43 [1/1] (0.00ns)   --->   "%data_V_4_rewind = phi i8 0, void %nnet::dense_resource<ap_fixed<8, 2, (ap_q_mode)5, (ap_o_mode)3, 0>, ap_fixed<8, 2, (ap_q_mode)5, (ap_o_mode)3, 0>, config6>.region_begin, i8 %data_V_4_phi, void %for.body26.split.i.i_ifconv, i8 0, void %nnet::dense_resource<ap_fixed<8, 2, (ap_q_mode)5, (ap_o_mode)3, 0>, ap_fixed<8, 2, (ap_q_mode)5, (ap_o_mode)3, 0>, config6>.region_end" [firmware/nnet_utils/nnet_dense_stream.h:43]   --->   Operation 43 'phi' 'data_V_4_rewind' <Predicate = true> <Delay = 0.00>
ST_3 : Operation 44 [1/1] (0.00ns)   --->   "%data_V_3_rewind = phi i8 0, void %nnet::dense_resource<ap_fixed<8, 2, (ap_q_mode)5, (ap_o_mode)3, 0>, ap_fixed<8, 2, (ap_q_mode)5, (ap_o_mode)3, 0>, config6>.region_begin, i8 %data_V_3_phi, void %for.body26.split.i.i_ifconv, i8 0, void %nnet::dense_resource<ap_fixed<8, 2, (ap_q_mode)5, (ap_o_mode)3, 0>, ap_fixed<8, 2, (ap_q_mode)5, (ap_o_mode)3, 0>, config6>.region_end" [firmware/nnet_utils/nnet_dense_stream.h:43]   --->   Operation 44 'phi' 'data_V_3_rewind' <Predicate = true> <Delay = 0.00>
ST_3 : Operation 45 [1/1] (0.00ns)   --->   "%data_V_2_rewind = phi i8 0, void %nnet::dense_resource<ap_fixed<8, 2, (ap_q_mode)5, (ap_o_mode)3, 0>, ap_fixed<8, 2, (ap_q_mode)5, (ap_o_mode)3, 0>, config6>.region_begin, i8 %data_V_2_phi, void %for.body26.split.i.i_ifconv, i8 0, void %nnet::dense_resource<ap_fixed<8, 2, (ap_q_mode)5, (ap_o_mode)3, 0>, ap_fixed<8, 2, (ap_q_mode)5, (ap_o_mode)3, 0>, config6>.region_end" [firmware/nnet_utils/nnet_dense_stream.h:43]   --->   Operation 45 'phi' 'data_V_2_rewind' <Predicate = true> <Delay = 0.00>
ST_3 : Operation 46 [1/1] (0.00ns)   --->   "%data_V_1_rewind = phi i8 0, void %nnet::dense_resource<ap_fixed<8, 2, (ap_q_mode)5, (ap_o_mode)3, 0>, ap_fixed<8, 2, (ap_q_mode)5, (ap_o_mode)3, 0>, config6>.region_begin, i8 %data_V_1_phi, void %for.body26.split.i.i_ifconv, i8 0, void %nnet::dense_resource<ap_fixed<8, 2, (ap_q_mode)5, (ap_o_mode)3, 0>, ap_fixed<8, 2, (ap_q_mode)5, (ap_o_mode)3, 0>, config6>.region_end" [firmware/nnet_utils/nnet_dense_stream.h:43]   --->   Operation 46 'phi' 'data_V_1_rewind' <Predicate = true> <Delay = 0.00>
ST_3 : Operation 47 [1/1] (0.00ns)   --->   "%data_V_30_rewind = phi i8 0, void %nnet::dense_resource<ap_fixed<8, 2, (ap_q_mode)5, (ap_o_mode)3, 0>, ap_fixed<8, 2, (ap_q_mode)5, (ap_o_mode)3, 0>, config6>.region_begin, i8 %data_V_30_phi, void %for.body26.split.i.i_ifconv, i8 0, void %nnet::dense_resource<ap_fixed<8, 2, (ap_q_mode)5, (ap_o_mode)3, 0>, ap_fixed<8, 2, (ap_q_mode)5, (ap_o_mode)3, 0>, config6>.region_end" [firmware/nnet_utils/nnet_dense_stream.h:43]   --->   Operation 47 'phi' 'data_V_30_rewind' <Predicate = true> <Delay = 0.00>
ST_3 : Operation 48 [1/1] (0.00ns)   --->   "%data_V_31_rewind = phi i8 0, void %nnet::dense_resource<ap_fixed<8, 2, (ap_q_mode)5, (ap_o_mode)3, 0>, ap_fixed<8, 2, (ap_q_mode)5, (ap_o_mode)3, 0>, config6>.region_begin, i8 %data_V_31_phi, void %for.body26.split.i.i_ifconv, i8 0, void %nnet::dense_resource<ap_fixed<8, 2, (ap_q_mode)5, (ap_o_mode)3, 0>, ap_fixed<8, 2, (ap_q_mode)5, (ap_o_mode)3, 0>, config6>.region_end" [firmware/nnet_utils/nnet_dense_stream.h:43]   --->   Operation 48 'phi' 'data_V_31_rewind' <Predicate = true> <Delay = 0.00>
ST_3 : Operation 49 [1/1] (0.00ns)   --->   "%p_rewind = phi i8 0, void %nnet::dense_resource<ap_fixed<8, 2, (ap_q_mode)5, (ap_o_mode)3, 0>, ap_fixed<8, 2, (ap_q_mode)5, (ap_o_mode)3, 0>, config6>.region_begin, i8 %p_phi, void %for.body26.split.i.i_ifconv, i8 0, void %nnet::dense_resource<ap_fixed<8, 2, (ap_q_mode)5, (ap_o_mode)3, 0>, ap_fixed<8, 2, (ap_q_mode)5, (ap_o_mode)3, 0>, config6>.region_end" [firmware/nnet_utils/nnet_dense_stream.h:43]   --->   Operation 49 'phi' 'p_rewind' <Predicate = true> <Delay = 0.00>
ST_3 : Operation 50 [1/1] (1.58ns)   --->   "%br_ln0 = br i1 %do_init, void %for.body26.split.i.i_ifconv, void %rewind_init"   --->   Operation 50 'br' 'br_ln0' <Predicate = true> <Delay = 1.58>
ST_3 : Operation 51 [1/1] (2.18ns)   --->   "%layer5_out_read = read i256 @_ssdm_op_Read.ap_fifo.volatile.i256P0A, i256 %layer5_out" [firmware/nnet_utils/nnet_dense_stream.h:43]   --->   Operation 51 'read' 'layer5_out_read' <Predicate = (do_init)> <Delay = 2.18> <CoreInst = "FIFO_SRL">   --->   Core 81 'FIFO_SRL' <Latency = 0> <II = 1> <Delay = 3.63> <Storage> <Opcode : 'read' 'write' 'nbread' 'nbwrite'> <Ports = 0> <Width = 256> <Depth = 1> <FIFO>
ST_3 : Operation 52 [1/1] (0.00ns)   --->   "%data_V = trunc i256 %layer5_out_read" [firmware/nnet_utils/nnet_dense_stream.h:43]   --->   Operation 52 'trunc' 'data_V' <Predicate = (do_init)> <Delay = 0.00>
ST_3 : Operation 53 [1/1] (0.00ns)   --->   "%data_V_31 = partselect i8 @_ssdm_op_PartSelect.i8.i256.i32.i32, i256 %layer5_out_read, i32 240, i32 247" [firmware/nnet_utils/nnet_dense_stream.h:43]   --->   Operation 53 'partselect' 'data_V_31' <Predicate = (do_init)> <Delay = 0.00>
ST_3 : Operation 54 [1/1] (0.00ns)   --->   "%data_V_32 = partselect i8 @_ssdm_op_PartSelect.i8.i256.i32.i32, i256 %layer5_out_read, i32 248, i32 255" [firmware/nnet_utils/nnet_dense_stream.h:43]   --->   Operation 54 'partselect' 'data_V_32' <Predicate = (do_init)> <Delay = 0.00>
ST_3 : Operation 55 [1/1] (0.00ns)   --->   "%data_V_1 = partselect i8 @_ssdm_op_PartSelect.i8.i256.i32.i32, i256 %layer5_out_read, i32 8, i32 15" [firmware/nnet_utils/nnet_dense_stream.h:43]   --->   Operation 55 'partselect' 'data_V_1' <Predicate = (do_init)> <Delay = 0.00>
ST_3 : Operation 56 [1/1] (0.00ns)   --->   "%data_V_2 = partselect i8 @_ssdm_op_PartSelect.i8.i256.i32.i32, i256 %layer5_out_read, i32 16, i32 23" [firmware/nnet_utils/nnet_dense_stream.h:43]   --->   Operation 56 'partselect' 'data_V_2' <Predicate = (do_init)> <Delay = 0.00>
ST_3 : Operation 57 [1/1] (0.00ns)   --->   "%data_V_3 = partselect i8 @_ssdm_op_PartSelect.i8.i256.i32.i32, i256 %layer5_out_read, i32 24, i32 31" [firmware/nnet_utils/nnet_dense_stream.h:43]   --->   Operation 57 'partselect' 'data_V_3' <Predicate = (do_init)> <Delay = 0.00>
ST_3 : Operation 58 [1/1] (0.00ns)   --->   "%data_V_4 = partselect i8 @_ssdm_op_PartSelect.i8.i256.i32.i32, i256 %layer5_out_read, i32 32, i32 39" [firmware/nnet_utils/nnet_dense_stream.h:43]   --->   Operation 58 'partselect' 'data_V_4' <Predicate = (do_init)> <Delay = 0.00>
ST_3 : Operation 59 [1/1] (0.00ns)   --->   "%data_V_5 = partselect i8 @_ssdm_op_PartSelect.i8.i256.i32.i32, i256 %layer5_out_read, i32 40, i32 47" [firmware/nnet_utils/nnet_dense_stream.h:43]   --->   Operation 59 'partselect' 'data_V_5' <Predicate = (do_init)> <Delay = 0.00>
ST_3 : Operation 60 [1/1] (0.00ns)   --->   "%data_V_6 = partselect i8 @_ssdm_op_PartSelect.i8.i256.i32.i32, i256 %layer5_out_read, i32 48, i32 55" [firmware/nnet_utils/nnet_dense_stream.h:43]   --->   Operation 60 'partselect' 'data_V_6' <Predicate = (do_init)> <Delay = 0.00>
ST_3 : Operation 61 [1/1] (0.00ns)   --->   "%data_V_7 = partselect i8 @_ssdm_op_PartSelect.i8.i256.i32.i32, i256 %layer5_out_read, i32 56, i32 63" [firmware/nnet_utils/nnet_dense_stream.h:43]   --->   Operation 61 'partselect' 'data_V_7' <Predicate = (do_init)> <Delay = 0.00>
ST_3 : Operation 62 [1/1] (0.00ns)   --->   "%data_V_8 = partselect i8 @_ssdm_op_PartSelect.i8.i256.i32.i32, i256 %layer5_out_read, i32 64, i32 71" [firmware/nnet_utils/nnet_dense_stream.h:43]   --->   Operation 62 'partselect' 'data_V_8' <Predicate = (do_init)> <Delay = 0.00>
ST_3 : Operation 63 [1/1] (0.00ns)   --->   "%data_V_9 = partselect i8 @_ssdm_op_PartSelect.i8.i256.i32.i32, i256 %layer5_out_read, i32 72, i32 79" [firmware/nnet_utils/nnet_dense_stream.h:43]   --->   Operation 63 'partselect' 'data_V_9' <Predicate = (do_init)> <Delay = 0.00>
ST_3 : Operation 64 [1/1] (0.00ns)   --->   "%data_V_33 = partselect i8 @_ssdm_op_PartSelect.i8.i256.i32.i32, i256 %layer5_out_read, i32 80, i32 87" [firmware/nnet_utils/nnet_dense_stream.h:43]   --->   Operation 64 'partselect' 'data_V_33' <Predicate = (do_init)> <Delay = 0.00>
ST_3 : Operation 65 [1/1] (0.00ns)   --->   "%data_V_34 = partselect i8 @_ssdm_op_PartSelect.i8.i256.i32.i32, i256 %layer5_out_read, i32 88, i32 95" [firmware/nnet_utils/nnet_dense_stream.h:43]   --->   Operation 65 'partselect' 'data_V_34' <Predicate = (do_init)> <Delay = 0.00>
ST_3 : Operation 66 [1/1] (0.00ns)   --->   "%data_V_35 = partselect i8 @_ssdm_op_PartSelect.i8.i256.i32.i32, i256 %layer5_out_read, i32 96, i32 103" [firmware/nnet_utils/nnet_dense_stream.h:43]   --->   Operation 66 'partselect' 'data_V_35' <Predicate = (do_init)> <Delay = 0.00>
ST_3 : Operation 67 [1/1] (0.00ns)   --->   "%data_V_36 = partselect i8 @_ssdm_op_PartSelect.i8.i256.i32.i32, i256 %layer5_out_read, i32 104, i32 111" [firmware/nnet_utils/nnet_dense_stream.h:43]   --->   Operation 67 'partselect' 'data_V_36' <Predicate = (do_init)> <Delay = 0.00>
ST_3 : Operation 68 [1/1] (0.00ns)   --->   "%data_V_37 = partselect i8 @_ssdm_op_PartSelect.i8.i256.i32.i32, i256 %layer5_out_read, i32 112, i32 119" [firmware/nnet_utils/nnet_dense_stream.h:43]   --->   Operation 68 'partselect' 'data_V_37' <Predicate = (do_init)> <Delay = 0.00>
ST_3 : Operation 69 [1/1] (0.00ns)   --->   "%data_V_38 = partselect i8 @_ssdm_op_PartSelect.i8.i256.i32.i32, i256 %layer5_out_read, i32 120, i32 127" [firmware/nnet_utils/nnet_dense_stream.h:43]   --->   Operation 69 'partselect' 'data_V_38' <Predicate = (do_init)> <Delay = 0.00>
ST_3 : Operation 70 [1/1] (0.00ns)   --->   "%data_V_39 = partselect i8 @_ssdm_op_PartSelect.i8.i256.i32.i32, i256 %layer5_out_read, i32 128, i32 135" [firmware/nnet_utils/nnet_dense_stream.h:43]   --->   Operation 70 'partselect' 'data_V_39' <Predicate = (do_init)> <Delay = 0.00>
ST_3 : Operation 71 [1/1] (0.00ns)   --->   "%data_V_40 = partselect i8 @_ssdm_op_PartSelect.i8.i256.i32.i32, i256 %layer5_out_read, i32 136, i32 143" [firmware/nnet_utils/nnet_dense_stream.h:43]   --->   Operation 71 'partselect' 'data_V_40' <Predicate = (do_init)> <Delay = 0.00>
ST_3 : Operation 72 [1/1] (0.00ns)   --->   "%data_V_41 = partselect i8 @_ssdm_op_PartSelect.i8.i256.i32.i32, i256 %layer5_out_read, i32 144, i32 151" [firmware/nnet_utils/nnet_dense_stream.h:43]   --->   Operation 72 'partselect' 'data_V_41' <Predicate = (do_init)> <Delay = 0.00>
ST_3 : Operation 73 [1/1] (0.00ns)   --->   "%data_V_42 = partselect i8 @_ssdm_op_PartSelect.i8.i256.i32.i32, i256 %layer5_out_read, i32 152, i32 159" [firmware/nnet_utils/nnet_dense_stream.h:43]   --->   Operation 73 'partselect' 'data_V_42' <Predicate = (do_init)> <Delay = 0.00>
ST_3 : Operation 74 [1/1] (0.00ns)   --->   "%data_V_43 = partselect i8 @_ssdm_op_PartSelect.i8.i256.i32.i32, i256 %layer5_out_read, i32 160, i32 167" [firmware/nnet_utils/nnet_dense_stream.h:43]   --->   Operation 74 'partselect' 'data_V_43' <Predicate = (do_init)> <Delay = 0.00>
ST_3 : Operation 75 [1/1] (0.00ns)   --->   "%data_V_44 = partselect i8 @_ssdm_op_PartSelect.i8.i256.i32.i32, i256 %layer5_out_read, i32 168, i32 175" [firmware/nnet_utils/nnet_dense_stream.h:43]   --->   Operation 75 'partselect' 'data_V_44' <Predicate = (do_init)> <Delay = 0.00>
ST_3 : Operation 76 [1/1] (0.00ns)   --->   "%data_V_45 = partselect i8 @_ssdm_op_PartSelect.i8.i256.i32.i32, i256 %layer5_out_read, i32 176, i32 183" [firmware/nnet_utils/nnet_dense_stream.h:43]   --->   Operation 76 'partselect' 'data_V_45' <Predicate = (do_init)> <Delay = 0.00>
ST_3 : Operation 77 [1/1] (0.00ns)   --->   "%data_V_46 = partselect i8 @_ssdm_op_PartSelect.i8.i256.i32.i32, i256 %layer5_out_read, i32 184, i32 191" [firmware/nnet_utils/nnet_dense_stream.h:43]   --->   Operation 77 'partselect' 'data_V_46' <Predicate = (do_init)> <Delay = 0.00>
ST_3 : Operation 78 [1/1] (0.00ns)   --->   "%data_V_47 = partselect i8 @_ssdm_op_PartSelect.i8.i256.i32.i32, i256 %layer5_out_read, i32 192, i32 199" [firmware/nnet_utils/nnet_dense_stream.h:43]   --->   Operation 78 'partselect' 'data_V_47' <Predicate = (do_init)> <Delay = 0.00>
ST_3 : Operation 79 [1/1] (0.00ns)   --->   "%data_V_48 = partselect i8 @_ssdm_op_PartSelect.i8.i256.i32.i32, i256 %layer5_out_read, i32 200, i32 207" [firmware/nnet_utils/nnet_dense_stream.h:43]   --->   Operation 79 'partselect' 'data_V_48' <Predicate = (do_init)> <Delay = 0.00>
ST_3 : Operation 80 [1/1] (0.00ns)   --->   "%data_V_49 = partselect i8 @_ssdm_op_PartSelect.i8.i256.i32.i32, i256 %layer5_out_read, i32 208, i32 215" [firmware/nnet_utils/nnet_dense_stream.h:43]   --->   Operation 80 'partselect' 'data_V_49' <Predicate = (do_init)> <Delay = 0.00>
ST_3 : Operation 81 [1/1] (0.00ns)   --->   "%data_V_50 = partselect i8 @_ssdm_op_PartSelect.i8.i256.i32.i32, i256 %layer5_out_read, i32 216, i32 223" [firmware/nnet_utils/nnet_dense_stream.h:43]   --->   Operation 81 'partselect' 'data_V_50' <Predicate = (do_init)> <Delay = 0.00>
ST_3 : Operation 82 [1/1] (0.00ns)   --->   "%data_V_51 = partselect i8 @_ssdm_op_PartSelect.i8.i256.i32.i32, i256 %layer5_out_read, i32 224, i32 231" [firmware/nnet_utils/nnet_dense_stream.h:43]   --->   Operation 82 'partselect' 'data_V_51' <Predicate = (do_init)> <Delay = 0.00>
ST_3 : Operation 83 [1/1] (0.00ns)   --->   "%data_V_52 = partselect i8 @_ssdm_op_PartSelect.i8.i256.i32.i32, i256 %layer5_out_read, i32 232, i32 239" [firmware/nnet_utils/nnet_dense_stream.h:43]   --->   Operation 83 'partselect' 'data_V_52' <Predicate = (do_init)> <Delay = 0.00>
ST_3 : Operation 84 [1/1] (1.58ns)   --->   "%br_ln124 = br void %for.body26.split.i.i_ifconv" [firmware/nnet_utils/nnet_dense_resource.h:124->firmware/nnet_utils/nnet_dense_resource.h:242->firmware/nnet_utils/nnet_dense_stream.h:24]   --->   Operation 84 'br' 'br_ln124' <Predicate = (do_init)> <Delay = 1.58>
ST_3 : Operation 85 [1/1] (0.00ns)   --->   "%data_V_28_phi = phi i8 %data_V_52, void %rewind_init, i8 %data_V_28_rewind, void %rewind_header"   --->   Operation 85 'phi' 'data_V_28_phi' <Predicate = true> <Delay = 0.00>
ST_3 : Operation 86 [1/1] (0.00ns)   --->   "%data_V_27_phi = phi i8 %data_V_51, void %rewind_init, i8 %data_V_27_rewind, void %rewind_header"   --->   Operation 86 'phi' 'data_V_27_phi' <Predicate = true> <Delay = 0.00>
ST_3 : Operation 87 [1/1] (0.00ns)   --->   "%data_V_26_phi = phi i8 %data_V_50, void %rewind_init, i8 %data_V_26_rewind, void %rewind_header"   --->   Operation 87 'phi' 'data_V_26_phi' <Predicate = true> <Delay = 0.00>
ST_3 : Operation 88 [1/1] (0.00ns)   --->   "%data_V_25_phi = phi i8 %data_V_49, void %rewind_init, i8 %data_V_25_rewind, void %rewind_header"   --->   Operation 88 'phi' 'data_V_25_phi' <Predicate = true> <Delay = 0.00>
ST_3 : Operation 89 [1/1] (0.00ns)   --->   "%data_V_24_phi = phi i8 %data_V_48, void %rewind_init, i8 %data_V_24_rewind, void %rewind_header"   --->   Operation 89 'phi' 'data_V_24_phi' <Predicate = true> <Delay = 0.00>
ST_3 : Operation 90 [1/1] (0.00ns)   --->   "%data_V_23_phi = phi i8 %data_V_47, void %rewind_init, i8 %data_V_23_rewind, void %rewind_header"   --->   Operation 90 'phi' 'data_V_23_phi' <Predicate = true> <Delay = 0.00>
ST_3 : Operation 91 [1/1] (0.00ns)   --->   "%data_V_22_phi = phi i8 %data_V_46, void %rewind_init, i8 %data_V_22_rewind, void %rewind_header"   --->   Operation 91 'phi' 'data_V_22_phi' <Predicate = true> <Delay = 0.00>
ST_3 : Operation 92 [1/1] (0.00ns)   --->   "%data_V_21_phi = phi i8 %data_V_45, void %rewind_init, i8 %data_V_21_rewind, void %rewind_header"   --->   Operation 92 'phi' 'data_V_21_phi' <Predicate = true> <Delay = 0.00>
ST_3 : Operation 93 [1/1] (0.00ns)   --->   "%data_V_20_phi = phi i8 %data_V_44, void %rewind_init, i8 %data_V_20_rewind, void %rewind_header"   --->   Operation 93 'phi' 'data_V_20_phi' <Predicate = true> <Delay = 0.00>
ST_3 : Operation 94 [1/1] (0.00ns)   --->   "%data_V_19_phi = phi i8 %data_V_43, void %rewind_init, i8 %data_V_19_rewind, void %rewind_header"   --->   Operation 94 'phi' 'data_V_19_phi' <Predicate = true> <Delay = 0.00>
ST_3 : Operation 95 [1/1] (0.00ns)   --->   "%data_V_18_phi = phi i8 %data_V_42, void %rewind_init, i8 %data_V_18_rewind, void %rewind_header"   --->   Operation 95 'phi' 'data_V_18_phi' <Predicate = true> <Delay = 0.00>
ST_3 : Operation 96 [1/1] (0.00ns)   --->   "%data_V_17_phi = phi i8 %data_V_41, void %rewind_init, i8 %data_V_17_rewind, void %rewind_header"   --->   Operation 96 'phi' 'data_V_17_phi' <Predicate = true> <Delay = 0.00>
ST_3 : Operation 97 [1/1] (0.00ns)   --->   "%data_V_16_phi = phi i8 %data_V_40, void %rewind_init, i8 %data_V_16_rewind, void %rewind_header"   --->   Operation 97 'phi' 'data_V_16_phi' <Predicate = true> <Delay = 0.00>
ST_3 : Operation 98 [1/1] (0.00ns)   --->   "%data_V_15_phi = phi i8 %data_V_39, void %rewind_init, i8 %data_V_15_rewind, void %rewind_header"   --->   Operation 98 'phi' 'data_V_15_phi' <Predicate = true> <Delay = 0.00>
ST_3 : Operation 99 [1/1] (0.00ns)   --->   "%data_V_14_phi = phi i8 %data_V_38, void %rewind_init, i8 %data_V_14_rewind, void %rewind_header"   --->   Operation 99 'phi' 'data_V_14_phi' <Predicate = true> <Delay = 0.00>
ST_3 : Operation 100 [1/1] (0.00ns)   --->   "%data_V_13_phi = phi i8 %data_V_37, void %rewind_init, i8 %data_V_13_rewind, void %rewind_header"   --->   Operation 100 'phi' 'data_V_13_phi' <Predicate = true> <Delay = 0.00>
ST_3 : Operation 101 [1/1] (0.00ns)   --->   "%data_V_12_phi = phi i8 %data_V_36, void %rewind_init, i8 %data_V_12_rewind, void %rewind_header"   --->   Operation 101 'phi' 'data_V_12_phi' <Predicate = true> <Delay = 0.00>
ST_3 : Operation 102 [1/1] (0.00ns)   --->   "%data_V_11_phi = phi i8 %data_V_35, void %rewind_init, i8 %data_V_11_rewind, void %rewind_header"   --->   Operation 102 'phi' 'data_V_11_phi' <Predicate = true> <Delay = 0.00>
ST_3 : Operation 103 [1/1] (0.00ns)   --->   "%data_V_10_phi = phi i8 %data_V_34, void %rewind_init, i8 %data_V_10_rewind, void %rewind_header"   --->   Operation 103 'phi' 'data_V_10_phi' <Predicate = true> <Delay = 0.00>
ST_3 : Operation 104 [1/1] (0.00ns)   --->   "%data_V_29_phi = phi i8 %data_V_33, void %rewind_init, i8 %data_V_29_rewind, void %rewind_header"   --->   Operation 104 'phi' 'data_V_29_phi' <Predicate = true> <Delay = 0.00>
ST_3 : Operation 105 [1/1] (0.00ns)   --->   "%data_V_9_phi = phi i8 %data_V_9, void %rewind_init, i8 %data_V_9_rewind, void %rewind_header"   --->   Operation 105 'phi' 'data_V_9_phi' <Predicate = true> <Delay = 0.00>
ST_3 : Operation 106 [1/1] (0.00ns)   --->   "%data_V_8_phi = phi i8 %data_V_8, void %rewind_init, i8 %data_V_8_rewind, void %rewind_header"   --->   Operation 106 'phi' 'data_V_8_phi' <Predicate = true> <Delay = 0.00>
ST_3 : Operation 107 [1/1] (0.00ns)   --->   "%data_V_7_phi = phi i8 %data_V_7, void %rewind_init, i8 %data_V_7_rewind, void %rewind_header"   --->   Operation 107 'phi' 'data_V_7_phi' <Predicate = true> <Delay = 0.00>
ST_3 : Operation 108 [1/1] (0.00ns)   --->   "%data_V_6_phi = phi i8 %data_V_6, void %rewind_init, i8 %data_V_6_rewind, void %rewind_header"   --->   Operation 108 'phi' 'data_V_6_phi' <Predicate = true> <Delay = 0.00>
ST_3 : Operation 109 [1/1] (0.00ns)   --->   "%data_V_5_phi = phi i8 %data_V_5, void %rewind_init, i8 %data_V_5_rewind, void %rewind_header"   --->   Operation 109 'phi' 'data_V_5_phi' <Predicate = true> <Delay = 0.00>
ST_3 : Operation 110 [1/1] (0.00ns)   --->   "%data_V_4_phi = phi i8 %data_V_4, void %rewind_init, i8 %data_V_4_rewind, void %rewind_header"   --->   Operation 110 'phi' 'data_V_4_phi' <Predicate = true> <Delay = 0.00>
ST_3 : Operation 111 [1/1] (0.00ns)   --->   "%data_V_3_phi = phi i8 %data_V_3, void %rewind_init, i8 %data_V_3_rewind, void %rewind_header"   --->   Operation 111 'phi' 'data_V_3_phi' <Predicate = true> <Delay = 0.00>
ST_3 : Operation 112 [1/1] (0.00ns)   --->   "%data_V_2_phi = phi i8 %data_V_2, void %rewind_init, i8 %data_V_2_rewind, void %rewind_header"   --->   Operation 112 'phi' 'data_V_2_phi' <Predicate = true> <Delay = 0.00>
ST_3 : Operation 113 [1/1] (0.00ns)   --->   "%data_V_1_phi = phi i8 %data_V_1, void %rewind_init, i8 %data_V_1_rewind, void %rewind_header"   --->   Operation 113 'phi' 'data_V_1_phi' <Predicate = true> <Delay = 0.00>
ST_3 : Operation 114 [1/1] (0.00ns)   --->   "%data_V_30_phi = phi i8 %data_V_32, void %rewind_init, i8 %data_V_30_rewind, void %rewind_header"   --->   Operation 114 'phi' 'data_V_30_phi' <Predicate = true> <Delay = 0.00>
ST_3 : Operation 115 [1/1] (0.00ns)   --->   "%data_V_31_phi = phi i8 %data_V_31, void %rewind_init, i8 %data_V_31_rewind, void %rewind_header"   --->   Operation 115 'phi' 'data_V_31_phi' <Predicate = true> <Delay = 0.00>
ST_3 : Operation 116 [1/1] (0.00ns)   --->   "%p_phi = phi i8 %data_V, void %rewind_init, i8 %p_rewind, void %rewind_header"   --->   Operation 116 'phi' 'p_phi' <Predicate = true> <Delay = 0.00>
ST_3 : Operation 117 [1/1] (0.00ns)   --->   "%ir83_cast = zext i6 %ir83" [firmware/nnet_utils/nnet_dense_resource.h:124->firmware/nnet_utils/nnet_dense_resource.h:242->firmware/nnet_utils/nnet_dense_stream.h:24]   --->   Operation 117 'zext' 'ir83_cast' <Predicate = true> <Delay = 0.00>
ST_3 : Operation 118 [1/1] (0.00ns)   --->   "%zext_ln124 = zext i6 %ir83" [firmware/nnet_utils/nnet_dense_resource.h:124->firmware/nnet_utils/nnet_dense_resource.h:242->firmware/nnet_utils/nnet_dense_stream.h:24]   --->   Operation 118 'zext' 'zext_ln124' <Predicate = true> <Delay = 0.00>
ST_3 : Operation 119 [1/1] (0.00ns)   --->   "%outidx_addr = getelementptr i1 %outidx, i64 0, i64 %zext_ln124" [firmware/nnet_utils/nnet_dense_resource.h:127->firmware/nnet_utils/nnet_dense_resource.h:242->firmware/nnet_utils/nnet_dense_stream.h:24]   --->   Operation 119 'getelementptr' 'outidx_addr' <Predicate = true> <Delay = 0.00>
ST_3 : Operation 120 [2/2] (2.32ns)   --->   "%out_index = load i6 %outidx_addr" [firmware/nnet_utils/nnet_dense_stream.h:24]   --->   Operation 120 'load' 'out_index' <Predicate = true> <Delay = 2.32> <CoreInst = "ROM">   --->   Core 95 'ROM' <Latency = 1> <II = 1> <Delay = 2.32> <Storage> <Opcode : 'load'> <Ports = 0> <Width = 1> <Depth = 64> <ROM>
ST_3 : Operation 121 [1/1] (0.00ns)   --->   "%w6_V_addr = getelementptr i8 %w6_V, i64 0, i64 %zext_ln124" [firmware/nnet_utils/nnet_dense_resource.h:124->firmware/nnet_utils/nnet_dense_resource.h:242->firmware/nnet_utils/nnet_dense_stream.h:24]   --->   Operation 121 'getelementptr' 'w6_V_addr' <Predicate = true> <Delay = 0.00>
ST_3 : Operation 122 [2/2] (3.25ns)   --->   "%w_V = load i9 %w6_V_addr" [firmware/nnet_utils/nnet_dense_resource.h:124->firmware/nnet_utils/nnet_dense_resource.h:242->firmware/nnet_utils/nnet_dense_stream.h:24]   --->   Operation 122 'load' 'w_V' <Predicate = true> <Delay = 3.25> <CoreInst = "ROM">   --->   Core 95 'ROM' <Latency = 1> <II = 1> <Delay = 3.25> <Storage> <Opcode : 'load'> <Ports = 0> <Width = 8> <Depth = 512> <ROM>
ST_3 : Operation 123 [1/1] (0.00ns)   --->   "%tmp = bitconcatenate i7 @_ssdm_op_BitConcatenate.i7.i1.i6, i1 1, i6 %ir83" [firmware/nnet_utils/nnet_dense_resource.h:124->firmware/nnet_utils/nnet_dense_resource.h:242->firmware/nnet_utils/nnet_dense_stream.h:24]   --->   Operation 123 'bitconcatenate' 'tmp' <Predicate = true> <Delay = 0.00>
ST_3 : Operation 124 [1/1] (0.00ns)   --->   "%p_cast239 = zext i7 %tmp" [firmware/nnet_utils/nnet_dense_resource.h:124->firmware/nnet_utils/nnet_dense_resource.h:242->firmware/nnet_utils/nnet_dense_stream.h:24]   --->   Operation 124 'zext' 'p_cast239' <Predicate = true> <Delay = 0.00>
ST_3 : Operation 125 [1/1] (0.00ns)   --->   "%w6_V_addr_1 = getelementptr i8 %w6_V, i64 0, i64 %p_cast239" [firmware/nnet_utils/nnet_dense_resource.h:124->firmware/nnet_utils/nnet_dense_resource.h:242->firmware/nnet_utils/nnet_dense_stream.h:24]   --->   Operation 125 'getelementptr' 'w6_V_addr_1' <Predicate = true> <Delay = 0.00>
ST_3 : Operation 126 [2/2] (3.25ns)   --->   "%w_V_1 = load i9 %w6_V_addr_1" [firmware/nnet_utils/nnet_dense_resource.h:124->firmware/nnet_utils/nnet_dense_resource.h:242->firmware/nnet_utils/nnet_dense_stream.h:24]   --->   Operation 126 'load' 'w_V_1' <Predicate = true> <Delay = 3.25> <CoreInst = "ROM">   --->   Core 95 'ROM' <Latency = 1> <II = 1> <Delay = 3.25> <Storage> <Opcode : 'load'> <Ports = 0> <Width = 8> <Depth = 512> <ROM>
ST_3 : Operation 127 [1/1] (0.00ns)   --->   "%p_cast240_cast = bitconcatenate i8 @_ssdm_op_BitConcatenate.i8.i1.i7, i1 1, i7 %ir83_cast" [firmware/nnet_utils/nnet_dense_resource.h:124->firmware/nnet_utils/nnet_dense_resource.h:242->firmware/nnet_utils/nnet_dense_stream.h:24]   --->   Operation 127 'bitconcatenate' 'p_cast240_cast' <Predicate = true> <Delay = 0.00>
ST_3 : Operation 128 [1/1] (0.00ns)   --->   "%p_cast240_cast_cast = zext i8 %p_cast240_cast" [firmware/nnet_utils/nnet_dense_resource.h:124->firmware/nnet_utils/nnet_dense_resource.h:242->firmware/nnet_utils/nnet_dense_stream.h:24]   --->   Operation 128 'zext' 'p_cast240_cast_cast' <Predicate = true> <Delay = 0.00>
ST_3 : Operation 129 [1/1] (0.00ns)   --->   "%w6_V_addr_2 = getelementptr i8 %w6_V, i64 0, i64 %p_cast240_cast_cast" [firmware/nnet_utils/nnet_dense_resource.h:124->firmware/nnet_utils/nnet_dense_resource.h:242->firmware/nnet_utils/nnet_dense_stream.h:24]   --->   Operation 129 'getelementptr' 'w6_V_addr_2' <Predicate = true> <Delay = 0.00>
ST_3 : Operation 130 [2/2] (3.25ns)   --->   "%w_V_2 = load i9 %w6_V_addr_2" [firmware/nnet_utils/nnet_dense_resource.h:124->firmware/nnet_utils/nnet_dense_resource.h:242->firmware/nnet_utils/nnet_dense_stream.h:24]   --->   Operation 130 'load' 'w_V_2' <Predicate = true> <Delay = 3.25> <CoreInst = "ROM">   --->   Core 95 'ROM' <Latency = 1> <II = 1> <Delay = 3.25> <Storage> <Opcode : 'load'> <Ports = 0> <Width = 8> <Depth = 512> <ROM>
ST_3 : Operation 131 [1/1] (0.00ns)   --->   "%p_cast241_cast_cast_cast_cast = sext i7 %tmp" [firmware/nnet_utils/nnet_dense_resource.h:124->firmware/nnet_utils/nnet_dense_resource.h:242->firmware/nnet_utils/nnet_dense_stream.h:24]   --->   Operation 131 'sext' 'p_cast241_cast_cast_cast_cast' <Predicate = true> <Delay = 0.00>
ST_3 : Operation 132 [1/1] (0.00ns)   --->   "%p_cast241_cast_cast_cast_cast_cast = zext i8 %p_cast241_cast_cast_cast_cast" [firmware/nnet_utils/nnet_dense_resource.h:124->firmware/nnet_utils/nnet_dense_resource.h:242->firmware/nnet_utils/nnet_dense_stream.h:24]   --->   Operation 132 'zext' 'p_cast241_cast_cast_cast_cast_cast' <Predicate = true> <Delay = 0.00>
ST_3 : Operation 133 [1/1] (0.00ns)   --->   "%w6_V_addr_3 = getelementptr i8 %w6_V, i64 0, i64 %p_cast241_cast_cast_cast_cast_cast" [firmware/nnet_utils/nnet_dense_resource.h:124->firmware/nnet_utils/nnet_dense_resource.h:242->firmware/nnet_utils/nnet_dense_stream.h:24]   --->   Operation 133 'getelementptr' 'w6_V_addr_3' <Predicate = true> <Delay = 0.00>
ST_3 : Operation 134 [2/2] (3.25ns)   --->   "%w_V_3 = load i9 %w6_V_addr_3" [firmware/nnet_utils/nnet_dense_resource.h:124->firmware/nnet_utils/nnet_dense_resource.h:242->firmware/nnet_utils/nnet_dense_stream.h:24]   --->   Operation 134 'load' 'w_V_3' <Predicate = true> <Delay = 3.25> <CoreInst = "ROM">   --->   Core 95 'ROM' <Latency = 1> <II = 1> <Delay = 3.25> <Storage> <Opcode : 'load'> <Ports = 0> <Width = 8> <Depth = 512> <ROM>
ST_3 : Operation 135 [1/1] (0.00ns)   --->   "%p_cast242_cast = bitconcatenate i9 @_ssdm_op_BitConcatenate.i9.i2.i7, i2 2, i7 %ir83_cast" [firmware/nnet_utils/nnet_dense_resource.h:124->firmware/nnet_utils/nnet_dense_resource.h:242->firmware/nnet_utils/nnet_dense_stream.h:24]   --->   Operation 135 'bitconcatenate' 'p_cast242_cast' <Predicate = true> <Delay = 0.00>
ST_3 : Operation 136 [1/1] (0.00ns)   --->   "%p_cast242_cast_cast = zext i9 %p_cast242_cast" [firmware/nnet_utils/nnet_dense_resource.h:124->firmware/nnet_utils/nnet_dense_resource.h:242->firmware/nnet_utils/nnet_dense_stream.h:24]   --->   Operation 136 'zext' 'p_cast242_cast_cast' <Predicate = true> <Delay = 0.00>
ST_3 : Operation 137 [1/1] (0.00ns)   --->   "%w6_V_addr_4 = getelementptr i8 %w6_V, i64 0, i64 %p_cast242_cast_cast" [firmware/nnet_utils/nnet_dense_resource.h:124->firmware/nnet_utils/nnet_dense_resource.h:242->firmware/nnet_utils/nnet_dense_stream.h:24]   --->   Operation 137 'getelementptr' 'w6_V_addr_4' <Predicate = true> <Delay = 0.00>
ST_3 : Operation 138 [2/2] (3.25ns)   --->   "%w_V_4 = load i9 %w6_V_addr_4" [firmware/nnet_utils/nnet_dense_resource.h:124->firmware/nnet_utils/nnet_dense_resource.h:242->firmware/nnet_utils/nnet_dense_stream.h:24]   --->   Operation 138 'load' 'w_V_4' <Predicate = true> <Delay = 3.25> <CoreInst = "ROM">   --->   Core 95 'ROM' <Latency = 1> <II = 1> <Delay = 3.25> <Storage> <Opcode : 'load'> <Ports = 0> <Width = 8> <Depth = 512> <ROM>
ST_3 : Operation 139 [1/1] (0.00ns)   --->   "%tmp_2 = bitconcatenate i9 @_ssdm_op_BitConcatenate.i9.i3.i6, i3 5, i6 %ir83" [firmware/nnet_utils/nnet_dense_resource.h:124->firmware/nnet_utils/nnet_dense_resource.h:242->firmware/nnet_utils/nnet_dense_stream.h:24]   --->   Operation 139 'bitconcatenate' 'tmp_2' <Predicate = true> <Delay = 0.00>
ST_3 : Operation 140 [1/1] (0.00ns)   --->   "%p_cast243 = zext i9 %tmp_2" [firmware/nnet_utils/nnet_dense_resource.h:124->firmware/nnet_utils/nnet_dense_resource.h:242->firmware/nnet_utils/nnet_dense_stream.h:24]   --->   Operation 140 'zext' 'p_cast243' <Predicate = true> <Delay = 0.00>
ST_3 : Operation 141 [1/1] (0.00ns)   --->   "%w6_V_addr_5 = getelementptr i8 %w6_V, i64 0, i64 %p_cast243" [firmware/nnet_utils/nnet_dense_resource.h:124->firmware/nnet_utils/nnet_dense_resource.h:242->firmware/nnet_utils/nnet_dense_stream.h:24]   --->   Operation 141 'getelementptr' 'w6_V_addr_5' <Predicate = true> <Delay = 0.00>
ST_3 : Operation 142 [2/2] (3.25ns)   --->   "%w_V_5 = load i9 %w6_V_addr_5" [firmware/nnet_utils/nnet_dense_resource.h:124->firmware/nnet_utils/nnet_dense_resource.h:242->firmware/nnet_utils/nnet_dense_stream.h:24]   --->   Operation 142 'load' 'w_V_5' <Predicate = true> <Delay = 3.25> <CoreInst = "ROM">   --->   Core 95 'ROM' <Latency = 1> <II = 1> <Delay = 3.25> <Storage> <Opcode : 'load'> <Ports = 0> <Width = 8> <Depth = 512> <ROM>
ST_3 : Operation 143 [1/1] (0.00ns)   --->   "%p_cast244_cast_cast_cast_cast = sext i8 %p_cast240_cast" [firmware/nnet_utils/nnet_dense_resource.h:124->firmware/nnet_utils/nnet_dense_resource.h:242->firmware/nnet_utils/nnet_dense_stream.h:24]   --->   Operation 143 'sext' 'p_cast244_cast_cast_cast_cast' <Predicate = true> <Delay = 0.00>
ST_3 : Operation 144 [1/1] (0.00ns)   --->   "%p_cast244_cast_cast_cast_cast_cast = zext i9 %p_cast244_cast_cast_cast_cast" [firmware/nnet_utils/nnet_dense_resource.h:124->firmware/nnet_utils/nnet_dense_resource.h:242->firmware/nnet_utils/nnet_dense_stream.h:24]   --->   Operation 144 'zext' 'p_cast244_cast_cast_cast_cast_cast' <Predicate = true> <Delay = 0.00>
ST_3 : Operation 145 [1/1] (0.00ns)   --->   "%w6_V_addr_6 = getelementptr i8 %w6_V, i64 0, i64 %p_cast244_cast_cast_cast_cast_cast" [firmware/nnet_utils/nnet_dense_resource.h:124->firmware/nnet_utils/nnet_dense_resource.h:242->firmware/nnet_utils/nnet_dense_stream.h:24]   --->   Operation 145 'getelementptr' 'w6_V_addr_6' <Predicate = true> <Delay = 0.00>
ST_3 : Operation 146 [2/2] (3.25ns)   --->   "%w_V_6 = load i9 %w6_V_addr_6" [firmware/nnet_utils/nnet_dense_resource.h:124->firmware/nnet_utils/nnet_dense_resource.h:242->firmware/nnet_utils/nnet_dense_stream.h:24]   --->   Operation 146 'load' 'w_V_6' <Predicate = true> <Delay = 3.25> <CoreInst = "ROM">   --->   Core 95 'ROM' <Latency = 1> <II = 1> <Delay = 3.25> <Storage> <Opcode : 'load'> <Ports = 0> <Width = 8> <Depth = 512> <ROM>
ST_3 : Operation 147 [1/1] (0.00ns)   --->   "%p_cast245_cast_cast_cast_cast = sext i7 %tmp" [firmware/nnet_utils/nnet_dense_resource.h:124->firmware/nnet_utils/nnet_dense_resource.h:242->firmware/nnet_utils/nnet_dense_stream.h:24]   --->   Operation 147 'sext' 'p_cast245_cast_cast_cast_cast' <Predicate = true> <Delay = 0.00>
ST_3 : Operation 148 [1/1] (0.00ns)   --->   "%p_cast245_cast_cast_cast_cast_cast = zext i9 %p_cast245_cast_cast_cast_cast" [firmware/nnet_utils/nnet_dense_resource.h:124->firmware/nnet_utils/nnet_dense_resource.h:242->firmware/nnet_utils/nnet_dense_stream.h:24]   --->   Operation 148 'zext' 'p_cast245_cast_cast_cast_cast_cast' <Predicate = true> <Delay = 0.00>
ST_3 : Operation 149 [1/1] (0.00ns)   --->   "%w6_V_addr_7 = getelementptr i8 %w6_V, i64 0, i64 %p_cast245_cast_cast_cast_cast_cast" [firmware/nnet_utils/nnet_dense_resource.h:124->firmware/nnet_utils/nnet_dense_resource.h:242->firmware/nnet_utils/nnet_dense_stream.h:24]   --->   Operation 149 'getelementptr' 'w6_V_addr_7' <Predicate = true> <Delay = 0.00>
ST_3 : Operation 150 [2/2] (3.25ns)   --->   "%w_V_7 = load i9 %w6_V_addr_7" [firmware/nnet_utils/nnet_dense_resource.h:124->firmware/nnet_utils/nnet_dense_resource.h:242->firmware/nnet_utils/nnet_dense_stream.h:24]   --->   Operation 150 'load' 'w_V_7' <Predicate = true> <Delay = 3.25> <CoreInst = "ROM">   --->   Core 95 'ROM' <Latency = 1> <II = 1> <Delay = 3.25> <Storage> <Opcode : 'load'> <Ports = 0> <Width = 8> <Depth = 512> <ROM>

State 4 <SV = 3> <Delay = 3.25>
ST_4 : Operation 151 [1/1] (0.00ns)   --->   "%in_index84 = phi i5 0, void %nnet::dense_resource<ap_fixed<8, 2, (ap_q_mode)5, (ap_o_mode)3, 0>, ap_fixed<8, 2, (ap_q_mode)5, (ap_o_mode)3, 0>, config6>.region_begin, i5 %in_index, void %for.body26.split.i.i_ifconv, i5 0, void %nnet::dense_resource<ap_fixed<8, 2, (ap_q_mode)5, (ap_o_mode)3, 0>, ap_fixed<8, 2, (ap_q_mode)5, (ap_o_mode)3, 0>, config6>.region_end"   --->   Operation 151 'phi' 'in_index84' <Predicate = true> <Delay = 0.00>
ST_4 : Operation 152 [1/1] (0.00ns)   --->   "%zext_ln124_1 = zext i5 %in_index84" [firmware/nnet_utils/nnet_dense_resource.h:124->firmware/nnet_utils/nnet_dense_resource.h:242->firmware/nnet_utils/nnet_dense_stream.h:24]   --->   Operation 152 'zext' 'zext_ln124_1' <Predicate = true> <Delay = 0.00>
ST_4 : Operation 153 [1/2] (2.32ns)   --->   "%out_index = load i6 %outidx_addr" [firmware/nnet_utils/nnet_dense_stream.h:24]   --->   Operation 153 'load' 'out_index' <Predicate = true> <Delay = 2.32> <CoreInst = "ROM">   --->   Core 95 'ROM' <Latency = 1> <II = 1> <Delay = 2.32> <Storage> <Opcode : 'load'> <Ports = 0> <Width = 1> <Depth = 64> <ROM>
ST_4 : Operation 154 [1/1] (3.20ns)   --->   "%a_V = mux i8 @_ssdm_op_Mux.ap_auto.32i8.i5, i8 %p_phi, i8 %data_V_1_phi, i8 %data_V_2_phi, i8 %data_V_3_phi, i8 %data_V_4_phi, i8 %data_V_5_phi, i8 %data_V_6_phi, i8 %data_V_7_phi, i8 %data_V_8_phi, i8 %data_V_9_phi, i8 %data_V_29_phi, i8 %data_V_10_phi, i8 %data_V_11_phi, i8 %data_V_12_phi, i8 %data_V_13_phi, i8 %data_V_14_phi, i8 %data_V_15_phi, i8 %data_V_16_phi, i8 %data_V_17_phi, i8 %data_V_18_phi, i8 %data_V_19_phi, i8 %data_V_20_phi, i8 %data_V_21_phi, i8 %data_V_22_phi, i8 %data_V_23_phi, i8 %data_V_24_phi, i8 %data_V_25_phi, i8 %data_V_26_phi, i8 %data_V_27_phi, i8 %data_V_28_phi, i8 %data_V_31_phi, i8 %data_V_30_phi, i5 %in_index84" [firmware/nnet_utils/nnet_dense_stream.h:43]   --->   Operation 154 'mux' 'a_V' <Predicate = true> <Delay = 3.20> <CoreInst = "Multiplexer">   --->   Core 76 'Multiplexer' <Latency = 0> <II = 1> <Delay = 3.20> <FuncUnit> <Opcode : 'mux'> <InPorts = 2> <OutPorts = 1>
ST_4 : Operation 155 [1/2] (3.25ns)   --->   "%w_V = load i9 %w6_V_addr" [firmware/nnet_utils/nnet_dense_resource.h:124->firmware/nnet_utils/nnet_dense_resource.h:242->firmware/nnet_utils/nnet_dense_stream.h:24]   --->   Operation 155 'load' 'w_V' <Predicate = true> <Delay = 3.25> <CoreInst = "ROM">   --->   Core 95 'ROM' <Latency = 1> <II = 1> <Delay = 3.25> <Storage> <Opcode : 'load'> <Ports = 0> <Width = 8> <Depth = 512> <ROM>
ST_4 : Operation 156 [1/2] (3.25ns)   --->   "%w_V_1 = load i9 %w6_V_addr_1" [firmware/nnet_utils/nnet_dense_resource.h:124->firmware/nnet_utils/nnet_dense_resource.h:242->firmware/nnet_utils/nnet_dense_stream.h:24]   --->   Operation 156 'load' 'w_V_1' <Predicate = true> <Delay = 3.25> <CoreInst = "ROM">   --->   Core 95 'ROM' <Latency = 1> <II = 1> <Delay = 3.25> <Storage> <Opcode : 'load'> <Ports = 0> <Width = 8> <Depth = 512> <ROM>
ST_4 : Operation 157 [1/2] (3.25ns)   --->   "%w_V_2 = load i9 %w6_V_addr_2" [firmware/nnet_utils/nnet_dense_resource.h:124->firmware/nnet_utils/nnet_dense_resource.h:242->firmware/nnet_utils/nnet_dense_stream.h:24]   --->   Operation 157 'load' 'w_V_2' <Predicate = true> <Delay = 3.25> <CoreInst = "ROM">   --->   Core 95 'ROM' <Latency = 1> <II = 1> <Delay = 3.25> <Storage> <Opcode : 'load'> <Ports = 0> <Width = 8> <Depth = 512> <ROM>
ST_4 : Operation 158 [1/2] (3.25ns)   --->   "%w_V_3 = load i9 %w6_V_addr_3" [firmware/nnet_utils/nnet_dense_resource.h:124->firmware/nnet_utils/nnet_dense_resource.h:242->firmware/nnet_utils/nnet_dense_stream.h:24]   --->   Operation 158 'load' 'w_V_3' <Predicate = true> <Delay = 3.25> <CoreInst = "ROM">   --->   Core 95 'ROM' <Latency = 1> <II = 1> <Delay = 3.25> <Storage> <Opcode : 'load'> <Ports = 0> <Width = 8> <Depth = 512> <ROM>
ST_4 : Operation 159 [1/2] (3.25ns)   --->   "%w_V_4 = load i9 %w6_V_addr_4" [firmware/nnet_utils/nnet_dense_resource.h:124->firmware/nnet_utils/nnet_dense_resource.h:242->firmware/nnet_utils/nnet_dense_stream.h:24]   --->   Operation 159 'load' 'w_V_4' <Predicate = true> <Delay = 3.25> <CoreInst = "ROM">   --->   Core 95 'ROM' <Latency = 1> <II = 1> <Delay = 3.25> <Storage> <Opcode : 'load'> <Ports = 0> <Width = 8> <Depth = 512> <ROM>
ST_4 : Operation 160 [1/2] (3.25ns)   --->   "%w_V_5 = load i9 %w6_V_addr_5" [firmware/nnet_utils/nnet_dense_resource.h:124->firmware/nnet_utils/nnet_dense_resource.h:242->firmware/nnet_utils/nnet_dense_stream.h:24]   --->   Operation 160 'load' 'w_V_5' <Predicate = true> <Delay = 3.25> <CoreInst = "ROM">   --->   Core 95 'ROM' <Latency = 1> <II = 1> <Delay = 3.25> <Storage> <Opcode : 'load'> <Ports = 0> <Width = 8> <Depth = 512> <ROM>
ST_4 : Operation 161 [1/2] (3.25ns)   --->   "%w_V_6 = load i9 %w6_V_addr_6" [firmware/nnet_utils/nnet_dense_resource.h:124->firmware/nnet_utils/nnet_dense_resource.h:242->firmware/nnet_utils/nnet_dense_stream.h:24]   --->   Operation 161 'load' 'w_V_6' <Predicate = true> <Delay = 3.25> <CoreInst = "ROM">   --->   Core 95 'ROM' <Latency = 1> <II = 1> <Delay = 3.25> <Storage> <Opcode : 'load'> <Ports = 0> <Width = 8> <Depth = 512> <ROM>
ST_4 : Operation 162 [1/2] (3.25ns)   --->   "%w_V_7 = load i9 %w6_V_addr_7" [firmware/nnet_utils/nnet_dense_resource.h:124->firmware/nnet_utils/nnet_dense_resource.h:242->firmware/nnet_utils/nnet_dense_stream.h:24]   --->   Operation 162 'load' 'w_V_7' <Predicate = true> <Delay = 3.25> <CoreInst = "ROM">   --->   Core 95 'ROM' <Latency = 1> <II = 1> <Delay = 3.25> <Storage> <Opcode : 'load'> <Ports = 0> <Width = 8> <Depth = 512> <ROM>
ST_4 : Operation 163 [1/1] (1.78ns)   --->   "%in_index_1 = add i6 %zext_ln124_1, i6 1" [firmware/nnet_utils/nnet_dense_resource.h:140->firmware/nnet_utils/nnet_dense_resource.h:242->firmware/nnet_utils/nnet_dense_stream.h:24]   --->   Operation 163 'add' 'in_index_1' <Predicate = true> <Delay = 1.78> <CoreInst = "Adder">   --->   Core 1 'Adder' <Latency = 0> <II = 1> <Delay = 1.78> <FuncUnit> <Opcode : 'add' 'sub'> <InPorts = 2> <OutPorts = 1>
ST_4 : Operation 164 [1/1] (1.78ns)   --->   "%add_ln109 = add i5 %in_index84, i5 1" [firmware/nnet_utils/nnet_dense_resource.h:109->firmware/nnet_utils/nnet_dense_resource.h:242->firmware/nnet_utils/nnet_dense_stream.h:24]   --->   Operation 164 'add' 'add_ln109' <Predicate = true> <Delay = 1.78> <CoreInst = "Adder">   --->   Core 1 'Adder' <Latency = 0> <II = 1> <Delay = 1.78> <FuncUnit> <Opcode : 'add' 'sub'> <InPorts = 2> <OutPorts = 1>
ST_4 : Operation 165 [1/1] (0.00ns)   --->   "%tmp_3 = bitselect i1 @_ssdm_op_BitSelect.i1.i6.i32, i6 %in_index_1, i32 5" [firmware/nnet_utils/nnet_dense_resource.h:141->firmware/nnet_utils/nnet_dense_resource.h:242->firmware/nnet_utils/nnet_dense_stream.h:24]   --->   Operation 165 'bitselect' 'tmp_3' <Predicate = true> <Delay = 0.00>
ST_4 : Operation 166 [1/1] (1.21ns)   --->   "%in_index = select i1 %tmp_3, i5 0, i5 %add_ln109" [firmware/nnet_utils/nnet_dense_resource.h:141->firmware/nnet_utils/nnet_dense_resource.h:242->firmware/nnet_utils/nnet_dense_stream.h:24]   --->   Operation 166 'select' 'in_index' <Predicate = true> <Delay = 1.21> <CoreInst = "Sel">   --->   Core 73 'Sel' <Latency = 0> <II = 1> <Delay = 1.21> <FuncUnit> <Opcode : 'select'> <InPorts = 3> <OutPorts = 1>

State 5 <SV = 4> <Delay = 4.17>
ST_5 : Operation 167 [1/1] (0.00ns)   --->   "%sext_ln1273 = sext i8 %w_V" [firmware/nnet_utils/nnet_dense_stream.h:24]   --->   Operation 167 'sext' 'sext_ln1273' <Predicate = true> <Delay = 0.00>
ST_5 : Operation 168 [1/1] (0.00ns)   --->   "%sext_ln1273_37 = sext i8 %a_V" [firmware/nnet_utils/nnet_dense_stream.h:24]   --->   Operation 168 'sext' 'sext_ln1273_37' <Predicate = true> <Delay = 0.00>
ST_5 : Operation 169 [1/1] (4.17ns)   --->   "%mul_ln1270 = mul i13 %sext_ln1273, i13 %sext_ln1273_37" [firmware/nnet_utils/nnet_dense_stream.h:24]   --->   Operation 169 'mul' 'mul_ln1270' <Predicate = true> <Delay = 4.17> <CoreInst = "Multiplier">   --->   Core 3 'Multiplier' <Latency = 0> <II = 1> <Delay = 4.17> <FuncUnit> <Opcode : 'mul'> <InPorts = 2> <OutPorts = 1>
ST_5 : Operation 170 [1/1] (0.00ns)   --->   "%rhs = partselect i8 @_ssdm_op_PartSelect.i8.i13.i32.i32, i13 %mul_ln1270, i32 5, i32 12" [firmware/nnet_utils/nnet_dense_stream.h:24]   --->   Operation 170 'partselect' 'rhs' <Predicate = true> <Delay = 0.00>
ST_5 : Operation 171 [1/1] (0.00ns)   --->   "%sext_ln1273_38 = sext i8 %w_V_1" [firmware/nnet_utils/nnet_dense_stream.h:24]   --->   Operation 171 'sext' 'sext_ln1273_38' <Predicate = true> <Delay = 0.00>
ST_5 : Operation 172 [1/1] (4.17ns)   --->   "%mul_ln1270_3 = mul i13 %sext_ln1273_38, i13 %sext_ln1273_37" [firmware/nnet_utils/nnet_dense_stream.h:24]   --->   Operation 172 'mul' 'mul_ln1270_3' <Predicate = true> <Delay = 4.17> <CoreInst = "Multiplier">   --->   Core 3 'Multiplier' <Latency = 0> <II = 1> <Delay = 4.17> <FuncUnit> <Opcode : 'mul'> <InPorts = 2> <OutPorts = 1>
ST_5 : Operation 173 [1/1] (0.00ns)   --->   "%rhs_1 = partselect i8 @_ssdm_op_PartSelect.i8.i13.i32.i32, i13 %mul_ln1270_3, i32 5, i32 12" [firmware/nnet_utils/nnet_dense_stream.h:24]   --->   Operation 173 'partselect' 'rhs_1' <Predicate = true> <Delay = 0.00>
ST_5 : Operation 174 [1/1] (0.00ns)   --->   "%sext_ln1273_39 = sext i8 %w_V_2" [firmware/nnet_utils/nnet_dense_stream.h:24]   --->   Operation 174 'sext' 'sext_ln1273_39' <Predicate = true> <Delay = 0.00>
ST_5 : Operation 175 [1/1] (4.17ns)   --->   "%mul_ln1270_4 = mul i13 %sext_ln1273_39, i13 %sext_ln1273_37" [firmware/nnet_utils/nnet_dense_stream.h:24]   --->   Operation 175 'mul' 'mul_ln1270_4' <Predicate = true> <Delay = 4.17> <CoreInst = "Multiplier">   --->   Core 3 'Multiplier' <Latency = 0> <II = 1> <Delay = 4.17> <FuncUnit> <Opcode : 'mul'> <InPorts = 2> <OutPorts = 1>
ST_5 : Operation 176 [1/1] (0.00ns)   --->   "%rhs_2 = partselect i8 @_ssdm_op_PartSelect.i8.i13.i32.i32, i13 %mul_ln1270_4, i32 5, i32 12" [firmware/nnet_utils/nnet_dense_stream.h:24]   --->   Operation 176 'partselect' 'rhs_2' <Predicate = true> <Delay = 0.00>
ST_5 : Operation 177 [1/1] (0.00ns)   --->   "%sext_ln1273_40 = sext i8 %w_V_3" [firmware/nnet_utils/nnet_dense_stream.h:24]   --->   Operation 177 'sext' 'sext_ln1273_40' <Predicate = true> <Delay = 0.00>
ST_5 : Operation 178 [1/1] (4.17ns)   --->   "%mul_ln1270_5 = mul i13 %sext_ln1273_40, i13 %sext_ln1273_37" [firmware/nnet_utils/nnet_dense_stream.h:24]   --->   Operation 178 'mul' 'mul_ln1270_5' <Predicate = true> <Delay = 4.17> <CoreInst = "Multiplier">   --->   Core 3 'Multiplier' <Latency = 0> <II = 1> <Delay = 4.17> <FuncUnit> <Opcode : 'mul'> <InPorts = 2> <OutPorts = 1>
ST_5 : Operation 179 [1/1] (0.00ns)   --->   "%rhs_3 = partselect i8 @_ssdm_op_PartSelect.i8.i13.i32.i32, i13 %mul_ln1270_5, i32 5, i32 12" [firmware/nnet_utils/nnet_dense_stream.h:24]   --->   Operation 179 'partselect' 'rhs_3' <Predicate = true> <Delay = 0.00>
ST_5 : Operation 180 [1/1] (0.00ns)   --->   "%sext_ln1273_41 = sext i8 %w_V_4" [firmware/nnet_utils/nnet_dense_stream.h:24]   --->   Operation 180 'sext' 'sext_ln1273_41' <Predicate = true> <Delay = 0.00>
ST_5 : Operation 181 [1/1] (4.17ns)   --->   "%mul_ln1270_6 = mul i13 %sext_ln1273_41, i13 %sext_ln1273_37" [firmware/nnet_utils/nnet_dense_stream.h:24]   --->   Operation 181 'mul' 'mul_ln1270_6' <Predicate = true> <Delay = 4.17> <CoreInst = "Multiplier">   --->   Core 3 'Multiplier' <Latency = 0> <II = 1> <Delay = 4.17> <FuncUnit> <Opcode : 'mul'> <InPorts = 2> <OutPorts = 1>
ST_5 : Operation 182 [1/1] (0.00ns)   --->   "%rhs_4 = partselect i8 @_ssdm_op_PartSelect.i8.i13.i32.i32, i13 %mul_ln1270_6, i32 5, i32 12" [firmware/nnet_utils/nnet_dense_stream.h:24]   --->   Operation 182 'partselect' 'rhs_4' <Predicate = true> <Delay = 0.00>
ST_5 : Operation 183 [1/1] (0.00ns)   --->   "%sext_ln1273_42 = sext i8 %w_V_5" [firmware/nnet_utils/nnet_dense_stream.h:24]   --->   Operation 183 'sext' 'sext_ln1273_42' <Predicate = true> <Delay = 0.00>
ST_5 : Operation 184 [1/1] (4.17ns)   --->   "%mul_ln1270_7 = mul i13 %sext_ln1273_42, i13 %sext_ln1273_37" [firmware/nnet_utils/nnet_dense_stream.h:24]   --->   Operation 184 'mul' 'mul_ln1270_7' <Predicate = true> <Delay = 4.17> <CoreInst = "Multiplier">   --->   Core 3 'Multiplier' <Latency = 0> <II = 1> <Delay = 4.17> <FuncUnit> <Opcode : 'mul'> <InPorts = 2> <OutPorts = 1>
ST_5 : Operation 185 [1/1] (0.00ns)   --->   "%rhs_5 = partselect i8 @_ssdm_op_PartSelect.i8.i13.i32.i32, i13 %mul_ln1270_7, i32 5, i32 12" [firmware/nnet_utils/nnet_dense_stream.h:24]   --->   Operation 185 'partselect' 'rhs_5' <Predicate = true> <Delay = 0.00>
ST_5 : Operation 186 [1/1] (0.00ns)   --->   "%sext_ln1273_43 = sext i8 %w_V_6" [firmware/nnet_utils/nnet_dense_stream.h:24]   --->   Operation 186 'sext' 'sext_ln1273_43' <Predicate = true> <Delay = 0.00>
ST_5 : Operation 187 [1/1] (4.17ns)   --->   "%mul_ln1270_8 = mul i13 %sext_ln1273_43, i13 %sext_ln1273_37" [firmware/nnet_utils/nnet_dense_stream.h:24]   --->   Operation 187 'mul' 'mul_ln1270_8' <Predicate = true> <Delay = 4.17> <CoreInst = "Multiplier">   --->   Core 3 'Multiplier' <Latency = 0> <II = 1> <Delay = 4.17> <FuncUnit> <Opcode : 'mul'> <InPorts = 2> <OutPorts = 1>
ST_5 : Operation 188 [1/1] (0.00ns)   --->   "%rhs_6 = partselect i8 @_ssdm_op_PartSelect.i8.i13.i32.i32, i13 %mul_ln1270_8, i32 5, i32 12" [firmware/nnet_utils/nnet_dense_stream.h:24]   --->   Operation 188 'partselect' 'rhs_6' <Predicate = true> <Delay = 0.00>
ST_5 : Operation 189 [1/1] (0.00ns)   --->   "%sext_ln1273_44 = sext i8 %w_V_7" [firmware/nnet_utils/nnet_dense_stream.h:24]   --->   Operation 189 'sext' 'sext_ln1273_44' <Predicate = true> <Delay = 0.00>
ST_5 : Operation 190 [1/1] (4.17ns)   --->   "%mul_ln1270_9 = mul i13 %sext_ln1273_44, i13 %sext_ln1273_37" [firmware/nnet_utils/nnet_dense_stream.h:24]   --->   Operation 190 'mul' 'mul_ln1270_9' <Predicate = true> <Delay = 4.17> <CoreInst = "Multiplier">   --->   Core 3 'Multiplier' <Latency = 0> <II = 1> <Delay = 4.17> <FuncUnit> <Opcode : 'mul'> <InPorts = 2> <OutPorts = 1>
ST_5 : Operation 191 [1/1] (0.00ns)   --->   "%rhs_7 = partselect i8 @_ssdm_op_PartSelect.i8.i13.i32.i32, i13 %mul_ln1270_9, i32 5, i32 12" [firmware/nnet_utils/nnet_dense_stream.h:24]   --->   Operation 191 'partselect' 'rhs_7' <Predicate = true> <Delay = 0.00>

State 6 <SV = 5> <Delay = 3.16>
ST_6 : Operation 192 [1/1] (0.00ns)   --->   "%acc_V82 = phi i8 255, void %nnet::dense_resource<ap_fixed<8, 2, (ap_q_mode)5, (ap_o_mode)3, 0>, ap_fixed<8, 2, (ap_q_mode)5, (ap_o_mode)3, 0>, config6>.region_begin, i8 %acc_V_39, void %for.body26.split.i.i_ifconv, i8 255, void %nnet::dense_resource<ap_fixed<8, 2, (ap_q_mode)5, (ap_o_mode)3, 0>, ap_fixed<8, 2, (ap_q_mode)5, (ap_o_mode)3, 0>, config6>.region_end"   --->   Operation 192 'phi' 'acc_V82' <Predicate = true> <Delay = 0.00>
ST_6 : Operation 193 [1/1] (0.00ns)   --->   "%acc_V_180 = phi i8 0, void %nnet::dense_resource<ap_fixed<8, 2, (ap_q_mode)5, (ap_o_mode)3, 0>, ap_fixed<8, 2, (ap_q_mode)5, (ap_o_mode)3, 0>, config6>.region_begin, i8 %acc_V_40, void %for.body26.split.i.i_ifconv, i8 0, void %nnet::dense_resource<ap_fixed<8, 2, (ap_q_mode)5, (ap_o_mode)3, 0>, ap_fixed<8, 2, (ap_q_mode)5, (ap_o_mode)3, 0>, config6>.region_end"   --->   Operation 193 'phi' 'acc_V_180' <Predicate = true> <Delay = 0.00>
ST_6 : Operation 194 [1/1] (0.00ns)   --->   "%acc_V_278 = phi i8 255, void %nnet::dense_resource<ap_fixed<8, 2, (ap_q_mode)5, (ap_o_mode)3, 0>, ap_fixed<8, 2, (ap_q_mode)5, (ap_o_mode)3, 0>, config6>.region_begin, i8 %acc_V_41, void %for.body26.split.i.i_ifconv, i8 255, void %nnet::dense_resource<ap_fixed<8, 2, (ap_q_mode)5, (ap_o_mode)3, 0>, ap_fixed<8, 2, (ap_q_mode)5, (ap_o_mode)3, 0>, config6>.region_end"   --->   Operation 194 'phi' 'acc_V_278' <Predicate = true> <Delay = 0.00>
ST_6 : Operation 195 [1/1] (0.00ns)   --->   "%acc_V_376 = phi i8 255, void %nnet::dense_resource<ap_fixed<8, 2, (ap_q_mode)5, (ap_o_mode)3, 0>, ap_fixed<8, 2, (ap_q_mode)5, (ap_o_mode)3, 0>, config6>.region_begin, i8 %acc_V_42, void %for.body26.split.i.i_ifconv, i8 255, void %nnet::dense_resource<ap_fixed<8, 2, (ap_q_mode)5, (ap_o_mode)3, 0>, ap_fixed<8, 2, (ap_q_mode)5, (ap_o_mode)3, 0>, config6>.region_end"   --->   Operation 195 'phi' 'acc_V_376' <Predicate = true> <Delay = 0.00>
ST_6 : Operation 196 [1/1] (0.00ns)   --->   "%acc_V_474 = phi i8 255, void %nnet::dense_resource<ap_fixed<8, 2, (ap_q_mode)5, (ap_o_mode)3, 0>, ap_fixed<8, 2, (ap_q_mode)5, (ap_o_mode)3, 0>, config6>.region_begin, i8 %acc_V_43, void %for.body26.split.i.i_ifconv, i8 255, void %nnet::dense_resource<ap_fixed<8, 2, (ap_q_mode)5, (ap_o_mode)3, 0>, ap_fixed<8, 2, (ap_q_mode)5, (ap_o_mode)3, 0>, config6>.region_end"   --->   Operation 196 'phi' 'acc_V_474' <Predicate = true> <Delay = 0.00>
ST_6 : Operation 197 [1/1] (0.00ns)   --->   "%acc_V_572 = phi i8 0, void %nnet::dense_resource<ap_fixed<8, 2, (ap_q_mode)5, (ap_o_mode)3, 0>, ap_fixed<8, 2, (ap_q_mode)5, (ap_o_mode)3, 0>, config6>.region_begin, i8 %acc_V_44, void %for.body26.split.i.i_ifconv, i8 0, void %nnet::dense_resource<ap_fixed<8, 2, (ap_q_mode)5, (ap_o_mode)3, 0>, ap_fixed<8, 2, (ap_q_mode)5, (ap_o_mode)3, 0>, config6>.region_end"   --->   Operation 197 'phi' 'acc_V_572' <Predicate = true> <Delay = 0.00>
ST_6 : Operation 198 [1/1] (0.00ns)   --->   "%acc_V_670 = phi i8 0, void %nnet::dense_resource<ap_fixed<8, 2, (ap_q_mode)5, (ap_o_mode)3, 0>, ap_fixed<8, 2, (ap_q_mode)5, (ap_o_mode)3, 0>, config6>.region_begin, i8 %acc_V_45, void %for.body26.split.i.i_ifconv, i8 0, void %nnet::dense_resource<ap_fixed<8, 2, (ap_q_mode)5, (ap_o_mode)3, 0>, ap_fixed<8, 2, (ap_q_mode)5, (ap_o_mode)3, 0>, config6>.region_end"   --->   Operation 198 'phi' 'acc_V_670' <Predicate = true> <Delay = 0.00>
ST_6 : Operation 199 [1/1] (0.00ns)   --->   "%acc_V_768 = phi i8 0, void %nnet::dense_resource<ap_fixed<8, 2, (ap_q_mode)5, (ap_o_mode)3, 0>, ap_fixed<8, 2, (ap_q_mode)5, (ap_o_mode)3, 0>, config6>.region_begin, i8 %acc_V_46, void %for.body26.split.i.i_ifconv, i8 0, void %nnet::dense_resource<ap_fixed<8, 2, (ap_q_mode)5, (ap_o_mode)3, 0>, ap_fixed<8, 2, (ap_q_mode)5, (ap_o_mode)3, 0>, config6>.region_end"   --->   Operation 199 'phi' 'acc_V_768' <Predicate = true> <Delay = 0.00>
ST_6 : Operation 200 [1/1] (0.00ns)   --->   "%acc_V_866 = phi i8 255, void %nnet::dense_resource<ap_fixed<8, 2, (ap_q_mode)5, (ap_o_mode)3, 0>, ap_fixed<8, 2, (ap_q_mode)5, (ap_o_mode)3, 0>, config6>.region_begin, i8 %acc_V_47, void %for.body26.split.i.i_ifconv, i8 255, void %nnet::dense_resource<ap_fixed<8, 2, (ap_q_mode)5, (ap_o_mode)3, 0>, ap_fixed<8, 2, (ap_q_mode)5, (ap_o_mode)3, 0>, config6>.region_end"   --->   Operation 200 'phi' 'acc_V_866' <Predicate = true> <Delay = 0.00>
ST_6 : Operation 201 [1/1] (0.00ns)   --->   "%acc_V_964 = phi i8 0, void %nnet::dense_resource<ap_fixed<8, 2, (ap_q_mode)5, (ap_o_mode)3, 0>, ap_fixed<8, 2, (ap_q_mode)5, (ap_o_mode)3, 0>, config6>.region_begin, i8 %acc_V_48, void %for.body26.split.i.i_ifconv, i8 0, void %nnet::dense_resource<ap_fixed<8, 2, (ap_q_mode)5, (ap_o_mode)3, 0>, ap_fixed<8, 2, (ap_q_mode)5, (ap_o_mode)3, 0>, config6>.region_end"   --->   Operation 201 'phi' 'acc_V_964' <Predicate = true> <Delay = 0.00>
ST_6 : Operation 202 [1/1] (0.00ns)   --->   "%acc_V_1062 = phi i8 0, void %nnet::dense_resource<ap_fixed<8, 2, (ap_q_mode)5, (ap_o_mode)3, 0>, ap_fixed<8, 2, (ap_q_mode)5, (ap_o_mode)3, 0>, config6>.region_begin, i8 %acc_V_49, void %for.body26.split.i.i_ifconv, i8 0, void %nnet::dense_resource<ap_fixed<8, 2, (ap_q_mode)5, (ap_o_mode)3, 0>, ap_fixed<8, 2, (ap_q_mode)5, (ap_o_mode)3, 0>, config6>.region_end"   --->   Operation 202 'phi' 'acc_V_1062' <Predicate = true> <Delay = 0.00>
ST_6 : Operation 203 [1/1] (0.00ns)   --->   "%acc_V_1160 = phi i8 0, void %nnet::dense_resource<ap_fixed<8, 2, (ap_q_mode)5, (ap_o_mode)3, 0>, ap_fixed<8, 2, (ap_q_mode)5, (ap_o_mode)3, 0>, config6>.region_begin, i8 %acc_V_50, void %for.body26.split.i.i_ifconv, i8 0, void %nnet::dense_resource<ap_fixed<8, 2, (ap_q_mode)5, (ap_o_mode)3, 0>, ap_fixed<8, 2, (ap_q_mode)5, (ap_o_mode)3, 0>, config6>.region_end"   --->   Operation 203 'phi' 'acc_V_1160' <Predicate = true> <Delay = 0.00>
ST_6 : Operation 204 [1/1] (0.00ns)   --->   "%acc_V_1258 = phi i8 255, void %nnet::dense_resource<ap_fixed<8, 2, (ap_q_mode)5, (ap_o_mode)3, 0>, ap_fixed<8, 2, (ap_q_mode)5, (ap_o_mode)3, 0>, config6>.region_begin, i8 %acc_V_51, void %for.body26.split.i.i_ifconv, i8 255, void %nnet::dense_resource<ap_fixed<8, 2, (ap_q_mode)5, (ap_o_mode)3, 0>, ap_fixed<8, 2, (ap_q_mode)5, (ap_o_mode)3, 0>, config6>.region_end"   --->   Operation 204 'phi' 'acc_V_1258' <Predicate = true> <Delay = 0.00>
ST_6 : Operation 205 [1/1] (0.00ns)   --->   "%acc_V_1356 = phi i8 255, void %nnet::dense_resource<ap_fixed<8, 2, (ap_q_mode)5, (ap_o_mode)3, 0>, ap_fixed<8, 2, (ap_q_mode)5, (ap_o_mode)3, 0>, config6>.region_begin, i8 %acc_V_52, void %for.body26.split.i.i_ifconv, i8 255, void %nnet::dense_resource<ap_fixed<8, 2, (ap_q_mode)5, (ap_o_mode)3, 0>, ap_fixed<8, 2, (ap_q_mode)5, (ap_o_mode)3, 0>, config6>.region_end"   --->   Operation 205 'phi' 'acc_V_1356' <Predicate = true> <Delay = 0.00>
ST_6 : Operation 206 [1/1] (0.00ns)   --->   "%acc_V_1454 = phi i8 0, void %nnet::dense_resource<ap_fixed<8, 2, (ap_q_mode)5, (ap_o_mode)3, 0>, ap_fixed<8, 2, (ap_q_mode)5, (ap_o_mode)3, 0>, config6>.region_begin, i8 %acc_V_53, void %for.body26.split.i.i_ifconv, i8 0, void %nnet::dense_resource<ap_fixed<8, 2, (ap_q_mode)5, (ap_o_mode)3, 0>, ap_fixed<8, 2, (ap_q_mode)5, (ap_o_mode)3, 0>, config6>.region_end"   --->   Operation 206 'phi' 'acc_V_1454' <Predicate = true> <Delay = 0.00>
ST_6 : Operation 207 [1/1] (0.00ns)   --->   "%acc_V_1552 = phi i8 255, void %nnet::dense_resource<ap_fixed<8, 2, (ap_q_mode)5, (ap_o_mode)3, 0>, ap_fixed<8, 2, (ap_q_mode)5, (ap_o_mode)3, 0>, config6>.region_begin, i8 %acc_V_54, void %for.body26.split.i.i_ifconv, i8 255, void %nnet::dense_resource<ap_fixed<8, 2, (ap_q_mode)5, (ap_o_mode)3, 0>, ap_fixed<8, 2, (ap_q_mode)5, (ap_o_mode)3, 0>, config6>.region_end"   --->   Operation 207 'phi' 'acc_V_1552' <Predicate = true> <Delay = 0.00>
ST_6 : Operation 208 [1/1] (1.24ns)   --->   "%lhs = select i1 %out_index, i8 %acc_V_180, i8 %acc_V82" [firmware/nnet_utils/nnet_dense_stream.h:24]   --->   Operation 208 'select' 'lhs' <Predicate = true> <Delay = 1.24> <CoreInst = "Sel">   --->   Core 73 'Sel' <Latency = 0> <II = 1> <Delay = 1.24> <FuncUnit> <Opcode : 'select'> <InPorts = 3> <OutPorts = 1>
ST_6 : Operation 209 [1/1] (0.00ns)   --->   "%sext_ln813 = sext i8 %lhs" [firmware/nnet_utils/nnet_dense_stream.h:24]   --->   Operation 209 'sext' 'sext_ln813' <Predicate = true> <Delay = 0.00>
ST_6 : Operation 210 [1/1] (1.91ns)   --->   "%sub_ln1420 = sub i9 0, i9 %sext_ln813" [firmware/nnet_utils/nnet_dense_stream.h:24]   --->   Operation 210 'sub' 'sub_ln1420' <Predicate = true> <Delay = 1.91> <CoreInst = "Adder">   --->   Core 1 'Adder' <Latency = 0> <II = 1> <Delay = 1.91> <FuncUnit> <Opcode : 'add' 'sub'> <InPorts = 2> <OutPorts = 1>
ST_6 : Operation 211 [1/1] (1.91ns)   --->   "%acc_V_18 = add i8 %rhs, i8 %lhs" [firmware/nnet_utils/nnet_dense_stream.h:24]   --->   Operation 211 'add' 'acc_V_18' <Predicate = true> <Delay = 1.91> <CoreInst = "Adder">   --->   Core 1 'Adder' <Latency = 0> <II = 1> <Delay = 1.91> <FuncUnit> <Opcode : 'add' 'sub'> <InPorts = 2> <OutPorts = 1>
ST_6 : Operation 212 [1/1] (1.24ns)   --->   "%lhs_1 = select i1 %out_index, i8 %acc_V_376, i8 %acc_V_278" [firmware/nnet_utils/nnet_dense_stream.h:24]   --->   Operation 212 'select' 'lhs_1' <Predicate = true> <Delay = 1.24> <CoreInst = "Sel">   --->   Core 73 'Sel' <Latency = 0> <II = 1> <Delay = 1.24> <FuncUnit> <Opcode : 'select'> <InPorts = 3> <OutPorts = 1>
ST_6 : Operation 213 [1/1] (0.00ns)   --->   "%sext_ln813_3 = sext i8 %lhs_1" [firmware/nnet_utils/nnet_dense_stream.h:24]   --->   Operation 213 'sext' 'sext_ln813_3' <Predicate = true> <Delay = 0.00>
ST_6 : Operation 214 [1/1] (1.91ns)   --->   "%sub_ln1420_1 = sub i9 0, i9 %sext_ln813_3" [firmware/nnet_utils/nnet_dense_stream.h:24]   --->   Operation 214 'sub' 'sub_ln1420_1' <Predicate = true> <Delay = 1.91> <CoreInst = "Adder">   --->   Core 1 'Adder' <Latency = 0> <II = 1> <Delay = 1.91> <FuncUnit> <Opcode : 'add' 'sub'> <InPorts = 2> <OutPorts = 1>
ST_6 : Operation 215 [1/1] (1.91ns)   --->   "%acc_V_20 = add i8 %rhs_1, i8 %lhs_1" [firmware/nnet_utils/nnet_dense_stream.h:24]   --->   Operation 215 'add' 'acc_V_20' <Predicate = true> <Delay = 1.91> <CoreInst = "Adder">   --->   Core 1 'Adder' <Latency = 0> <II = 1> <Delay = 1.91> <FuncUnit> <Opcode : 'add' 'sub'> <InPorts = 2> <OutPorts = 1>
ST_6 : Operation 216 [1/1] (1.24ns)   --->   "%lhs_2 = select i1 %out_index, i8 %acc_V_572, i8 %acc_V_474" [firmware/nnet_utils/nnet_dense_stream.h:24]   --->   Operation 216 'select' 'lhs_2' <Predicate = true> <Delay = 1.24> <CoreInst = "Sel">   --->   Core 73 'Sel' <Latency = 0> <II = 1> <Delay = 1.24> <FuncUnit> <Opcode : 'select'> <InPorts = 3> <OutPorts = 1>
ST_6 : Operation 217 [1/1] (0.00ns)   --->   "%sext_ln813_5 = sext i8 %lhs_2" [firmware/nnet_utils/nnet_dense_stream.h:24]   --->   Operation 217 'sext' 'sext_ln813_5' <Predicate = true> <Delay = 0.00>
ST_6 : Operation 218 [1/1] (1.91ns)   --->   "%sub_ln1420_2 = sub i9 0, i9 %sext_ln813_5" [firmware/nnet_utils/nnet_dense_stream.h:24]   --->   Operation 218 'sub' 'sub_ln1420_2' <Predicate = true> <Delay = 1.91> <CoreInst = "Adder">   --->   Core 1 'Adder' <Latency = 0> <II = 1> <Delay = 1.91> <FuncUnit> <Opcode : 'add' 'sub'> <InPorts = 2> <OutPorts = 1>
ST_6 : Operation 219 [1/1] (1.91ns)   --->   "%acc_V_23 = add i8 %rhs_2, i8 %lhs_2" [firmware/nnet_utils/nnet_dense_stream.h:24]   --->   Operation 219 'add' 'acc_V_23' <Predicate = true> <Delay = 1.91> <CoreInst = "Adder">   --->   Core 1 'Adder' <Latency = 0> <II = 1> <Delay = 1.91> <FuncUnit> <Opcode : 'add' 'sub'> <InPorts = 2> <OutPorts = 1>
ST_6 : Operation 220 [1/1] (1.24ns)   --->   "%lhs_3 = select i1 %out_index, i8 %acc_V_768, i8 %acc_V_670" [firmware/nnet_utils/nnet_dense_stream.h:24]   --->   Operation 220 'select' 'lhs_3' <Predicate = true> <Delay = 1.24> <CoreInst = "Sel">   --->   Core 73 'Sel' <Latency = 0> <II = 1> <Delay = 1.24> <FuncUnit> <Opcode : 'select'> <InPorts = 3> <OutPorts = 1>
ST_6 : Operation 221 [1/1] (0.00ns)   --->   "%sext_ln813_7 = sext i8 %lhs_3" [firmware/nnet_utils/nnet_dense_stream.h:24]   --->   Operation 221 'sext' 'sext_ln813_7' <Predicate = true> <Delay = 0.00>
ST_6 : Operation 222 [1/1] (1.91ns)   --->   "%sub_ln1420_3 = sub i9 0, i9 %sext_ln813_7" [firmware/nnet_utils/nnet_dense_stream.h:24]   --->   Operation 222 'sub' 'sub_ln1420_3' <Predicate = true> <Delay = 1.91> <CoreInst = "Adder">   --->   Core 1 'Adder' <Latency = 0> <II = 1> <Delay = 1.91> <FuncUnit> <Opcode : 'add' 'sub'> <InPorts = 2> <OutPorts = 1>
ST_6 : Operation 223 [1/1] (1.91ns)   --->   "%acc_V_26 = add i8 %rhs_3, i8 %lhs_3" [firmware/nnet_utils/nnet_dense_stream.h:24]   --->   Operation 223 'add' 'acc_V_26' <Predicate = true> <Delay = 1.91> <CoreInst = "Adder">   --->   Core 1 'Adder' <Latency = 0> <II = 1> <Delay = 1.91> <FuncUnit> <Opcode : 'add' 'sub'> <InPorts = 2> <OutPorts = 1>
ST_6 : Operation 224 [1/1] (1.24ns)   --->   "%lhs_4 = select i1 %out_index, i8 %acc_V_964, i8 %acc_V_866" [firmware/nnet_utils/nnet_dense_stream.h:24]   --->   Operation 224 'select' 'lhs_4' <Predicate = true> <Delay = 1.24> <CoreInst = "Sel">   --->   Core 73 'Sel' <Latency = 0> <II = 1> <Delay = 1.24> <FuncUnit> <Opcode : 'select'> <InPorts = 3> <OutPorts = 1>
ST_6 : Operation 225 [1/1] (0.00ns)   --->   "%sext_ln813_9 = sext i8 %lhs_4" [firmware/nnet_utils/nnet_dense_stream.h:24]   --->   Operation 225 'sext' 'sext_ln813_9' <Predicate = true> <Delay = 0.00>
ST_6 : Operation 226 [1/1] (1.91ns)   --->   "%sub_ln1420_4 = sub i9 0, i9 %sext_ln813_9" [firmware/nnet_utils/nnet_dense_stream.h:24]   --->   Operation 226 'sub' 'sub_ln1420_4' <Predicate = true> <Delay = 1.91> <CoreInst = "Adder">   --->   Core 1 'Adder' <Latency = 0> <II = 1> <Delay = 1.91> <FuncUnit> <Opcode : 'add' 'sub'> <InPorts = 2> <OutPorts = 1>
ST_6 : Operation 227 [1/1] (1.91ns)   --->   "%acc_V_29 = add i8 %rhs_4, i8 %lhs_4" [firmware/nnet_utils/nnet_dense_stream.h:24]   --->   Operation 227 'add' 'acc_V_29' <Predicate = true> <Delay = 1.91> <CoreInst = "Adder">   --->   Core 1 'Adder' <Latency = 0> <II = 1> <Delay = 1.91> <FuncUnit> <Opcode : 'add' 'sub'> <InPorts = 2> <OutPorts = 1>
ST_6 : Operation 228 [1/1] (1.24ns)   --->   "%lhs_5 = select i1 %out_index, i8 %acc_V_1160, i8 %acc_V_1062" [firmware/nnet_utils/nnet_dense_stream.h:24]   --->   Operation 228 'select' 'lhs_5' <Predicate = true> <Delay = 1.24> <CoreInst = "Sel">   --->   Core 73 'Sel' <Latency = 0> <II = 1> <Delay = 1.24> <FuncUnit> <Opcode : 'select'> <InPorts = 3> <OutPorts = 1>
ST_6 : Operation 229 [1/1] (0.00ns)   --->   "%sext_ln813_11 = sext i8 %lhs_5" [firmware/nnet_utils/nnet_dense_stream.h:24]   --->   Operation 229 'sext' 'sext_ln813_11' <Predicate = true> <Delay = 0.00>
ST_6 : Operation 230 [1/1] (1.91ns)   --->   "%sub_ln1420_5 = sub i9 0, i9 %sext_ln813_11" [firmware/nnet_utils/nnet_dense_stream.h:24]   --->   Operation 230 'sub' 'sub_ln1420_5' <Predicate = true> <Delay = 1.91> <CoreInst = "Adder">   --->   Core 1 'Adder' <Latency = 0> <II = 1> <Delay = 1.91> <FuncUnit> <Opcode : 'add' 'sub'> <InPorts = 2> <OutPorts = 1>
ST_6 : Operation 231 [1/1] (1.91ns)   --->   "%acc_V_32 = add i8 %rhs_5, i8 %lhs_5" [firmware/nnet_utils/nnet_dense_stream.h:24]   --->   Operation 231 'add' 'acc_V_32' <Predicate = true> <Delay = 1.91> <CoreInst = "Adder">   --->   Core 1 'Adder' <Latency = 0> <II = 1> <Delay = 1.91> <FuncUnit> <Opcode : 'add' 'sub'> <InPorts = 2> <OutPorts = 1>
ST_6 : Operation 232 [1/1] (1.24ns)   --->   "%lhs_6 = select i1 %out_index, i8 %acc_V_1356, i8 %acc_V_1258" [firmware/nnet_utils/nnet_dense_stream.h:24]   --->   Operation 232 'select' 'lhs_6' <Predicate = true> <Delay = 1.24> <CoreInst = "Sel">   --->   Core 73 'Sel' <Latency = 0> <II = 1> <Delay = 1.24> <FuncUnit> <Opcode : 'select'> <InPorts = 3> <OutPorts = 1>
ST_6 : Operation 233 [1/1] (0.00ns)   --->   "%sext_ln813_13 = sext i8 %lhs_6" [firmware/nnet_utils/nnet_dense_stream.h:24]   --->   Operation 233 'sext' 'sext_ln813_13' <Predicate = true> <Delay = 0.00>
ST_6 : Operation 234 [1/1] (1.91ns)   --->   "%sub_ln1420_6 = sub i9 0, i9 %sext_ln813_13" [firmware/nnet_utils/nnet_dense_stream.h:24]   --->   Operation 234 'sub' 'sub_ln1420_6' <Predicate = true> <Delay = 1.91> <CoreInst = "Adder">   --->   Core 1 'Adder' <Latency = 0> <II = 1> <Delay = 1.91> <FuncUnit> <Opcode : 'add' 'sub'> <InPorts = 2> <OutPorts = 1>
ST_6 : Operation 235 [1/1] (1.91ns)   --->   "%acc_V_35 = add i8 %rhs_6, i8 %lhs_6" [firmware/nnet_utils/nnet_dense_stream.h:24]   --->   Operation 235 'add' 'acc_V_35' <Predicate = true> <Delay = 1.91> <CoreInst = "Adder">   --->   Core 1 'Adder' <Latency = 0> <II = 1> <Delay = 1.91> <FuncUnit> <Opcode : 'add' 'sub'> <InPorts = 2> <OutPorts = 1>
ST_6 : Operation 236 [1/1] (1.24ns)   --->   "%lhs_7 = select i1 %out_index, i8 %acc_V_1552, i8 %acc_V_1454" [firmware/nnet_utils/nnet_dense_stream.h:24]   --->   Operation 236 'select' 'lhs_7' <Predicate = true> <Delay = 1.24> <CoreInst = "Sel">   --->   Core 73 'Sel' <Latency = 0> <II = 1> <Delay = 1.24> <FuncUnit> <Opcode : 'select'> <InPorts = 3> <OutPorts = 1>
ST_6 : Operation 237 [1/1] (0.00ns)   --->   "%sext_ln813_15 = sext i8 %lhs_7" [firmware/nnet_utils/nnet_dense_stream.h:24]   --->   Operation 237 'sext' 'sext_ln813_15' <Predicate = true> <Delay = 0.00>
ST_6 : Operation 238 [1/1] (1.91ns)   --->   "%sub_ln1420_7 = sub i9 0, i9 %sext_ln813_15" [firmware/nnet_utils/nnet_dense_stream.h:24]   --->   Operation 238 'sub' 'sub_ln1420_7' <Predicate = true> <Delay = 1.91> <CoreInst = "Adder">   --->   Core 1 'Adder' <Latency = 0> <II = 1> <Delay = 1.91> <FuncUnit> <Opcode : 'add' 'sub'> <InPorts = 2> <OutPorts = 1>
ST_6 : Operation 239 [1/1] (1.91ns)   --->   "%acc_V_38 = add i8 %rhs_7, i8 %lhs_7" [firmware/nnet_utils/nnet_dense_stream.h:24]   --->   Operation 239 'add' 'acc_V_38' <Predicate = true> <Delay = 1.91> <CoreInst = "Adder">   --->   Core 1 'Adder' <Latency = 0> <II = 1> <Delay = 1.91> <FuncUnit> <Opcode : 'add' 'sub'> <InPorts = 2> <OutPorts = 1>

State 7 <SV = 6> <Delay = 6.07>
ST_7 : Operation 240 [1/1] (0.00ns)   --->   "%empty = speclooptripcount i32 @_ssdm_op_SpecLoopTripCount, i64 64, i64 64, i64 64"   --->   Operation 240 'speclooptripcount' 'empty' <Predicate = true> <Delay = 0.00>
ST_7 : Operation 241 [1/1] (0.00ns)   --->   "%specpipeline_ln125 = specpipeline void @_ssdm_op_SpecPipeline, i32 1, i32 0, i32 0, i32 0, void @empty_0" [firmware/nnet_utils/nnet_dense_resource.h:125->firmware/nnet_utils/nnet_dense_resource.h:242->firmware/nnet_utils/nnet_dense_stream.h:24]   --->   Operation 241 'specpipeline' 'specpipeline_ln125' <Predicate = true> <Delay = 0.00>
ST_7 : Operation 242 [1/1] (0.00ns)   --->   "%specloopname_ln100 = specloopname void @_ssdm_op_SpecLoopName, void @empty_3" [firmware/nnet_utils/nnet_dense_resource.h:100->firmware/nnet_utils/nnet_dense_resource.h:242->firmware/nnet_utils/nnet_dense_stream.h:24]   --->   Operation 242 'specloopname' 'specloopname_ln100' <Predicate = true> <Delay = 0.00>
ST_7 : Operation 243 [1/1] (0.00ns)   --->   "%sext_ln813_2 = sext i8 %rhs" [firmware/nnet_utils/nnet_dense_stream.h:24]   --->   Operation 243 'sext' 'sext_ln813_2' <Predicate = true> <Delay = 0.00>
ST_7 : Operation 244 [1/1] (1.66ns)   --->   "%icmp_ln1420 = icmp_eq  i9 %sext_ln813_2, i9 %sub_ln1420" [firmware/nnet_utils/nnet_dense_stream.h:24]   --->   Operation 244 'icmp' 'icmp_ln1420' <Predicate = true> <Delay = 1.66> <CoreInst = "Cmp">   --->   Core 9 'Cmp' <Latency = 0> <II = 1> <Delay = 1.66> <FuncUnit> <Opcode : 'icmp'> <InPorts = 2> <OutPorts = 1>
ST_7 : Operation 245 [1/1] (0.00ns) (grouped into LUT with out node acc_V_40)   --->   "%select_ln808 = select i1 %out_index, i8 0, i8 %acc_V_180" [firmware/nnet_utils/nnet_dense_stream.h:24]   --->   Operation 245 'select' 'select_ln808' <Predicate = (!out_index)> <Delay = 0.00> <CoreInst = "Sel">   --->   Core 73 'Sel' <Latency = 0> <II = 1> <Delay = 1.24> <FuncUnit> <Opcode : 'select'> <InPorts = 3> <OutPorts = 1>
ST_7 : Operation 246 [1/1] (0.00ns) (grouped into LUT with out node acc_V_39)   --->   "%select_ln808_1 = select i1 %out_index, i8 %acc_V82, i8 0" [firmware/nnet_utils/nnet_dense_stream.h:24]   --->   Operation 246 'select' 'select_ln808_1' <Predicate = (out_index)> <Delay = 0.00> <CoreInst = "Sel">   --->   Core 73 'Sel' <Latency = 0> <II = 1> <Delay = 1.24> <FuncUnit> <Opcode : 'select'> <InPorts = 3> <OutPorts = 1>
ST_7 : Operation 247 [1/1] (0.00ns) (grouped into LUT with out node acc_V_40)   --->   "%acc_V_17 = select i1 %icmp_ln1420, i8 %select_ln808, i8 %acc_V_180" [firmware/nnet_utils/nnet_dense_stream.h:24]   --->   Operation 247 'select' 'acc_V_17' <Predicate = (!out_index)> <Delay = 0.00> <CoreInst = "Sel">   --->   Core 73 'Sel' <Latency = 0> <II = 1> <Delay = 1.24> <FuncUnit> <Opcode : 'select'> <InPorts = 3> <OutPorts = 1>
ST_7 : Operation 248 [1/1] (0.00ns) (grouped into LUT with out node acc_V_39)   --->   "%acc_V_16 = select i1 %icmp_ln1420, i8 %select_ln808_1, i8 %acc_V82" [firmware/nnet_utils/nnet_dense_stream.h:24]   --->   Operation 248 'select' 'acc_V_16' <Predicate = (out_index)> <Delay = 0.00> <CoreInst = "Sel">   --->   Core 73 'Sel' <Latency = 0> <II = 1> <Delay = 1.24> <FuncUnit> <Opcode : 'select'> <InPorts = 3> <OutPorts = 1>
ST_7 : Operation 249 [1/1] (1.24ns) (out node of the LUT)   --->   "%acc_V_40 = select i1 %out_index, i8 %acc_V_18, i8 %acc_V_17" [firmware/nnet_utils/nnet_dense_stream.h:24]   --->   Operation 249 'select' 'acc_V_40' <Predicate = true> <Delay = 1.24> <CoreInst = "Sel">   --->   Core 73 'Sel' <Latency = 0> <II = 1> <Delay = 1.24> <FuncUnit> <Opcode : 'select'> <InPorts = 3> <OutPorts = 1>
ST_7 : Operation 250 [1/1] (1.24ns) (out node of the LUT)   --->   "%acc_V_39 = select i1 %out_index, i8 %acc_V_16, i8 %acc_V_18" [firmware/nnet_utils/nnet_dense_stream.h:24]   --->   Operation 250 'select' 'acc_V_39' <Predicate = true> <Delay = 1.24> <CoreInst = "Sel">   --->   Core 73 'Sel' <Latency = 0> <II = 1> <Delay = 1.24> <FuncUnit> <Opcode : 'select'> <InPorts = 3> <OutPorts = 1>
ST_7 : Operation 251 [1/1] (0.00ns)   --->   "%sext_ln813_4 = sext i8 %rhs_1" [firmware/nnet_utils/nnet_dense_stream.h:24]   --->   Operation 251 'sext' 'sext_ln813_4' <Predicate = true> <Delay = 0.00>
ST_7 : Operation 252 [1/1] (1.66ns)   --->   "%icmp_ln1420_1 = icmp_eq  i9 %sext_ln813_4, i9 %sub_ln1420_1" [firmware/nnet_utils/nnet_dense_stream.h:24]   --->   Operation 252 'icmp' 'icmp_ln1420_1' <Predicate = true> <Delay = 1.66> <CoreInst = "Cmp">   --->   Core 9 'Cmp' <Latency = 0> <II = 1> <Delay = 1.66> <FuncUnit> <Opcode : 'icmp'> <InPorts = 2> <OutPorts = 1>
ST_7 : Operation 253 [1/1] (0.00ns) (grouped into LUT with out node acc_V_42)   --->   "%select_ln808_2 = select i1 %out_index, i8 0, i8 %acc_V_376" [firmware/nnet_utils/nnet_dense_stream.h:24]   --->   Operation 253 'select' 'select_ln808_2' <Predicate = (!out_index)> <Delay = 0.00> <CoreInst = "Sel">   --->   Core 73 'Sel' <Latency = 0> <II = 1> <Delay = 1.24> <FuncUnit> <Opcode : 'select'> <InPorts = 3> <OutPorts = 1>
ST_7 : Operation 254 [1/1] (0.00ns) (grouped into LUT with out node acc_V_41)   --->   "%select_ln808_3 = select i1 %out_index, i8 %acc_V_278, i8 0" [firmware/nnet_utils/nnet_dense_stream.h:24]   --->   Operation 254 'select' 'select_ln808_3' <Predicate = (out_index)> <Delay = 0.00> <CoreInst = "Sel">   --->   Core 73 'Sel' <Latency = 0> <II = 1> <Delay = 1.24> <FuncUnit> <Opcode : 'select'> <InPorts = 3> <OutPorts = 1>
ST_7 : Operation 255 [1/1] (0.00ns) (grouped into LUT with out node acc_V_42)   --->   "%acc_V_19 = select i1 %icmp_ln1420_1, i8 %select_ln808_2, i8 %acc_V_376" [firmware/nnet_utils/nnet_dense_stream.h:24]   --->   Operation 255 'select' 'acc_V_19' <Predicate = (!out_index)> <Delay = 0.00> <CoreInst = "Sel">   --->   Core 73 'Sel' <Latency = 0> <II = 1> <Delay = 1.24> <FuncUnit> <Opcode : 'select'> <InPorts = 3> <OutPorts = 1>
ST_7 : Operation 256 [1/1] (0.00ns) (grouped into LUT with out node acc_V_41)   --->   "%acc_V = select i1 %icmp_ln1420_1, i8 %select_ln808_3, i8 %acc_V_278" [firmware/nnet_utils/nnet_dense_stream.h:24]   --->   Operation 256 'select' 'acc_V' <Predicate = (out_index)> <Delay = 0.00> <CoreInst = "Sel">   --->   Core 73 'Sel' <Latency = 0> <II = 1> <Delay = 1.24> <FuncUnit> <Opcode : 'select'> <InPorts = 3> <OutPorts = 1>
ST_7 : Operation 257 [1/1] (1.24ns) (out node of the LUT)   --->   "%acc_V_42 = select i1 %out_index, i8 %acc_V_20, i8 %acc_V_19" [firmware/nnet_utils/nnet_dense_stream.h:24]   --->   Operation 257 'select' 'acc_V_42' <Predicate = true> <Delay = 1.24> <CoreInst = "Sel">   --->   Core 73 'Sel' <Latency = 0> <II = 1> <Delay = 1.24> <FuncUnit> <Opcode : 'select'> <InPorts = 3> <OutPorts = 1>
ST_7 : Operation 258 [1/1] (1.24ns) (out node of the LUT)   --->   "%acc_V_41 = select i1 %out_index, i8 %acc_V, i8 %acc_V_20" [firmware/nnet_utils/nnet_dense_stream.h:24]   --->   Operation 258 'select' 'acc_V_41' <Predicate = true> <Delay = 1.24> <CoreInst = "Sel">   --->   Core 73 'Sel' <Latency = 0> <II = 1> <Delay = 1.24> <FuncUnit> <Opcode : 'select'> <InPorts = 3> <OutPorts = 1>
ST_7 : Operation 259 [1/1] (0.00ns)   --->   "%sext_ln813_6 = sext i8 %rhs_2" [firmware/nnet_utils/nnet_dense_stream.h:24]   --->   Operation 259 'sext' 'sext_ln813_6' <Predicate = true> <Delay = 0.00>
ST_7 : Operation 260 [1/1] (1.66ns)   --->   "%icmp_ln1420_2 = icmp_eq  i9 %sext_ln813_6, i9 %sub_ln1420_2" [firmware/nnet_utils/nnet_dense_stream.h:24]   --->   Operation 260 'icmp' 'icmp_ln1420_2' <Predicate = true> <Delay = 1.66> <CoreInst = "Cmp">   --->   Core 9 'Cmp' <Latency = 0> <II = 1> <Delay = 1.66> <FuncUnit> <Opcode : 'icmp'> <InPorts = 2> <OutPorts = 1>
ST_7 : Operation 261 [1/1] (0.00ns) (grouped into LUT with out node acc_V_44)   --->   "%select_ln808_4 = select i1 %out_index, i8 0, i8 %acc_V_572" [firmware/nnet_utils/nnet_dense_stream.h:24]   --->   Operation 261 'select' 'select_ln808_4' <Predicate = (!out_index)> <Delay = 0.00> <CoreInst = "Sel">   --->   Core 73 'Sel' <Latency = 0> <II = 1> <Delay = 1.24> <FuncUnit> <Opcode : 'select'> <InPorts = 3> <OutPorts = 1>
ST_7 : Operation 262 [1/1] (0.00ns) (grouped into LUT with out node acc_V_43)   --->   "%select_ln808_5 = select i1 %out_index, i8 %acc_V_474, i8 0" [firmware/nnet_utils/nnet_dense_stream.h:24]   --->   Operation 262 'select' 'select_ln808_5' <Predicate = (out_index)> <Delay = 0.00> <CoreInst = "Sel">   --->   Core 73 'Sel' <Latency = 0> <II = 1> <Delay = 1.24> <FuncUnit> <Opcode : 'select'> <InPorts = 3> <OutPorts = 1>
ST_7 : Operation 263 [1/1] (0.00ns) (grouped into LUT with out node acc_V_44)   --->   "%acc_V_22 = select i1 %icmp_ln1420_2, i8 %select_ln808_4, i8 %acc_V_572" [firmware/nnet_utils/nnet_dense_stream.h:24]   --->   Operation 263 'select' 'acc_V_22' <Predicate = (!out_index)> <Delay = 0.00> <CoreInst = "Sel">   --->   Core 73 'Sel' <Latency = 0> <II = 1> <Delay = 1.24> <FuncUnit> <Opcode : 'select'> <InPorts = 3> <OutPorts = 1>
ST_7 : Operation 264 [1/1] (0.00ns) (grouped into LUT with out node acc_V_43)   --->   "%acc_V_21 = select i1 %icmp_ln1420_2, i8 %select_ln808_5, i8 %acc_V_474" [firmware/nnet_utils/nnet_dense_stream.h:24]   --->   Operation 264 'select' 'acc_V_21' <Predicate = (out_index)> <Delay = 0.00> <CoreInst = "Sel">   --->   Core 73 'Sel' <Latency = 0> <II = 1> <Delay = 1.24> <FuncUnit> <Opcode : 'select'> <InPorts = 3> <OutPorts = 1>
ST_7 : Operation 265 [1/1] (1.24ns) (out node of the LUT)   --->   "%acc_V_44 = select i1 %out_index, i8 %acc_V_23, i8 %acc_V_22" [firmware/nnet_utils/nnet_dense_stream.h:24]   --->   Operation 265 'select' 'acc_V_44' <Predicate = true> <Delay = 1.24> <CoreInst = "Sel">   --->   Core 73 'Sel' <Latency = 0> <II = 1> <Delay = 1.24> <FuncUnit> <Opcode : 'select'> <InPorts = 3> <OutPorts = 1>
ST_7 : Operation 266 [1/1] (1.24ns) (out node of the LUT)   --->   "%acc_V_43 = select i1 %out_index, i8 %acc_V_21, i8 %acc_V_23" [firmware/nnet_utils/nnet_dense_stream.h:24]   --->   Operation 266 'select' 'acc_V_43' <Predicate = true> <Delay = 1.24> <CoreInst = "Sel">   --->   Core 73 'Sel' <Latency = 0> <II = 1> <Delay = 1.24> <FuncUnit> <Opcode : 'select'> <InPorts = 3> <OutPorts = 1>
ST_7 : Operation 267 [1/1] (0.00ns)   --->   "%sext_ln813_8 = sext i8 %rhs_3" [firmware/nnet_utils/nnet_dense_stream.h:24]   --->   Operation 267 'sext' 'sext_ln813_8' <Predicate = true> <Delay = 0.00>
ST_7 : Operation 268 [1/1] (1.66ns)   --->   "%icmp_ln1420_3 = icmp_eq  i9 %sext_ln813_8, i9 %sub_ln1420_3" [firmware/nnet_utils/nnet_dense_stream.h:24]   --->   Operation 268 'icmp' 'icmp_ln1420_3' <Predicate = true> <Delay = 1.66> <CoreInst = "Cmp">   --->   Core 9 'Cmp' <Latency = 0> <II = 1> <Delay = 1.66> <FuncUnit> <Opcode : 'icmp'> <InPorts = 2> <OutPorts = 1>
ST_7 : Operation 269 [1/1] (0.00ns) (grouped into LUT with out node acc_V_46)   --->   "%select_ln808_6 = select i1 %out_index, i8 0, i8 %acc_V_768" [firmware/nnet_utils/nnet_dense_stream.h:24]   --->   Operation 269 'select' 'select_ln808_6' <Predicate = (!out_index)> <Delay = 0.00> <CoreInst = "Sel">   --->   Core 73 'Sel' <Latency = 0> <II = 1> <Delay = 1.24> <FuncUnit> <Opcode : 'select'> <InPorts = 3> <OutPorts = 1>
ST_7 : Operation 270 [1/1] (0.00ns) (grouped into LUT with out node acc_V_45)   --->   "%select_ln808_7 = select i1 %out_index, i8 %acc_V_670, i8 0" [firmware/nnet_utils/nnet_dense_stream.h:24]   --->   Operation 270 'select' 'select_ln808_7' <Predicate = (out_index)> <Delay = 0.00> <CoreInst = "Sel">   --->   Core 73 'Sel' <Latency = 0> <II = 1> <Delay = 1.24> <FuncUnit> <Opcode : 'select'> <InPorts = 3> <OutPorts = 1>
ST_7 : Operation 271 [1/1] (0.00ns) (grouped into LUT with out node acc_V_46)   --->   "%acc_V_25 = select i1 %icmp_ln1420_3, i8 %select_ln808_6, i8 %acc_V_768" [firmware/nnet_utils/nnet_dense_stream.h:24]   --->   Operation 271 'select' 'acc_V_25' <Predicate = (!out_index)> <Delay = 0.00> <CoreInst = "Sel">   --->   Core 73 'Sel' <Latency = 0> <II = 1> <Delay = 1.24> <FuncUnit> <Opcode : 'select'> <InPorts = 3> <OutPorts = 1>
ST_7 : Operation 272 [1/1] (0.00ns) (grouped into LUT with out node acc_V_45)   --->   "%acc_V_24 = select i1 %icmp_ln1420_3, i8 %select_ln808_7, i8 %acc_V_670" [firmware/nnet_utils/nnet_dense_stream.h:24]   --->   Operation 272 'select' 'acc_V_24' <Predicate = (out_index)> <Delay = 0.00> <CoreInst = "Sel">   --->   Core 73 'Sel' <Latency = 0> <II = 1> <Delay = 1.24> <FuncUnit> <Opcode : 'select'> <InPorts = 3> <OutPorts = 1>
ST_7 : Operation 273 [1/1] (1.24ns) (out node of the LUT)   --->   "%acc_V_46 = select i1 %out_index, i8 %acc_V_26, i8 %acc_V_25" [firmware/nnet_utils/nnet_dense_stream.h:24]   --->   Operation 273 'select' 'acc_V_46' <Predicate = true> <Delay = 1.24> <CoreInst = "Sel">   --->   Core 73 'Sel' <Latency = 0> <II = 1> <Delay = 1.24> <FuncUnit> <Opcode : 'select'> <InPorts = 3> <OutPorts = 1>
ST_7 : Operation 274 [1/1] (1.24ns) (out node of the LUT)   --->   "%acc_V_45 = select i1 %out_index, i8 %acc_V_24, i8 %acc_V_26" [firmware/nnet_utils/nnet_dense_stream.h:24]   --->   Operation 274 'select' 'acc_V_45' <Predicate = true> <Delay = 1.24> <CoreInst = "Sel">   --->   Core 73 'Sel' <Latency = 0> <II = 1> <Delay = 1.24> <FuncUnit> <Opcode : 'select'> <InPorts = 3> <OutPorts = 1>
ST_7 : Operation 275 [1/1] (0.00ns)   --->   "%sext_ln813_10 = sext i8 %rhs_4" [firmware/nnet_utils/nnet_dense_stream.h:24]   --->   Operation 275 'sext' 'sext_ln813_10' <Predicate = true> <Delay = 0.00>
ST_7 : Operation 276 [1/1] (1.66ns)   --->   "%icmp_ln1420_4 = icmp_eq  i9 %sext_ln813_10, i9 %sub_ln1420_4" [firmware/nnet_utils/nnet_dense_stream.h:24]   --->   Operation 276 'icmp' 'icmp_ln1420_4' <Predicate = true> <Delay = 1.66> <CoreInst = "Cmp">   --->   Core 9 'Cmp' <Latency = 0> <II = 1> <Delay = 1.66> <FuncUnit> <Opcode : 'icmp'> <InPorts = 2> <OutPorts = 1>
ST_7 : Operation 277 [1/1] (0.00ns) (grouped into LUT with out node acc_V_48)   --->   "%select_ln808_8 = select i1 %out_index, i8 0, i8 %acc_V_964" [firmware/nnet_utils/nnet_dense_stream.h:24]   --->   Operation 277 'select' 'select_ln808_8' <Predicate = (!out_index)> <Delay = 0.00> <CoreInst = "Sel">   --->   Core 73 'Sel' <Latency = 0> <II = 1> <Delay = 1.24> <FuncUnit> <Opcode : 'select'> <InPorts = 3> <OutPorts = 1>
ST_7 : Operation 278 [1/1] (0.00ns) (grouped into LUT with out node acc_V_47)   --->   "%select_ln808_9 = select i1 %out_index, i8 %acc_V_866, i8 0" [firmware/nnet_utils/nnet_dense_stream.h:24]   --->   Operation 278 'select' 'select_ln808_9' <Predicate = (out_index)> <Delay = 0.00> <CoreInst = "Sel">   --->   Core 73 'Sel' <Latency = 0> <II = 1> <Delay = 1.24> <FuncUnit> <Opcode : 'select'> <InPorts = 3> <OutPorts = 1>
ST_7 : Operation 279 [1/1] (0.00ns) (grouped into LUT with out node acc_V_48)   --->   "%acc_V_28 = select i1 %icmp_ln1420_4, i8 %select_ln808_8, i8 %acc_V_964" [firmware/nnet_utils/nnet_dense_stream.h:24]   --->   Operation 279 'select' 'acc_V_28' <Predicate = (!out_index)> <Delay = 0.00> <CoreInst = "Sel">   --->   Core 73 'Sel' <Latency = 0> <II = 1> <Delay = 1.24> <FuncUnit> <Opcode : 'select'> <InPorts = 3> <OutPorts = 1>
ST_7 : Operation 280 [1/1] (0.00ns) (grouped into LUT with out node acc_V_47)   --->   "%acc_V_27 = select i1 %icmp_ln1420_4, i8 %select_ln808_9, i8 %acc_V_866" [firmware/nnet_utils/nnet_dense_stream.h:24]   --->   Operation 280 'select' 'acc_V_27' <Predicate = (out_index)> <Delay = 0.00> <CoreInst = "Sel">   --->   Core 73 'Sel' <Latency = 0> <II = 1> <Delay = 1.24> <FuncUnit> <Opcode : 'select'> <InPorts = 3> <OutPorts = 1>
ST_7 : Operation 281 [1/1] (1.24ns) (out node of the LUT)   --->   "%acc_V_48 = select i1 %out_index, i8 %acc_V_29, i8 %acc_V_28" [firmware/nnet_utils/nnet_dense_stream.h:24]   --->   Operation 281 'select' 'acc_V_48' <Predicate = true> <Delay = 1.24> <CoreInst = "Sel">   --->   Core 73 'Sel' <Latency = 0> <II = 1> <Delay = 1.24> <FuncUnit> <Opcode : 'select'> <InPorts = 3> <OutPorts = 1>
ST_7 : Operation 282 [1/1] (1.24ns) (out node of the LUT)   --->   "%acc_V_47 = select i1 %out_index, i8 %acc_V_27, i8 %acc_V_29" [firmware/nnet_utils/nnet_dense_stream.h:24]   --->   Operation 282 'select' 'acc_V_47' <Predicate = true> <Delay = 1.24> <CoreInst = "Sel">   --->   Core 73 'Sel' <Latency = 0> <II = 1> <Delay = 1.24> <FuncUnit> <Opcode : 'select'> <InPorts = 3> <OutPorts = 1>
ST_7 : Operation 283 [1/1] (0.00ns)   --->   "%sext_ln813_12 = sext i8 %rhs_5" [firmware/nnet_utils/nnet_dense_stream.h:24]   --->   Operation 283 'sext' 'sext_ln813_12' <Predicate = true> <Delay = 0.00>
ST_7 : Operation 284 [1/1] (1.66ns)   --->   "%icmp_ln1420_5 = icmp_eq  i9 %sext_ln813_12, i9 %sub_ln1420_5" [firmware/nnet_utils/nnet_dense_stream.h:24]   --->   Operation 284 'icmp' 'icmp_ln1420_5' <Predicate = true> <Delay = 1.66> <CoreInst = "Cmp">   --->   Core 9 'Cmp' <Latency = 0> <II = 1> <Delay = 1.66> <FuncUnit> <Opcode : 'icmp'> <InPorts = 2> <OutPorts = 1>
ST_7 : Operation 285 [1/1] (0.00ns) (grouped into LUT with out node acc_V_50)   --->   "%select_ln808_10 = select i1 %out_index, i8 0, i8 %acc_V_1160" [firmware/nnet_utils/nnet_dense_stream.h:24]   --->   Operation 285 'select' 'select_ln808_10' <Predicate = (!out_index)> <Delay = 0.00> <CoreInst = "Sel">   --->   Core 73 'Sel' <Latency = 0> <II = 1> <Delay = 1.24> <FuncUnit> <Opcode : 'select'> <InPorts = 3> <OutPorts = 1>
ST_7 : Operation 286 [1/1] (0.00ns) (grouped into LUT with out node acc_V_49)   --->   "%select_ln808_11 = select i1 %out_index, i8 %acc_V_1062, i8 0" [firmware/nnet_utils/nnet_dense_stream.h:24]   --->   Operation 286 'select' 'select_ln808_11' <Predicate = (out_index)> <Delay = 0.00> <CoreInst = "Sel">   --->   Core 73 'Sel' <Latency = 0> <II = 1> <Delay = 1.24> <FuncUnit> <Opcode : 'select'> <InPorts = 3> <OutPorts = 1>
ST_7 : Operation 287 [1/1] (0.00ns) (grouped into LUT with out node acc_V_50)   --->   "%acc_V_31 = select i1 %icmp_ln1420_5, i8 %select_ln808_10, i8 %acc_V_1160" [firmware/nnet_utils/nnet_dense_stream.h:24]   --->   Operation 287 'select' 'acc_V_31' <Predicate = (!out_index)> <Delay = 0.00> <CoreInst = "Sel">   --->   Core 73 'Sel' <Latency = 0> <II = 1> <Delay = 1.24> <FuncUnit> <Opcode : 'select'> <InPorts = 3> <OutPorts = 1>
ST_7 : Operation 288 [1/1] (0.00ns) (grouped into LUT with out node acc_V_49)   --->   "%acc_V_30 = select i1 %icmp_ln1420_5, i8 %select_ln808_11, i8 %acc_V_1062" [firmware/nnet_utils/nnet_dense_stream.h:24]   --->   Operation 288 'select' 'acc_V_30' <Predicate = (out_index)> <Delay = 0.00> <CoreInst = "Sel">   --->   Core 73 'Sel' <Latency = 0> <II = 1> <Delay = 1.24> <FuncUnit> <Opcode : 'select'> <InPorts = 3> <OutPorts = 1>
ST_7 : Operation 289 [1/1] (1.24ns) (out node of the LUT)   --->   "%acc_V_50 = select i1 %out_index, i8 %acc_V_32, i8 %acc_V_31" [firmware/nnet_utils/nnet_dense_stream.h:24]   --->   Operation 289 'select' 'acc_V_50' <Predicate = true> <Delay = 1.24> <CoreInst = "Sel">   --->   Core 73 'Sel' <Latency = 0> <II = 1> <Delay = 1.24> <FuncUnit> <Opcode : 'select'> <InPorts = 3> <OutPorts = 1>
ST_7 : Operation 290 [1/1] (1.24ns) (out node of the LUT)   --->   "%acc_V_49 = select i1 %out_index, i8 %acc_V_30, i8 %acc_V_32" [firmware/nnet_utils/nnet_dense_stream.h:24]   --->   Operation 290 'select' 'acc_V_49' <Predicate = true> <Delay = 1.24> <CoreInst = "Sel">   --->   Core 73 'Sel' <Latency = 0> <II = 1> <Delay = 1.24> <FuncUnit> <Opcode : 'select'> <InPorts = 3> <OutPorts = 1>
ST_7 : Operation 291 [1/1] (0.00ns)   --->   "%sext_ln813_14 = sext i8 %rhs_6" [firmware/nnet_utils/nnet_dense_stream.h:24]   --->   Operation 291 'sext' 'sext_ln813_14' <Predicate = true> <Delay = 0.00>
ST_7 : Operation 292 [1/1] (1.66ns)   --->   "%icmp_ln1420_6 = icmp_eq  i9 %sext_ln813_14, i9 %sub_ln1420_6" [firmware/nnet_utils/nnet_dense_stream.h:24]   --->   Operation 292 'icmp' 'icmp_ln1420_6' <Predicate = true> <Delay = 1.66> <CoreInst = "Cmp">   --->   Core 9 'Cmp' <Latency = 0> <II = 1> <Delay = 1.66> <FuncUnit> <Opcode : 'icmp'> <InPorts = 2> <OutPorts = 1>
ST_7 : Operation 293 [1/1] (0.00ns) (grouped into LUT with out node acc_V_52)   --->   "%select_ln808_12 = select i1 %out_index, i8 0, i8 %acc_V_1356" [firmware/nnet_utils/nnet_dense_stream.h:24]   --->   Operation 293 'select' 'select_ln808_12' <Predicate = (!out_index)> <Delay = 0.00> <CoreInst = "Sel">   --->   Core 73 'Sel' <Latency = 0> <II = 1> <Delay = 1.24> <FuncUnit> <Opcode : 'select'> <InPorts = 3> <OutPorts = 1>
ST_7 : Operation 294 [1/1] (0.00ns) (grouped into LUT with out node acc_V_51)   --->   "%select_ln808_13 = select i1 %out_index, i8 %acc_V_1258, i8 0" [firmware/nnet_utils/nnet_dense_stream.h:24]   --->   Operation 294 'select' 'select_ln808_13' <Predicate = (out_index)> <Delay = 0.00> <CoreInst = "Sel">   --->   Core 73 'Sel' <Latency = 0> <II = 1> <Delay = 1.24> <FuncUnit> <Opcode : 'select'> <InPorts = 3> <OutPorts = 1>
ST_7 : Operation 295 [1/1] (0.00ns) (grouped into LUT with out node acc_V_52)   --->   "%acc_V_34 = select i1 %icmp_ln1420_6, i8 %select_ln808_12, i8 %acc_V_1356" [firmware/nnet_utils/nnet_dense_stream.h:24]   --->   Operation 295 'select' 'acc_V_34' <Predicate = (!out_index)> <Delay = 0.00> <CoreInst = "Sel">   --->   Core 73 'Sel' <Latency = 0> <II = 1> <Delay = 1.24> <FuncUnit> <Opcode : 'select'> <InPorts = 3> <OutPorts = 1>
ST_7 : Operation 296 [1/1] (0.00ns) (grouped into LUT with out node acc_V_51)   --->   "%acc_V_33 = select i1 %icmp_ln1420_6, i8 %select_ln808_13, i8 %acc_V_1258" [firmware/nnet_utils/nnet_dense_stream.h:24]   --->   Operation 296 'select' 'acc_V_33' <Predicate = (out_index)> <Delay = 0.00> <CoreInst = "Sel">   --->   Core 73 'Sel' <Latency = 0> <II = 1> <Delay = 1.24> <FuncUnit> <Opcode : 'select'> <InPorts = 3> <OutPorts = 1>
ST_7 : Operation 297 [1/1] (1.24ns) (out node of the LUT)   --->   "%acc_V_52 = select i1 %out_index, i8 %acc_V_35, i8 %acc_V_34" [firmware/nnet_utils/nnet_dense_stream.h:24]   --->   Operation 297 'select' 'acc_V_52' <Predicate = true> <Delay = 1.24> <CoreInst = "Sel">   --->   Core 73 'Sel' <Latency = 0> <II = 1> <Delay = 1.24> <FuncUnit> <Opcode : 'select'> <InPorts = 3> <OutPorts = 1>
ST_7 : Operation 298 [1/1] (1.24ns) (out node of the LUT)   --->   "%acc_V_51 = select i1 %out_index, i8 %acc_V_33, i8 %acc_V_35" [firmware/nnet_utils/nnet_dense_stream.h:24]   --->   Operation 298 'select' 'acc_V_51' <Predicate = true> <Delay = 1.24> <CoreInst = "Sel">   --->   Core 73 'Sel' <Latency = 0> <II = 1> <Delay = 1.24> <FuncUnit> <Opcode : 'select'> <InPorts = 3> <OutPorts = 1>
ST_7 : Operation 299 [1/1] (0.00ns)   --->   "%sext_ln813_16 = sext i8 %rhs_7" [firmware/nnet_utils/nnet_dense_stream.h:24]   --->   Operation 299 'sext' 'sext_ln813_16' <Predicate = true> <Delay = 0.00>
ST_7 : Operation 300 [1/1] (1.66ns)   --->   "%icmp_ln1420_7 = icmp_eq  i9 %sext_ln813_16, i9 %sub_ln1420_7" [firmware/nnet_utils/nnet_dense_stream.h:24]   --->   Operation 300 'icmp' 'icmp_ln1420_7' <Predicate = true> <Delay = 1.66> <CoreInst = "Cmp">   --->   Core 9 'Cmp' <Latency = 0> <II = 1> <Delay = 1.66> <FuncUnit> <Opcode : 'icmp'> <InPorts = 2> <OutPorts = 1>
ST_7 : Operation 301 [1/1] (0.00ns) (grouped into LUT with out node acc_V_54)   --->   "%select_ln808_14 = select i1 %out_index, i8 0, i8 %acc_V_1552" [firmware/nnet_utils/nnet_dense_stream.h:24]   --->   Operation 301 'select' 'select_ln808_14' <Predicate = (!out_index)> <Delay = 0.00> <CoreInst = "Sel">   --->   Core 73 'Sel' <Latency = 0> <II = 1> <Delay = 1.24> <FuncUnit> <Opcode : 'select'> <InPorts = 3> <OutPorts = 1>
ST_7 : Operation 302 [1/1] (0.00ns) (grouped into LUT with out node acc_V_53)   --->   "%select_ln808_15 = select i1 %out_index, i8 %acc_V_1454, i8 0" [firmware/nnet_utils/nnet_dense_stream.h:24]   --->   Operation 302 'select' 'select_ln808_15' <Predicate = (out_index)> <Delay = 0.00> <CoreInst = "Sel">   --->   Core 73 'Sel' <Latency = 0> <II = 1> <Delay = 1.24> <FuncUnit> <Opcode : 'select'> <InPorts = 3> <OutPorts = 1>
ST_7 : Operation 303 [1/1] (0.00ns) (grouped into LUT with out node acc_V_54)   --->   "%acc_V_37 = select i1 %icmp_ln1420_7, i8 %select_ln808_14, i8 %acc_V_1552" [firmware/nnet_utils/nnet_dense_stream.h:24]   --->   Operation 303 'select' 'acc_V_37' <Predicate = (!out_index)> <Delay = 0.00> <CoreInst = "Sel">   --->   Core 73 'Sel' <Latency = 0> <II = 1> <Delay = 1.24> <FuncUnit> <Opcode : 'select'> <InPorts = 3> <OutPorts = 1>
ST_7 : Operation 304 [1/1] (0.00ns) (grouped into LUT with out node acc_V_53)   --->   "%acc_V_36 = select i1 %icmp_ln1420_7, i8 %select_ln808_15, i8 %acc_V_1454" [firmware/nnet_utils/nnet_dense_stream.h:24]   --->   Operation 304 'select' 'acc_V_36' <Predicate = (out_index)> <Delay = 0.00> <CoreInst = "Sel">   --->   Core 73 'Sel' <Latency = 0> <II = 1> <Delay = 1.24> <FuncUnit> <Opcode : 'select'> <InPorts = 3> <OutPorts = 1>
ST_7 : Operation 305 [1/1] (1.24ns) (out node of the LUT)   --->   "%acc_V_54 = select i1 %out_index, i8 %acc_V_38, i8 %acc_V_37" [firmware/nnet_utils/nnet_dense_stream.h:24]   --->   Operation 305 'select' 'acc_V_54' <Predicate = true> <Delay = 1.24> <CoreInst = "Sel">   --->   Core 73 'Sel' <Latency = 0> <II = 1> <Delay = 1.24> <FuncUnit> <Opcode : 'select'> <InPorts = 3> <OutPorts = 1>
ST_7 : Operation 306 [1/1] (1.24ns) (out node of the LUT)   --->   "%acc_V_53 = select i1 %out_index, i8 %acc_V_36, i8 %acc_V_38" [firmware/nnet_utils/nnet_dense_stream.h:24]   --->   Operation 306 'select' 'acc_V_53' <Predicate = true> <Delay = 1.24> <CoreInst = "Sel">   --->   Core 73 'Sel' <Latency = 0> <II = 1> <Delay = 1.24> <FuncUnit> <Opcode : 'select'> <InPorts = 3> <OutPorts = 1>
ST_7 : Operation 307 [1/1] (0.00ns)   --->   "%rend = specregionend i32 @_ssdm_op_SpecRegionEnd, void @nnet_KD_KD_dense_resource_MD_ap_fixed_MD_8_MC_AC_2_MC_AC_IC_ap_q_mode_JC_5_M, i32 %rbegin" [firmware/nnet_utils/nnet_dense_stream.h:53]   --->   Operation 307 'specregionend' 'rend' <Predicate = (icmp_ln124)> <Delay = 0.00>
ST_7 : Operation 308 [1/1] (0.00ns)   --->   "%p_s = bitconcatenate i128 @_ssdm_op_BitConcatenate.i128.i8.i8.i8.i8.i8.i8.i8.i8.i8.i8.i8.i8.i8.i8.i8.i8, i8 %acc_V_54, i8 %acc_V_53, i8 %acc_V_52, i8 %acc_V_51, i8 %acc_V_50, i8 %acc_V_49, i8 %acc_V_48, i8 %acc_V_47, i8 %acc_V_46, i8 %acc_V_45, i8 %acc_V_44, i8 %acc_V_43, i8 %acc_V_42, i8 %acc_V_41, i8 %acc_V_40, i8 %acc_V_39" [firmware/nnet_utils/nnet_dense_stream.h:77]   --->   Operation 308 'bitconcatenate' 'p_s' <Predicate = (icmp_ln124)> <Delay = 0.00>
ST_7 : Operation 309 [1/1] (2.18ns)   --->   "%write_ln77 = write void @_ssdm_op_Write.ap_fifo.volatile.i128P0A, i128 %layer6_out, i128 %p_s" [firmware/nnet_utils/nnet_dense_stream.h:77]   --->   Operation 309 'write' 'write_ln77' <Predicate = (icmp_ln124)> <Delay = 2.18> <CoreInst = "FIFO_SRL">   --->   Core 81 'FIFO_SRL' <Latency = 0> <II = 1> <Delay = 3.63> <Storage> <Opcode : 'read' 'write' 'nbread' 'nbwrite'> <Ports = 0> <Width = 128> <Depth = 1> <FIFO>
ST_7 : Operation 310 [1/1] (0.00ns)   --->   "%return_ln101 = return void @_ssdm_op_Return" [firmware/nnet_utils/nnet_dense_stream.h:101]   --->   Operation 310 'return' 'return_ln101' <Predicate = (icmp_ln124)> <Delay = 0.00>


============================================================
+ Verbose Summary: Timing violations
============================================================
Target clock period: 5ns, clock uncertainty: 0.625ns.

 <State 1>: 1.59ns
The critical path consists of the following:
	multiplexor before 'phi' operation ('do_init') [10]  (1.59 ns)

 <State 2>: 1.83ns
The critical path consists of the following:
	'phi' operation ('ir') with incoming values : ('ir', firmware/nnet_utils/nnet_dense_resource.h:124->firmware/nnet_utils/nnet_dense_resource.h:242->firmware/nnet_utils/nnet_dense_stream.h:24) [44]  (0 ns)
	'add' operation ('ir', firmware/nnet_utils/nnet_dense_resource.h:124->firmware/nnet_utils/nnet_dense_resource.h:242->firmware/nnet_utils/nnet_dense_stream.h:24) [294]  (1.83 ns)

 <State 3>: 3.78ns
The critical path consists of the following:
	fifo read operation ('layer5_out_read', firmware/nnet_utils/nnet_dense_stream.h:43) on port 'layer5_out' (firmware/nnet_utils/nnet_dense_stream.h:43) [63]  (2.19 ns)
	multiplexor before 'phi' operation ('data.V') with incoming values : ('data.V', firmware/nnet_utils/nnet_dense_stream.h:43) [98]  (1.59 ns)
	'phi' operation ('data.V') with incoming values : ('data.V', firmware/nnet_utils/nnet_dense_stream.h:43) [98]  (0 ns)

 <State 4>: 3.25ns
The critical path consists of the following:
	'load' operation ('w.V', firmware/nnet_utils/nnet_dense_resource.h:124->firmware/nnet_utils/nnet_dense_resource.h:242->firmware/nnet_utils/nnet_dense_stream.h:24) on array 'w6_V' [140]  (3.25 ns)

 <State 5>: 4.17ns
The critical path consists of the following:
	'mul' operation ('mul_ln1270', firmware/nnet_utils/nnet_dense_stream.h:24) [143]  (4.17 ns)

 <State 6>: 3.16ns
The critical path consists of the following:
	'phi' operation ('acc.V') with incoming values : ('res.V', firmware/nnet_utils/nnet_dense_stream.h:24) [45]  (0 ns)
	'select' operation ('lhs', firmware/nnet_utils/nnet_dense_stream.h:24) [145]  (1.25 ns)
	'sub' operation ('sub_ln1420', firmware/nnet_utils/nnet_dense_stream.h:24) [148]  (1.92 ns)

 <State 7>: 6.07ns
The critical path consists of the following:
	'icmp' operation ('icmp_ln1420', firmware/nnet_utils/nnet_dense_stream.h:24) [149]  (1.66 ns)
	'select' operation ('acc.V', firmware/nnet_utils/nnet_dense_stream.h:24) [153]  (0 ns)
	'select' operation ('res.V', firmware/nnet_utils/nnet_dense_stream.h:24) [156]  (1.25 ns)
	'phi' operation ('acc.V') with incoming values : ('res.V', firmware/nnet_utils/nnet_dense_stream.h:24) [45]  (0 ns)
	'select' operation ('lhs', firmware/nnet_utils/nnet_dense_stream.h:24) [145]  (1.25 ns)
	'sub' operation ('sub_ln1420', firmware/nnet_utils/nnet_dense_stream.h:24) [148]  (1.92 ns)


============================================================
+ Verbose Summary: Binding
============================================================
N/A
* FSMD analyzer results:
  - Output states:
 - Input state : 
  - Chain level:
	State 1
	State 2
	State 3
	State 4
	State 5
	State 6
	State 7


============================================================
+ Verbose Summary: Datapath Resource usage 
============================================================
N/A
