

================================================================
== Vitis HLS Report for 'dense_array_ap_fixed_32u_array_ap_fixed_8_2_5_3_0_16u_config6_s'
================================================================
* Date:           Fri Jun 26 18:52:41 2026

* Version:        2022.2 (Build 3670227 on Oct 13 2022)
* Project:        myproject_prj
* Solution:       solution1 (Vivado IP Flow Target)
* Product family: zynq
* Target device:  xc7z020-clg400-1


================================================================
== Performance Estimates
================================================================
+ Timing: 
    * Summary: 
    +--------+---------+----------+------------+
    |  Clock |  Target | Estimated| Uncertainty|
    +--------+---------+----------+------------+
    |ap_clk  |  5.00 ns|  6.072 ns|     0.62 ns|
    +--------+---------+----------+------------+

+ Latency: 
    * Summary: 
    +---------+---------+----------+----------+-----+-----+------------------------------------------+
    |  Latency (cycles) |  Latency (absolute) |  Interval |                 Pipeline                 |
    |   min   |   max   |    min   |    max   | min | max |                   Type                   |
    +---------+---------+----------+----------+-----+-----+------------------------------------------+
    |       68|       69|  0.413 us|  0.419 us|   64|   64|  loop rewind stp(delay=0 clock cycles(s))|
    +---------+---------+----------+----------+-----+-----+------------------------------------------+

    + Detail: 
        * Instance: 
        N/A

        * Loop: 
        +-------------+---------+---------+----------+-----------+-----------+------+----------+
        |             |  Latency (cycles) | Iteration|  Initiation Interval  | Trip |          |
        |  Loop Name  |   min   |   max   |  Latency |  achieved |   target  | Count| Pipelined|
        +-------------+---------+---------+----------+-----------+-----------+------+----------+
        |- ReuseLoop  |       68|       68|         6|          1|          1|    64|       yes|
        +-------------+---------+---------+----------+-----------+-----------+------+----------+

============================================================
+ Verbose Summary: Synthesis Manager
============================================================
InlineROM: 1
ExposeGlobal: 0
============================================================
+ Verbose Summary: CDFG Model
============================================================
IsTopModel: 0
ResetActiveHigh: 1
IsCombinational: 2
IsDatapathOnly: 0
HasWiredReturn: 1
HasMFsm: 2
HasVarLatency: 1
IsPipeline: 0
IsRtlPipelined: 0
IsInstanceOverlapped: 0
IsDontTouch: 0
HasImplIP: 0
IsGatedGlobalClock: 0

+ Individual pipeline summary: 
  * Pipeline-0: initiation interval (II) = 1, depth = 6


============================================================
+ Verbose Summary: Schedule
============================================================
* Number of FSM states : 7
* Pipeline : 1
  Pipeline-0 : II = 1, D = 6, States = { 2 3 4 5 6 7 }
* Dataflow Pipeline: 0

* FSM state transitions: 
1 --> 2 
2 --> 3 
3 --> 4 
4 --> 5 
5 --> 6 
6 --> 7 
7 --> 2 

* FSM state operations: 

State 1 <SV = 0> <Delay = 1.58>
ST_1 : Operation 8 [1/1] (0.00ns)   --->   "%specinterface_ln0 = specinterface void @_ssdm_op_SpecInterface, i128 %layer6_out, void @empty_2, i32 0, i32 0, void @empty_0, i32 0, i32 0, void @empty_0, void @empty_0, void @empty_0, i32 0, i32 0, i32 0, i32 0, void @empty_0, void @empty_0, i32 4294967295, i32 0"   --->   Operation 8 'specinterface' 'specinterface_ln0' <Predicate = true> <Delay = 0.00>
ST_1 : Operation 9 [1/1] (0.00ns)   --->   "%specinterface_ln0 = specinterface void @_ssdm_op_SpecInterface, i256 %layer5_out, void @empty_2, i32 0, i32 0, void @empty_0, i32 0, i32 0, void @empty_0, void @empty_0, void @empty_0, i32 0, i32 0, i32 0, i32 0, void @empty_0, void @empty_0, i32 4294967295, i32 0"   --->   Operation 9 'specinterface' 'specinterface_ln0' <Predicate = true> <Delay = 0.00>
ST_1 : Operation 10 [1/1] (0.00ns)   --->   "%rbegin = specregionbegin i32 @_ssdm_op_SpecRegionBegin, void @nnet_KD_KD_dense_resource_MD_ap_fixed_MD_8_MC_AC_2_MC_AC_IC_ap_q_mode_JC_5_M" [firmware/nnet_utils/nnet_dense_stream.h:24]   --->   Operation 10 'specregionbegin' 'rbegin' <Predicate = true> <Delay = 0.00>
ST_1 : Operation 11 [1/1] (1.58ns)   --->   "%br_ln124 = br void %rewind_header" [firmware/nnet_utils/nnet_dense_resource.h:124->firmware/nnet_utils/nnet_dense_resource.h:242->firmware/nnet_utils/nnet_dense_stream.h:24]   --->   Operation 11 'br' 'br_ln124' <Predicate = true> <Delay = 1.58>

State 2 <SV = 1> <Delay = 1.82>
ST_2 : Operation 12 [1/1] (0.00ns)   --->   "%do_init = phi i1 1, void %nnet::dense_resource<ap_fixed<8, 2, (ap_q_mode)5, (ap_o_mode)3, 0>, ap_fixed<8, 2, (ap_q_mode)5, (ap_o_mode)3, 0>, config6>.region_begin, i1 0, void %for.body26.split.i.i_ifconv, i1 1, void %nnet::dense_resource<ap_fixed<8, 2, (ap_q_mode)5, (ap_o_mode)3, 0>, ap_fixed<8, 2, (ap_q_mode)5, (ap_o_mode)3, 0>, config6>.region_end"   --->   Operation 12 'phi' 'do_init' <Predicate = true> <Delay = 0.00>
ST_2 : Operation 13 [1/1] (0.00ns)   --->   "%ir83 = phi i6 0, void %nnet::dense_resource<ap_fixed<8, 2, (ap_q_mode)5, (ap_o_mode)3, 0>, ap_fixed<8, 2, (ap_q_mode)5, (ap_o_mode)3, 0>, config6>.region_begin, i6 %ir, void %for.body26.split.i.i_ifconv, i6 0, void %nnet::dense_resource<ap_fixed<8, 2, (ap_q_mode)5, (ap_o_mode)3, 0>, ap_fixed<8, 2, (ap_q_mode)5, (ap_o_mode)3, 0>, config6>.region_end"   --->   Operation 13 'phi' 'ir83' <Predicate = true> <Delay = 0.00>
ST_2 : Operation 14 [1/1] (1.82ns)   --->   "%ir = add i6 %ir83, i6 1" [firmware/nnet_utils/nnet_dense_resource.h:124->firmware/nnet_utils/nnet_dense_resource.h:242->firmware/nnet_utils/nnet_dense_stream.h:24]   --->   Operation 14 'add' 'ir' <Predicate = true> <Delay = 1.82> <CoreInst = "Adder">   --->   Core 1 'Adder' <Latency = 0> <II = 1> <Delay = 1.82> <FuncUnit> <Opcode : 'add' 'sub'> <InPorts = 2> <OutPorts = 1>
ST_2 : Operation 15 [1/1] (1.42ns)   --->   "%icmp_ln124 = icmp_eq  i6 %ir83, i6 63" [firmware/nnet_utils/nnet_dense_resource.h:124->firmware/nnet_utils/nnet_dense_resource.h:242->firmware/nnet_utils/nnet_dense_stream.h:24]   --->   Operation 15 'icmp' 'icmp_ln124' <Predicate = true> <Delay = 1.42> <CoreInst = "Cmp">   --->   Core 9 'Cmp' <Latency = 0> <II = 1> <Delay = 1.42> <FuncUnit> <Opcode : 'icmp'> <InPorts = 2> <OutPorts = 1>
ST_2 : Operation 16 [1/1] (0.00ns)   --->   "%br_ln124 = br i1 %icmp_ln124, void %rewind_header, void %nnet::dense_resource<ap_fixed<8, 2, (ap_q_mode)5, (ap_o_mode)3, 0>, ap_fixed<8, 2, (ap_q_mode)5, (ap_o_mode)3, 0>, config6>.region_end" [firmware/nnet_utils/nnet_dense_resource.h:124->firmware/nnet_utils/nnet_dense_resource.h:242->firmware/nnet_utils/nnet_dense_stream.h:24]   --->   Operation 16 'br' 'br_ln124' <Predicate = true> <Delay = 0.00>
ST_2 : Operation 17 [1/1] (0.00ns)   --->   "%br_ln101 = br void %rewind_header" [firmware/nnet_utils/nnet_dense_stream.h:101]   --->   Operation 17 'br' 'br_ln101' <Predicate = (icmp_ln124)> <Delay = 0.00>

State 3 <SV = 2> <Delay = 3.77>
ST_3 : Operation 18 [1/1] (0.00ns)   --->   "%data_V_28_rewind = phi i8 0, void %nnet::dense_resource<ap_fixed<8, 2, (ap_q_mode)5, (ap_o_mode)3, 0>, ap_fixed<8, 2, (ap_q_mode)5, (ap_o_mode)3, 0>, config6>.region_begin, i8 %data_V_28_phi, void %for.body26.split.i.i_ifconv, i8 0, void %nnet::dense_resource<ap_fixed<8, 2, (ap_q_mode)5, (ap_o_mode)3, 0>, ap_fixed<8, 2, (ap_q_mode)5, (ap_o_mode)3, 0>, config6>.region_end" [firmware/nnet_utils/nnet_dense_stream.h:43]   --->   Operation 18 'phi' 'data_V_28_rewind' <Predicate = true> <Delay = 0.00>
ST_3 : Operation 19 [1/1] (0.00ns)   --->   "%data_V_27_rewind = phi i8 0, void %nnet::dense_resource<ap_fixed<8, 2, (ap_q_mode)5, (ap_o_mode)3, 0>, ap_fixed<8, 2, (ap_q_mode)5, (ap_o_mode)3, 0>, config6>.region_begin, i8 %data_V_27_phi, void %for.body26.split.i.i_ifconv, i8 0, void %nnet::dense_resource<ap_fixed<8, 2, (ap_q_mode)5, (ap_o_mode)3, 0>, ap_fixed<8, 2, (ap_q_mode)5, (ap_o_mode)3, 0>, config6>.region_end" [firmware/nnet_utils/nnet_dense_stream.h:43]   --->   Operation 19 'phi' 'data_V_27_rewind' <Predicate = true> <Delay = 0.00>
ST_3 : Operation 20 [1/1] (0.00ns)   --->   "%data_V_26_rewind = phi i8 0, void %nnet::dense_resource<ap_fixed<8, 2, (ap_q_mode)5, (ap_o_mode)3, 0>, ap_fixed<8, 2, (ap_q_mode)5, (ap_o_mode)3, 0>, config6>.region_begin, i8 %data_V_26_phi, void %for.body26.split.i.i_ifconv, i8 0, void %nnet::dense_resource<ap_fixed<8, 2, (ap_q_mode)5, (ap_o_mode)3, 0>, ap_fixed<8, 2, (ap_q_mode)5, (ap_o_mode)3, 0>, config6>.region_end" [firmware/nnet_utils/nnet_dense_stream.h:43]   --->   Operation 20 'phi' 'data_V_26_rewind' <Predicate = true> <Delay = 0.00>
ST_3 : Operation 21 [1/1] (0.00ns)   --->   "%data_V_25_rewind = phi i8 0, void %nnet::dense_resource<ap_fixed<8, 2, (ap_q_mode)5, (ap_o_mode)3, 0>, ap_fixed<8, 2, (ap_q_mode)5, (ap_o_mode)3, 0>, config6>.region_begin, i8 %data_V_25_phi, void %for.body26.split.i.i_ifconv, i8 0, void %nnet::dense_resource<ap_fixed<8, 2, (ap_q_mode)5, (ap_o_mode)3, 0>, ap_fixed<8, 2, (ap_q_mode)5, (ap_o_mode)3, 0>, config6>.region_end" [firmware/nnet_utils/nnet_dense_stream.h:43]   --->   Operation 21 'phi' 'data_V_25_rewind' <Predicate = true> <Delay = 0.00>
ST_3 : Operation 22 [1/1] (0.00ns)   --->   "%data_V_24_rewind = phi i8 0, void %nnet::dense_resource<ap_fixed<8, 2, (ap_q_mode)5, (ap_o_mode)3, 0>, ap_fixed<8, 2, (ap_q_mode)5, (ap_o_mode)3, 0>, config6>.region_begin, i8 %data_V_24_phi, void %for.body26.split.i.i_ifconv, i8 0, void %nnet::dense_resource<ap_fixed<8, 2, (ap_q_mode)5, (ap_o_mode)3, 0>, ap_fixed<8, 2, (ap_q_mode)5, (ap_o_mode)3, 0>, config6>.region_end" [firmware/nnet_utils/nnet_dense_stream.h:43]   --->   Operation 22 'phi' 'data_V_24_rewind' <Predicate = true> <Delay = 0.00>
ST_3 : Operation 23 [1/1] (0.00ns)   --->   "%data_V_23_rewind = phi i8 0, void %nnet::dense_resource<ap_fixed<8, 2, (ap_q_mode)5, (ap_o_mode)3, 0>, ap_fixed<8, 2, (ap_q_mode)5, (ap_o_mode)3, 0>, config6>.region_begin, i8 %data_V_23_phi, void %for.body26.split.i.i_ifconv, i8 0, void %nnet::dense_resource<ap_fixed<8, 2, (ap_q_mode)5, (ap_o_mode)3, 0>, ap_fixed<8, 2, (ap_q_mode)5, (ap_o_mode)3, 0>, config6>.region_end" [firmware/nnet_utils/nnet_dense_stream.h:43]   --->   Operation 23 'phi' 'data_V_23_rewind' <Predicate = true> <Delay = 0.00>
ST_3 : Operation 24 [1/1] (0.00ns)   --->   "%data_V_22_rewind = phi i8 0, void %nnet::dense_resource<ap_fixed<8, 2, (ap_q_mode)5, (ap_o_mode)3, 0>, ap_fixed<8, 2, (ap_q_mode)5, (ap_o_mode)3, 0>, config6>.region_begin, i8 %data_V_22_phi, void %for.body26.split.i.i_ifconv, i8 0, void %nnet::dense_resource<ap_fixed<8, 2, (ap_q_mode)5, (ap_o_mode)3, 0>, ap_fixed<8, 2, (ap_q_mode)5, (ap_o_mode)3, 0>, config6>.region_end" [firmware/nnet_utils/nnet_dense_stream.h:43]   --->   Operation 24 'phi' 'data_V_22_rewind' <Predicate = true> <Delay = 0.00>
ST_3 : Operation 25 [1/1] (0.00ns)   --->   "%data_V_21_rewind = phi i8 0, void %nnet::dense_resource<ap_fixed<8, 2, (ap_q_mode)5, (ap_o_mode)3, 0>, ap_fixed<8, 2, (ap_q_mode)5, (ap_o_mode)3, 0>, config6>.region_begin, i8 %data_V_21_phi, void %for.body26.split.i.i_ifconv, i8 0, void %nnet::dense_resource<ap_fixed<8, 2, (ap_q_mode)5, (ap_o_mode)3, 0>, ap_fixed<8, 2, (ap_q_mode)5, (ap_o_mode)3, 0>, config6>.region_end" [firmware/nnet_utils/nnet_dense_stream.h:43]   --->   Operation 25 'phi' 'data_V_21_rewind' <Predicate = true> <Delay = 0.00>
ST_3 : Operation 26 [1/1] (0.00ns)   --->   "%data_V_20_rewind = phi i8 0, void %nnet::dense_resource<ap_fixed<8, 2, (ap_q_mode)5, (ap_o_mode)3, 0>, ap_fixed<8, 2, (ap_q_mode)5, (ap_o_mode)3, 0>, config6>.region_begin, i8 %data_V_20_phi, void %for.body26.split.i.i_ifconv, i8 0, void %nnet::dense_resource<ap_fixed<8, 2, (ap_q_mode)5, (ap_o_mode)3, 0>, ap_fixed<8, 2, (ap_q_mode)5, (ap_o_mode)3, 0>, config6>.region_end" [firmware/nnet_utils/nnet_dense_stream.h:43]   --->   Operation 26 'phi' 'data_V_20_rewind' <Predicate = true> <Delay = 0.00>
ST_3 : Operation 27 [1/1] (0.00ns)   --->   "%data_V_19_rewind = phi i8 0, void %nnet::dense_resource<ap_fixed<8, 2, (ap_q_mode)5, (ap_o_mode)3, 0>, ap_fixed<8, 2, (ap_q_mode)5, (ap_o_mode)3, 0>, config6>.region_begin, i8 %data_V_19_phi, void %for.body26.split.i.i_ifconv, i8 0, void %nnet::dense_resource<ap_fixed<8, 2, (ap_q_mode)5, (ap_o_mode)3, 0>, ap_fixed<8, 2, (ap_q_mode)5, (ap_o_mode)3, 0>, config6>.region_end" [firmware/nnet_utils/nnet_dense_stream.h:43]   --->   Operation 27 'phi' 'data_V_19_rewind' <Predicate = true> <Delay = 0.00>
ST_3 : Operation 28 [1/1] (0.00ns)   --->   "%data_V_18_rewind = phi i8 0, void %nnet::dense_resource<ap_fixed<8, 2, (ap_q_mode)5, (ap_o_mode)3, 0>, ap_fixed<8, 2, (ap_q_mode)5, (ap_o_mode)3, 0>, config6>.region_begin, i8 %data_V_18_phi, void %for.body26.split.i.i_ifconv, i8 0, void %nnet::dense_resource<ap_fixed<8, 2, (ap_q_mode)5, (ap_o_mode)3, 0>, ap_fixed<8, 2, (ap_q_mode)5, (ap_o_mode)3, 0>, config6>.region_end" [firmware/nnet_utils/nnet_dense_stream.h:43]   --->   Operation 28 'phi' 'data_V_18_rewind' <Predicate = true> <Delay = 0.00>
ST_3 : Operation 29 [1/1] (0.00ns)   --->   "%data_V_17_rewind = phi i8 0, void %nnet::dense_resource<ap_fixed<8, 2, (ap_q_mode)5, (ap_o_mode)3, 0>, ap_fixed<8, 2, (ap_q_mode)5, (ap_o_mode)3, 0>, config6>.region_begin, i8 %data_V_17_phi, void %for.body26.split.i.i_ifconv, i8 0, void %nnet::dense_resource<ap_fixed<8, 2, (ap_q_mode)5, (ap_o_mode)3, 0>, ap_fixed<8, 2, (ap_q_mode)5, (ap_o_mode)3, 0>, config6>.region_end" [firmware/nnet_utils/nnet_dense_stream.h:43]   --->   Operation 29 'phi' 'data_V_17_rewind' <Predicate = true> <Delay = 0.00>
ST_3 : Operation 30 [1/1] (0.00ns)   --->   "%data_V_16_rewind = phi i8 0, void %nnet::dense_resource<ap_fixed<8, 2, (ap_q_mode)5, (ap_o_mode)3, 0>, ap_fixed<8, 2, (ap_q_mode)5, (ap_o_mode)3, 0>, config6>.region_begin, i8 %data_V_16_phi, void %for.body26.split.i.i_ifconv, i8 0, void %nnet::dense_resource<ap_fixed<8, 2, (ap_q_mode)5, (ap_o_mode)3, 0>, ap_fixed<8, 2, (ap_q_mode)5, (ap_o_mode)3, 0>, config6>.region_end" [firmware/nnet_utils/nnet_dense_stream.h:43]   --->   Operation 30 'phi' 'data_V_16_rewind' <Predicate = true> <Delay = 0.00>
ST_3 : Operation 31 [1/1] (0.00ns)   --->   "%data_V_15_rewind = phi i8 0, void %nnet::dense_resource<ap_fixed<8, 2, (ap_q_mode)5, (ap_o_mode)3, 0>, ap_fixed<8, 2, (ap_q_mode)5, (ap_o_mode)3, 0>, config6>.region_begin, i8 %data_V_15_phi, void %for.body26.split.i.i_ifconv, i8 0, void %nnet::dense_resource<ap_fixed<8, 2, (ap_q_mode)5, (ap_o_mode)3, 0>, ap_fixed<8, 2, (ap_q_mode)5, (ap_o_mode)3, 0>, config6>.region_end" [firmware/nnet_utils/nnet_dense_stream.h:43]   --->   Operation 31 'phi' 'data_V_15_rewind' <Predicate = true> <Delay = 0.00>
ST_3 : Operation 32 [1/1] (0.00ns)   --->   "%data_V_14_rewind = phi i8 0, void %nnet::dense_resource<ap_fixed<8, 2, (ap_q_mode)5, (ap_o_mode)3, 0>, ap_fixed<8, 2, (ap_q_mode)5, (ap_o_mode)3, 0>, config6>.region_begin, i8 %data_V_14_phi, void %for.body26.split.i.i_ifconv, i8 0, void %nnet::dense_resource<ap_fixed<8, 2, (ap_q_mode)5, (ap_o_mode)3, 0>, ap_fixed<8, 2, (ap_q_mode)5, (ap_o_mode)3, 0>, config6>.region_end" [firmware/nnet_utils/nnet_dense_stream.h:43]   --->   Operation 32 'phi' 'data_V_14_rewind' <Predicate = true> <Delay = 0.00>
ST_3 : Operation 33 [1/1] (0.00ns)   --->   "%data_V_13_rewind = phi i8 0, void %nnet::dense_resource<ap_fixed<8, 2, (ap_q_mode)5, (ap_o_mode)3, 0>, ap_fixed<8, 2, (ap_q_mode)5, (ap_o_mode)3, 0>, config6>.region_begin, i8 %data_V_13_phi, void %for.body26.split.i.i_ifconv, i8 0, void %nnet::dense_resource<ap_fixed<8, 2, (ap_q_mode)5, (ap_o_mode)3, 0>, ap_fixed<8, 2, (ap_q_mode)5, (ap_o_mode)3, 0>, config6>.region_end" [firmware/nnet_utils/nnet_dense_stream.h:43]   --->   Operation 33 'phi' 'data_V_13_rewind' <Predicate = true> <Delay = 0.00>
ST_3 : Operation 34 [1/1] (0.00ns)   --->   "%data_V_12_rewind = phi i8 0, void %nnet::dense_resource<ap_fixed<8, 2, (ap_q_mode)5, (ap_o_mode)3, 0>, ap_fixed<8, 2, (ap_q_mode)5, (ap_o_mode)3, 0>, config6>.region_begin, i8 %data_V_12_phi, void %for.body26.split.i.i_ifconv, i8 0, void %nnet::dense_resource<ap_fixed<8, 2, (ap_q_mode)5, (ap_o_mode)3, 0>, ap_fixed<8, 2, (ap_q_mode)5, (ap_o_mode)3, 0>, config6>.region_end" [firmware/nnet_utils/nnet_dense_stream.h:43]   --->   Operation 34 'phi' 'data_V_12_rewind' <Predicate = true> <Delay = 0.00>
ST_3 : Operation 35 [1/1] (0.00ns)   --->   "%data_V_11_rewind = phi i8 0, void %nnet::dense_resource<ap_fixed<8, 2, (ap_q_mode)5, (ap_o_mode)3, 0>, ap_fixed<8, 2, (ap_q_mode)5, (ap_o_mode)3, 0>, config6>.region_begin, i8 %data_V_11_phi, void %for.body26.split.i.i_ifconv, i8 0, void %nnet::dense_resource<ap_fixed<8, 2, (ap_q_mode)5, (ap_o_mode)3, 0>, ap_fixed<8, 2, (ap_q_mode)5, (ap_o_mode)3, 0>, config6>.region_end" [firmware/nnet_utils/nnet_dense_stream.h:43]   --->   Operation 35 'phi' 'data_V_11_rewind' <Predicate = true> <Delay = 0.00>
ST_3 : Operation 36 [1/1] (0.00ns)   --->   "%data_V_10_rewind = phi i8 0, void %nnet::dense_resource<ap_fixed<8, 2, (ap_q_mode)5, (ap_o_mode)3, 0>, ap_fixed<8, 2, (ap_q_mode)5, (ap_o_mode)3, 0>, config6>.region_begin, i8 %data_V_10_phi, void %for.body26.split.i.i_ifconv, i8 0, void %nnet::dense_resource<ap_fixed<8, 2, (ap_q_mode)5, (ap_o_mode)3, 0>, ap_fixed<8, 2, (ap_q_mode)5, (ap_o_mode)3, 0>, config6>.region_end" [firmware/nnet_utils/nnet_dense_stream.h:43]   --->   Operation 36 'phi' 'data_V_10_rewind' <Predicate = true> <Delay = 0.00>
ST_3 : Operation 37 [1/1] (0.00ns)   --->   "%data_V_29_rewind = phi i8 0, void %nnet::dense_resource<ap_fixed<8, 2, (ap_q_mode)5, (ap_o_mode)3, 0>, ap_fixed<8, 2, (ap_q_mode)5, (ap_o_mode)3, 0>, config6>.region_begin, i8 %data_V_29_phi, void %for.body26.split.i.i_ifconv, i8 0, void %nnet::dense_resource<ap_fixed<8, 2, (ap_q_mode)5, (ap_o_mode)3, 0>, ap_fixed<8, 2, (ap_q_mode)5, (ap_o_mode)3, 0>, config6>.region_end" [firmware/nnet_utils/nnet_dense_stream.h:43]   --->   Operation 37 'phi' 'data_V_29_rewind' <Predicate = true> <Delay = 0.00>
ST_3 : Operation 38 [1/1] (0.00ns)   --->   "%data_V_9_rewind = phi i8 0, void %nnet::dense_resource<ap_fixed<8, 2, (ap_q_mode)5, (ap_o_mode)3, 0>, ap_fixed<8, 2, (ap_q_mode)5, (ap_o_mode)3, 0>, config6>.region_begin, i8 %data_V_9_phi, void %for.body26.split.i.i_ifconv, i8 0, void %nnet::dense_resource<ap_fixed<8, 2, (ap_q_mode)5, (ap_o_mode)3, 0>, ap_fixed<8, 2, (ap_q_mode)5, (ap_o_mode)3, 0>, config6>.region_end" [firmware/nnet_utils/nnet_dense_stream.h:43]   --->   Operation 38 'phi' 'data_V_9_rewind' <Predicate = true> <Delay = 0.00>
ST_3 : Operation 39 [1/1] (0.00ns)   --->   "%data_V_8_rewind = phi i8 0, void %nnet::dense_resource<ap_fixed<8, 2, (ap_q_mode)5, (ap_o_mode)3, 0>, ap_fixed<8, 2, (ap_q_mode)5, (ap_o_mode)3, 0>, config6>.region_begin, i8 %data_V_8_phi, void %for.body26.split.i.i_ifconv, i8 0, void %nnet::dense_resource<ap_fixed<8, 2, (ap_q_mode)5, (ap_o_mode)3, 0>, ap_fixed<8, 2, (ap_q_mode)5, (ap_o_mode)3, 0>, config6>.region_end" [firmware/nnet_utils/nnet_dense_stream.h:43]   --->   Operation 39 'phi' 'data_V_8_rewind' <Predicate = true> <Delay = 0.00>
ST_3 : Operation 40 [1/1] (0.00ns)   --->   "%data_V_7_rewind = phi i8 0, void %nnet::dense_resource<ap_fixed<8, 2, (ap_q_mode)5, (ap_o_mode)3, 0>, ap_fixed<8, 2, (ap_q_mode)5, (ap_o_mode)3, 0>, config6>.region_begin, i8 %data_V_7_phi, void %for.body26.split.i.i_ifconv, i8 0, void %nnet::dense_resource<ap_fixed<8, 2, (ap_q_mode)5, (ap_o_mode)3, 0>, ap_fixed<8, 2, (ap_q_mode)5, (ap_o_mode)3, 0>, config6>.region_end" [firmware/nnet_utils/nnet_dense_stream.h:43]   --->   Operation 40 'phi' 'data_V_7_rewind' <Predicate = true> <Delay = 0.00>
ST_3 : Operation 41 [1/1] (0.00ns)   --->   "%data_V_6_rewind = phi i8 0, void %nnet::dense_resource<ap_fixed<8, 2, (ap_q_mode)5, (ap_o_mode)3, 0>, ap_fixed<8, 2, (ap_q_mode)5, (ap_o_mode)3, 0>, config6>.region_begin, i8 %data_V_6_phi, void %for.body26.split.i.i_ifconv, i8 0, void %nnet::dense_resource<ap_fixed<8, 2, (ap_q_mode)5, (ap_o_mode)3, 0>, ap_fixed<8, 2, (ap_q_mode)5, (ap_o_mode)3, 0>, config6>.region_end" [firmware/nnet_utils/nnet_dense_stream.h:43]   --->   Operation 41 'phi' 'data_V_6_rewind' <Predicate = true> <Delay = 0.00>
ST_3 : Operation 42 [1/1] (0.00ns)   --->   "%data_V_5_rewind = phi i8 0, void %nnet::dense_resource<ap_fixed<8, 2, (ap_q_mode)5, (ap_o_mode)3, 0>, ap_fixed<8, 2, (ap_q_mode)5, (ap_o_mode)3, 0>, config6>.region_begin, i8 %data_V_5_phi, void %for.body26.split.i.i_ifconv, i8 0, void %nnet::dense_resource<ap_fixed<8, 2, (ap_q_mode)5, (ap_o_mode)3, 0>, ap_fixed<8, 2, (ap_q_mode)5, (ap_o_mode)3, 0>, config6>.region_end" [firmware/nnet_utils/nnet_dense_stream.h:43]   --->   Operation 42 'phi' 'data_V_5_rewind' <Predicate = true> <Delay = 0.00>
ST_3 : Operation 43 [1/1] (0.00ns)   --->   "%data_V_4_rewind = phi i8 0, void %nnet::dense_resource<ap_fixed<8, 2, (ap_q_mode)5, (ap_o_mode)3, 0>, ap_fixed<8, 2, (ap_q_mode)5, (ap_o_mode)3, 0>, config6>.region_begin, i8 %data_V_4_phi, void %for.body26.split.i.i_ifconv, i8 0, void %nnet::dense_resource<ap_fixed<8, 2, (ap_q_mode)5, (ap_o_mode)3, 0>, ap_fixed<8, 2, (ap_q_mode)5, (ap_o_mode)3, 0>, config6>.region_end" [firmware/nnet_utils/nnet_dense_stream.h:43]   --->   Operation 43 'phi' 'data_V_4_rewind' <Predicate = true> <Delay = 0.00>
ST_3 : Operation 44 [1/1] (0.00ns)   --->   "%data_V_3_rewind = phi i8 0, void %nnet::dense_resource<ap_fixed<8, 2, (ap_q_mode)5, (ap_o_mode)3, 0>, ap_fixed<8, 2, (ap_q_mode)5, (ap_o_mode)3, 0>, config6>.region_begin, i8 %data_V_3_phi, void %for.body26.split.i.i_ifconv, i8 0, void %nnet::dense_resource<ap_fixed<8, 2, (ap_q_mode)5, (ap_o_mode)3, 0>, ap_fixed<8, 2, (ap_q_mode)5, (ap_o_mode)3, 0>, config6>.region_end" [firmware/nnet_utils/nnet_dense_stream.h:43]   --->   Operation 44 'phi' 'data_V_3_rewind' <Predicate = true> <Delay = 0.00>
ST_3 : Operation 45 [1/1] (0.00ns)   --->   "%data_V_2_rewind = phi i8 0, void %nnet::dense_resource<ap_fixed<8, 2, (ap_q_mode)5, (ap_o_mode)3, 0>, ap_fixed<8, 2, (ap_q_mode)5, (ap_o_mode)3, 0>, config6>.region_begin, i8 %data_V_2_phi, void %for.body26.split.i.i_ifconv, i8 0, void %nnet::dense_resource<ap_fixed<8, 2, (ap_q_mode)5, (ap_o_mode)3, 0>, ap_fixed<8, 2, (ap_q_mode)5, (ap_o_mode)3, 0>, config6>.region_end" [firmware/nnet_utils/nnet_dense_stream.h:43]   --->   Operation 45 'phi' 'data_V_2_rewind' <Predicate = true> <Delay = 0.00>
ST_3 : Operation 46 [1/1] (0.00ns)   --->   "%data_V_1_rewind = phi i8 0, void %nnet::dense_resource<ap_fixed<8, 2, (ap_q_mode)5, (ap_o_mode)3, 0>, ap_fixed<8, 2, (ap_q_mode)5, (ap_o_mode)3, 0>, config6>.region_begin, i8 %data_V_1_phi, void %for.body26.split.i.i_ifconv, i8 0, void %nnet::dense_resource<ap_fixed<8, 2, (ap_q_mode)5, (ap_o_mode)3, 0>, ap_fixed<8, 2, (ap_q_mode)5, (ap_o_mode)3, 0>, config6>.region_end" [firmware/nnet_utils/nnet_dense_stream.h:43]   --->   Operation 46 'phi' 'data_V_1_rewind' <Predicate = true> <Delay = 0.00>
ST_3 : Operation 47 [1/1] (0.00ns)   --->   "%data_V_30_rewind = phi i8 0, void %nnet::dense_resource<ap_fixed<8, 2, (ap_q_mode)5, (ap_o_mode)3, 0>, ap_fixed<8, 2, (ap_q_mode)5, (ap_o_mode)3, 0>, config6>.region_begin, i8 %data_V_30_phi, void %for.body26.split.i.i_ifconv, i8 0, void %nnet::dense_resource<ap_fixed<8, 2, (ap_q_mode)5, (ap_o_mode)3, 0>, ap_fixed<8, 2, (ap_q_mode)5, (ap_o_mode)3, 0>, config6>.region_end" [firmware/nnet_utils/nnet_dense_stream.h:43]   --->   Operation 47 'phi' 'data_V_30_rewind' <Predicate = true> <Delay = 0.00>
ST_3 : Operation 48 [1/1] (0.00ns)   --->   "%data_V_31_rewind = phi i8 0, void %nnet::dense_resource<ap_fixed<8, 2, (ap_q_mode)5, (ap_o_mode)3, 0>, ap_fixed<8, 2, (ap_q_mode)5, (ap_o_mode)3, 0>, config6>.region_begin, i8 %data_V_31_phi, void %for.body26.split.i.i_ifconv, i8 0, void %nnet::dense_resource<ap_fixed<8, 2, (ap_q_mode)5, (ap_o_mode)3, 0>, ap_fixed<8, 2, (ap_q_mode)5, (ap_o_mode)3, 0>, config6>.region_end" [firmware/nnet_utils/nnet_dense_stream.h:43]   --->   Operation 48 'phi' 'data_V_31_rewind' <Predicate = true> <Delay = 0.00>
ST_3 : Operation 49 [1/1] (0.00ns)   --->   "%p_rewind = phi i8 0, void %nnet::dense_resource<ap_fixed<8, 2, (ap_q_mode)5, (ap_o_mode)3, 0>, ap_fixed<8, 2, (ap_q_mode)5, (ap_o_mode)3, 0>, config6>.region_begin, i8 %p_phi, void %for.body26.split.i.i_ifconv, i8 0, void %nnet::dense_resource<ap_fixed<8, 2, (ap_q_mode)5, (ap_o_mode)3, 0>, ap_fixed<8, 2, (ap_q_mode)5, (ap_o_mode)3, 0>, config6>.region_end" [firmware/nnet_utils/nnet_dense_stream.h:43]   --->   Operation 49 'phi' 'p_rewind' <Predicate = true> <Delay = 0.00>
ST_3 : Operation 50 [1/1] (1.58ns)   --->   "%br_ln0 = br i1 %do_init, void %for.body26.split.i.i_ifconv, void %rewind_init"   --->   Operation 50 'br' 'br_ln0' <Predicate = true> <Delay = 1.58>
ST_3 : Operation 51 [1/1] (2.18ns)   --->   "%layer5_out_read = read i256 @_ssdm_op_Read.ap_fifo.volatile.i256P0A, i256 %layer5_out" [firmware/nnet_utils/nnet_dense_stream.h:43]   --->   Operation 51 'read' 'layer5_out_read' <Predicate = (do_init)> <Delay = 2.18> <CoreInst = "FIFO_SRL">   --->   Core 81 'FIFO_SRL' <Latency = 0> <II = 1> <Delay = 3.63> <Storage> <Opcode : 'read' 'write' 'nbread' 'nbwrite'> <Ports = 0> <Width = 256> <Depth = 1> <FIFO>
ST_3 : Operation 52 [1/1] (0.00ns)   --->   "%data_V = trunc i256 %layer5_out_read" [firmware/nnet_utils/nnet_dense_stream.h:43]   --->   Operation 52 'trunc' 'data_V' <Predicate = (do_init)> <Delay = 0.00>
ST_3 : Operation 53 [1/1] (0.00ns)   --->   "%data_V_31 = partselect i8 @_ssdm_op_PartSelect.i8.i256.i32.i32, i256 %layer5_out_read, i32 240, i32 247" [firmware/nnet_utils/nnet_dense_stream.h:43]   --->   Operation 53 'partselect' 'data_V_31' <Predicate = (do_init)> <Delay = 0.00>
ST_3 : Operation 54 [1/1] (0.00ns)   --->   "%data_V_32 = partselect i8 @_ssdm_op_PartSelect.i8.i256.i32.i32, i256 %layer5_out_read, i32 248, i32 255" [firmware/nnet_utils/nnet_dense_stream.h:43]   --->   Operation 54 'partselect' 'data_V_32' <Predicate = (do_init)> <Delay = 0.00>
ST_3 : Operation 55 [1/1] (0.00ns)   --->   "%data_V_1 = partselect i8 @_ssdm_op_PartSelect.i8.i256.i32.i32, i256 %layer5_out_read, i32 8, i32 15" [firmware/nnet_utils/nnet_dense_stream.h:43]   --->   Operation 55 'partselect' 'data_V_1' <Predicate = (do_init)> <Delay = 0.00>
ST_3 : Operation 56 [1/1] (0.00ns)   --->   "%data_V_2 = partselect i8 @_ssdm_op_PartSelect.i8.i256.i32.i32, i256 %layer5_out_read, i32 16, i32 23" [firmware/nnet_utils/nnet_dense_stream.h:43]   --->   Operation 56 'partselect' 'data_V_2' <Predicate = (do_init)> <Delay = 0.00>
ST_3 : Operation 57 [1/1] (0.00ns)   --->   "%data_V_3 = partselect i8 @_ssdm_op_PartSelect.i8.i256.i32.i32, i256 %layer5_out_read, i32 24, i32 31" [firmware/nnet_utils/nnet_dense_stream.h:43]   --->   Operation 57 'partselect' 'data_V_3' <Predicate = (do_init)> <Delay = 0.00>
ST_3 : Operation 58 [1/1] (0.00ns)   --->   "%data_V_4 = partselect i8 @_ssdm_op_PartSelect.i8.i256.i32.i32, i256 %layer5_out_read, i32 32, i32 39" [firmware/nnet_utils/nnet_dense_stream.h:43]   --->   Operation 58 'partselect' 'data_V_4' <Predicate = (do_init)> <Delay = 0.00>
ST_3 : Operation 59 [1/1] (0.00ns)   --->   "%data_V_5 = partselect i8 @_ssdm_op_PartSelect.i8.i256.i32.i32, i256 %layer5_out_read, i32 40, i32 47" [firmware/nnet_utils/nnet_dense_stream.h:43]   --->   Operation 59 'partselect' 'data_V_5' <Predicate = (do_init)> <Delay = 0.00>
ST_3 : Operation 60 [1/1] (0.00ns)   --->   "%data_V_6 = partselect i8 @_ssdm_op_PartSelect.i8.i256.i32.i32, i256 %layer5_out_read, i32 48, i32 55" [firmware/nnet_utils/nnet_dense_stream.h:43]   --->   Operation 60 'partselect' 'data_V_6' <Predicate = (do_init)> <Delay = 0.00>
ST_3 : Operation 61 [1/1] (0.00ns)   --->   "%data_V_7 = partselect i8 @_ssdm_op_PartSelect.i8.i256.i32.i32, i256 %layer5_out_read, i32 56, i32 63" [firmware/nnet_utils/nnet_dense_stream.h:43]   --->   Operation 61 'partselect' 'data_V_7' <Predicate = (do_init)> <Delay = 0.00>
ST_3 : Operation 62 [1/1] (0.00ns)   --->   "%data_V_8 = partselect i8 @_ssdm_op_PartSelect.i8.i256.i32.i32, i256 %layer5_out_read, i32 64, i32 71" [firmware/nnet_utils/nnet_dense_stream.h:43]   --->   Operation 62 'partselect' 'data_V_8' <Predicate = (do_init)> <Delay = 0.00>
ST_3 : Operation 63 [1/1] (0.00ns)   --->   "%data_V_9 = partselect i8 @_ssdm_op_PartSelect.i8.i256.i32.i32, i256 %layer5_out_read, i32 72, i32 79" [firmware/nnet_utils/nnet_dense_stream.h:43]   --->   Operation 63 'partselect' 'data_V_9' <Predicate = (do_init)> <Delay = 0.00>
ST_3 : Operation 64 [1/1] (0.00ns)   --->   "%data_V_33 = partselect i8 @_ssdm_op_PartSelect.i8.i256.i32.i32, i256 %layer5_out_read, i32 80, i32 87" [firmware/nnet_utils/nnet_dense_stream.h:43]   --->   Operation 64 'partselect' 'data_V_33' <Predicate = (do_init)> <Delay = 0.00>
ST_3 : Operation 65 [1/1] (0.00ns)   --->   "%data_V_34 = partselect i8 @_ssdm_op_PartSelect.i8.i256.i32.i32, i256 %layer5_out_read, i32 88, i32 95" [firmware/nnet_utils/nnet_dense_stream.h:43]   --->   Operation 65 'partselect' 'data_V_34' <Predicate = (do_init)> <Delay = 0.00>
ST_3 : Operation 66 [1/1] (0.00ns)   --->   "%data_V_35 = partselect i8 @_ssdm_op_PartSelect.i8.i256.i32.i32, i256 %layer5_out_read, i32 96, i32 103" [firmware/nnet_utils/nnet_dense_stream.h:43]   --->   Operation 66 'partselect' 'data_V_35' <Predicate = (do_init)> <Delay = 0.00>
ST_3 : Operation 67 [1/1] (0.00ns)   --->   "%data_V_36 = partselect i8 @_ssdm_op_PartSelect.i8.i256.i32.i32, i256 %layer5_out_read, i32 104, i32 111" [firmware/nnet_utils/nnet_dense_stream.h:43]   --->   Operation 67 'partselect' 'data_V_36' <Predicate = (do_init)> <Delay = 0.00>
ST_3 : Operation 68 [1/1] (0.00ns)   --->   "%data_V_37 = partselect i8 @_ssdm_op_PartSelect.i8.i256.i32.i32, i256 %layer5_out_read, i32 112, i32 119" [firmware/nnet_utils/nnet_dense_stream.h:43]   --->   Operation 68 'partselect' 'data_V_37' <Predicate = (do_init)> <Delay = 0.00>
ST_3 : Operation 69 [1/1] (0.00ns)   --->   "%data_V_38 = partselect i8 @_ssdm_op_PartSelect.i8.i256.i32.i32, i256 %layer5_out_read, i32 120, i32 127" [firmware/nnet_utils/nnet_dense_stream.h:43]   --->   Operation 69 'partselect' 'data_V_38' <Predicate = (do_init)> <Delay = 0.00>
ST_3 : Operation 70 [1/1] (0.00ns)   --->   "%data_V_39 = partselect i8 @_ssdm_op_PartSelect.i8.i256.i32.i32, i256 %layer5_out_read, i32 128, i32 135" [firmware/nnet_utils/nnet_dense_stream.h:43]   --->   Operation 70 'partselect' 'data_V_39' <Predicate = (do_init)> <Delay = 0.00>
ST_3 : Operation 71 [1/1] (0.00ns)   --->   "%data_V_40 = partselect i8 @_ssdm_op_PartSelect.i8.i256.i32.i32, i256 %layer5_out_read, i32 136, i32 143" [firmware/nnet_utils/nnet_dense_stream.h:43]   --->   Operation 71 'partselect' 'data_V_40' <Predicate = (do_init)> <Delay = 0.00>
ST_3 : Operation 72 [1/1] (0.00ns)   --->   "%data_V_41 = partselect i8 @_ssdm_op_PartSelect.i8.i256.i32.i32, i256 %layer5_out_read, i32 144, i32 151" [firmware/nnet_utils/nnet_dense_stream.h:43]   --->   Operation 72 'partselect' 'data_V_41' <Predicate = (do_init)> <Delay = 0.00>
ST_3 : Operation 73 [1/1] (0.00ns)   --->   "%data_V_42 = partselect i8 @_ssdm_op_PartSelect.i8.i256.i32.i32, i256 %layer5_out_read, i32 152, i32 159" [firmware/nnet_utils/nnet_dense_stream.h:43]   --->   Operation 73 'partselect' 'data_V_42' <Predicate = (do_init)> <Delay = 0.00>
ST_3 : Operation 74 [1/1] (0.00ns)   --->   "%data_V_43 = partselect i8 @_ssdm_op_PartSelect.i8.i256.i32.i32, i256 %layer5_out_read, i32 160, i32 167" [firmware/nnet_utils/nnet_dense_stream.h:43]   --->   Operation 74 'partselect' 'data_V_43' <Predicate = (do_init)> <Delay = 0.00>
ST_3 : Operation 75 [1/1] (0.00ns)   --->   "%data_V_44 = partselect i8 @_ssdm_op_PartSelect.i8.i256.i32.i32, i256 %layer5_out_read, i32 168, i32 175" [firmware/nnet_utils/nnet_dense_stream.h:43]   --->   Operation 75 'partselect' 'data_V_44' <Predicate = (do_init)> <Delay = 0.00>
ST_3 : Operation 76 [1/1] (0.00ns)   --->   "%data_V_45 = partselect i8 @_ssdm_op_PartSelect.i8.i256.i32.i32, i256 %layer5_out_read, i32 176, i32 183" [firmware/nnet_utils/nnet_dense_stream.h:43]   --->   Operation 76 'partselect' 'data_V_45' <Predicate = (do_init)> <Delay = 0.00>
ST_3 : Operation 77 [1/1] (0.00ns)   --->   "%data_V_46 = partselect i8 @_ssdm_op_PartSelect.i8.i256.i32.i32, i256 %layer5_out_read, i32 184, i32 191" [firmware/nnet_utils/nnet_dense_stream.h:43]   --->   Operation 77 'partselect' 'data_V_46' <Predicate = (do_init)> <Delay = 0.00>
ST_3 : Operation 78 [1/1] (0.00ns)   --->   "%data_V_47 = partselect i8 @_ssdm_op_PartSelect.i8.i256.i32.i32, i256 %layer5_out_read, i32 192, i32 199" [firmware/nnet_utils/nnet_dense_stream.h:43]   --->   Operation 78 'partselect' 'data_V_47' <Predicate = (do_init)> <Delay = 0.00>
ST_3 : Operation 79 [1/1] (0.00ns)   --->   "%data_V_48 = partselect i8 @_ssdm_op_PartSelect.i8.i256.i32.i32, i256 %layer5_out_read, i32 200, i32 207" [firmware/nnet_utils/nnet_dense_stream.h:43]   --->   Operation 79 'partselect' 'data_V_48' <Predicate = (do_init)> <Delay = 0.00>
ST_3 : Operation 80 [1/1] (0.00ns)   --->   "%data_V_49 = partselect i8 @_ssdm_op_PartSelect.i8.i256.i32.i32, i256 %layer5_out_read, i32 208, i32 215" [firmware/nnet_utils/nnet_dense_stream.h:43]   --->   Operation 80 'partselect' 'data_V_49' <Predicate = (do_init)> <Delay = 0.00>
ST_3 : Operation 81 [1/1] (0.00ns)   --->   "%data_V_50 = partselect i8 @_ssdm_op_PartSelect.i8.i256.i32.i32, i256 %layer5_out_read, i32 216, i32 223" [firmware/nnet_utils/nnet_dense_stream.h:43]   --->   Operation 81 'partselect' 'data_V_50' <Predicate = (do_init)> <Delay = 0.00>
ST_3 : Operation 82 [1/1] (0.00ns)   --->   "%data_V_51 = partselect i8 @_ssdm_op_PartSelect.i8.i256.i32.i32, i256 %layer5_out_read, i32 224, i32 231" [firmware/nnet_utils/nnet_dense_stream.h:43]   --->   Operation 82 'partselect' 'data_V_51' <Predicate = (do_init)> <Delay = 0.00>
ST_3 : Operation 83 [1/1] (0.00ns)   --->   "%data_V_52 = partselect i8 @_ssdm_op_PartSelect.i8.i256.i32.i32, i256 %layer5_out_read, i32 232, i32 239" [firmware/nnet_utils/nnet_dense_stream.h:43]   --->   Operation 83 'partselect' 'data_V_52' <Predicate = (do_init)> <Delay = 0.00>
ST_3 : Operation 84 [1/1] (1.58ns)   --->   "%br_ln124 = br void %for.body26.split.i.i_ifconv" [firmware/nnet_utils/nnet_dense_resource.h:124->firmware/nnet_utils/nnet_dense_resource.h:242->firmware/nnet_utils/nnet_dense_stream.h:24]   --->   Operation 84 'br' 'br_ln124' <Predicate = (do_init)> <Delay = 1.58>
ST_3 : Operation 85 [1/1] (0.00ns)   --->   "%data_V_28_phi = phi i8 %data_V_52, void %rewind_init, i8 %data_V_28_rewind, void %rewind_header"   --->   Operation 85 'phi' 'data_V_28_phi' <Predicate = true> <Delay = 0.00>
ST_3 : Operation 86 [1/1] (0.00ns)   --->   "%data_V_27_phi = phi i8 %data_V_51, void %rewind_init, i8 %data_V_27_rewind, void %rewind_header"   --->   Operation 86 'phi' 'data_V_27_phi' <Predicate = true> <Delay = 0.00>
ST_3 : Operation 87 [1/1] (0.00ns)   --->   "%data_V_26_phi = phi i8 %data_V_50, void %rewind_init, i8 %data_V_26_rewind, void %rewind_header"   --->   Operation 87 'phi' 'data_V_26_phi' <Predicate = true> <Delay = 0.00>
ST_3 : Operation 88 [1/1] (0.00ns)   --->   "%data_V_25_phi = phi i8 %data_V_49, void %rewind_init, i8 %data_V_25_rewind, void %rewind_header"   --->   Operation 88 'phi' 'data_V_25_phi' <Predicate = true> <Delay = 0.00>
ST_3 : Operation 89 [1/1] (0.00ns)   --->   "%data_V_24_phi = phi i8 %data_V_48, void %rewind_init, i8 %data_V_24_rewind, void %rewind_header"   --->   Operation 89 'phi' 'data_V_24_phi' <Predicate = true> <Delay = 0.00>
ST_3 : Operation 90 [1/1] (0.00ns)   --->   "%data_V_23_phi = phi i8 %data_V_47, void %rewind_init, i8 %data_V_23_rewind, void %rewind_header"   --->   Operation 90 'phi' 'data_V_23_phi' <Predicate = true> <Delay = 0.00>
ST_3 : Operation 91 [1/1] (0.00ns)   --->   "%data_V_22_phi = phi i8 %data_V_46, void %rewind_init, i8 %data_V_22_rewind, void %rewind_header"   --->   Operation 91 'phi' 'data_V_22_phi' <Predicate = true> <Delay = 0.00>
ST_3 : Operation 92 [1/1] (0.00ns)   --->   "%data_V_21_phi = phi i8 %data_V_45, void %rewind_init, i8 %data_V_21_rewind, void %rewind_header"   --->   Operation 92 'phi' 'data_V_21_phi' <Predicate = true> <Delay = 0.00>
ST_3 : Operation 93 [1/1] (0.00ns)   --->   "%data_V_20_phi = phi i8 %data_V_44, void %rewind_init, i8 %data_V_20_rewind, void %rewind_header"   --->   Operation 93 'phi' 'data_V_20_phi' <Predicate = true> <Delay = 0.00>
ST_3 : Operation 94 [1/1] (0.00ns)   --->   "%data_V_19_phi = phi i8 %data_V_43, void %rewind_init, i8 %data_V_19_rewind, void %rewind_header"   --->   Operation 94 'phi' 'data_V_19_phi' <Predicate = true> <Delay = 0.00>
ST_3 : Operation 95 [1/1] (0.00ns)   --->   "%data_V_18_phi = phi i8 %data_V_42, void %rewind_init, i8 %data_V_18_rewind, void %rewind_header"   --->   Operation 95 'phi' 'data_V_18_phi' <Predicate = true> <Delay = 0.00>
ST_3 : Operation 96 [1/1] (0.00ns)   --->   "%data_V_17_phi = phi i8 %data_V_41, void %rewind_init, i8 %data_V_17_rewind, void %rewind_header"   --->   Operation 96 'phi' 'data_V_17_phi' <Predicate = true> <Delay = 0.00>
ST_3 : Operation 97 [1/1] (0.00ns)   --->   "%data_V_16_phi = phi i8 %data_V_40, void %rewind_init, i8 %data_V_16_rewind, void %rewind_header"   --->   Operation 97 'phi' 'data_V_16_phi' <Predicate = true> <Delay = 0.00>
ST_3 : Operation 98 [1/1] (0.00ns)   --->   "%data_V_15_phi = phi i8 %data_V_39, void %rewind_init, i8 %data_V_15_rewind, void %rewind_header"   --->   Operation 98 'phi' 'data_V_15_phi' <Predicate = true> <Delay = 0.00>
ST_3 : Operation 99 [1/1] (0.00ns)   --->   "%data_V_14_phi = phi i8 %data_V_38, void %rewind_init, i8 %data_V_14_rewind, void %rewind_header"   --->   Operation 99 'phi' 'data_V_14_phi' <Predicate = true> <Delay = 0.00>
ST_3 : Operation 100 [1/1] (0.00ns)   --->   "%data_V_13_phi = phi i8 %data_V_37, void %rewind_init, i8 %data_V_13_rewind, void %rewind_header"   --->   Operation 100 'phi' 'data_V_13_phi' <Predicate = true> <Delay = 0.00>
ST_3 : Operation 101 [1/1] (0.00ns)   --->   "%data_V_12_phi = phi i8 %data_V_36, void %rewind_init, i8 %data_V_12_rewind, void %rewind_header"   --->   Operation 101 'phi' 'data_V_12_phi' <Predicate = true> <Delay = 0.00>
ST_3 : Operation 102 [1/1] (0.00ns)   --->   "%data_V_11_phi = phi i8 %data_V_35, void %rewind_init, i8 %data_V_11_rewind, void %rewind_header"   --->   Operation 102 'phi' 'data_V_11_phi' <Predicate = true> <Delay = 0.00>
ST_3 : Operation 103 [1/1] (0.00ns)   --->   "%data_V_10_phi = phi i8 %data_V_34, void %rewind_init, i8 %data_V_10_rewind, void %rewind_header"   --->   Operation 103 'phi' 'data_V_10_phi' <Predicate = true> <Delay = 0.00>
ST_3 : Operation 104 [1/1] (0.00ns)   --->   "%data_V_29_phi = phi i8 %data_V_33, void %rewind_init, i8 %data_V_29_rewind, void %rewind_header"   --->   Operation 104 'phi' 'data_V_29_phi' <Predicate = true> <Delay = 0.00>
ST_3 : Operation 105 [1/1] (0.00ns)   --->   "%data_V_9_phi = phi i8 %data_V_9, void %rewind_init, i8 %data_V_9_rewind, void %rewind_header"   --->   Operation 105 'phi' 'data_V_9_phi' <Predicate = true> <Delay = 0.00>
ST_3 : Operation 106 [1/1] (0.00ns)   --->   "%data_V_8_phi = phi i8 %data_V_8, void %rewind_init, i8 %data_V_8_rewind, void %rewind_header"   --->   Operation 106 'phi' 'data_V_8_phi' <Predicate = true> <Delay = 0.00>
ST_3 : Operation 107 [1/1] (0.00ns)   --->   "%data_V_7_phi = phi i8 %data_V_7, void %rewind_init, i8 %data_V_7_rewind, void %rewind_header"   --->   Operation 107 'phi' 'data_V_7_phi' <Predicate = true> <Delay = 0.00>
ST_3 : Operation 108 [1/1] (0.00ns)   --->   "%data_V_6_phi = phi i8 %data_V_6, void %rewind_init, i8 %data_V_6_rewind, void %rewind_header"   --->   Operation 108 'phi' 'data_V_6_phi' <Predicate = true> <Delay = 0.00>
ST_3 : Operation 109 [1/1] (0.00ns)   --->   "%data_V_5_phi = phi i8 %data_V_5, void %rewind_init, i8 %data_V_5_rewind, void %rewind_header"   --->   Operation 109 'phi' 'data_V_5_phi' <Predicate = true> <Delay = 0.00>
ST_3 : Operation 110 [1/1] (0.00ns)   --->   "%data_V_4_phi = phi i8 %data_V_4, void %rewind_init, i8 %data_V_4_rewind, void %rewind_header"   --->   Operation 110 'phi' 'data_V_4_phi' <Predicate = true> <Delay = 0.00>
ST_3 : Operation 111 [1/1] (0.00ns)   --->   "%data_V_3_phi = phi i8 %data_V_3, void %rewind_init, i8 %data_V_3_rewind, void %rewind_header"   --->   Operation 111 'phi' 'data_V_3_phi' <Predicate = true> <Delay = 0.00>
ST_3 : Operation 112 [1/1] (0.00ns)   --->   "%data_V_2_phi = phi i8 %data_V_2, void %rewind_init, i8 %data_V_2_rewind, void %rewind_header"   --->   Operation 112 'phi' 'data_V_2_phi' <Predicate = true> <Delay = 0.00>
ST_3 : Operation 113 [1/1] (0.00ns)   --->   "%data_V_1_phi = phi i8 %data_V_1, void %rewind_init, i8 %data_V_1_rewind, void %rewind_header"   --->   Operation 113 'phi' 'data_V_1_phi' <Predicate = true> <Delay = 0.00>
ST_3 : Operation 114 [1/1] (0.00ns)   --->   "%data_V_30_phi = phi i8 %data_V_32, void %rewind_init, i8 %data_V_30_rewind, void %rewind_header"   --->   Operation 114 'phi' 'data_V_30_phi' <Predicate = true> <Delay = 0.00>
ST_3 : Operation 115 [1/1] (0.00ns)   --->   "%data_V_31_phi = phi i8 %data_V_31, void %rewind_init, i8 %data_V_31_rewind, void %rewind_header"   --->   Operation 115 'phi' 'data_V_31_phi' <Predicate = true> <Delay = 0.00>
ST_3 : Operation 116 [1/1] (0.00ns)   --->   "%p_phi = phi i8 %data_V, void %rewind_init, i8 %p_rewind, void %rewind_header"   --->   Operation 116 'phi' 'p_phi' <Predicate = true> <Delay = 0.00>
ST_3 : Operation 117 [1/1] (0.00ns)   --->   "%ir83_cast = zext i6 %ir83" [firmware/nnet_utils/nnet_dense_resource.h:124->firmware/nnet_utils/nnet_dense_resource.h:242->firmware/nnet_utils/nnet_dense_stream.h:24]   --->   Operation 117 'zext' 'ir83_cast' <Predicate = true> <Delay = 0.00>
ST_3 : Operation 118 [1/1] (0.00ns)   --->   "%zext_ln124 = zext i6 %ir83" [firmware/nnet_utils/nnet_dense_resource.h:124->firmware/nnet_utils/nnet_dense_resource.h:242->firmware/nnet_utils/nnet_dense_stream.h:24]   --->   Operation 118 'zext' 'zext_ln124' <Predicate = true> <Delay = 0.00>
ST_3 : Operation 119 [1/1] (0.00ns)   --->   "%outidx_addr = getelementptr i1 %outidx, i64 0, i64 %zext_ln124" [firmware/nnet_utils/nnet_dense_resource.h:127->firmware/nnet_utils/nnet_dense_resource.h:242->firmware/nnet_utils/nnet_dense_stream.h:24]   --->   Operation 119 'getelementptr' 'outidx_addr' <Predicate = true> <Delay = 0.00>
ST_3 : Operation 120 [2/2] (2.32ns)   --->   "%out_index = load i6 %outidx_addr" [firmware/nnet_utils/nnet_dense_stream.h:24]   --->   Operation 120 'load' 'out_index' <Predicate = true> <Delay = 2.32> <CoreInst = "ROM">   --->   Core 95 'ROM' <Latency = 1> <II = 1> <Delay = 2.32> <Storage> <Opcode : 'load'> <Ports = 0> <Width = 1> <Depth = 64> <ROM>
ST_3 : Operation 121 [1/1] (0.00ns)   --->   "%w6_V_addr = getelementptr i8 %w6_V, i64 0, i64 %zext_ln124" [firmware/nnet_utils/nnet_dense_resource.h:124->firmware/nnet_utils/nnet_dense_resource.h:242->firmware/nnet_utils/nnet_dense_stream.h:24]   --->   Operation 121 'getelementptr' 'w6_V_addr' <Predicate = true> <Delay = 0.00>
ST_3 : Operation 122 [2/2] (3.25ns)   --->   "%w_V = load i9 %w6_V_addr" [firmware/nnet_utils/nnet_dense_resource.h:124->firmware/nnet_utils/nnet_dense_resource.h:242->firmware/nnet_utils/nnet_dense_stream.h:24]   --->   Operation 122 'load' 'w_V' <Predicate = true> <Delay = 3.25> <CoreInst = "ROM">   --->   Core 95 'ROM' <Latency = 1> <II = 1> <Delay = 3.25> <Storage> <Opcode : 'load'> <Ports = 0> <Width = 8> <Depth = 512> <ROM>
ST_3 : Operation 123 [1/1] (0.00ns)   --->   "%tmp = bitconcatenate i7 @_ssdm_op_BitConcatenate.i7.i1.i6, i1 1, i6 %ir83" [firmware/nnet_utils/nnet_dense_resource.h:124->firmware/nnet_utils/nnet_dense_resource.h:242->firmware/nnet_utils/nnet_dense_stream.h:24]   --->   Operation 123 'bitconcatenate' 'tmp' <Predicate = true> <Delay = 0.00>
ST_3 : Operation 124 [1/1] (0.00ns)   --->   "%p_cast239 = zext i7 %tmp" [firmware/nnet_utils/nnet_dense_resource.h:124->firmware/nnet_utils/nnet_dense_resource.h:242->firmware/nnet_utils/nnet_dense_stream.h:24]   --->   Operation 124 'zext' 'p_cast239' <Predicate = true> <Delay = 0.00>
ST_3 : Operation 125 [1/1] (0.00ns)   --->   "%w6_V_addr_1 = getelementptr i8 %w6_V, i64 0, i64 %p_cast239" [firmware/nnet_utils/nnet_dense_resource.h:124->firmware/nnet_utils/nnet_dense_resource.h:242->firmware/nnet_utils/nnet_dense_stream.h:24]   --->   Operation 125 'getelementptr' 'w6_V_addr_1' <Predicate = true> <Delay = 0.00>
ST_3 : Operation 126 [2/2] (3.25ns)   --->   "%w_V_1 = load i9 %w6_V_addr_1" [firmware/nnet_utils/nnet_dense_resource.h:124->firmware/nnet_utils/nnet_dense_resource.h:242->firmware/nnet_utils/nnet_dense_stream.h:24]   --->   Operation 126 'load' 'w_V_1' <Predicate = true> <Delay = 3.25> <CoreInst = "ROM">   --->   Core 95 'ROM' <Latency = 1> <II = 1> <Delay = 3.25> <Storage> <Opcode : 'load'> <Ports = 0> <Width = 8> <Depth = 512> <ROM>
ST_3 : Operation 127 [1/1] (0.00ns)   --->   "%p_cast240_cast = bitconcatenate i8 @_ssdm_op_BitConcatenate.i8.i1.i7, i1 1, i7 %ir83_cast" [firmware/nnet_utils/nnet_dense_resource.h:124->firmware/nnet_utils/nnet_dense_resource.h:242->firmware/nnet_utils/nnet_dense_stream.h:24]   --->   Operation 127 'bitconcatenate' 'p_cast240_cast' <Predicate = true> <Delay = 0.00>
ST_3 : Operation 128 [1/1] (0.00ns)   --->   "%p_cast240_cast_cast = zext i8 %p_cast240_cast" [firmware/nnet_utils/nnet_dense_resource.h:124->firmware/nnet_utils/nnet_dense_resource.h:242->firmware/nnet_utils/nnet_dense_stream.h:24]   --->   Operation 128 'zext' 'p_cast240_cast_cast' <Predicate = true> <Delay = 0.00>
ST_3 : Operation 129 [1/1] (0.00ns)   --->   "%w6_V_addr_2 = getelementptr i8 %w6_V, i64 0, i64 %p_cast240_cast_cast" [firmware/nnet_utils/nnet_dense_resource.h:124->firmware/nnet_utils/nnet_dense_resource.h:242->firmware/nnet_utils/nnet_dense_stream.h:24]   --->   Operation 129 'getelementptr' 'w6_V_addr_2' <Predicate = true> <Delay = 0.00>
ST_3 : Operation 130 [2/2] (3.25ns)   --->   "%w_V_2 = load i9 %w6_V_addr_2" [firmware/nnet_utils/nnet_dense_resource.h:124->firmware/nnet_utils/nnet_dense_resource.h:242->firmware/nnet_utils/nnet_dense_stream.h:24]   --->   Operation 130 'load' 'w_V_2' <Predicate = true> <Delay = 3.25> <CoreInst = "ROM">   --->   Core 95 'ROM' <Latency = 1> <II = 1> <Delay = 3.25> <Storage> <Opcode : 'load'> <Ports = 0> <Width = 8> <Depth = 512> <ROM>
ST_3 : Operation 131 [1/1] (0.00ns)   --->   "%p_cast241_cast_cast_cast_cast = sext i7 %tmp" [firmware/nnet_utils/nnet_dense_resource.h:124->firmware/nnet_utils/nnet_dense_resource.h:242->firmware/nnet_utils/nnet_dense_stream.h:24]   --->   Operation 131 'sext' 'p_cast241_cast_cast_cast_cast' <Predicate = true> <Delay = 0.00>
ST_3 : Operation 132 [1/1] (0.00ns)   --->   "%p_cast241_cast_cast_cast_cast_cast = zext i8 %p_cast241_cast_cast_cast_cast" [firmware/nnet_utils/nnet_dense_resource.h:124->firmware/nnet_utils/nnet_dense_resource.h:242->firmware/nnet_utils/nnet_dense_stream.h:24]   --->   Operation 132 'zext' 'p_cast241_cast_cast_cast_cast_cast' <Predicate = true> <Delay = 0.00>
ST_3 : Operation 133 [1/1] (0.00ns)   --->   "%w6_V_addr_3 = getelementptr i8 %w6_V, i64 0, i64 %p_cast241_cast_cast_cast_cast_cast" [firmware/nnet_utils/nnet_dense_resource.h:124->firmware/nnet_utils/nnet_dense_resource.h:242->firmware/nnet_utils/nnet_dense_stream.h:24]   --->   Operation 133 'getelementptr' 'w6_V_addr_3' <Predicate = true> <Delay = 0.00>
ST_3 : Operation 134 [2/2] (3.25ns)   --->   "%w_V_3 = load i9 %w6_V_addr_3" [firmware/nnet_utils/nnet_dense_resource.h:124->firmware/nnet_utils/nnet_dense_resource.h:242->firmware/nnet_utils/nnet_dense_stream.h:24]   --->   Operation 134 'load' 'w_V_3' <Predicate = true> <Delay = 3.25> <CoreInst = "ROM">   --->   Core 95 'ROM' <Latency = 1> <II = 1> <Delay = 3.25> <Storage> <Opcode : 'load'> <Ports = 0> <Width = 8> <Depth = 512> <ROM>
ST_3 : Operation 135 [1/1] (0.00ns)   --->   "%p_cast242_cast = bitconcatenate i9 @_ssdm_op_BitConcatenate.i9.i2.i7, i2 2, i7 %ir83_cast" [firmware/nnet_utils/nnet_dense_resource.h:124->firmware/nnet_utils/nnet_dense_resource.h:242->firmware/nnet_utils/nnet_dense_stream.h:24]   --->   Operation 135 'bitconcatenate' 'p_cast242_cast' <Predicate = true> <Delay = 0.00>
ST_3 : Operation 136 [1/1] (0.00ns)   --->   "%p_cast242_cast_cast = zext i9 %p_cast242_cast" [firmware/nnet_utils/nnet_dense_resource.h:124->firmware/nnet_utils/nnet_dense_resource.h:242->firmware/nnet_utils/nnet_dense_stream.h:24]   --->   Operation 136 'zext' 'p_cast242_cast_cast' <Predicate = true> <Delay = 0.00>
ST_3 : Operation 137 [1/1] (0.00ns)   --->   "%w6_V_addr_4 = getelementptr i8 %w6_V, i64 0, i64 %p_cast242_cast_cast" [firmware/nnet_utils/nnet_dense_resource.h:124->firmware/nnet_utils/nnet_dense_resource.h:242->firmware/nnet_utils/nnet_dense_stream.h:24]   --->   Operation 137 'getelementptr' 'w6_V_addr_4' <Predicate = true> <Delay = 0.00>
ST_3 : Operation 138 [2/2] (3.25ns)   --->   "%w_V_4 = load i9 %w6_V_addr_4" [firmware/nnet_utils/nnet_dense_resource.h:124->firmware/nnet_utils/nnet_dense_resource.h:242->firmware/nnet_utils/nnet_dense_stream.h:24]   --->   Operation 138 'load' 'w_V_4' <Predicate = true> <Delay = 3.25> <CoreInst = "ROM">   --->   Core 95 'ROM' <Latency = 1> <II = 1> <Delay = 3.25> <Storage> <Opcode : 'load'> <Ports = 0> <Width = 8> <Depth = 512> <ROM>
ST_3 : Operation 139 [1/1] (0.00ns)   --->   "%tmp_2 = bitconcatenate i9 @_ssdm_op_BitConcatenate.i9.i3.i6, i3 5, i6 %ir83" [firmware/nnet_utils/nnet_dense_resource.h:124->firmware/nnet_utils/nnet_dense_resource.h:242->firmware/nnet_utils/nnet_dense_stream.h:24]   --->   Operation 139 'bitconcatenate' 'tmp_2' <Predicate = true> <Delay = 0.00>
ST_3 : Operation 140 [1/1] (0.00ns)   --->   "%p_cast243 = zext i9 %tmp_2" [firmware/nnet_utils/nnet_dense_resource.h:124->firmware/nnet_utils/nnet_dense_resource.h:242->firmware/nnet_utils/nnet_dense_stream.h:24]   --->   Operation 140 'zext' 'p_cast243' <Predicate = true> <Delay = 0.00>
ST_3 : Operation 141 [1/1] (0.00ns)   --->   "%w6_V_addr_5 = getelementptr i8 %w6_V, i64 0, i64 %p_cast243" [firmware/nnet_utils/nnet_dense_resource.h:124->firmware/nnet_utils/nnet_dense_resource.h:242->firmware/nnet_utils/nnet_dense_stream.h:24]   --->   Operation 141 'getelementptr' 'w6_V_addr_5' <Predicate = true> <Delay = 0.00>
ST_3 : Operation 142 [2/2] (3.25ns)   --->   "%w_V_5 = load i9 %w6_V_addr_5" [firmware/nnet_utils/nnet_dense_resource.h:124->firmware/nnet_utils/nnet_dense_resource.h:242->firmware/nnet_utils/nnet_dense_stream.h:24]   --->   Operation 142 'load' 'w_V_5' <Predicate = true> <Delay = 3.25> <CoreInst = "ROM">   --->   Core 95 'ROM' <Latency = 1> <II = 1> <Delay = 3.25> <Storage> <Opcode : 'load'> <Ports = 0> <Width = 8> <Depth = 512> <ROM>
ST_3 : Operation 143 [1/1] (0.00ns)   --->   "%p_cast244_cast_cast_cast_cast = sext i8 %p_cast240_cast" [firmware/nnet_utils/nnet_dense_resource.h:124->firmware/nnet_utils/nnet_dense_resource.h:242->firmware/nnet_utils/nnet_dense_stream.h:24]   --->   Operation 143 'sext' 'p_cast244_cast_cast_cast_cast' <Predicate = true> <Delay = 0.00>
ST_3 : Operation 144 [1/1] (0.00ns)   --->   "%p_cast244_cast_cast_cast_cast_cast = zext i9 %p_cast244_cast_cast_cast_cast" [firmware/nnet_utils/nnet_dense_resource.h:124->firmware/nnet_utils/nnet_dense_resource.h:242->firmware/nnet_utils/nnet_dense_stream.h:24]   --->   Operation 144 'zext' 'p_cast244_cast_cast_cast_cast_cast' <Predicate = true> <Delay = 0.00>
ST_3 : Operation 145 [1/1] (0.00ns)   --->   "%w6_V_addr_6 = getelementptr i8 %w6_V, i64 0, i64 %p_cast244_cast_cast_cast_cast_cast" [firmware/nnet_utils/nnet_dense_resource.h:124->firmware/nnet_utils/nnet_dense_resource.h:242->firmware/nnet_utils/nnet_dense_stream.h:24]   --->   Operation 145 'getelementptr' 'w6_V_addr_6' <Predicate = true> <Delay = 0.00>
ST_3 : Operation 146 [2/2] (3.25ns)   --->   "%w_V_6 = load i9 %w6_V_addr_6" [firmware/nnet_utils/nnet_dense_resource.h:124->firmware/nnet_utils/nnet_dense_resource.h:242->firmware/nnet_utils/nnet_dense_stream.h:24]   --->   Operation 146 'load' 'w_V_6' <Predicate = true> <Delay = 3.25> <CoreInst = "ROM">   --->   Core 95 'ROM' <Latency = 1> <II = 1> <Delay = 3.25> <Storage> <Opcode : 'load'> <Ports = 0> <Width = 8> <Depth = 512> <ROM>
ST_3 : Operation 147 [1/1] (0.00ns)   --->   "%p_cast245_cast_cast_cast_cast = sext i7 %tmp" [firmware/nnet_utils/nnet_dense_resource.h:124->firmware/nnet_utils/nnet_dense_resource.h:242->firmware/nnet_utils/nnet_dense_stream.h:24]   --->   Operation 147 'sext' 'p_cast245_cast_cast_cast_cast' <Predicate = true> <Delay = 0.00>
ST_3 : Operation 148 [1/1] (0.00ns)   --->   "%p_cast245_cast_cast_cast_cast_cast = zext i9 %p_cast245_cast_cast_cast_cast" [firmware/nnet_utils/nnet_dense_resource.h:124->firmware/nnet_utils/nnet_dense_resource.h:242->firmware/nnet_utils/nnet_dense_stream.h:24]   --->   Operation 148 'zext' 'p_cast245_cast_cast_cast_cast_cast' <Predicate = true> <Delay = 0.00>
ST_3 : Operation 149 [1/1] (0.00ns)   --->   "%w6_V_addr_7 = getelementptr i8 %w6_V, i64 0, i64 %p_cast245_cast_cast_cast_cast_cast" [firmware/nnet_utils/nnet_dense_resource.h:124->firmware/nnet_utils/nnet_dense_resource.h:242->firmware/nnet_utils/nnet_dense_stream.h:24]   --->   Operation 149 'getelementptr' 'w6_V_addr_7' <Predicate = true> <Delay = 0.00>
ST_3 : Operation 150 [2/2] (3.25ns)   --->   "%w_V_7 = load i9 %w6_V_addr_7" [firmware/nnet_utils/nnet_dense_resource.h:124->firmware/nnet_utils/nnet_dense_resource.h:242->firmware/nnet_utils/nnet_dense_stream.h:24]   --->   Operation 150 'load' 'w_V_7' <Predicate = true> <Delay = 3.25> <CoreInst = "ROM">   --->   Core 95 'ROM' <Latency = 1> <II = 1> <Delay = 3.25> <Storage> <Opcode : 'load'> <Ports = 0> <Width = 8> <Depth = 512> <ROM>

State 4 <SV = 3> <Delay = 3.25>
ST_4 : Operation 151 [1/1] (0.00ns)   --->   "%in_index84 = phi i5 0, void %nnet::dense_resource<ap_fixed<8, 2, (ap_q_mode)5, (ap_o_mode)3, 0>, ap_fixed<8, 2, (ap_q_mode)5, (ap_o_mode)3, 0>, config6>.region_begin, i5 %in_index, void %for.body26.split.i.i_ifconv, i5 0, void %nnet::dense_resource<ap_fixed<8, 2, (ap_q_mode)5, (ap_o_mode)3, 0>, ap_fixed<8, 2, (ap_q_mode)5, (ap_o_mode)3, 0>, config6>.region_end"   --->   Operation 151 'phi' 'in_index84' <Predicate = true> <Delay = 0.00>
ST_4 : Operation 152 [1/1] (0.00ns)   --->   "%zext_ln124_1 = zext i5 %in_index84" [firmware/nnet_utils/nnet_dense_resource.h:124->firmware/nnet_utils/nnet_dense_resource.h:242->firmware/nnet_utils/nnet_dense_stream.h:24]   --->   Operation 152 'zext' 'zext_ln124_1' <Predicate = true> <Delay = 0.00>
ST_4 : Operation 153 [1/2] (2.32ns)   --->   "%out_index = load i6 %outidx_addr" [firmware/nnet_utils/nnet_dense_stream.h:24]   --->   Operation 153 'load' 'out_index' <Predicate = true> <Delay = 2.32> <CoreInst = "ROM">   --->   Core 95 'ROM' <Latency = 1> <II = 1> <Delay = 2.32> <Storage> <Opcode : 'load'> <Ports = 0> <Width = 1> <Depth = 64> <ROM>
ST_4 : Operation 154 [1/1] (3.20ns)   --->   "%a_V = mux i8 @_ssdm_op_Mux.ap_auto.32i8.i5, i8 %p_phi, i8 %data_V_1_phi, i8 %data_V_2_phi, i8 %data_V_3_phi, i8 %data_V_4_phi, i8 %data_V_5_phi, i8 %data_V_6_phi, i8 %data_V_7_phi, i8 %data_V_8_phi, i8 %data_V_9_phi, i8 %data_V_29_phi, i8 %data_V_10_phi, i8 %data_V_11_phi, i8 %data_V_12_phi, i8 %data_V_13_phi, i8 %data_V_14_phi, i8 %data_V_15_phi, i8 %data_V_16_phi, i8 %data_V_17_phi, i8 %data_V_18_phi, i8 %data_V_19_phi, i8 %data_V_20_phi, i8 %data_V_21_phi, i8 %data_V_22_phi, i8 %data_V_23_phi, i8 %data_V_24_phi, i8 %data_V_25_phi, i8 %data_V_26_phi, i8 %data_V_27_phi, i8 %data_V_28_phi, i8 %data_V_31_phi, i8 %data_V_30_phi, i5 %in_index84" [firmware/nnet_utils/nnet_dense_stream.h:43]   --->   Operation 154 'mux' 'a_V' <Predicate = true> <Delay = 3.20> <CoreInst = "Multiplexer">   --->   Core 76 'Multiplexer' <Latency = 0> <II = 1> <Delay = 3.20> <FuncUnit> <Opcode : 'mux'> <InPorts = 2> <OutPorts = 1>
ST_4 : Operation 155 [1/2] (3.25ns)   --->   "%w_V = load i9 %w6_V_addr" [firmware/nnet_utils/nnet_dense_resource.h:124->firmware/nnet_utils/nnet_dense_resource.h:242->firmware/nnet_utils/nnet_dense_stream.h:24]   --->   Operation 155 'load' 'w_V' <Predicate = true> <Delay = 3.25> <CoreInst = "ROM">   --->   Core 95 'ROM' <Latency = 1> <II = 1> <Delay = 3.25> <Storage> <Opcode : 'load'> <Ports = 0> <Width = 8> <Depth = 512> <ROM>
ST_4 : Operation 156 [1/2] (3.25ns)   --->   "%w_V_1 = load i9 %w6_V_addr_1" [firmware/nnet_utils/nnet_dense_resource.h:124->firmware/nnet_utils/nnet_dense_resource.h:242->firmware/nnet_utils/nnet_dense_stream.h:24]   --->   Operation 156 'load' 'w_V_1' <Predicate = true> <Delay = 3.25> <CoreInst = "ROM">   --->   Core 95 'ROM' <Latency = 1> <II = 1> <Delay = 3.25> <Storage> <Opcode : 'load'> <Ports = 0> <Width = 8> <Depth = 512> <ROM>
ST_4 : Operation 157 [1/2] (3.25ns)   --->   "%w_V_2 = load i9 %w6_V_addr_2" [firmware/nnet_utils/nnet_dense_resource.h:124->firmware/nnet_utils/nnet_dense_resource.h:242->firmware/nnet_utils/nnet_dense_stream.h:24]   --->   Operation 157 'load' 'w_V_2' <Predicate = true> <Delay = 3.25> <CoreInst = "ROM">   --->   Core 95 'ROM' <Latency = 1> <II = 1> <Delay = 3.25> <Storage> <Opcode : 'load'> <Ports = 0> <Width = 8> <Depth = 512> <ROM>
ST_4 : Operation 158 [1/2] (3.25ns)   --->   "%w_V_3 = load i9 %w6_V_addr_3" [firmware/nnet_utils/nnet_dense_resource.h:124->firmware/nnet_utils/nnet_dense_resource.h:242->firmware/nnet_utils/nnet_dense_stream.h:24]   --->   Operation 158 'load' 'w_V_3' <Predicate = true> <Delay = 3.25> <CoreInst = "ROM">   --->   Core 95 'ROM' <Latency = 1> <II = 1> <Delay = 3.25> <Storage> <Opcode : 'load'> <Ports = 0> <Width = 8> <Depth = 512> <ROM>
ST_4 : Operation 159 [1/2] (3.25ns)   --->   "%w_V_4 = load i9 %w6_V_addr_4" [firmware/nnet_utils/nnet_dense_resource.h:124->firmware/nnet_utils/nnet_dense_resource.h:242->firmware/nnet_utils/nnet_dense_stream.h:24]   --->   Operation 159 'load' 'w_V_4' <Predicate = true> <Delay = 3.25> <CoreInst = "ROM">   --->   Core 95 'ROM' <Latency = 1> <II = 1> <Delay = 3.25> <Storage> <Opcode : 'load'> <Ports = 0> <Width = 8> <Depth = 512> <ROM>
ST_4 : Operation 160 [1/2] (3.25ns)   --->   "%w_V_5 = load i9 %w6_V_addr_5" [firmware/nnet_utils/nnet_dense_resource.h:124->firmware/nnet_utils/nnet_dense_resource.h:242->firmware/nnet_utils/nnet_dense_stream.h:24]   --->   Operation 160 'load' 'w_V_5' <Predicate = true> <Delay = 3.25> <CoreInst = "ROM">   --->   Core 95 'ROM' <Latency = 1> <II = 1> <Delay = 3.25> <Storage> <Opcode : 'load'> <Ports = 0> <Width = 8> <Depth = 512> <ROM>
ST_4 : Operation 161 [1/2] (3.25ns)   --->   "%w_V_6 = load i9 %w6_V_addr_6" [firmware/nnet_utils/nnet_dense_resource.h:124->firmware/nnet_utils/nnet_dense_resource.h:242->firmware/nnet_utils/nnet_dense_stream.h:24]   --->   Operation 161 'load' 'w_V_6' <Predicate = true> <Delay = 3.25> <CoreInst = "ROM">   --->   Core 95 'ROM' <Latency = 1> <II = 1> <Delay = 3.25> <Storage> <Opcode : 'load'> <Ports = 0> <Width = 8> <Depth = 512> <ROM>
ST_4 : Operation 162 [1/2] (3.25ns)   --->   "%w_V_7 = load i9 %w6_V_addr_7" [firmware/nnet_utils/nnet_dense_resource.h:124->firmware/nnet_utils/nnet_dense_resource.h:242->firmware/nnet_utils/nnet_dense_stream.h:24]   --->   Operation 162 'load' 'w_V_7' <Predicate = true> <Delay = 3.25> <CoreInst = "ROM">   --->   Core 95 'ROM' <Latency = 1> <II = 1> <Delay = 3.25> <Storage> <Opcode : 'load'> <Ports = 0> <Width = 8> <Depth = 512> <ROM>
ST_4 : Operation 163 [1/1] (1.78ns)   --->   "%in_index_1 = add i6 %zext_ln124_1, i6 1" [firmware/nnet_utils/nnet_dense_resource.h:140->firmware/nnet_utils/nnet_dense_resource.h:242->firmware/nnet_utils/nnet_dense_stream.h:24]   --->   Operation 163 'add' 'in_index_1' <Predicate = true> <Delay = 1.78> <CoreInst = "Adder">   --->   Core 1 'Adder' <Latency = 0> <II = 1> <Delay = 1.78> <FuncUnit> <Opcode : 'add' 'sub'> <InPorts = 2> <OutPorts = 1>
ST_4 : Operation 164 [1/1] (1.78ns)   --->   "%add_ln109 = add i5 %in_index84, i5 1" [firmware/nnet_utils/nnet_dense_resource.h:109->firmware/nnet_utils/nnet_dense_resource.h:242->firmware/nnet_utils/nnet_dense_stream.h:24]   --->   Operation 164 'add' 'add_ln109' <Predicate = true> <Delay = 1.78> <CoreInst = "Adder">   --->   Core 1 'Adder' <Latency = 0> <II = 1> <Delay = 1.78> <FuncUnit> <Opcode : 'add' 'sub'> <InPorts = 2> <OutPorts = 1>
ST_4 : Operation 165 [1/1] (0.00ns)   --->   "%tmp_3 = bitselect i1 @_ssdm_op_BitSelect.i1.i6.i32, i6 %in_index_1, i32 5" [firmware/nnet_utils/nnet_dense_resource.h:141->firmware/nnet_utils/nnet_dense_resource.h:242->firmware/nnet_utils/nnet_dense_stream.h:24]   --->   Operation 165 'bitselect' 'tmp_3' <Predicate = true> <Delay = 0.00>
ST_4 : Operation 166 [1/1] (1.21ns)   --->   "%in_index = select i1 %tmp_3, i5 0, i5 %add_ln109" [firmware/nnet_utils/nnet_dense_resource.h:141->firmware/nnet_utils/nnet_dense_resource.h:242->firmware/nnet_utils/nnet_dense_stream.h:24]   --->   Operation 166 'select' 'in_index' <Predicate = true> <Delay = 1.21> <CoreInst = "Sel">   --->   Core 73 'Sel' <Latency = 0> <II = 1> <Delay = 1.21> <FuncUnit> <Opcode : 'select'> <InPorts = 3> <OutPorts = 1>

State 5 <SV = 4> <Delay = 4.17>
ST_5 : Operation 167 [1/1] (0.00ns)   --->   "%sext_ln1273 = sext i8 %w_V" [firmware/nnet_utils/nnet_dense_stream.h:24]   --->   Operation 167 'sext' 'sext_ln1273' <Predicate = true> <Delay = 0.00>
ST_5 : Operation 168 [1/1] (0.00ns)   --->   "%sext_ln1273_37 = sext i8 %a_V" [firmware/nnet_utils/nnet_dense_stream.h:24]   --->   Operation 168 'sext' 'sext_ln1273_37' <Predicate = true> <Delay = 0.00>
ST_5 : Operation 169 [1/1] (4.17ns)   --->   "%mul_ln1270 = mul i13 %sext_ln1273, i13 %sext_ln1273_37" [firmware/nnet_utils/nnet_dense_stream.h:24]   --->   Operation 169 'mul' 'mul_ln1270' <Predicate = true> <Delay = 4.17> <CoreInst = "Multiplier">   --->   Core 3 'Multiplier' <Latency = 0> <II = 1> <Delay = 4.17> <FuncUnit> <Opcode : 'mul'> <InPorts = 2> <OutPorts = 1>
ST_5 : Operation 170 [1/1] (0.00ns)   --->   "%rhs = partselect i8 @_ssdm_op_PartSelect.i8.i13.i32.i32, i13 %mul_ln1270, i32 5, i32 12" [firmware/nnet_utils/nnet_dense_stream.h:24]   --->   Operation 170 'partselect' 'rhs' <Predicate = true> <Delay = 0.00>
ST_5 : Operation 171 [1/1] (0.00ns)   --->   "%sext_ln1273_38 = sext i8 %w_V_1" [firmware/nnet_utils/nnet_dense_stream.h:24]   --->   Operation 171 'sext' 'sext_ln1273_38' <Predicate = true> <Delay = 0.00>
ST_5 : Operation 172 [1/1] (4.17ns)   --->   "%mul_ln1270_3 = mul i13 %sext_ln1273_38, i13 %sext_ln1273_37" [firmware/nnet_utils/nnet_dense_stream.h:24]   --->   Operation 172 'mul' 'mul_ln1270_3' <Predicate = true> <Delay = 4.17> <CoreInst = "Multiplier">   --->   Core 3 'Multiplier' <Latency = 0> <II = 1> <Delay = 4.17> <FuncUnit> <Opcode : 'mul'> <InPorts = 2> <OutPorts = 1>
ST_5 : Operation 173 [1/1] (0.00ns)   --->   "%rhs_1 = partselect i8 @_ssdm_op_PartSelect.i8.i13.i32.i32, i13 %mul_ln1270_3, i32 5, i32 12" [firmware/nnet_utils/nnet_dense_stream.h:24]   --->   Operation 173 'partselect' 'rhs_1' <Predicate = true> <Delay = 0.00>
ST_5 : Operation 174 [1/1] (0.00ns)   --->   "%sext_ln1273_39 = sext i8 %w_V_2" [firmware/nnet_utils/nnet_dense_stream.h:24]   --->   Operation 174 'sext' 'sext_ln1273_39' <Predicate = true> <Delay = 0.00>
ST_5 : Operation 175 [1/1] (4.17ns)   --->   "%mul_ln1270_4 = mul i13 %sext_ln1273_39, i13 %sext_ln1273_37" [firmware/nnet_utils/nnet_dense_stream.h:24]   --->   Operation 175 'mul' 'mul_ln1270_4' <Predicate = true> <Delay = 4.17> <CoreInst = "Multiplier">   --->   Core 3 'Multiplier' <Latency = 0> <II = 1> <Delay = 4.17> <FuncUnit> <Opcode : 'mul'> <InPorts = 2> <OutPorts = 1>
ST_5 : Operation 176 [1/1] (0.00ns)   --->   "%rhs_2 = partselect i8 @_ssdm_op_PartSelect.i8.i13.i32.i32, i13 %mul_ln1270_4, i32 5, i32 12" [firmware/nnet_utils/nnet_dense_stream.h:24]   --->   Operation 176 'partselect' 'rhs_2' <Predicate = true> <Delay = 0.00>
ST_5 : Operation 177 [1/1] (0.00ns)   --->   "%sext_ln1273_40 = sext i8 %w_V_3" [firmware/nnet_utils/nnet_dense_stream.h:24]   --->   Operation 177 'sext' 'sext_ln1273_40' <Predicate = true> <Delay = 0.00>
ST_5 : Operation 178 [1/1] (4.17ns)   --->   "%mul_ln1270_5 = mul i13 %sext_ln1273_40, i13 %sext_ln1273_37" [firmware/nnet_utils/nnet_dense_stream.h:24]   --->   Operation 178 'mul' 'mul_ln1270_5' <Predicate = true> <Delay = 4.17> <CoreInst = "Multiplier">   --->   Core 3 'Multiplier' <Latency = 0> <II = 1> <Delay = 4.17> <FuncUnit> <Opcode : 'mul'> <InPorts = 2> <OutPorts = 1>
ST_5 : Operation 179 [1/1] (0.00ns)   --->   "%rhs_3 = partselect i8 @_ssdm_op_PartSelect.i8.i13.i32.i32, i13 %mul_ln1270_5, i32 5, i32 12" [firmware/nnet_utils/nnet_dense_stream.h:24]   --->   Operation 179 'partselect' 'rhs_3' <Predicate = true> <Delay = 0.00>
ST_5 : Operation 180 [1/1] (0.00ns)   --->   "%sext_ln1273_41 = sext i8 %w_V_4" [firmware/nnet_utils/nnet_dense_stream.h:24]   --->   Operation 180 'sext' 'sext_ln1273_41' <Predicate = true> <Delay = 0.00>
ST_5 : Operation 181 [1/1] (4.17ns)   --->   "%mul_ln1270_6 = mul i13 %sext_ln1273_41, i13 %sext_ln1273_37" [firmware/nnet_utils/nnet_dense_stream.h:24]   --->   Operation 181 'mul' 'mul_ln1270_6' <Predicate = true> <Delay = 4.17> <CoreInst = "Multiplier">   --->   Core 3 'Multiplier' <Latency = 0> <II = 1> <Delay = 4.17> <FuncUnit> <Opcode : 'mul'> <InPorts = 2> <OutPorts = 1>
ST_5 : Operation 182 [1/1] (0.00ns)   --->   "%rhs_4 = partselect i8 @_ssdm_op_PartSelect.i8.i13.i32.i32, i13 %mul_ln1270_6, i32 5, i32 12" [firmware/nnet_utils/nnet_dense_stream.h:24]   --->   Operation 182 'partselect' 'rhs_4' <Predicate = true> <Delay = 0.00>
ST_5 : Operation 183 [1/1] (0.00ns)   --->   "%sext_ln1273_42 = sext i8 %w_V_5" [firmware/nnet_utils/nnet_dense_stream.h:24]   --->   Operation 183 'sext' 'sext_ln1273_42' <Predicate = true> <Delay = 0.00>
ST_5 : Operation 184 [1/1] (4.17ns)   --->   "%mul_ln1270_7 = mul i13 %sext_ln1273_42, i13 %sext_ln1273_37" [firmware/nnet_utils/nnet_dense_stream.h:24]   --->   Operation 184 'mul' 'mul_ln1270_7' <Predicate = true> <Delay = 4.17> <CoreInst = "Multiplier">   --->   Core 3 'Multiplier' <Latency = 0> <II = 1> <Delay = 4.17> <FuncUnit> <Opcode : 'mul'> <InPorts = 2> <OutPorts = 1>
ST_5 : Operation 185 [1/1] (0.00ns)   --->   "%rhs_5 = partselect i8 @_ssdm_op_PartSelect.i8.i13.i32.i32, i13 %mul_ln1270_7, i32 5, i32 12" [firmware/nnet_utils/nnet_dense_stream.h:24]   --->   Operation 185 'partselect' 'rhs_5' <Predicate = true> <Delay = 0.00>
ST_5 : Operation 186 [1/1] (0.00ns)   --->   "%sext_ln1273_43 = sext i8 %w_V_6" [firmware/nnet_utils/nnet_dense_stream.h:24]   --->   Operation 186 'sext' 'sext_ln1273_43' <Predicate = true> <Delay = 0.00>
ST_5 : Operation 187 [1/1] (4.17ns)   --->   "%mul_ln1270_8 = mul i13 %sext_ln1273_43, i13 %sext_ln1273_37" [firmware/nnet_utils/nnet_dense_stream.h:24]   --->   Operation 187 'mul' 'mul_ln1270_8' <Predicate = true> <Delay = 4.17> <CoreInst = "Multiplier">   --->   Core 3 'Multiplier' <Latency = 0> <II = 1> <Delay = 4.17> <FuncUnit> <Opcode : 'mul'> <InPorts = 2> <OutPorts = 1>
ST_5 : Operation 188 [1/1] (0.00ns)   --->   "%rhs_6 = partselect i8 @_ssdm_op_PartSelect.i8.i13.i32.i32, i13 %mul_ln1270_8, i32 5, i32 12" [firmware/nnet_utils/nnet_dense_stream.h:24]   --->   Operation 188 'partselect' 'rhs_6' <Predicate = true> <Delay = 0.00>
ST_5 : Operation 189 [1/1] (0.00ns)   --->   "%sext_ln1273_44 = sext i8 %w_V_7" [firmware/nnet_utils/nnet_dense_stream.h:24]   --->   Operation 189 'sext' 'sext_ln1273_44' <Predicate = true> <Delay = 0.00>
ST_5 : Operation 190 [1/1] (4.17ns)   --->   "%mul_ln1270_9 = mul i13 %sext_ln1273_44, i13 %sext_ln1273_37" [firmware/nnet_utils/nnet_dense_stream.h:24]   --->   Operation 190 'mul' 'mul_ln1270_9' <Predicate = true> <Delay = 4.17> <CoreInst = "Multiplier">   --->   Core 3 'Multiplier' <Latency = 0> <II = 1> <Delay = 4.17> <FuncUnit> <Opcode : 'mul'> <InPorts = 2> <OutPorts = 1>
ST_5 : Operation 191 [1/1] (0.00ns)   --->   "%rhs_7 = partselect i8 @_ssdm_op_PartSelect.i8.i13.i32.i32, i13 %mul_ln1270_9, i32 5, i32 12" [firmware/nnet_utils/nnet_dense_stream.h:24]   --->   Operation 191 'partselect' 'rhs_7' <Predicate = true> <Delay = 0.00>

State 6 <SV = 5> <Delay = 3.16>
ST_6 : Operation 192 [1/1] (0.00ns)   --->   "%acc_V82 = phi i8 255, void %nnet::dense_resource<ap_fixed<8, 2, (ap_q_mode)5, (ap_o_mode)3, 0>, ap_fixed<8, 2, (ap_q_mode)5, (ap_o_mode)3, 0>, config6>.region_begin, i8 %acc_V_39, void %for.body26.split.i.i_ifconv, i8 255, void %nnet::dense_resource<ap_fixed<8, 2, (ap_q_mode)5, (ap_o_mode)3, 0>, ap_fixed<8, 2, (ap_q_mode)5, (ap_o_mode)3, 0>, config6>.region_end"   --->   Operation 192 'phi' 'acc_V82' <Predicate = true> <Delay = 0.00>
ST_6 : Operation 193 [1/1] (0.00ns)   --->   "%acc_V_180 = phi i8 0, void %nnet::dense_resource<ap_fixed<8, 2, (ap_q_mode)5, (ap_o_mode)3, 0>, ap_fixed<8, 2, (ap_q_mode)5, (ap_o_mode)3, 0>, config6>.region_begin, i8 %acc_V_40, void %for.body26.split.i.i_ifconv, i8 0, void %nnet::dense_resource<ap_fixed<8, 2, (ap_q_mode)5, (ap_o_mode)3, 0>, ap_fixed<8, 2, (ap_q_mode)5, (ap_o_mode)3, 0>, config6>.region_end"   --->   Operation 193 'phi' 'acc_V_180' <Predicate = true> <Delay = 0.00>
ST_6 : Operation 194 [1/1] (0.00ns)   --->   "%acc_V_278 = phi i8 255, void %nnet::dense_resource<ap_fixed<8, 2, (ap_q_mode)5, (ap_o_mode)3, 0>, ap_fixed<8, 2, (ap_q_mode)5, (ap_o_mode)3, 0>, config6>.region_begin, i8 %acc_V_41, void %for.body26.split.i.i_ifconv, i8 255, void %nnet::dense_resource<ap_fixed<8, 2, (ap_q_mode)5, (ap_o_mode)3, 0>, ap_fixed<8, 2, (ap_q_mode)5, (ap_o_mode)3, 0>, config6>.region_end"   --->   Operation 194 'phi' 'acc_V_278' <Predicate = true> <Delay = 0.00>
ST_6 : Operation 195 [1/1] (0.00ns)   --->   "%acc_V_376 = phi i8 255, void %nnet::dense_resource<ap_fixed<8, 2, (ap_q_mode)5, (ap_o_mode)3, 0>, ap_fixed<8, 2, (ap_q_mode)5, (ap_o_mode)3, 0>, config6>.region_begin, i8 %acc_V_42, void %for.body26.split.i.i_ifconv, i8 255, void %nnet::dense_resource<ap_fixed<8, 2, (ap_q_mode)5, (ap_o_mode)3, 0>, ap_fixed<8, 2, (ap_q_mode)5, (ap_o_mode)3, 0>, config6>.region_end"   --->   Operation 195 'phi' 'acc_V_376' <Predicate = true> <Delay = 0.00>
ST_6 : Operation 196 [1/1] (0.00ns)   --->   "%acc_V_474 = phi i8 255, void %nnet::dense_resource<ap_fixed<8, 2, (ap_q_mode)5, (ap_o_mode)3, 0>, ap_fixed<8, 2, (ap_q_mode)5, (ap_o_mode)3, 0>, config6>.region_begin, i8 %acc_V_43, void %for.body26.split.i.i_ifconv, i8 255, void %nnet::dense_resource<ap_fixed<8, 2, (ap_q_mode)5, (ap_o_mode)3, 0>, ap_fixed<8, 2, (ap_q_mode)5, (ap_o_mode)3, 0>, config6>.region_end"   --->   Operation 196 'phi' 'acc_V_474' <Predicate = true> <Delay = 0.00>
ST_6 : Operation 197 [1/1] (0.00ns)   --->   "%acc_V_572 = phi i8 0, void %nnet::dense_resource<ap_fixed<8, 2, (ap_q_mode)5, (ap_o_mode)3, 0>, ap_fixed<8, 2, (ap_q_mode)5, (ap_o_mode)3, 0>, config6>.region_begin, i8 %acc_V_44, void %for.body26.split.i.i_ifconv, i8 0, void %nnet::dense_resource<ap_fixed<8, 2, (ap_q_mode)5, (ap_o_mode)3, 0>, ap_fixed<8, 2, (ap_q_mode)5, (ap_o_mode)3, 0>, config6>.region_end"   --->   Operation 197 'phi' 'acc_V_572' <Predicate = true> <Delay = 0.00>
ST_6 : Operation 198 [1/1] (0.00ns)   --->   "%acc_V_670 = phi i8 0, void %nnet::dense_resource<ap_fixed<8, 2, (ap_q_mode)5, (ap_o_mode)3, 0>, ap_fixed<8, 2, (ap_q_mode)5, (ap_o_mode)3, 0>, config6>.region_begin, i8 %acc_V_45, void %for.body26.split.i.i_ifconv, i8 0, void %nnet::dense_resource<ap_fixed<8, 2, (ap_q_mode)5, (ap_o_mode)3, 0>, ap_fixed<8, 2, (ap_q_mode)5, (ap_o_mode)3, 0>, config6>.region_end"   --->   Operation 198 'phi' 'acc_V_670' <Predicate = true> <Delay = 0.00>
ST_6 : Operation 199 [1/1] (0.00ns)   --->   "%acc_V_768 = phi i8 0, void %nnet::dense_resource<ap_fixed<8, 2, (ap_q_mode)5, (ap_o_mode)3, 0>, ap_fixed<8, 2, (ap_q_mode)5, (ap_o_mode)3, 0>, config6>.region_begin, i8 %acc_V_46, void %for.body26.split.i.i_ifconv, i8 0, void %nnet::dense_resource<ap_fixed<8, 2, (ap_q_mode)5, (ap_o_mode)3, 0>, ap_fixed<8, 2, (ap_q_mode)5, (ap_o_mode)3, 0>, config6>.region_end"   --->   Operation 199 'phi' 'acc_V_768' <Predicate = true> <Delay = 0.00>
ST_6 : Operation 200 [1/1] (0.00ns)   --->   "%acc_V_866 = phi i8 255, void %nnet::dense_resource<ap_fixed<8, 2, (ap_q_mode)5, (ap_o_mode)3, 0>, ap_fixed<8, 2, (ap_q_mode)5, (ap_o_mode)3, 0>, config6>.region_begin, i8 %acc_V_47, void %for.body26.split.i.i_ifconv, i8 255, void %nnet::dense_resource<ap_fixed<8, 2, (ap_q_mode)5, (ap_o_mode)3, 0>, ap_fixed<8, 2, (ap_q_mode)5, (ap_o_mode)3, 0>, config6>.region_end"   --->   Operation 200 'phi' 'acc_V_866' <Predicate = true> <Delay = 0.00>
ST_6 : Operation 201 [1/1] (0.00ns)   --->   "%acc_V_964 = phi i8 0, void %nnet::dense_resource<ap_fixed<8, 2, (ap_q_mode)5, (ap_o_mode)3, 0>, ap_fixed<8, 2, (ap_q_mode)5, (ap_o_mode)3, 0>, config6>.region_begin, i8 %acc_V_48, void %for.body26.split.i.i_ifconv, i8 0, void %nnet::dense_resource<ap_fixed<8, 2, (ap_q_mode)5, (ap_o_mode)3, 0>, ap_fixed<8, 2, (ap_q_mode)5, (ap_o_mode)3, 0>, config6>.region_end"   --->   Operation 201 'phi' 'acc_V_964' <Predicate = true> <Delay = 0.00>
ST_6 : Operation 202 [1/1] (0.00ns)   --->   "%acc_V_1062 = phi i8 0, void %nnet::dense_resource<ap_fixed<8, 2, (ap_q_mode)5, (ap_o_mode)3, 0>, ap_fixed<8, 2, (ap_q_mode)5, (ap_o_mode)3, 0>, config6>.region_begin, i8 %acc_V_49, void %for.body26.split.i.i_ifconv, i8 0, void %nnet::dense_resource<ap_fixed<8, 2, (ap_q_mode)5, (ap_o_mode)3, 0>, ap_fixed<8, 2, (ap_q_mode)5, (ap_o_mode)3, 0>, config6>.region_end"   --->   Operation 202 'phi' 'acc_V_1062' <Predicate = true> <Delay = 0.00>
ST_6 : Operation 203 [1/1] (0.00ns)   --->   "%acc_V_1160 = phi i8 0, void %nnet::dense_resource<ap_fixed<8, 2, (ap_q_mode)5, (ap_o_mode)3, 0>, ap_fixed<8, 2, (ap_q_mode)5, (ap_o_mode)3, 0>, config6>.region_begin, i8 %acc_V_50, void %for.body26.split.i.i_ifconv, i8 0, void %nnet::dense_resource<ap_fixed<8, 2, (ap_q_mode)5, (ap_o_mode)3, 0>, ap_fixed<8, 2, (ap_q_mode)5, (ap_o_mode)3, 0>, config6>.region_end"   --->   Operation 203 'phi' 'acc_V_1160' <Predicate = true> <Delay = 0.00>
ST_6 : Operation 204 [1/1] (0.00ns)   --->   "%acc_V_1258 = phi i8 255, void %nnet::dense_resource<ap_fixed<8, 2, (ap_q_mode)5, (ap_o_mode)3, 0>, ap_fixed<8, 2, (ap_q_mode)5, (ap_o_mode)3, 0>, config6>.region_begin, i8 %acc_V_51, void %for.body26.split.i.i_ifconv, i8 255, void %nnet::dense_resource<ap_fixed<8, 2, (ap_q_mode)5, (ap_o_mode)3, 0>, ap_fixed<8, 2, (ap_q_mode)5, (ap_o_mode)3, 0>, config6>.region_end"   --->   Operation 204 'phi' 'acc_V_1258' <Predicate = true> <Delay = 0.00>
ST_6 : Operation 205 [1/1] (0.00ns)   --->   "%acc_V_1356 = phi i8 255, void %nnet::dense_resource<ap_fixed<8, 2, (ap_q_mode)5, (ap_o_mode)3, 0>, ap_fixed<8, 2, (ap_q_mode)5, (ap_o_mode)3, 0>, config6>.region_begin, i8 %acc_V_52, void %for.body26.split.i.i_ifconv, i8 255, void %nnet::dense_resource<ap_fixed<8, 2, (ap_q_mode)5, (ap_o_mode)3, 0>, ap_fixed<8, 2, (ap_q_mode)5, (ap_o_mode)3, 0>, config6>.region_end"   --->   Operation 205 'phi' 'acc_V_1356' <Predicate = true> <Delay = 0.00>
ST_6 : Operation 206 [1/1] (0.00ns)   --->   "%acc_V_1454 = phi i8 0, void %nnet::dense_resource<ap_fixed<8, 2, (ap_q_mode)5, (ap_o_mode)3, 0>, ap_fixed<8, 2, (ap_q_mode)5, (ap_o_mode)3, 0>, config6>.region_begin, i8 %acc_V_53, void %for.body26.split.i.i_ifconv, i8 0, void %nnet::dense_resource<ap_fixed<8, 2, (ap_q_mode)5, (ap_o_mode)3, 0>, ap_fixed<8, 2, (ap_q_mode)5, (ap_o_mode)3, 0>, config6>.region_end"   --->   Operation 206 'phi' 'acc_V_1454' <Predicate = true> <Delay = 0.00>
ST_6 : Operation 207 [1/1] (0.00ns)   --->   "%acc_V_1552 = phi i8 255, void %nnet::dense_resource<ap_fixed<8, 2, (ap_q_mode)5, (ap_o_mode)3, 0>, ap_fixed<8, 2, (ap_q_mode)5, (ap_o_mode)3, 0>, config6>.region_begin, i8 %acc_V_54, void %for.body26.split.i.i_ifconv, i8 255, void %nnet::dense_resource<ap_fixed<8, 2, (ap_q_mode)5, (ap_o_mode)3, 0>, ap_fixed<8, 2, (ap_q_mode)5, (ap_o_mode)3, 0>, config6>.region_end"   --->   Operation 207 'phi' 'acc_V_1552' <Predicate = true> <Delay = 0.00>
ST_6 : Operation 208 [1/1] (1.24ns)   --->   "%lhs = select i1 %out_index, i8 %acc_V_180, i8 %acc_V82" [firmware/nnet_utils/nnet_dense_stream.h:24]   --->   Operation 208 'select' 'lhs' <Predicate = true> <Delay = 1.24> <CoreInst = "Sel">   --->   Core 73 'Sel' <Latency = 0> <II = 1> <Delay = 1.24> <FuncUnit> <Opcode : 'select'> <InPorts = 3> <OutPorts = 1>
ST_6 : Operation 209 [1/1] (0.00ns)   --->   "%sext_ln813 = sext i8 %lhs" [firmware/nnet_utils/nnet_dense_stream.h:24]   --->   Operation 209 'sext' 'sext_ln813' <Predicate = true> <Delay = 0.00>
ST_6 : Operation 210 [1/1] (1.91ns)   --->   "%sub_ln1420 = sub i9 0, i9 %sext_ln813" [firmware/nnet_utils/nnet_dense_stream.h:24]   --->   Operation 210 'sub' 'sub_ln1420' <Predicate = true> <Delay = 1.91> <CoreInst = "Adder">   --->   Core 1 'Adder' <Latency = 0> <II = 1> <Delay = 1.91> <FuncUnit> <Opcode : 'add' 'sub'> <InPorts = 2> <OutPorts = 1>
ST_6 : Operation 211 [1/1] (1.91ns)   --->   "%acc_V_18 = add i8 %rhs, i8 %lhs" [firmware/nnet_utils/nnet_dense_stream.h:24]   --->   Operation 211 'add' 'acc_V_18' <Predicate = true> <Delay = 1.91> <CoreInst = "Adder">   --->   Core 1 'Adder' <Latency = 0> <II = 1> <Delay = 1.91> <FuncUnit> <Opcode : 'add' 'sub'> <InPorts = 2> <OutPorts = 1>
ST_6 : Operation 212 [1/1] (1.24ns)   --->   "%lhs_1 = select i1 %out_index, i8 %acc_V_376, i8 %acc_V_278" [firmware/nnet_utils/nnet_dense_stream.h:24]   --->   Operation 212 'select' 'lhs_1' <Predicate = true> <Delay = 1.24> <CoreInst = "Sel">   --->   Core 73 'Sel' <Latency = 0> <II = 1> <Delay = 1.24> <FuncUnit> <Opcode : 'select'> <InPorts = 3> <OutPorts = 1>
ST_6 : Operation 213 [1/1] (0.00ns)   --->   "%sext_ln813_3 = sext i8 %lhs_1" [firmware/nnet_utils/nnet_dense_stream.h:24]   --->   Operation 213 'sext' 'sext_ln813_3' <Predicate = true> <Delay = 0.00>
ST_6 : Operation 214 [1/1] (1.91ns)   --->   "%sub_ln1420_1 = sub i9 0, i9 %sext_ln813_3" [firmware/nnet_utils/nnet_dense_stream.h:24]   --->   Operation 214 'sub' 'sub_ln1420_1' <Predicate = true> <Delay = 1.91> <CoreInst = "Adder">   --->   Core 1 'Adder' <Latency = 0> <II = 1> <Delay = 1.91> <FuncUnit> <Opcode : 'add' 'sub'> <InPorts = 2> <OutPorts = 1>
ST_6 : Operation 215 [1/1] (1.91ns)   --->   "%acc_V_20 = add i8 %rhs_1, i8 %lhs_1" [firmware/nnet_utils/nnet_dense_stream.h:24]   --->   Operation 215 'add' 'acc_V_20' <Predicate = true> <Delay = 1.91> <CoreInst = "Adder">   --->   Core 1 'Adder' <Latency = 0> <II = 1> <Delay = 1.91> <FuncUnit> <Opcode : 'add' 'sub'> <InPorts = 2> <OutPorts = 1>
ST_6 : Operation 216 [1/1] (1.24ns)   --->   "%lhs_2 = select i1 %out_index, i8 %acc_V_572, i8 %acc_V_474" [firmware/nnet_utils/nnet_dense_stream.h:24]   --->   Operation 216 'select' 'lhs_2' <Predicate = true> <Delay = 1.24> <CoreInst = "Sel">   --->   Core 73 'Sel' <Latency = 0> <II = 1> <Delay = 1.24> <FuncUnit> <Opcode : 'select'> <InPorts = 3> <OutPorts = 1>
ST_6 : Operation 217 [1/1] (0.00ns)   --->   "%sext_ln813_5 = sext i8 %lhs_2" [firmware/nnet_utils/nnet_dense_stream.h:24]   --->   Operation 217 'sext' 'sext_ln813_5' <Predicate = true> <Delay = 0.00>
ST_6 : Operation 218 [1/1] (1.91ns)   --->   "%sub_ln1420_2 = sub i9 0, i9 %sext_ln813_5" [firmware/nnet_utils/nnet_dense_stream.h:24]   --->   Operation 218 'sub' 'sub_ln1420_2' <Predicate = true> <Delay = 1.91> <CoreInst = "Adder">   --->   Core 1 'Adder' <Latency = 0> <II = 1> <Delay = 1.91> <FuncUnit> <Opcode : 'add' 'sub'> <InPorts = 2> <OutPorts = 1>
ST_6 : Operation 219 [1/1] (1.91ns)   --->   "%acc_V_23 = add i8 %rhs_2, i8 %lhs_2" [firmware/nnet_utils/nnet_dense_stream.h:24]   --->   Operation 219 'add' 'acc_V_23' <Predicate = true> <Delay = 1.91> <CoreInst = "Adder">   --->   Core 1 'Adder' <Latency = 0> <II = 1> <Delay = 1.91> <FuncUnit> <Opcode : 'add' 'sub'> <InPorts = 2> <OutPorts = 1>
ST_6 : Operation 220 [1/1] (1.24ns)   --->   "%lhs_3 = select i1 %out_index, i8 %acc_V_768, i8 %acc_V_670" [firmware/nnet_utils/nnet_dense_stream.h:24]   --->   Operation 220 'select' 'lhs_3' <Predicate = true> <Delay = 1.24> <CoreInst = "Sel">   --->   Core 73 'Sel' <Latency = 0> <II = 1> <Delay = 1.24> <FuncUnit> <Opcode : 'select'> <InPorts = 3> <OutPorts = 1>
ST_6 : Operation 221 [1/1] (0.00ns)   --->   "%sext_ln813_7 = sext i8 %lhs_3" [firmware/nnet_utils/nnet_dense_stream.h:24]   --->   Operation 221 'sext' 'sext_ln813_7' <Predicate = true> <Delay = 0.00>
ST_6 : Operation 222 [1/1] (1.91ns)   --->   "%sub_ln1420_3 = sub i9 0, i9 %sext_ln813_7" [firmware/nnet_utils/nnet_dense_stream.h:24]   --->   Operation 222 'sub' 'sub_ln1420_3' <Predicate = true> <Delay = 1.91> <CoreInst = "Adder">   --->   Core 1 'Adder' <Latency = 0> <II = 1> <Delay = 1.91> <FuncUnit> <Opcode : 'add' 'sub'> <InPorts = 2> <OutPorts = 1>
ST_6 : Operation 223 [1/1] (1.91ns)   --->   "%acc_V_26 = add i8 %rhs_3, i8 %lhs_3" [firmware/nnet_utils/nnet_dense_stream.h:24]   --->   Operation 223 'add' 'acc_V_26' <Predicate = true> <Delay = 1.91> <CoreInst = "Adder">   --->   Core 1 'Adder' <Latency = 0> <II = 1> <Delay = 1.91> <FuncUnit> <Opcode : 'add' 'sub'> <InPorts = 2> <OutPorts = 1>
ST_6 : Operation 224 [1/1] (1.24ns)   --->   "%lhs_4 = select i1 %out_index, i8 %acc_V_964, i8 %acc_V_866" [firmware/nnet_utils/nnet_dense_stream.h:24]   --->   Operation 224 'select' 'lhs_4' <Predicate = true> <Delay = 1.24> <CoreInst = "Sel">   --->   Core 73 'Sel' <Latency = 0> <II = 1> <Delay = 1.24> <FuncUnit> <Opcode : 'select'> <InPorts = 3> <OutPorts = 1>
ST_6 : Operation 225 [1/1] (0.00ns)   --->   "%sext_ln813_9 = sext i8 %lhs_4" [firmware/nnet_utils/nnet_dense_stream.h:24]   --->   Operation 225 'sext' 'sext_ln813_9' <Predicate = true> <Delay = 0.00>
ST_6 : Operation 226 [1/1] (1.91ns)   --->   "%sub_ln1420_4 = sub i9 0, i9 %sext_ln813_9" [firmware/nnet_utils/nnet_dense_stream.h:24]   --->   Operation 226 'sub' 'sub_ln1420_4' <Predicate = true> <Delay = 1.91> <CoreInst = "Adder">   --->   Core 1 'Adder' <Latency = 0> <II = 1> <Delay = 1.91> <FuncUnit> <Opcode : 'add' 'sub'> <InPorts = 2> <OutPorts = 1>
ST_6 : Operation 227 [1/1] (1.91ns)   --->   "%acc_V_29 = add i8 %rhs_4, i8 %lhs_4" [firmware/nnet_utils/nnet_dense_stream.h:24]   --->   Operation 227 'add' 'acc_V_29' <Predicate = true> <Delay = 1.91> <CoreInst = "Adder">   --->   Core 1 'Adder' <Latency = 0> <II = 1> <Delay = 1.91> <FuncUnit> <Opcode : 'add' 'sub'> <InPorts = 2> <OutPorts = 1>
ST_6 : Operation 228 [1/1] (1.24ns)   --->   "%lhs_5 = select i1 %out_index, i8 %acc_V_1160, i8 %acc_V_1062" [firmware/nnet_utils/nnet_dense_stream.h:24]   --->   Operation 228 'select' 'lhs_5' <Predicate = true> <Delay = 1.24> <CoreInst = "Sel">   --->   Core 73 'Sel' <Latency = 0> <II = 1> <Delay = 1.24> <FuncUnit> <Opcode : 'select'> <InPorts = 3> <OutPorts = 1>
ST_6 : Operation 229 [1/1] (0.00ns)   --->   "%sext_ln813_11 = sext i8 %lhs_5" [firmware/nnet_utils/nnet_dense_stream.h:24]   --->   Operation 229 'sext' 'sext_ln813_11' <Predicate = true> <Delay = 0.00>
ST_6 : Operation 230 [1/1] (1.91ns)   --->   "%sub_ln1420_5 = sub i9 0, i9 %sext_ln813_11" [firmware/nnet_utils/nnet_dense_stream.h:24]   --->   Operation 230 'sub' 'sub_ln1420_5' <Predicate = true> <Delay = 1.91> <CoreInst = "Adder">   --->   Core 1 'Adder' <Latency = 0> <II = 1> <Delay = 1.91> <FuncUnit> <Opcode : 'add' 'sub'> <InPorts = 2> <OutPorts = 1>
ST_6 : Operation 231 [1/1] (1.91ns)   --->   "%acc_V_32 = add i8 %rhs_5, i8 %lhs_5" [firmware/nnet_utils/nnet_dense_stream.h:24]   --->   Operation 231 'add' 'acc_V_32' <Predicate = true> <Delay = 1.91> <CoreInst = "Adder">   --->   Core 1 'Adder' <Latency = 0> <II = 1> <Delay = 1.91> <FuncUnit> <Opcode : 'add' 'sub'> <InPorts = 2> <OutPorts = 1>
ST_6 : Operation 232 [1/1] (1.24ns)   --->   "%lhs_6 = select i1 %out_index, i8 %acc_V_1356, i8 %acc_V_1258" [firmware/nnet_utils/nnet_dense_stream.h:24]   --->   Operation 232 'select' 'lhs_6' <Predicate = true> <Delay = 1.24> <CoreInst = "Sel">   --->   Core 73 'Sel' <Latency = 0> <II = 1> <Delay = 1.24> <FuncUnit> <Opcode : 'select'> <InPorts = 3> <OutPorts = 1>
ST_6 : Operation 233 [1/1] (0.00ns)   --->   "%sext_ln813_13 = sext i8 %lhs_6" [firmware/nnet_utils/nnet_dense_stream.h:24]   --->   Operation 233 'sext' 'sext_ln813_13' <Predicate = true> <Delay = 0.00>
ST_6 : Operation 234 [1/1] (1.91ns)   --->   "%sub_ln1420_6 = sub i9 0, i9 %sext_ln813_13" [firmware/nnet_utils/nnet_dense_stream.h:24]   --->   Operation 234 'sub' 'sub_ln1420_6' <Predicate = true> <Delay = 1.91> <CoreInst = "Adder">   --->   Core 1 'Adder' <Latency = 0> <II = 1> <Delay = 1.91> <FuncUnit> <Opcode : 'add' 'sub'> <InPorts = 2> <OutPorts = 1>
ST_6 : Operation 235 [1/1] (1.91ns)   --->   "%acc_V_35 = add i8 %rhs_6, i8 %lhs_6" [firmware/nnet_utils/nnet_dense_stream.h:24]   --->   Operation 235 'add' 'acc_V_35' <Predicate = true> <Delay = 1.91> <CoreInst = "Adder">   --->   Core 1 'Adder' <Latency = 0> <II = 1> <Delay = 1.91> <FuncUnit> <Opcode : 'add' 'sub'> <InPorts = 2> <OutPorts = 1>
ST_6 : Operation 236 [1/1] (1.24ns)   --->   "%lhs_7 = select i1 %out_index, i8 %acc_V_1552, i8 %acc_V_1454" [firmware/nnet_utils/nnet_dense_stream.h:24]   --->   Operation 236 'select' 'lhs_7' <Predicate = true> <Delay = 1.24> <CoreInst = "Sel">   --->   Core 73 'Sel' <Latency = 0> <II = 1> <Delay = 1.24> <FuncUnit> <Opcode : 'select'> <InPorts = 3> <OutPorts = 1>
ST_6 : Operation 237 [1/1] (0.00ns)   --->   "%sext_ln813_15 = sext i8 %lhs_7" [firmware/nnet_utils/nnet_dense_stream.h:24]   --->   Operation 237 'sext' 'sext_ln813_15' <Predicate = true> <Delay = 0.00>
ST_6 : Operation 238 [1/1] (1.91ns)   --->   "%sub_ln1420_7 = sub i9 0, i9 %sext_ln813_15" [firmware/nnet_utils/nnet_dense_stream.h:24]   --->   Operation 238 'sub' 'sub_ln1420_7' <Predicate = true> <Delay = 1.91> <CoreInst = "Adder">   --->   Core 1 'Adder' <Latency = 0> <II = 1> <Delay = 1.91> <FuncUnit> <Opcode : 'add' 'sub'> <InPorts = 2> <OutPorts = 1>
ST_6 : Operation 239 [1/1] (1.91ns)   --->   "%acc_V_38 = add i8 %rhs_7, i8 %lhs_7" [firmware/nnet_utils/nnet_dense_stream.h:24]   --->   Operation 239 'add' 'acc_V_38' <Predicate = true> <Delay = 1.91> <CoreInst = "Adder">   --->   Core 1 'Adder' <Latency = 0> <II = 1> <Delay = 1.91> <FuncUnit> <Opcode : 'add' 'sub'> <InPorts = 2> <OutPorts = 1>

State 7 <SV = 6> <Delay = 6.07>
ST_7 : Operation 240 [1/1] (0.00ns)   --->   "%empty = speclooptripcount i32 @_ssdm_op_SpecLoopTripCount, i64 64, i64 64, i64 64"   --->   Operation 240 'speclooptripcount' 'empty' <Predicate = true> <Delay = 0.00>
ST_7 : Operation 241 [1/1] (0.00ns)   --->   "%specpipeline_ln125 = specpipeline void @_ssdm_op_SpecPipeline, i32 1, i32 0, i32 0, i32 0, void @empty_0" [firmware/nnet_utils/nnet_dense_resource.h:125->firmware/nnet_utils/nnet_dense_resource.h:242->firmware/nnet_utils/nnet_dense_stream.h:24]   --->   Operation 241 'specpipeline' 'specpipeline_ln125' <Predicate = true> <Delay = 0.00>
ST_7 : Operation 242 [1/1] (0.00ns)   --->   "%specloopname_ln100 = specloopname void @_ssdm_op_SpecLoopName, void @empty_3" [firmware/nnet_utils/nnet_dense_resource.h:100->firmware/nnet_utils/nnet_dense_resource.h:242->firmware/nnet_utils/nnet_dense_stream.h:24]   --->   Operation 242 'specloopname' 'specloopname_ln100' <Predicate = true> <Delay = 0.00>
ST_7 : Operation 243 [1/1] (0.00ns)   --->   "%sext_ln813_2 = sext i8 %rhs" [firmware/nnet_utils/nnet_dense_stream.h:24]   --->   Operation 243 'sext' 'sext_ln813_2' <Predicate = true> <Delay = 0.00>
ST_7 : Operation 244 [1/1] (1.66ns)   --->   "%icmp_ln1420 = icmp_eq  i9 %sext_ln813_2, i9 %sub_ln1420" [firmware/nnet_utils/nnet_dense_stream.h:24]   --->   Operation 244 'icmp' 'icmp_ln1420' <Predicate = true> <Delay = 1.66> <CoreInst = "Cmp">   --->   Core 9 'Cmp' <Latency = 0> <II = 1> <Delay = 1.66> <FuncUnit> <Opcode : 'icmp'> <InPorts = 2> <OutPorts = 1>
ST_7 : Operation 245 [1/1] (0.00ns) (grouped into LUT with out node acc_V_40)   --->   "%select_ln808 = select i1 %out_index, i8 0, i8 %acc_V_180" [firmware/nnet_utils/nnet_dense_stream.h:24]   --->   Operation 245 'select' 'select_ln808' <Predicate = (!out_index)> <Delay = 0.00> <CoreInst = "Sel">   --->   Core 73 'Sel' <Latency = 0> <II = 1> <Delay = 1.24> <FuncUnit> <Opcode : 'select'> <InPorts = 3> <OutPorts = 1>
ST_7 : Operation 246 [1/1] (0.00ns) (grouped into LUT with out node acc_V_39)   --->   "%select_ln808_1 = select i1 %out_index, i8 %acc_V82, i8 0" [firmware/nnet_utils/nnet_dense_stream.h:24]   --->   Operation 246 'select' 'select_ln808_1' <Predicate = (out_index)> <Delay = 0.00> <CoreInst = "Sel">   --->   Core 73 'Sel' <Latency = 0> <II = 1> <Delay = 1.24> <FuncUnit> <Opcode : 'select'> <InPorts = 3> <OutPorts = 1>
ST_7 : Operation 247 [1/1] (0.00ns) (grouped into LUT with out node acc_V_40)   --->   "%acc_V_17 = select i1 %icmp_ln1420, i8 %select_ln808, i8 %acc_V_180" [firmware/nnet_utils/nnet_dense_stream.h:24]   --->   Operation 247 'select' 'acc_V_17' <Predicate = (!out_index)> <Delay = 0.00> <CoreInst = "Sel">   --->   Core 73 'Sel' <Latency = 0> <II = 1> <Delay = 1.24> <FuncUnit> <Opcode : 'select'> <InPorts = 3> <OutPorts = 1>
ST_7 : Operation 248 [1/1] (0.00ns) (grouped into LUT with out node acc_V_39)   --->   "%acc_V_16 = select i1 %icmp_ln1420, i8 %select_ln808_1, i8 %acc_V82" [firmware/nnet_utils/nnet_dense_stream.h:24]   --->   Operation 248 'select' 'acc_V_16' <Predicate = (out_index)> <Delay = 0.00> <CoreInst = "Sel">   --->   Core 73 'Sel' <Latency = 0> <II = 1> <Delay = 1.24> <FuncUnit> <Opcode : 'select'> <InPorts = 3> <OutPorts = 1>
ST_7 : Operation 249 [1/1] (1.24ns) (out node of the LUT)   --->   "%acc_V_40 = select i1 %out_index, i8 %acc_V_18, i8 %acc_V_17" [firmware/nnet_utils/nnet_dense_stream.h:24]   --->   Operation 249 'select' 'acc_V_40' <Predicate = true> <Delay = 1.24> <CoreInst = "Sel">   --->   Core 73 'Sel' <Latency = 0> <II = 1> <Delay = 1.24> <FuncUnit> <Opcode : 'select'> <InPorts = 3> <OutPorts = 1>
ST_7 : Operation 250 [1/1] (1.24ns) (out node of the LUT)   --->   "%acc_V_39 = select i1 %out_index, i8 %acc_V_16, i8 %acc_V_18" [firmware/nnet_utils/nnet_dense_stream.h:24]   --->   Operation 250 'select' 'acc_V_39' <Predicate = true> <Delay = 1.24> <CoreInst = "Sel">   --->   Core 73 'Sel' <Latency = 0> <II = 1> <Delay = 1.24> <FuncUnit> <Opcode : 'select'> <InPorts = 3> <OutPorts = 1>
ST_7 : Operation 251 [1/1] (0.00ns)   --->   "%sext_ln813_4 = sext i8 %rhs_1" [firmware/nnet_utils/nnet_dense_stream.h:24]   --->   Operation 251 'sext' 'sext_ln813_4' <Predicate = true> <Delay = 0.00>
ST_7 : Operation 252 [1/1] (1.66ns)   --->   "%icmp_ln1420_1 = icmp_eq  i9 %sext_ln813_4, i9 %sub_ln1420_1" [firmware/nnet_utils/nnet_dense_stream.h:24]   --->   Operation 252 'icmp' 'icmp_ln1420_1' <Predicate = true> <Delay = 1.66> <CoreInst = "Cmp">   --->   Core 9 'Cmp' <Latency = 0> <II = 1> <Delay = 1.66> <FuncUnit> <Opcode : 'icmp'> <InPorts = 2> <OutPorts = 1>
ST_7 : Operation 253 [1/1] (0.00ns) (grouped into LUT with out node acc_V_42)   --->   "%select_ln808_2 = select i1 %out_index, i8 0, i8 %acc_V_376" [firmware/nnet_utils/nnet_dense_stream.h:24]   --->   Operation 253 'select' 'select_ln808_2' <Predicate = (!out_index)> <Delay = 0.00> <CoreInst = "Sel">   --->   Core 73 'Sel' <Latency = 0> <II = 1> <Delay = 1.24> <FuncUnit> <Opcode : 'select'> <InPorts = 3> <OutPorts = 1>
ST_7 : Operation 254 [1/1] (0.00ns) (grouped into LUT with out node acc_V_41)   --->   "%select_ln808_3 = select i1 %out_index, i8 %acc_V_278, i8 0" [firmware/nnet_utils/nnet_dense_stream.h:24]   --->   Operation 254 'select' 'select_ln808_3' <Predicate = (out_index)> <Delay = 0.00> <CoreInst = "Sel">   --->   Core 73 'Sel' <Latency = 0> <II = 1> <Delay = 1.24> <FuncUnit> <Opcode : 'select'> <InPorts = 3> <OutPorts = 1>
ST_7 : Operation 255 [1/1] (0.00ns) (grouped into LUT with out node acc_V_42)   --->   "%acc_V_19 = select i1 %icmp_ln1420_1, i8 %select_ln808_2, i8 %acc_V_376" [firmware/nnet_utils/nnet_dense_stream.h:24]   --->   Operation 255 'select' 'acc_V_19' <Predicate = (!out_index)> <Delay = 0.00> <CoreInst = "Sel">   --->   Core 73 'Sel' <Latency = 0> <II = 1> <Delay = 1.24> <FuncUnit> <Opcode : 'select'> <InPorts = 3> <OutPorts = 1>
ST_7 : Operation 256 [1/1] (0.00ns) (grouped into LUT with out node acc_V_41)   --->   "%acc_V = select i1 %icmp_ln1420_1, i8 %select_ln808_3, i8 %acc_V_278" [firmware/nnet_utils/nnet_dense_stream.h:24]   --->   Operation 256 'select' 'acc_V' <Predicate = (out_index)> <Delay = 0.00> <CoreInst = "Sel">   --->   Core 73 'Sel' <Latency = 0> <II = 1> <Delay = 1.24> <FuncUnit> <Opcode : 'select'> <InPorts = 3> <OutPorts = 1>
ST_7 : Operation 257 [1/1] (1.24ns) (out node of the LUT)   --->   "%acc_V_42 = select i1 %out_index, i8 %acc_V_20, i8 %acc_V_19" [firmware/nnet_utils/nnet_dense_stream.h:24]   --->   Operation 257 'select' 'acc_V_42' <Predicate = true> <Delay = 1.24> <CoreInst = "Sel">   --->   Core 73 'Sel' <Latency = 0> <II = 1> <Delay = 1.24> <FuncUnit> <Opcode : 'select'> <InPorts = 3> <OutPorts = 1>
ST_7 : Operation 258 [1/1] (1.24ns) (out node of the LUT)   --->   "%acc_V_41 = select i1 %out_index, i8 %acc_V, i8 %acc_V_20" [firmware/nnet_utils/nnet_dense_stream.h:24]   --->   Operation 258 'select' 'acc_V_41' <Predicate = true> <Delay = 1.24> <CoreInst = "Sel">   --->   Core 73 'Sel' <Latency = 0> <II = 1> <Delay = 1.24> <FuncUnit> <Opcode : 'select'> <InPorts = 3> <OutPorts = 1>
ST_7 : Operation 259 [1/1] (0.00ns)   --->   "%sext_ln813_6 = sext i8 %rhs_2" [firmware/nnet_utils/nnet_dense_stream.h:24]   --->   Operation 259 'sext' 'sext_ln813_6' <Predicate = true> <Delay = 0.00>
ST_7 : Operation 260 [1/1] (1.66ns)   --->   "%icmp_ln1420_2 = icmp_eq  i9 %sext_ln813_6, i9 %sub_ln1420_2" [firmware/nnet_utils/nnet_dense_stream.h:24]   --->   Operation 260 'icmp' 'icmp_ln1420_2' <Predicate = true> <Delay = 1.66> <CoreInst = "Cmp">   --->   Core 9 'Cmp' <Latency = 0> <II = 1> <Delay = 1.66> <FuncUnit> <Opcode : 'icmp'> <InPorts = 2> <OutPorts = 1>
ST_7 : Operation 261 [1/1] (0.00ns) (grouped into LUT with out node acc_V_44)   --->   "%select_ln808_4 = select i1 %out_index, i8 0, i8 %acc_V_572" [firmware/nnet_utils/nnet_dense_stream.h:24]   --->   Operation 261 'select' 'select_ln808_4' <Predicate = (!out_index)> <Delay = 0.00> <CoreInst = "Sel">   --->   Core 73 'Sel' <Latency = 0> <II = 1> <Delay = 1.24> <FuncUnit> <Opcode : 'select'> <InPorts = 3> <OutPorts = 1>
ST_7 : Operation 262 [1/1] (0.00ns) (grouped into LUT with out node acc_V_43)   --->   "%select_ln808_5 = select i1 %out_index, i8 %acc_V_474, i8 0" [firmware/nnet_utils/nnet_dense_stream.h:24]   --->   Operation 262 'select' 'select_ln808_5' <Predicate = (out_index)> <Delay = 0.00> <CoreInst = "Sel">   --->   Core 73 'Sel' <Latency = 0> <II = 1> <Delay = 1.24> <FuncUnit> <Opcode : 'select'> <InPorts = 3> <OutPorts = 1>
ST_7 : Operation 263 [1/1] (0.00ns) (grouped into LUT with out node acc_V_44)   --->   "%acc_V_22 = select i1 %icmp_ln1420_2, i8 %select_ln808_4, i8 %acc_V_572" [firmware/nnet_utils/nnet_dense_stream.h:24]   --->   Operation 263 'select' 'acc_V_22' <Predicate = (!out_index)> <Delay = 0.00> <CoreInst = "Sel">   --->   Core 73 'Sel' <Latency = 0> <II = 1> <Delay = 1.24> <FuncUnit> <Opcode : 'select'> <InPorts = 3> <OutPorts = 1>
ST_7 : Operation 264 [1/1] (0.00ns) (grouped into LUT with out node acc_V_43)   --->   "%acc_V_21 = select i1 %icmp_ln1420_2, i8 %select_ln808_5, i8 %acc_V_474" [firmware/nnet_utils/nnet_dense_stream.h:24]   --->   Operation 264 'select' 'acc_V_21' <Predicate = (out_index)> <Delay = 0.00> <CoreInst = "Sel">   --->   Core 73 'Sel' <Latency = 0> <II = 1> <Delay = 1.24> <FuncUnit> <Opcode : 'select'> <InPorts = 3> <OutPorts = 1>
ST_7 : Operation 265 [1/1] (1.24ns) (out node of the LUT)   --->   "%acc_V_44 = select i1 %out_index, i8 %acc_V_23, i8 %acc_V_22" [firmware/nnet_utils/nnet_dense_stream.h:24]   --->   Operation 265 'select' 'acc_V_44' <Predicate = true> <Delay = 1.24> <CoreInst = "Sel">   --->   Core 73 'Sel' <Latency = 0> <II = 1> <Delay = 1.24> <FuncUnit> <Opcode : 'select'> <InPorts = 3> <OutPorts = 1>
ST_7 : Operation 266 [1/1] (1.24ns) (out node of the LUT)   --->   "%acc_V_43 = select i1 %out_index, i8 %acc_V_21, i8 %acc_V_23" [firmware/nnet_utils/nnet_dense_stream.h:24]   --->   Operation 266 'select' 'acc_V_43' <Predicate = true> <Delay = 1.24> <CoreInst = "Sel">   --->   Core 73 'Sel' <Latency = 0> <II = 1> <Delay = 1.24> <FuncUnit> <Opcode : 'select'> <InPorts = 3> <OutPorts = 1>
ST_7 : Operation 267 [1/1] (0.00ns)   --->   "%sext_ln813_8 = sext i8 %rhs_3" [firmware/nnet_utils/nnet_dense_stream.h:24]   --->   Operation 267 'sext' 'sext_ln813_8' <Predicate = true> <Delay = 0.00>
ST_7 : Operation 268 [1/1] (1.66ns)   --->   "%icmp_ln1420_3 = icmp_eq  i9 %sext_ln813_8, i9 %sub_ln1420_3" [firmware/nnet_utils/nnet_dense_stream.h:24]   --->   Operation 268 'icmp' 'icmp_ln1420_3' <Predicate = true> <Delay = 1.66> <CoreInst = "Cmp">   --->   Core 9 'Cmp' <Latency = 0> <II = 1> <Delay = 1.66> <FuncUnit> <Opcode : 'icmp'> <InPorts = 2> <OutPorts = 1>
ST_7 : Operation 269 [1/1] (0.00ns) (grouped into LUT with out node acc_V_46)   --->   "%select_ln808_6 = select i1 %out_index, i8 0, i8 %acc_V_768" [firmware/nnet_utils/nnet_dense_stream.h:24]   --->   Operation 269 'select' 'select_ln808_6' <Predicate = (!out_index)> <Delay = 0.00> <CoreInst = "Sel">   --->   Core 73 'Sel' <Latency = 0> <II = 1> <Delay = 1.24> <FuncUnit> <Opcode : 'select'> <InPorts = 3> <OutPorts = 1>
ST_7 : Operation 270 [1/1] (0.00ns) (grouped into LUT with out node acc_V_45)   --->   "%select_ln808_7 = select i1 %out_index, i8 %acc_V_670, i8 0" [firmware/nnet_utils/nnet_dense_stream.h:24]   --->   Operation 270 'select' 'select_ln808_7' <Predicate = (out_index)> <Delay = 0.00> <CoreInst = "Sel">   --->   Core 73 'Sel' <Latency = 0> <II = 1> <Delay = 1.24> <FuncUnit> <Opcode : 'select'> <InPorts = 3> <OutPorts = 1>
ST_7 : Operation 271 [1/1] (0.00ns) (grouped into LUT with out node acc_V_46)   --->   "%acc_V_25 = select i1 %icmp_ln1420_3, i8 %select_ln808_6, i8 %acc_V_768" [firmware/nnet_utils/nnet_dense_stream.h:24]   --->   Operation 271 'select' 'acc_V_25' <Predicate = (!out_index)> <Delay = 0.00> <CoreInst = "Sel">   --->   Core 73 'Sel' <Latency = 0> <II = 1> <Delay = 1.24> <FuncUnit> <Opcode : 'select'> <InPorts = 3> <OutPorts = 1>
ST_7 : Operation 272 [1/1] (0.00ns) (grouped into LUT with out node acc_V_45)   --->   "%acc_V_24 = select i1 %icmp_ln1420_3, i8 %select_ln808_7, i8 %acc_V_670" [firmware/nnet_utils/nnet_dense_stream.h:24]   --->   Operation 272 'select' 'acc_V_24' <Predicate = (out_index)> <Delay = 0.00> <CoreInst = "Sel">   --->   Core 73 'Sel' <Latency = 0> <II = 1> <Delay = 1.24> <FuncUnit> <Opcode : 'select'> <InPorts = 3> <OutPorts = 1>
ST_7 : Operation 273 [1/1] (1.24ns) (out node of the LUT)   --->   "%acc_V_46 = select i1 %out_index, i8 %acc_V_26, i8 %acc_V_25" [firmware/nnet_utils/nnet_dense_stream.h:24]   --->   Operation 273 'select' 'acc_V_46' <Predicate = true> <Delay = 1.24> <CoreInst = "Sel">   --->   Core 73 'Sel' <Latency = 0> <II = 1> <Delay = 1.24> <FuncUnit> <Opcode : 'select'> <InPorts = 3> <OutPorts = 1>
ST_7 : Operation 274 [1/1] (1.24ns) (out node of the LUT)   --->   "%acc_V_45 = select i1 %out_index, i8 %acc_V_24, i8 %acc_V_26" [firmware/nnet_utils/nnet_dense_stream.h:24]   --->   Operation 274 'select' 'acc_V_45' <Predicate = true> <Delay = 1.24> <CoreInst = "Sel">   --->   Core 73 'Sel' <Latency = 0> <II = 1> <Delay = 1.24> <FuncUnit> <Opcode : 'select'> <InPorts = 3> <OutPorts = 1>
ST_7 : Operation 275 [1/1] (0.00ns)   --->   "%sext_ln813_10 = sext i8 %rhs_4" [firmware/nnet_utils/nnet_dense_stream.h:24]   --->   Operation 275 'sext' 'sext_ln813_10' <Predicate = true> <Delay = 0.00>
ST_7 : Operation 276 [1/1] (1.66ns)   --->   "%icmp_ln1420_4 = icmp_eq  i9 %sext_ln813_10, i9 %sub_ln1420_4" [firmware/nnet_utils/nnet_dense_stream.h:24]   --->   Operation 276 'icmp' 'icmp_ln1420_4' <Predicate = true> <Delay = 1.66> <CoreInst = "Cmp">   --->   Core 9 'Cmp' <Latency = 0> <II = 1> <Delay = 1.66> <FuncUnit> <Opcode : 'icmp'> <InPorts = 2> <OutPorts = 1>
ST_7 : Operation 277 [1/1] (0.00ns) (grouped into LUT with out node acc_V_48)   --->   "%select_ln808_8 = select i1 %out_index, i8 0, i8 %acc_V_964" [firmware/nnet_utils/nnet_dense_stream.h:24]   --->   Operation 277 'select' 'select_ln808_8' <Predicate = (!out_index)> <Delay = 0.00> <CoreInst = "Sel">   --->   Core 73 'Sel' <Latency = 0> <II = 1> <Delay = 1.24> <FuncUnit> <Opcode : 'select'> <InPorts = 3> <OutPorts = 1>
ST_7 : Operation 278 [1/1] (0.00ns) (grouped into LUT with out node acc_V_47)   --->   "%select_ln808_9 = select i1 %out_index, i8 %acc_V_866, i8 0" [firmware/nnet_utils/nnet_dense_stream.h:24]   --->   Operation 278 'select' 'select_ln808_9' <Predicate = (out_index)> <Delay = 0.00> <CoreInst = "Sel">   --->   Core 73 'Sel' <Latency = 0> <II = 1> <Delay = 1.24> <FuncUnit> <Opcode : 'select'> <InPorts = 3> <OutPorts = 1>
ST_7 : Operation 279 [1/1] (0.00ns) (grouped into LUT with out node acc_V_48)   --->   "%acc_V_28 = select i1 %icmp_ln1420_4, i8 %select_ln808_8, i8 %acc_V_964" [firmware/nnet_utils/nnet_dense_stream.h:24]   --->   Operation 279 'select' 'acc_V_28' <Predicate = (!out_index)> <Delay = 0.00> <CoreInst = "Sel">   --->   Core 73 'Sel' <Latency = 0> <II = 1> <Delay = 1.24> <FuncUnit> <Opcode : 'select'> <InPorts = 3> <OutPorts = 1>
ST_7 : Operation 280 [1/1] (0.00ns) (grouped into LUT with out node acc_V_47)   --->   "%acc_V_27 = select i1 %icmp_ln1420_4, i8 %select_ln808_9, i8 %acc_V_866" [firmware/nnet_utils/nnet_dense_stream.h:24]   --->   Operation 280 'select' 'acc_V_27' <Predicate = (out_index)> <Delay = 0.00> <CoreInst = "Sel">   --->   Core 73 'Sel' <Latency = 0> <II = 1> <Delay = 1.24> <FuncUnit> <Opcode : 'select'> <InPorts = 3> <OutPorts = 1>
ST_7 : Operation 281 [1/1] (1.24ns) (out node of the LUT)   --->   "%acc_V_48 = select i1 %out_index, i8 %acc_V_29, i8 %acc_V_28" [firmware/nnet_utils/nnet_dense_stream.h:24]   --->   Operation 281 'select' 'acc_V_48' <Predicate = true> <Delay = 1.24> <CoreInst = "Sel">   --->   Core 73 'Sel' <Latency = 0> <II = 1> <Delay = 1.24> <FuncUnit> <Opcode : 'select'> <InPorts = 3> <OutPorts = 1>
ST_7 : Operation 282 [1/1] (1.24ns) (out node of the LUT)   --->   "%acc_V_47 = select i1 %out_index, i8 %acc_V_27, i8 %acc_V_29" [firmware/nnet_utils/nnet_dense_stream.h:24]   --->   Operation 282 'select' 'acc_V_47' <Predicate = true> <Delay = 1.24> <CoreInst = "Sel">   --->   Core 73 'Sel' <Latency = 0> <II = 1> <Delay = 1.24> <FuncUnit> <Opcode : 'select'> <InPorts = 3> <OutPorts = 1>
ST_7 : Operation 283 [1/1] (0.00ns)   --->   "%sext_ln813_12 = sext i8 %rhs_5" [firmware/nnet_utils/nnet_dense_stream.h:24]   --->   Operation 283 'sext' 'sext_ln813_12' <Predicate = true> <Delay = 0.00>
ST_7 : Operation 284 [1/1] (1.66ns)   --->   "%icmp_ln1420_5 = icmp_eq  i9 %sext_ln813_12, i9 %sub_ln1420_5" [firmware/nnet_utils/nnet_dense_stream.h:24]   --->   Operation 284 'icmp' 'icmp_ln1420_5' <Predicate = true> <Delay = 1.66> <CoreInst = "Cmp">   --->   Core 9 'Cmp' <Latency = 0> <II = 1> <Delay = 1.66> <FuncUnit> <Opcode : 'icmp'> <InPorts = 2> <OutPorts = 1>
ST_7 : Operation 285 [1/1] (0.00ns) (grouped into LUT with out node acc_V_50)   --->   "%select_ln808_10 = select i1 %out_index, i8 0, i8 %acc_V_1160" [firmware/nnet_utils/nnet_dense_stream.h:24]   --->   Operation 285 'select' 'select_ln808_10' <Predicate = (!out_index)> <Delay = 0.00> <CoreInst = "Sel">   --->   Core 73 'Sel' <Latency = 0> <II = 1> <Delay = 1.24> <FuncUnit> <Opcode : 'select'> <InPorts = 3> <OutPorts = 1>
ST_7 : Operation 286 [1/1] (0.00ns) (grouped into LUT with out node acc_V_49)   --->   "%select_ln808_11 = select i1 %out_index, i8 %acc_V_1062, i8 0" [firmware/nnet_utils/nnet_dense_stream.h:24]   --->   Operation 286 'select' 'select_ln808_11' <Predicate = (out_index)> <Delay = 0.00> <CoreInst = "Sel">   --->   Core 73 'Sel' <Latency = 0> <II = 1> <Delay = 1.24> <FuncUnit> <Opcode : 'select'> <InPorts = 3> <OutPorts = 1>
ST_7 : Operation 287 [1/1] (0.00ns) (grouped into LUT with out node acc_V_50)   --->   "%acc_V_31 = select i1 %icmp_ln1420_5, i8 %select_ln808_10, i8 %acc_V_1160" [firmware/nnet_utils/nnet_dense_stream.h:24]   --->   Operation 287 'select' 'acc_V_31' <Predicate = (!out_index)> <Delay = 0.00> <CoreInst = "Sel">   --->   Core 73 'Sel' <Latency = 0> <II = 1> <Delay = 1.24> <FuncUnit> <Opcode : 'select'> <InPorts = 3> <OutPorts = 1>
ST_7 : Operation 288 [1/1] (0.00ns) (grouped into LUT with out node acc_V_49)   --->   "%acc_V_30 = select i1 %icmp_ln1420_5, i8 %select_ln808_11, i8 %acc_V_1062" [firmware/nnet_utils/nnet_dense_stream.h:24]   --->   Operation 288 'select' 'acc_V_30' <Predicate = (out_index)> <Delay = 0.00> <CoreInst = "Sel">   --->   Core 73 'Sel' <Latency = 0> <II = 1> <Delay = 1.24> <FuncUnit> <Opcode : 'select'> <InPorts = 3> <OutPorts = 1>
ST_7 : Operation 289 [1/1] (1.24ns) (out node of the LUT)   --->   "%acc_V_50 = select i1 %out_index, i8 %acc_V_32, i8 %acc_V_31" [firmware/nnet_utils/nnet_dense_stream.h:24]   --->   Operation 289 'select' 'acc_V_50' <Predicate = true> <Delay = 1.24> <CoreInst = "Sel">   --->   Core 73 'Sel' <Latency = 0> <II = 1> <Delay = 1.24> <FuncUnit> <Opcode : 'select'> <InPorts = 3> <OutPorts = 1>
ST_7 : Operation 290 [1/1] (1.24ns) (out node of the LUT)   --->   "%acc_V_49 = select i1 %out_index, i8 %acc_V_30, i8 %acc_V_32" [firmware/nnet_utils/nnet_dense_stream.h:24]   --->   Operation 290 'select' 'acc_V_49' <Predicate = true> <Delay = 1.24> <CoreInst = "Sel">   --->   Core 73 'Sel' <Latency = 0> <II = 1> <Delay = 1.24> <FuncUnit> <Opcode : 'select'> <InPorts = 3> <OutPorts = 1>
ST_7 : Operation 291 [1/1] (0.00ns)   --->   "%sext_ln813_14 = sext i8 %rhs_6" [firmware/nnet_utils/nnet_dense_stream.h:24]   --->   Operation 291 'sext' 'sext_ln813_14' <Predicate = true> <Delay = 0.00>
ST_7 : Operation 292 [1/1] (1.66ns)   --->   "%icmp_ln1420_6 = icmp_eq  i9 %sext_ln813_14, i9 %sub_ln1420_6" [firmware/nnet_utils/nnet_dense_stream.h:24]   --->   Operation 292 'icmp' 'icmp_ln1420_6' <Predicate = true> <Delay = 1.66> <CoreInst = "Cmp">   --->   Core 9 'Cmp' <Latency = 0> <II = 1> <Delay = 1.66> <FuncUnit> <Opcode : 'icmp'> <InPorts = 2> <OutPorts = 1>
ST_7 : Operation 293 [1/1] (0.00ns) (grouped into LUT with out node acc_V_52)   --->   "%select_ln808_12 = select i1 %out_index, i8 0, i8 %acc_V_1356" [firmware/nnet_utils/nnet_dense_stream.h:24]   --->   Operation 293 'select' 'select_ln808_12' <Predicate = (!out_index)> <Delay = 0.00> <CoreInst = "Sel">   --->   Core 73 'Sel' <Latency = 0> <II = 1> <Delay = 1.24> <FuncUnit> <Opcode : 'select'> <InPorts = 3> <OutPorts = 1>
ST_7 : Operation 294 [1/1] (0.00ns) (grouped into LUT with out node acc_V_51)   --->   "%select_ln808_13 = select i1 %out_index, i8 %acc_V_1258, i8 0" [firmware/nnet_utils/nnet_dense_stream.h:24]   --->   Operation 294 'select' 'select_ln808_13' <Predicate = (out_index)> <Delay = 0.00> <CoreInst = "Sel">   --->   Core 73 'Sel' <Latency = 0> <II = 1> <Delay = 1.24> <FuncUnit> <Opcode : 'select'> <InPorts = 3> <OutPorts = 1>
ST_7 : Operation 295 [1/1] (0.00ns) (grouped into LUT with out node acc_V_52)   --->   "%acc_V_34 = select i1 %icmp_ln1420_6, i8 %select_ln808_12, i8 %acc_V_1356" [firmware/nnet_utils/nnet_dense_stream.h:24]   --->   Operation 295 'select' 'acc_V_34' <Predicate = (!out_index)> <Delay = 0.00> <CoreInst = "Sel">   --->   Core 73 'Sel' <Latency = 0> <II = 1> <Delay = 1.24> <FuncUnit> <Opcode : 'select'> <InPorts = 3> <OutPorts = 1>
ST_7 : Operation 296 [1/1] (0.00ns) (grouped into LUT with out node acc_V_51)   --->   "%acc_V_33 = select i1 %icmp_ln1420_6, i8 %select_ln808_13, i8 %acc_V_1258" [firmware/nnet_utils/nnet_dense_stream.h:24]   --->   Operation 296 'select' 'acc_V_33' <Predicate = (out_index)> <Delay = 0.00> <CoreInst = "Sel">   --->   Core 73 'Sel' <Latency = 0> <II = 1> <Delay = 1.24> <FuncUnit> <Opcode : 'select'> <InPorts = 3> <OutPorts = 1>
ST_7 : Operation 297 [1/1] (1.24ns) (out node of the LUT)   --->   "%acc_V_52 = select i1 %out_index, i8 %acc_V_35, i8 %acc_V_34" [firmware/nnet_utils/nnet_dense_stream.h:24]   --->   Operation 297 'select' 'acc_V_52' <Predicate = true> <Delay = 1.24> <CoreInst = "Sel">   --->   Core 73 'Sel' <Latency = 0> <II = 1> <Delay = 1.24> <FuncUnit> <Opcode : 'select'> <InPorts = 3> <OutPorts = 1>
ST_7 : Operation 298 [1/1] (1.24ns) (out node of the LUT)   --->   "%acc_V_51 = select i1 %out_index, i8 %acc_V_33, i8 %acc_V_35" [firmware/nnet_utils/nnet_dense_stream.h:24]   --->   Operation 298 'select' 'acc_V_51' <Predicate = true> <Delay = 1.24> <CoreInst = "Sel">   --->   Core 73 'Sel' <Latency = 0> <II = 1> <Delay = 1.24> <FuncUnit> <Opcode : 'select'> <InPorts = 3> <OutPorts = 1>
ST_7 : Operation 299 [1/1] (0.00ns)   --->   "%sext_ln813_16 = sext i8 %rhs_7" [firmware/nnet_utils/nnet_dense_stream.h:24]   --->   Operation 299 'sext' 'sext_ln813_16' <Predicate = true> <Delay = 0.00>
ST_7 : Operation 300 [1/1] (1.66ns)   --->   "%icmp_ln1420_7 = icmp_eq  i9 %sext_ln813_16, i9 %sub_ln1420_7" [firmware/nnet_utils/nnet_dense_stream.h:24]   --->   Operation 300 'icmp' 'icmp_ln1420_7' <Predicate = true> <Delay = 1.66> <CoreInst = "Cmp">   --->   Core 9 'Cmp' <Latency = 0> <II = 1> <Delay = 1.66> <FuncUnit> <Opcode : 'icmp'> <InPorts = 2> <OutPorts = 1>
ST_7 : Operation 301 [1/1] (0.00ns) (grouped into LUT with out node acc_V_54)   --->   "%select_ln808_14 = select i1 %out_index, i8 0, i8 %acc_V_1552" [firmware/nnet_utils/nnet_dense_stream.h:24]   --->   Operation 301 'select' 'select_ln808_14' <Predicate = (!out_index)> <Delay = 0.00> <CoreInst = "Sel">   --->   Core 73 'Sel' <Latency = 0> <II = 1> <Delay = 1.24> <FuncUnit> <Opcode : 'select'> <InPorts = 3> <OutPorts = 1>
ST_7 : Operation 302 [1/1] (0.00ns) (grouped into LUT with out node acc_V_53)   --->   "%select_ln808_15 = select i1 %out_index, i8 %acc_V_1454, i8 0" [firmware/nnet_utils/nnet_dense_stream.h:24]   --->   Operation 302 'select' 'select_ln808_15' <Predicate = (out_index)> <Delay = 0.00> <CoreInst = "Sel">   --->   Core 73 'Sel' <Latency = 0> <II = 1> <Delay = 1.24> <FuncUnit> <Opcode : 'select'> <InPorts = 3> <OutPorts = 1>
ST_7 : Operation 303 [1/1] (0.00ns) (grouped into LUT with out node acc_V_54)   --->   "%acc_V_37 = select i1 %icmp_ln1420_7, i8 %select_ln808_14, i8 %acc_V_1552" [firmware/nnet_utils/nnet_dense_stream.h:24]   --->   Operation 303 'select' 'acc_V_37' <Predicate = (!out_index)> <Delay = 0.00> <CoreInst = "Sel">   --->   Core 73 'Sel' <Latency = 0> <II = 1> <Delay = 1.24> <FuncUnit> <Opcode : 'select'> <InPorts = 3> <OutPorts = 1>
ST_7 : Operation 304 [1/1] (0.00ns) (grouped into LUT with out node acc_V_53)   --->   "%acc_V_36 = select i1 %icmp_ln1420_7, i8 %select_ln808_15, i8 %acc_V_1454" [firmware/nnet_utils/nnet_dense_stream.h:24]   --->   Operation 304 'select' 'acc_V_36' <Predicate = (out_index)> <Delay = 0.00> <CoreInst = "Sel">   --->   Core 73 'Sel' <Latency = 0> <II = 1> <Delay = 1.24> <FuncUnit> <Opcode : 'select'> <InPorts = 3> <OutPorts = 1>
ST_7 : Operation 305 [1/1] (1.24ns) (out node of the LUT)   --->   "%acc_V_54 = select i1 %out_index, i8 %acc_V_38, i8 %acc_V_37" [firmware/nnet_utils/nnet_dense_stream.h:24]   --->   Operation 305 'select' 'acc_V_54' <Predicate = true> <Delay = 1.24> <CoreInst = "Sel">   --->   Core 73 'Sel' <Latency = 0> <II = 1> <Delay = 1.24> <FuncUnit> <Opcode : 'select'> <InPorts = 3> <OutPorts = 1>
ST_7 : Operation 306 [1/1] (1.24ns) (out node of the LUT)   --->   "%acc_V_53 = select i1 %out_index, i8 %acc_V_36, i8 %acc_V_38" [firmware/nnet_utils/nnet_dense_stream.h:24]   --->   Operation 306 'select' 'acc_V_53' <Predicate = true> <Delay = 1.24> <CoreInst = "Sel">   --->   Core 73 'Sel' <Latency = 0> <II = 1> <Delay = 1.24> <FuncUnit> <Opcode : 'select'> <InPorts = 3> <OutPorts = 1>
ST_7 : Operation 307 [1/1] (0.00ns)   --->   "%rend = specregionend i32 @_ssdm_op_SpecRegionEnd, void @nnet_KD_KD_dense_resource_MD_ap_fixed_MD_8_MC_AC_2_MC_AC_IC_ap_q_mode_JC_5_M, i32 %rbegin" [firmware/nnet_utils/nnet_dense_stream.h:53]   --->   Operation 307 'specregionend' 'rend' <Predicate = (icmp_ln124)> <Delay = 0.00>
ST_7 : Operation 308 [1/1] (0.00ns)   --->   "%p_s = bitconcatenate i128 @_ssdm_op_BitConcatenate.i128.i8.i8.i8.i8.i8.i8.i8.i8.i8.i8.i8.i8.i8.i8.i8.i8, i8 %acc_V_54, i8 %acc_V_53, i8 %acc_V_52, i8 %acc_V_51, i8 %acc_V_50, i8 %acc_V_49, i8 %acc_V_48, i8 %acc_V_47, i8 %acc_V_46, i8 %acc_V_45, i8 %acc_V_44, i8 %acc_V_43, i8 %acc_V_42, i8 %acc_V_41, i8 %acc_V_40, i8 %acc_V_39" [firmware/nnet_utils/nnet_dense_stream.h:77]   --->   Operation 308 'bitconcatenate' 'p_s' <Predicate = (icmp_ln124)> <Delay = 0.00>
ST_7 : Operation 309 [1/1] (2.18ns)   --->   "%write_ln77 = write void @_ssdm_op_Write.ap_fifo.volatile.i128P0A, i128 %layer6_out, i128 %p_s" [firmware/nnet_utils/nnet_dense_stream.h:77]   --->   Operation 309 'write' 'write_ln77' <Predicate = (icmp_ln124)> <Delay = 2.18> <CoreInst = "FIFO_SRL">   --->   Core 81 'FIFO_SRL' <Latency = 0> <II = 1> <Delay = 3.63> <Storage> <Opcode : 'read' 'write' 'nbread' 'nbwrite'> <Ports = 0> <Width = 128> <Depth = 1> <FIFO>
ST_7 : Operation 310 [1/1] (0.00ns)   --->   "%return_ln101 = return void @_ssdm_op_Return" [firmware/nnet_utils/nnet_dense_stream.h:101]   --->   Operation 310 'return' 'return_ln101' <Predicate = (icmp_ln124)> <Delay = 0.00>


============================================================
+ Verbose Summary: Binding
============================================================
STG Binding: 
---------------- STG Properties BEGIN ----------------
- Is combinational: 0
- Is one-state seq: 0
- Is datapath-only: 0
- Is pipelined: 0
- Is top level: 0
Port [ Return ] is wired: 1; IO mode=ap_ctrl_hs:ce=0
Port [ layer5_out]:  wired=1; compound=1; hidden=0; nouse=0; global=0; static=0; extern=0; dir=0; type=3; pingpong=0; private_global=0; IO mode=ap_fifo:ce=0
Port [ layer6_out]:  wired=1; compound=1; hidden=0; nouse=0; global=0; static=0; extern=0; dir=1; type=3; pingpong=0; private_global=0; IO mode=ap_fifo:ce=0
Port [ outidx]:  wired=0; compound=1; hidden=1; nouse=0; global=1; static=1; extern=0; dir=0; type=1; pingpong=0; private_global=1; MemPort=[1]; IO mode=ap_memory:ce=0
Port [ w6_V]:  wired=0; compound=1; hidden=1; nouse=0; global=1; static=1; extern=0; dir=0; type=1; pingpong=0; private_global=1; MemPort=[11111111]; IO mode=ap_memory:ce=0
---------------- STG Properties END ------------------

---------------- Datapath Model BEGIN ----------------

<LifeTime>
<method=bitvector/>
specinterface_ln0                  (specinterface    ) [ 00000000]
specinterface_ln0                  (specinterface    ) [ 00000000]
rbegin                             (specregionbegin  ) [ 00111111]
br_ln124                           (br               ) [ 01111111]
do_init                            (phi              ) [ 00111111]
ir83                               (phi              ) [ 00111111]
ir                                 (add              ) [ 01111111]
icmp_ln124                         (icmp             ) [ 00111111]
br_ln124                           (br               ) [ 01111111]
br_ln101                           (br               ) [ 01111111]
data_V_28_rewind                   (phi              ) [ 00110000]
data_V_27_rewind                   (phi              ) [ 00110000]
data_V_26_rewind                   (phi              ) [ 00110000]
data_V_25_rewind                   (phi              ) [ 00110000]
data_V_24_rewind                   (phi              ) [ 00110000]
data_V_23_rewind                   (phi              ) [ 00110000]
data_V_22_rewind                   (phi              ) [ 00110000]
data_V_21_rewind                   (phi              ) [ 00110000]
data_V_20_rewind                   (phi              ) [ 00110000]
data_V_19_rewind                   (phi              ) [ 00110000]
data_V_18_rewind                   (phi              ) [ 00110000]
data_V_17_rewind                   (phi              ) [ 00110000]
data_V_16_rewind                   (phi              ) [ 00110000]
data_V_15_rewind                   (phi              ) [ 00110000]
data_V_14_rewind                   (phi              ) [ 00110000]
data_V_13_rewind                   (phi              ) [ 00110000]
data_V_12_rewind                   (phi              ) [ 00110000]
data_V_11_rewind                   (phi              ) [ 00110000]
data_V_10_rewind                   (phi              ) [ 00110000]
data_V_29_rewind                   (phi              ) [ 00110000]
data_V_9_rewind                    (phi              ) [ 00110000]
data_V_8_rewind                    (phi              ) [ 00110000]
data_V_7_rewind                    (phi              ) [ 00110000]
data_V_6_rewind                    (phi              ) [ 00110000]
data_V_5_rewind                    (phi              ) [ 00110000]
data_V_4_rewind                    (phi              ) [ 00110000]
data_V_3_rewind                    (phi              ) [ 00110000]
data_V_2_rewind                    (phi              ) [ 00110000]
data_V_1_rewind                    (phi              ) [ 00110000]
data_V_30_rewind                   (phi              ) [ 00110000]
data_V_31_rewind                   (phi              ) [ 00110000]
p_rewind                           (phi              ) [ 00110000]
br_ln0                             (br               ) [ 00000000]
layer5_out_read                    (read             ) [ 00000000]
data_V                             (trunc            ) [ 00000000]
data_V_31                          (partselect       ) [ 00000000]
data_V_32                          (partselect       ) [ 00000000]
data_V_1                           (partselect       ) [ 00000000]
data_V_2                           (partselect       ) [ 00000000]
data_V_3                           (partselect       ) [ 00000000]
data_V_4                           (partselect       ) [ 00000000]
data_V_5                           (partselect       ) [ 00000000]
data_V_6                           (partselect       ) [ 00000000]
data_V_7                           (partselect       ) [ 00000000]
data_V_8                           (partselect       ) [ 00000000]
data_V_9                           (partselect       ) [ 00000000]
data_V_33                          (partselect       ) [ 00000000]
data_V_34                          (partselect       ) [ 00000000]
data_V_35                          (partselect       ) [ 00000000]
data_V_36                          (partselect       ) [ 00000000]
data_V_37                          (partselect       ) [ 00000000]
data_V_38                          (partselect       ) [ 00000000]
data_V_39                          (partselect       ) [ 00000000]
data_V_40                          (partselect       ) [ 00000000]
data_V_41                          (partselect       ) [ 00000000]
data_V_42                          (partselect       ) [ 00000000]
data_V_43                          (partselect       ) [ 00000000]
data_V_44                          (partselect       ) [ 00000000]
data_V_45                          (partselect       ) [ 00000000]
data_V_46                          (partselect       ) [ 00000000]
data_V_47                          (partselect       ) [ 00000000]
data_V_48                          (partselect       ) [ 00000000]
data_V_49                          (partselect       ) [ 00000000]
data_V_50                          (partselect       ) [ 00000000]
data_V_51                          (partselect       ) [ 00000000]
data_V_52                          (partselect       ) [ 00000000]
br_ln124                           (br               ) [ 00000000]
data_V_28_phi                      (phi              ) [ 01111111]
data_V_27_phi                      (phi              ) [ 01111111]
data_V_26_phi                      (phi              ) [ 01111111]
data_V_25_phi                      (phi              ) [ 01111111]
data_V_24_phi                      (phi              ) [ 01111111]
data_V_23_phi                      (phi              ) [ 01111111]
data_V_22_phi                      (phi              ) [ 01111111]
data_V_21_phi                      (phi              ) [ 01111111]
data_V_20_phi                      (phi              ) [ 01111111]
data_V_19_phi                      (phi              ) [ 01111111]
data_V_18_phi                      (phi              ) [ 01111111]
data_V_17_phi                      (phi              ) [ 01111111]
data_V_16_phi                      (phi              ) [ 01111111]
data_V_15_phi                      (phi              ) [ 01111111]
data_V_14_phi                      (phi              ) [ 01111111]
data_V_13_phi                      (phi              ) [ 01111111]
data_V_12_phi                      (phi              ) [ 01111111]
data_V_11_phi                      (phi              ) [ 01111111]
data_V_10_phi                      (phi              ) [ 01111111]
data_V_29_phi                      (phi              ) [ 01111111]
data_V_9_phi                       (phi              ) [ 01111111]
data_V_8_phi                       (phi              ) [ 01111111]
data_V_7_phi                       (phi              ) [ 01111111]
data_V_6_phi                       (phi              ) [ 01111111]
data_V_5_phi                       (phi              ) [ 01111111]
data_V_4_phi                       (phi              ) [ 01111111]
data_V_3_phi                       (phi              ) [ 01111111]
data_V_2_phi                       (phi              ) [ 01111111]
data_V_1_phi                       (phi              ) [ 01111111]
data_V_30_phi                      (phi              ) [ 01111111]
data_V_31_phi                      (phi              ) [ 01111111]
p_phi                              (phi              ) [ 01111111]
ir83_cast                          (zext             ) [ 00000000]
zext_ln124                         (zext             ) [ 00000000]
outidx_addr                        (getelementptr    ) [ 00101000]
w6_V_addr                          (getelementptr    ) [ 00101000]
tmp                                (bitconcatenate   ) [ 00000000]
p_cast239                          (zext             ) [ 00000000]
w6_V_addr_1                        (getelementptr    ) [ 00101000]
p_cast240_cast                     (bitconcatenate   ) [ 00000000]
p_cast240_cast_cast                (zext             ) [ 00000000]
w6_V_addr_2                        (getelementptr    ) [ 00101000]
p_cast241_cast_cast_cast_cast      (sext             ) [ 00000000]
p_cast241_cast_cast_cast_cast_cast (zext             ) [ 00000000]
w6_V_addr_3                        (getelementptr    ) [ 00101000]
p_cast242_cast                     (bitconcatenate   ) [ 00000000]
p_cast242_cast_cast                (zext             ) [ 00000000]
w6_V_addr_4                        (getelementptr    ) [ 00101000]
tmp_2                              (bitconcatenate   ) [ 00000000]
p_cast243                          (zext             ) [ 00000000]
w6_V_addr_5                        (getelementptr    ) [ 00101000]
p_cast244_cast_cast_cast_cast      (sext             ) [ 00000000]
p_cast244_cast_cast_cast_cast_cast (zext             ) [ 00000000]
w6_V_addr_6                        (getelementptr    ) [ 00101000]
p_cast245_cast_cast_cast_cast      (sext             ) [ 00000000]
p_cast245_cast_cast_cast_cast_cast (zext             ) [ 00000000]
w6_V_addr_7                        (getelementptr    ) [ 00101000]
in_index84                         (phi              ) [ 00111000]
zext_ln124_1                       (zext             ) [ 00000000]
out_index                          (load             ) [ 00100111]
a_V                                (mux              ) [ 00100100]
w_V                                (load             ) [ 00100100]
w_V_1                              (load             ) [ 00100100]
w_V_2                              (load             ) [ 00100100]
w_V_3                              (load             ) [ 00100100]
w_V_4                              (load             ) [ 00100100]
w_V_5                              (load             ) [ 00100100]
w_V_6                              (load             ) [ 00100100]
w_V_7                              (load             ) [ 00100100]
in_index_1                         (add              ) [ 00000000]
add_ln109                          (add              ) [ 00000000]
tmp_3                              (bitselect        ) [ 00000000]
in_index                           (select           ) [ 01111111]
sext_ln1273                        (sext             ) [ 00000000]
sext_ln1273_37                     (sext             ) [ 00000000]
mul_ln1270                         (mul              ) [ 00000000]
rhs                                (partselect       ) [ 00100011]
sext_ln1273_38                     (sext             ) [ 00000000]
mul_ln1270_3                       (mul              ) [ 00000000]
rhs_1                              (partselect       ) [ 00100011]
sext_ln1273_39                     (sext             ) [ 00000000]
mul_ln1270_4                       (mul              ) [ 00000000]
rhs_2                              (partselect       ) [ 00100011]
sext_ln1273_40                     (sext             ) [ 00000000]
mul_ln1270_5                       (mul              ) [ 00000000]
rhs_3                              (partselect       ) [ 00100011]
sext_ln1273_41                     (sext             ) [ 00000000]
mul_ln1270_6                       (mul              ) [ 00000000]
rhs_4                              (partselect       ) [ 00100011]
sext_ln1273_42                     (sext             ) [ 00000000]
mul_ln1270_7                       (mul              ) [ 00000000]
rhs_5                              (partselect       ) [ 00100011]
sext_ln1273_43                     (sext             ) [ 00000000]
mul_ln1270_8                       (mul              ) [ 00000000]
rhs_6                              (partselect       ) [ 00100011]
sext_ln1273_44                     (sext             ) [ 00000000]
mul_ln1270_9                       (mul              ) [ 00000000]
rhs_7                              (partselect       ) [ 00100011]
acc_V82                            (phi              ) [ 00111111]
acc_V_180                          (phi              ) [ 00111111]
acc_V_278                          (phi              ) [ 00111111]
acc_V_376                          (phi              ) [ 00111111]
acc_V_474                          (phi              ) [ 00111111]
acc_V_572                          (phi              ) [ 00111111]
acc_V_670                          (phi              ) [ 00111111]
acc_V_768                          (phi              ) [ 00111111]
acc_V_866                          (phi              ) [ 00111111]
acc_V_964                          (phi              ) [ 00111111]
acc_V_1062                         (phi              ) [ 00111111]
acc_V_1160                         (phi              ) [ 00111111]
acc_V_1258                         (phi              ) [ 00111111]
acc_V_1356                         (phi              ) [ 00111111]
acc_V_1454                         (phi              ) [ 00111111]
acc_V_1552                         (phi              ) [ 00111111]
lhs                                (select           ) [ 00000000]
sext_ln813                         (sext             ) [ 00000000]
sub_ln1420                         (sub              ) [ 00100001]
acc_V_18                           (add              ) [ 00100001]
lhs_1                              (select           ) [ 00000000]
sext_ln813_3                       (sext             ) [ 00000000]
sub_ln1420_1                       (sub              ) [ 00100001]
acc_V_20                           (add              ) [ 00100001]
lhs_2                              (select           ) [ 00000000]
sext_ln813_5                       (sext             ) [ 00000000]
sub_ln1420_2                       (sub              ) [ 00100001]
acc_V_23                           (add              ) [ 00100001]
lhs_3                              (select           ) [ 00000000]
sext_ln813_7                       (sext             ) [ 00000000]
sub_ln1420_3                       (sub              ) [ 00100001]
acc_V_26                           (add              ) [ 00100001]
lhs_4                              (select           ) [ 00000000]
sext_ln813_9                       (sext             ) [ 00000000]
sub_ln1420_4                       (sub              ) [ 00100001]
acc_V_29                           (add              ) [ 00100001]
lhs_5                              (select           ) [ 00000000]
sext_ln813_11                      (sext             ) [ 00000000]
sub_ln1420_5                       (sub              ) [ 00100001]
acc_V_32                           (add              ) [ 00100001]
lhs_6                              (select           ) [ 00000000]
sext_ln813_13                      (sext             ) [ 00000000]
sub_ln1420_6                       (sub              ) [ 00100001]
acc_V_35                           (add              ) [ 00100001]
lhs_7                              (select           ) [ 00000000]
sext_ln813_15                      (sext             ) [ 00000000]
sub_ln1420_7                       (sub              ) [ 00100001]
acc_V_38                           (add              ) [ 00100001]
empty                              (speclooptripcount) [ 00000000]
specpipeline_ln125                 (specpipeline     ) [ 00000000]
specloopname_ln100                 (specloopname     ) [ 00000000]
sext_ln813_2                       (sext             ) [ 00000000]
icmp_ln1420                        (icmp             ) [ 00000000]
select_ln808                       (select           ) [ 00000000]
select_ln808_1                     (select           ) [ 00000000]
acc_V_17                           (select           ) [ 00000000]
acc_V_16                           (select           ) [ 00000000]
acc_V_40                           (select           ) [ 01111110]
acc_V_39                           (select           ) [ 01111110]
sext_ln813_4                       (sext             ) [ 00000000]
icmp_ln1420_1                      (icmp             ) [ 00000000]
select_ln808_2                     (select           ) [ 00000000]
select_ln808_3                     (select           ) [ 00000000]
acc_V_19                           (select           ) [ 00000000]
acc_V                              (select           ) [ 00000000]
acc_V_42                           (select           ) [ 01111110]
acc_V_41                           (select           ) [ 01111110]
sext_ln813_6                       (sext             ) [ 00000000]
icmp_ln1420_2                      (icmp             ) [ 00000000]
select_ln808_4                     (select           ) [ 00000000]
select_ln808_5                     (select           ) [ 00000000]
acc_V_22                           (select           ) [ 00000000]
acc_V_21                           (select           ) [ 00000000]
acc_V_44                           (select           ) [ 01111110]
acc_V_43                           (select           ) [ 01111110]
sext_ln813_8                       (sext             ) [ 00000000]
icmp_ln1420_3                      (icmp             ) [ 00000000]
select_ln808_6                     (select           ) [ 00000000]
select_ln808_7                     (select           ) [ 00000000]
acc_V_25                           (select           ) [ 00000000]
acc_V_24                           (select           ) [ 00000000]
acc_V_46                           (select           ) [ 01111110]
acc_V_45                           (select           ) [ 01111110]
sext_ln813_10                      (sext             ) [ 00000000]
icmp_ln1420_4                      (icmp             ) [ 00000000]
select_ln808_8                     (select           ) [ 00000000]
select_ln808_9                     (select           ) [ 00000000]
acc_V_28                           (select           ) [ 00000000]
acc_V_27                           (select           ) [ 00000000]
acc_V_48                           (select           ) [ 01111110]
acc_V_47                           (select           ) [ 01111110]
sext_ln813_12                      (sext             ) [ 00000000]
icmp_ln1420_5                      (icmp             ) [ 00000000]
select_ln808_10                    (select           ) [ 00000000]
select_ln808_11                    (select           ) [ 00000000]
acc_V_31                           (select           ) [ 00000000]
acc_V_30                           (select           ) [ 00000000]
acc_V_50                           (select           ) [ 01111110]
acc_V_49                           (select           ) [ 01111110]
sext_ln813_14                      (sext             ) [ 00000000]
icmp_ln1420_6                      (icmp             ) [ 00000000]
select_ln808_12                    (select           ) [ 00000000]
select_ln808_13                    (select           ) [ 00000000]
acc_V_34                           (select           ) [ 00000000]
acc_V_33                           (select           ) [ 00000000]
acc_V_52                           (select           ) [ 01111110]
acc_V_51                           (select           ) [ 01111110]
sext_ln813_16                      (sext             ) [ 00000000]
icmp_ln1420_7                      (icmp             ) [ 00000000]
select_ln808_14                    (select           ) [ 00000000]
select_ln808_15                    (select           ) [ 00000000]
acc_V_37                           (select           ) [ 00000000]
acc_V_36                           (select           ) [ 00000000]
acc_V_54                           (select           ) [ 01111110]
acc_V_53                           (select           ) [ 01111110]
rend                               (specregionend    ) [ 00000000]
p_s                                (bitconcatenate   ) [ 00000000]
write_ln77                         (write            ) [ 00000000]
return_ln101                       (return           ) [ 00000000]
</LifeTime>

<model>

<comp_list>
<comp id="0" class="1000" name="layer5_out">
<pin_list>
<pin id="1" dir="1" index="0" bw="1" slack="0"/>
</pin_list>
<bind>
<StgValue><ssdm name="layer5_out"/></StgValue>
</bind>
</comp>

<comp id="2" class="1000" name="layer6_out">
<pin_list>
<pin id="3" dir="1" index="0" bw="1" slack="0"/>
</pin_list>
<bind>
<StgValue><ssdm name="layer6_out"/></StgValue>
</bind>
</comp>

<comp id="4" class="1000" name="outidx">
<pin_list>
<pin id="5" dir="1" index="0" bw="1" slack="0"/>
</pin_list>
<bind>
<StgValue><ssdm name="outidx"/><MemPortTyVec>1 </MemPortTyVec>
</StgValue>
</bind>
</comp>

<comp id="6" class="1000" name="w6_V">
<pin_list>
<pin id="7" dir="1" index="0" bw="1" slack="0"/>
</pin_list>
<bind>
<StgValue><ssdm name="w6_V"/><MemPortTyVec>1 1 1 1 1 1 1 1 </MemPortTyVec>
</StgValue>
</bind>
</comp>

<comp id="8" class="1001" name="const_8">
<pin_list>
<pin id="9" dir="1" index="0" bw="1" slack="2147483647"/>
</pin_list>
<bind>
<StgValue><ssdm name="_ssdm_op_SpecInterface"/></StgValue>
</bind>
</comp>

<comp id="10" class="1001" name="const_10">
<pin_list>
<pin id="11" dir="1" index="0" bw="1" slack="2147483647"/>
</pin_list>
<bind>
<StgValue><ssdm name="empty_2"/></StgValue>
</bind>
</comp>

<comp id="12" class="1001" name="const_12">
<pin_list>
<pin id="13" dir="1" index="0" bw="1" slack="2147483647"/>
</pin_list>
<bind>
<StgValue><ssdm name=""/></StgValue>
</bind>
</comp>

<comp id="14" class="1001" name="const_14">
<pin_list>
<pin id="15" dir="1" index="0" bw="1" slack="2147483647"/>
</pin_list>
<bind>
<StgValue><ssdm name="empty_0"/></StgValue>
</bind>
</comp>

<comp id="16" class="1001" name="const_16">
<pin_list>
<pin id="17" dir="1" index="0" bw="1" slack="2147483647"/>
</pin_list>
<bind>
<StgValue><ssdm name=""/></StgValue>
</bind>
</comp>

<comp id="18" class="1001" name="const_18">
<pin_list>
<pin id="19" dir="1" index="0" bw="1" slack="2147483647"/>
</pin_list>
<bind>
<StgValue><ssdm name="_ssdm_op_SpecRegionBegin"/></StgValue>
</bind>
</comp>

<comp id="20" class="1001" name="const_20">
<pin_list>
<pin id="21" dir="1" index="0" bw="1" slack="2147483647"/>
</pin_list>
<bind>
<StgValue><ssdm name="nnet_KD_KD_dense_resource_MD_ap_fixed_MD_8_MC_AC_2_MC_AC_IC_ap_q_mode_JC_5_M"/></StgValue>
</bind>
</comp>

<comp id="22" class="1001" name="const_22">
<pin_list>
<pin id="23" dir="1" index="0" bw="1" slack="0"/>
</pin_list>
<bind>
<StgValue><ssdm name=""/></StgValue>
</bind>
</comp>

<comp id="24" class="1001" name="const_24">
<pin_list>
<pin id="25" dir="1" index="0" bw="1" slack="0"/>
</pin_list>
<bind>
<StgValue><ssdm name=""/></StgValue>
</bind>
</comp>

<comp id="26" class="1001" name="const_26">
<pin_list>
<pin id="27" dir="1" index="0" bw="1" slack="0"/>
</pin_list>
<bind>
<StgValue><ssdm name=""/></StgValue>
</bind>
</comp>

<comp id="28" class="1001" name="const_28">
<pin_list>
<pin id="29" dir="1" index="0" bw="1" slack="0"/>
</pin_list>
<bind>
<StgValue><ssdm name=""/></StgValue>
</bind>
</comp>

<comp id="30" class="1001" name="const_30">
<pin_list>
<pin id="31" dir="1" index="0" bw="1" slack="0"/>
</pin_list>
<bind>
<StgValue><ssdm name=""/></StgValue>
</bind>
</comp>

<comp id="32" class="1001" name="const_32">
<pin_list>
<pin id="33" dir="1" index="0" bw="1" slack="1"/>
</pin_list>
<bind>
<StgValue><ssdm name=""/></StgValue>
</bind>
</comp>

<comp id="34" class="1001" name="const_34">
<pin_list>
<pin id="35" dir="1" index="0" bw="1" slack="0"/>
</pin_list>
<bind>
<StgValue><ssdm name="_ssdm_op_Read.ap_fifo.volatile.i256P0A"/></StgValue>
</bind>
</comp>

<comp id="36" class="1001" name="const_36">
<pin_list>
<pin id="37" dir="1" index="0" bw="1" slack="0"/>
</pin_list>
<bind>
<StgValue><ssdm name="_ssdm_op_PartSelect.i8.i256.i32.i32"/></StgValue>
</bind>
</comp>

<comp id="38" class="1001" name="const_38">
<pin_list>
<pin id="39" dir="1" index="0" bw="1" slack="0"/>
</pin_list>
<bind>
<StgValue><ssdm name=""/></StgValue>
</bind>
</comp>

<comp id="40" class="1001" name="const_40">
<pin_list>
<pin id="41" dir="1" index="0" bw="1" slack="0"/>
</pin_list>
<bind>
<StgValue><ssdm name=""/></StgValue>
</bind>
</comp>

<comp id="42" class="1001" name="const_42">
<pin_list>
<pin id="43" dir="1" index="0" bw="1" slack="0"/>
</pin_list>
<bind>
<StgValue><ssdm name=""/></StgValue>
</bind>
</comp>

<comp id="44" class="1001" name="const_44">
<pin_list>
<pin id="45" dir="1" index="0" bw="1" slack="0"/>
</pin_list>
<bind>
<StgValue><ssdm name=""/></StgValue>
</bind>
</comp>

<comp id="46" class="1001" name="const_46">
<pin_list>
<pin id="47" dir="1" index="0" bw="1" slack="0"/>
</pin_list>
<bind>
<StgValue><ssdm name=""/></StgValue>
</bind>
</comp>

<comp id="48" class="1001" name="const_48">
<pin_list>
<pin id="49" dir="1" index="0" bw="1" slack="0"/>
</pin_list>
<bind>
<StgValue><ssdm name=""/></StgValue>
</bind>
</comp>

<comp id="50" class="1001" name="const_50">
<pin_list>
<pin id="51" dir="1" index="0" bw="1" slack="0"/>
</pin_list>
<bind>
<StgValue><ssdm name=""/></StgValue>
</bind>
</comp>

<comp id="52" class="1001" name="const_52">
<pin_list>
<pin id="53" dir="1" index="0" bw="1" slack="0"/>
</pin_list>
<bind>
<StgValue><ssdm name=""/></StgValue>
</bind>
</comp>

<comp id="54" class="1001" name="const_54">
<pin_list>
<pin id="55" dir="1" index="0" bw="1" slack="0"/>
</pin_list>
<bind>
<StgValue><ssdm name=""/></StgValue>
</bind>
</comp>

<comp id="56" class="1001" name="const_56">
<pin_list>
<pin id="57" dir="1" index="0" bw="1" slack="0"/>
</pin_list>
<bind>
<StgValue><ssdm name=""/></StgValue>
</bind>
</comp>

<comp id="58" class="1001" name="const_58">
<pin_list>
<pin id="59" dir="1" index="0" bw="1" slack="0"/>
</pin_list>
<bind>
<StgValue><ssdm name=""/></StgValue>
</bind>
</comp>

<comp id="60" class="1001" name="const_60">
<pin_list>
<pin id="61" dir="1" index="0" bw="1" slack="0"/>
</pin_list>
<bind>
<StgValue><ssdm name=""/></StgValue>
</bind>
</comp>

<comp id="62" class="1001" name="const_62">
<pin_list>
<pin id="63" dir="1" index="0" bw="1" slack="0"/>
</pin_list>
<bind>
<StgValue><ssdm name=""/></StgValue>
</bind>
</comp>

<comp id="64" class="1001" name="const_64">
<pin_list>
<pin id="65" dir="1" index="0" bw="1" slack="0"/>
</pin_list>
<bind>
<StgValue><ssdm name=""/></StgValue>
</bind>
</comp>

<comp id="66" class="1001" name="const_66">
<pin_list>
<pin id="67" dir="1" index="0" bw="1" slack="0"/>
</pin_list>
<bind>
<StgValue><ssdm name=""/></StgValue>
</bind>
</comp>

<comp id="68" class="1001" name="const_68">
<pin_list>
<pin id="69" dir="1" index="0" bw="1" slack="0"/>
</pin_list>
<bind>
<StgValue><ssdm name=""/></StgValue>
</bind>
</comp>

<comp id="70" class="1001" name="const_70">
<pin_list>
<pin id="71" dir="1" index="0" bw="1" slack="0"/>
</pin_list>
<bind>
<StgValue><ssdm name=""/></StgValue>
</bind>
</comp>

<comp id="72" class="1001" name="const_72">
<pin_list>
<pin id="73" dir="1" index="0" bw="1" slack="0"/>
</pin_list>
<bind>
<StgValue><ssdm name=""/></StgValue>
</bind>
</comp>

<comp id="74" class="1001" name="const_74">
<pin_list>
<pin id="75" dir="1" index="0" bw="1" slack="0"/>
</pin_list>
<bind>
<StgValue><ssdm name=""/></StgValue>
</bind>
</comp>

<comp id="76" class="1001" name="const_76">
<pin_list>
<pin id="77" dir="1" index="0" bw="1" slack="0"/>
</pin_list>
<bind>
<StgValue><ssdm name=""/></StgValue>
</bind>
</comp>

<comp id="78" class="1001" name="const_78">
<pin_list>
<pin id="79" dir="1" index="0" bw="1" slack="0"/>
</pin_list>
<bind>
<StgValue><ssdm name=""/></StgValue>
</bind>
</comp>

<comp id="80" class="1001" name="const_80">
<pin_list>
<pin id="81" dir="1" index="0" bw="1" slack="0"/>
</pin_list>
<bind>
<StgValue><ssdm name=""/></StgValue>
</bind>
</comp>

<comp id="82" class="1001" name="const_82">
<pin_list>
<pin id="83" dir="1" index="0" bw="1" slack="0"/>
</pin_list>
<bind>
<StgValue><ssdm name=""/></StgValue>
</bind>
</comp>

<comp id="84" class="1001" name="const_84">
<pin_list>
<pin id="85" dir="1" index="0" bw="1" slack="0"/>
</pin_list>
<bind>
<StgValue><ssdm name=""/></StgValue>
</bind>
</comp>

<comp id="86" class="1001" name="const_86">
<pin_list>
<pin id="87" dir="1" index="0" bw="1" slack="0"/>
</pin_list>
<bind>
<StgValue><ssdm name=""/></StgValue>
</bind>
</comp>

<comp id="88" class="1001" name="const_88">
<pin_list>
<pin id="89" dir="1" index="0" bw="1" slack="0"/>
</pin_list>
<bind>
<StgValue><ssdm name=""/></StgValue>
</bind>
</comp>

<comp id="90" class="1001" name="const_90">
<pin_list>
<pin id="91" dir="1" index="0" bw="1" slack="0"/>
</pin_list>
<bind>
<StgValue><ssdm name=""/></StgValue>
</bind>
</comp>

<comp id="92" class="1001" name="const_92">
<pin_list>
<pin id="93" dir="1" index="0" bw="1" slack="0"/>
</pin_list>
<bind>
<StgValue><ssdm name=""/></StgValue>
</bind>
</comp>

<comp id="94" class="1001" name="const_94">
<pin_list>
<pin id="95" dir="1" index="0" bw="1" slack="0"/>
</pin_list>
<bind>
<StgValue><ssdm name=""/></StgValue>
</bind>
</comp>

<comp id="96" class="1001" name="const_96">
<pin_list>
<pin id="97" dir="1" index="0" bw="1" slack="0"/>
</pin_list>
<bind>
<StgValue><ssdm name=""/></StgValue>
</bind>
</comp>

<comp id="98" class="1001" name="const_98">
<pin_list>
<pin id="99" dir="1" index="0" bw="1" slack="0"/>
</pin_list>
<bind>
<StgValue><ssdm name=""/></StgValue>
</bind>
</comp>

<comp id="100" class="1001" name="const_100">
<pin_list>
<pin id="101" dir="1" index="0" bw="1" slack="0"/>
</pin_list>
<bind>
<StgValue><ssdm name=""/></StgValue>
</bind>
</comp>

<comp id="102" class="1001" name="const_102">
<pin_list>
<pin id="103" dir="1" index="0" bw="1" slack="0"/>
</pin_list>
<bind>
<StgValue><ssdm name=""/></StgValue>
</bind>
</comp>

<comp id="104" class="1001" name="const_104">
<pin_list>
<pin id="105" dir="1" index="0" bw="1" slack="0"/>
</pin_list>
<bind>
<StgValue><ssdm name=""/></StgValue>
</bind>
</comp>

<comp id="106" class="1001" name="const_106">
<pin_list>
<pin id="107" dir="1" index="0" bw="1" slack="0"/>
</pin_list>
<bind>
<StgValue><ssdm name=""/></StgValue>
</bind>
</comp>

<comp id="108" class="1001" name="const_108">
<pin_list>
<pin id="109" dir="1" index="0" bw="1" slack="0"/>
</pin_list>
<bind>
<StgValue><ssdm name=""/></StgValue>
</bind>
</comp>

<comp id="110" class="1001" name="const_110">
<pin_list>
<pin id="111" dir="1" index="0" bw="1" slack="0"/>
</pin_list>
<bind>
<StgValue><ssdm name=""/></StgValue>
</bind>
</comp>

<comp id="112" class="1001" name="const_112">
<pin_list>
<pin id="113" dir="1" index="0" bw="1" slack="0"/>
</pin_list>
<bind>
<StgValue><ssdm name=""/></StgValue>
</bind>
</comp>

<comp id="114" class="1001" name="const_114">
<pin_list>
<pin id="115" dir="1" index="0" bw="1" slack="0"/>
</pin_list>
<bind>
<StgValue><ssdm name=""/></StgValue>
</bind>
</comp>

<comp id="116" class="1001" name="const_116">
<pin_list>
<pin id="117" dir="1" index="0" bw="1" slack="0"/>
</pin_list>
<bind>
<StgValue><ssdm name=""/></StgValue>
</bind>
</comp>

<comp id="118" class="1001" name="const_118">
<pin_list>
<pin id="119" dir="1" index="0" bw="1" slack="0"/>
</pin_list>
<bind>
<StgValue><ssdm name=""/></StgValue>
</bind>
</comp>

<comp id="120" class="1001" name="const_120">
<pin_list>
<pin id="121" dir="1" index="0" bw="1" slack="0"/>
</pin_list>
<bind>
<StgValue><ssdm name=""/></StgValue>
</bind>
</comp>

<comp id="122" class="1001" name="const_122">
<pin_list>
<pin id="123" dir="1" index="0" bw="1" slack="0"/>
</pin_list>
<bind>
<StgValue><ssdm name=""/></StgValue>
</bind>
</comp>

<comp id="124" class="1001" name="const_124">
<pin_list>
<pin id="125" dir="1" index="0" bw="1" slack="0"/>
</pin_list>
<bind>
<StgValue><ssdm name=""/></StgValue>
</bind>
</comp>

<comp id="126" class="1001" name="const_126">
<pin_list>
<pin id="127" dir="1" index="0" bw="1" slack="0"/>
</pin_list>
<bind>
<StgValue><ssdm name=""/></StgValue>
</bind>
</comp>

<comp id="128" class="1001" name="const_128">
<pin_list>
<pin id="129" dir="1" index="0" bw="1" slack="0"/>
</pin_list>
<bind>
<StgValue><ssdm name=""/></StgValue>
</bind>
</comp>

<comp id="130" class="1001" name="const_130">
<pin_list>
<pin id="131" dir="1" index="0" bw="1" slack="0"/>
</pin_list>
<bind>
<StgValue><ssdm name=""/></StgValue>
</bind>
</comp>

<comp id="132" class="1001" name="const_132">
<pin_list>
<pin id="133" dir="1" index="0" bw="1" slack="0"/>
</pin_list>
<bind>
<StgValue><ssdm name=""/></StgValue>
</bind>
</comp>

<comp id="134" class="1001" name="const_134">
<pin_list>
<pin id="135" dir="1" index="0" bw="1" slack="0"/>
</pin_list>
<bind>
<StgValue><ssdm name=""/></StgValue>
</bind>
</comp>

<comp id="136" class="1001" name="const_136">
<pin_list>
<pin id="137" dir="1" index="0" bw="1" slack="0"/>
</pin_list>
<bind>
<StgValue><ssdm name=""/></StgValue>
</bind>
</comp>

<comp id="138" class="1001" name="const_138">
<pin_list>
<pin id="139" dir="1" index="0" bw="1" slack="0"/>
</pin_list>
<bind>
<StgValue><ssdm name=""/></StgValue>
</bind>
</comp>

<comp id="140" class="1001" name="const_140">
<pin_list>
<pin id="141" dir="1" index="0" bw="1" slack="0"/>
</pin_list>
<bind>
<StgValue><ssdm name=""/></StgValue>
</bind>
</comp>

<comp id="142" class="1001" name="const_142">
<pin_list>
<pin id="143" dir="1" index="0" bw="1" slack="0"/>
</pin_list>
<bind>
<StgValue><ssdm name=""/></StgValue>
</bind>
</comp>

<comp id="144" class="1001" name="const_144">
<pin_list>
<pin id="145" dir="1" index="0" bw="1" slack="0"/>
</pin_list>
<bind>
<StgValue><ssdm name=""/></StgValue>
</bind>
</comp>

<comp id="146" class="1001" name="const_146">
<pin_list>
<pin id="147" dir="1" index="0" bw="1" slack="0"/>
</pin_list>
<bind>
<StgValue><ssdm name=""/></StgValue>
</bind>
</comp>

<comp id="148" class="1001" name="const_148">
<pin_list>
<pin id="149" dir="1" index="0" bw="1" slack="0"/>
</pin_list>
<bind>
<StgValue><ssdm name=""/></StgValue>
</bind>
</comp>

<comp id="150" class="1001" name="const_150">
<pin_list>
<pin id="151" dir="1" index="0" bw="1" slack="0"/>
</pin_list>
<bind>
<StgValue><ssdm name=""/></StgValue>
</bind>
</comp>

<comp id="152" class="1001" name="const_152">
<pin_list>
<pin id="153" dir="1" index="0" bw="1" slack="0"/>
</pin_list>
<bind>
<StgValue><ssdm name=""/></StgValue>
</bind>
</comp>

<comp id="154" class="1001" name="const_154">
<pin_list>
<pin id="155" dir="1" index="0" bw="1" slack="0"/>
</pin_list>
<bind>
<StgValue><ssdm name=""/></StgValue>
</bind>
</comp>

<comp id="156" class="1001" name="const_156">
<pin_list>
<pin id="157" dir="1" index="0" bw="1" slack="0"/>
</pin_list>
<bind>
<StgValue><ssdm name=""/></StgValue>
</bind>
</comp>

<comp id="158" class="1001" name="const_158">
<pin_list>
<pin id="159" dir="1" index="0" bw="1" slack="0"/>
</pin_list>
<bind>
<StgValue><ssdm name=""/></StgValue>
</bind>
</comp>

<comp id="160" class="1001" name="const_160">
<pin_list>
<pin id="161" dir="1" index="0" bw="1" slack="0"/>
</pin_list>
<bind>
<StgValue><ssdm name=""/></StgValue>
</bind>
</comp>

<comp id="162" class="1001" name="const_162">
<pin_list>
<pin id="163" dir="1" index="0" bw="1" slack="0"/>
</pin_list>
<bind>
<StgValue><ssdm name=""/></StgValue>
</bind>
</comp>

<comp id="164" class="1001" name="const_164">
<pin_list>
<pin id="165" dir="1" index="0" bw="1" slack="0"/>
</pin_list>
<bind>
<StgValue><ssdm name="_ssdm_op_BitConcatenate.i7.i1.i6"/></StgValue>
</bind>
</comp>

<comp id="166" class="1001" name="const_166">
<pin_list>
<pin id="167" dir="1" index="0" bw="1" slack="0"/>
</pin_list>
<bind>
<StgValue><ssdm name="_ssdm_op_BitConcatenate.i8.i1.i7"/></StgValue>
</bind>
</comp>

<comp id="168" class="1001" name="const_168">
<pin_list>
<pin id="169" dir="1" index="0" bw="1" slack="0"/>
</pin_list>
<bind>
<StgValue><ssdm name="_ssdm_op_BitConcatenate.i9.i2.i7"/></StgValue>
</bind>
</comp>

<comp id="170" class="1001" name="const_170">
<pin_list>
<pin id="171" dir="1" index="0" bw="1" slack="0"/>
</pin_list>
<bind>
<StgValue><ssdm name=""/></StgValue>
</bind>
</comp>

<comp id="172" class="1001" name="const_172">
<pin_list>
<pin id="173" dir="1" index="0" bw="1" slack="0"/>
</pin_list>
<bind>
<StgValue><ssdm name="_ssdm_op_BitConcatenate.i9.i3.i6"/></StgValue>
</bind>
</comp>

<comp id="174" class="1001" name="const_174">
<pin_list>
<pin id="175" dir="1" index="0" bw="1" slack="0"/>
</pin_list>
<bind>
<StgValue><ssdm name=""/></StgValue>
</bind>
</comp>

<comp id="176" class="1001" name="const_176">
<pin_list>
<pin id="177" dir="1" index="0" bw="1" slack="0"/>
</pin_list>
<bind>
<StgValue><ssdm name=""/></StgValue>
</bind>
</comp>

<comp id="178" class="1001" name="const_178">
<pin_list>
<pin id="179" dir="1" index="0" bw="1" slack="0"/>
</pin_list>
<bind>
<StgValue><ssdm name="_ssdm_op_Mux.ap_auto.32i8.i5"/></StgValue>
</bind>
</comp>

<comp id="180" class="1001" name="const_180">
<pin_list>
<pin id="181" dir="1" index="0" bw="1" slack="0"/>
</pin_list>
<bind>
<StgValue><ssdm name=""/></StgValue>
</bind>
</comp>

<comp id="182" class="1001" name="const_182">
<pin_list>
<pin id="183" dir="1" index="0" bw="1" slack="0"/>
</pin_list>
<bind>
<StgValue><ssdm name="_ssdm_op_BitSelect.i1.i6.i32"/></StgValue>
</bind>
</comp>

<comp id="184" class="1001" name="const_184">
<pin_list>
<pin id="185" dir="1" index="0" bw="1" slack="0"/>
</pin_list>
<bind>
<StgValue><ssdm name=""/></StgValue>
</bind>
</comp>

<comp id="186" class="1001" name="const_186">
<pin_list>
<pin id="187" dir="1" index="0" bw="1" slack="0"/>
</pin_list>
<bind>
<StgValue><ssdm name="_ssdm_op_PartSelect.i8.i13.i32.i32"/></StgValue>
</bind>
</comp>

<comp id="188" class="1001" name="const_188">
<pin_list>
<pin id="189" dir="1" index="0" bw="1" slack="0"/>
</pin_list>
<bind>
<StgValue><ssdm name=""/></StgValue>
</bind>
</comp>

<comp id="190" class="1001" name="const_190">
<pin_list>
<pin id="191" dir="1" index="0" bw="1" slack="4"/>
</pin_list>
<bind>
<StgValue><ssdm name=""/></StgValue>
</bind>
</comp>

<comp id="192" class="1001" name="const_192">
<pin_list>
<pin id="193" dir="1" index="0" bw="1" slack="0"/>
</pin_list>
<bind>
<StgValue><ssdm name=""/></StgValue>
</bind>
</comp>

<comp id="194" class="1001" name="const_194">
<pin_list>
<pin id="195" dir="1" index="0" bw="1" slack="0"/>
</pin_list>
<bind>
<StgValue><ssdm name=""/></StgValue>
</bind>
</comp>

<comp id="196" class="1001" name="const_196">
<pin_list>
<pin id="197" dir="1" index="0" bw="1" slack="2147483647"/>
</pin_list>
<bind>
<StgValue><ssdm name="_ssdm_op_SpecLoopTripCount"/></StgValue>
</bind>
</comp>

<comp id="198" class="1001" name="const_198">
<pin_list>
<pin id="199" dir="1" index="0" bw="1" slack="2147483647"/>
</pin_list>
<bind>
<StgValue><ssdm name=""/></StgValue>
</bind>
</comp>

<comp id="200" class="1001" name="const_200">
<pin_list>
<pin id="201" dir="1" index="0" bw="1" slack="2147483647"/>
</pin_list>
<bind>
<StgValue><ssdm name="_ssdm_op_SpecPipeline"/></StgValue>
</bind>
</comp>

<comp id="202" class="1001" name="const_202">
<pin_list>
<pin id="203" dir="1" index="0" bw="1" slack="2147483647"/>
</pin_list>
<bind>
<StgValue><ssdm name=""/></StgValue>
</bind>
</comp>

<comp id="204" class="1001" name="const_204">
<pin_list>
<pin id="205" dir="1" index="0" bw="1" slack="2147483647"/>
</pin_list>
<bind>
<StgValue><ssdm name="_ssdm_op_SpecLoopName"/></StgValue>
</bind>
</comp>

<comp id="206" class="1001" name="const_206">
<pin_list>
<pin id="207" dir="1" index="0" bw="1" slack="2147483647"/>
</pin_list>
<bind>
<StgValue><ssdm name="empty_3"/></StgValue>
</bind>
</comp>

<comp id="208" class="1001" name="const_208">
<pin_list>
<pin id="209" dir="1" index="0" bw="1" slack="2147483647"/>
</pin_list>
<bind>
<StgValue><ssdm name="_ssdm_op_SpecRegionEnd"/></StgValue>
</bind>
</comp>

<comp id="210" class="1001" name="const_210">
<pin_list>
<pin id="211" dir="1" index="0" bw="1" slack="0"/>
</pin_list>
<bind>
<StgValue><ssdm name="_ssdm_op_BitConcatenate.i128.i8.i8.i8.i8.i8.i8.i8.i8.i8.i8.i8.i8.i8.i8.i8.i8"/></StgValue>
</bind>
</comp>

<comp id="212" class="1001" name="const_212">
<pin_list>
<pin id="213" dir="1" index="0" bw="1" slack="0"/>
</pin_list>
<bind>
<StgValue><ssdm name="_ssdm_op_Write.ap_fifo.volatile.i128P0A"/></StgValue>
</bind>
</comp>

<comp id="214" class="1004" name="layer5_out_read_read_fu_214">
<pin_list>
<pin id="215" dir="0" index="0" bw="256" slack="0"/>
<pin id="216" dir="0" index="1" bw="256" slack="0"/>
<pin id="217" dir="1" index="2" bw="256" slack="0"/>
</pin_list>
<bind>
<opcode="read(1150) " fcode="read"/>
<opset="layer5_out_read/3 "/>
</bind>
</comp>

<comp id="220" class="1004" name="write_ln77_write_fu_220">
<pin_list>
<pin id="221" dir="0" index="0" bw="0" slack="0"/>
<pin id="222" dir="0" index="1" bw="128" slack="0"/>
<pin id="223" dir="0" index="2" bw="128" slack="0"/>
<pin id="224" dir="1" index="3" bw="0" slack="2147483647"/>
</pin_list>
<bind>
<opcode="write(1151) " fcode="write"/>
<opset="write_ln77/7 "/>
</bind>
</comp>

<comp id="227" class="1004" name="outidx_addr_gep_fu_227">
<pin_list>
<pin id="228" dir="0" index="0" bw="1" slack="0"/>
<pin id="229" dir="0" index="1" bw="1" slack="0"/>
<pin id="230" dir="0" index="2" bw="6" slack="0"/>
<pin id="231" dir="1" index="3" bw="6" slack="0"/>
</pin_list>
<bind>
<opcode="getelementptr(29) " fcode="getelementptr"/>
<opset="outidx_addr/3 "/>
</bind>
</comp>

<comp id="234" class="1004" name="grp_access_fu_234">
<pin_list>
<pin id="235" dir="0" index="0" bw="6" slack="0"/>
<pin id="236" dir="0" index="1" bw="1" slack="2147483647"/>
<pin id="237" dir="0" index="2" bw="0" slack="2147483647"/>
<pin id="238" dir="1" index="3" bw="1" slack="2"/>
</pin_list>
<bind>
<opcode="load(27) " fcode="load"/>
<opset="out_index/3 "/>
</bind>
</comp>

<comp id="240" class="1004" name="w6_V_addr_gep_fu_240">
<pin_list>
<pin id="241" dir="0" index="0" bw="8" slack="0"/>
<pin id="242" dir="0" index="1" bw="1" slack="0"/>
<pin id="243" dir="0" index="2" bw="6" slack="0"/>
<pin id="244" dir="1" index="3" bw="9" slack="0"/>
</pin_list>
<bind>
<opcode="getelementptr(29) " fcode="getelementptr"/>
<opset="w6_V_addr/3 "/>
</bind>
</comp>

<comp id="247" class="1004" name="grp_access_fu_247">
<pin_list>
<pin id="248" dir="0" index="0" bw="9" slack="0"/>
<pin id="249" dir="0" index="1" bw="8" slack="2147483647"/>
<pin id="250" dir="0" index="2" bw="0" slack="0"/>
<pin id="252" dir="0" index="4" bw="9" slack="2147483647"/>
<pin id="253" dir="0" index="5" bw="8" slack="0"/>
<pin id="254" dir="0" index="6" bw="0" slack="2147483647"/>
<pin id="256" dir="0" index="8" bw="9" slack="0"/>
<pin id="257" dir="0" index="9" bw="8" slack="2147483647"/>
<pin id="258" dir="0" index="10" bw="0" slack="0"/>
<pin id="260" dir="0" index="12" bw="9" slack="2147483647"/>
<pin id="261" dir="0" index="13" bw="8" slack="0"/>
<pin id="262" dir="0" index="14" bw="0" slack="2147483647"/>
<pin id="264" dir="0" index="16" bw="9" slack="0"/>
<pin id="265" dir="0" index="17" bw="8" slack="2147483647"/>
<pin id="266" dir="0" index="18" bw="0" slack="0"/>
<pin id="268" dir="0" index="20" bw="9" slack="2147483647"/>
<pin id="269" dir="0" index="21" bw="8" slack="2147483647"/>
<pin id="270" dir="0" index="22" bw="0" slack="2147483647"/>
<pin id="272" dir="0" index="24" bw="9" slack="2147483647"/>
<pin id="273" dir="0" index="25" bw="8" slack="2147483647"/>
<pin id="274" dir="0" index="26" bw="0" slack="2147483647"/>
<pin id="276" dir="0" index="28" bw="9" slack="2147483647"/>
<pin id="277" dir="0" index="29" bw="8" slack="2147483647"/>
<pin id="278" dir="0" index="30" bw="0" slack="2147483647"/>
<pin id="251" dir="1" index="3" bw="8" slack="1"/>
<pin id="255" dir="1" index="7" bw="8" slack="1"/>
<pin id="259" dir="1" index="11" bw="8" slack="1"/>
<pin id="263" dir="1" index="15" bw="8" slack="1"/>
<pin id="267" dir="1" index="19" bw="8" slack="1"/>
<pin id="271" dir="1" index="23" bw="8" slack="1"/>
<pin id="275" dir="1" index="27" bw="8" slack="1"/>
<pin id="279" dir="1" index="31" bw="8" slack="1"/>
</pin_list>
<bind>
<opcode="load(27) " fcode="load"/>
<opset="w_V/3 w_V_1/3 w_V_2/3 w_V_3/3 w_V_4/3 w_V_5/3 w_V_6/3 w_V_7/3 "/>
</bind>
</comp>

<comp id="281" class="1004" name="w6_V_addr_1_gep_fu_281">
<pin_list>
<pin id="282" dir="0" index="0" bw="8" slack="0"/>
<pin id="283" dir="0" index="1" bw="1" slack="0"/>
<pin id="284" dir="0" index="2" bw="7" slack="0"/>
<pin id="285" dir="1" index="3" bw="9" slack="0"/>
</pin_list>
<bind>
<opcode="getelementptr(29) " fcode="getelementptr"/>
<opset="w6_V_addr_1/3 "/>
</bind>
</comp>

<comp id="289" class="1004" name="w6_V_addr_2_gep_fu_289">
<pin_list>
<pin id="290" dir="0" index="0" bw="8" slack="0"/>
<pin id="291" dir="0" index="1" bw="1" slack="0"/>
<pin id="292" dir="0" index="2" bw="8" slack="0"/>
<pin id="293" dir="1" index="3" bw="9" slack="0"/>
</pin_list>
<bind>
<opcode="getelementptr(29) " fcode="getelementptr"/>
<opset="w6_V_addr_2/3 "/>
</bind>
</comp>

<comp id="297" class="1004" name="w6_V_addr_3_gep_fu_297">
<pin_list>
<pin id="298" dir="0" index="0" bw="8" slack="0"/>
<pin id="299" dir="0" index="1" bw="1" slack="0"/>
<pin id="300" dir="0" index="2" bw="8" slack="0"/>
<pin id="301" dir="1" index="3" bw="9" slack="0"/>
</pin_list>
<bind>
<opcode="getelementptr(29) " fcode="getelementptr"/>
<opset="w6_V_addr_3/3 "/>
</bind>
</comp>

<comp id="305" class="1004" name="w6_V_addr_4_gep_fu_305">
<pin_list>
<pin id="306" dir="0" index="0" bw="8" slack="0"/>
<pin id="307" dir="0" index="1" bw="1" slack="0"/>
<pin id="308" dir="0" index="2" bw="9" slack="0"/>
<pin id="309" dir="1" index="3" bw="9" slack="0"/>
</pin_list>
<bind>
<opcode="getelementptr(29) " fcode="getelementptr"/>
<opset="w6_V_addr_4/3 "/>
</bind>
</comp>

<comp id="313" class="1004" name="w6_V_addr_5_gep_fu_313">
<pin_list>
<pin id="314" dir="0" index="0" bw="8" slack="0"/>
<pin id="315" dir="0" index="1" bw="1" slack="0"/>
<pin id="316" dir="0" index="2" bw="9" slack="0"/>
<pin id="317" dir="1" index="3" bw="9" slack="0"/>
</pin_list>
<bind>
<opcode="getelementptr(29) " fcode="getelementptr"/>
<opset="w6_V_addr_5/3 "/>
</bind>
</comp>

<comp id="321" class="1004" name="w6_V_addr_6_gep_fu_321">
<pin_list>
<pin id="322" dir="0" index="0" bw="8" slack="0"/>
<pin id="323" dir="0" index="1" bw="1" slack="0"/>
<pin id="324" dir="0" index="2" bw="9" slack="0"/>
<pin id="325" dir="1" index="3" bw="9" slack="0"/>
</pin_list>
<bind>
<opcode="getelementptr(29) " fcode="getelementptr"/>
<opset="w6_V_addr_6/3 "/>
</bind>
</comp>

<comp id="329" class="1004" name="w6_V_addr_7_gep_fu_329">
<pin_list>
<pin id="330" dir="0" index="0" bw="8" slack="0"/>
<pin id="331" dir="0" index="1" bw="1" slack="0"/>
<pin id="332" dir="0" index="2" bw="9" slack="0"/>
<pin id="333" dir="1" index="3" bw="9" slack="0"/>
</pin_list>
<bind>
<opcode="getelementptr(29) " fcode="getelementptr"/>
<opset="w6_V_addr_7/3 "/>
</bind>
</comp>

<comp id="337" class="1005" name="do_init_reg_337">
<pin_list>
<pin id="338" dir="0" index="0" bw="1" slack="1"/>
<pin id="339" dir="1" index="1" bw="1" slack="1"/>
</pin_list>
<bind>
<opset="do_init (phireg) "/>
</bind>
</comp>

<comp id="341" class="1004" name="do_init_phi_fu_341">
<pin_list>
<pin id="342" dir="0" index="0" bw="1" slack="1"/>
<pin id="343" dir="0" index="1" bw="0" slack="2147483647"/>
<pin id="344" dir="0" index="2" bw="1" slack="0"/>
<pin id="345" dir="0" index="3" bw="0" slack="2147483647"/>
<pin id="346" dir="0" index="4" bw="1" slack="0"/>
<pin id="347" dir="0" index="5" bw="0" slack="2147483647"/>
<pin id="348" dir="1" index="6" bw="1" slack="1"/>
</pin_list>
<bind>
<opcode="phi(47) " fcode="phi"/>
<opset="do_init/2 "/>
</bind>
</comp>

<comp id="353" class="1005" name="ir83_reg_353">
<pin_list>
<pin id="354" dir="0" index="0" bw="6" slack="1"/>
<pin id="355" dir="1" index="1" bw="6" slack="1"/>
</pin_list>
<bind>
<opset="ir83 (phireg) "/>
</bind>
</comp>

<comp id="357" class="1004" name="ir83_phi_fu_357">
<pin_list>
<pin id="358" dir="0" index="0" bw="1" slack="1"/>
<pin id="359" dir="0" index="1" bw="0" slack="2147483647"/>
<pin id="360" dir="0" index="2" bw="6" slack="0"/>
<pin id="361" dir="0" index="3" bw="0" slack="2147483647"/>
<pin id="362" dir="0" index="4" bw="1" slack="0"/>
<pin id="363" dir="0" index="5" bw="0" slack="2147483647"/>
<pin id="364" dir="1" index="6" bw="6" slack="0"/>
</pin_list>
<bind>
<opcode="phi(47) " fcode="phi"/>
<opset="ir83/2 "/>
</bind>
</comp>

<comp id="368" class="1005" name="data_V_28_rewind_reg_368">
<pin_list>
<pin id="369" dir="0" index="0" bw="8" slack="1"/>
<pin id="370" dir="1" index="1" bw="8" slack="1"/>
</pin_list>
<bind>
<opset="data_V_28_rewind (phireg) "/>
</bind>
</comp>

<comp id="372" class="1004" name="data_V_28_rewind_phi_fu_372">
<pin_list>
<pin id="373" dir="0" index="0" bw="1" slack="2"/>
<pin id="374" dir="0" index="1" bw="0" slack="2147483647"/>
<pin id="375" dir="0" index="2" bw="8" slack="0"/>
<pin id="376" dir="0" index="3" bw="0" slack="2147483647"/>
<pin id="377" dir="0" index="4" bw="1" slack="1"/>
<pin id="378" dir="0" index="5" bw="0" slack="2147483647"/>
<pin id="379" dir="1" index="6" bw="8" slack="0"/>
</pin_list>
<bind>
<opcode="phi(47) " fcode="phi"/>
<opset="data_V_28_rewind/3 "/>
</bind>
</comp>

<comp id="382" class="1005" name="data_V_27_rewind_reg_382">
<pin_list>
<pin id="383" dir="0" index="0" bw="8" slack="1"/>
<pin id="384" dir="1" index="1" bw="8" slack="1"/>
</pin_list>
<bind>
<opset="data_V_27_rewind (phireg) "/>
</bind>
</comp>

<comp id="386" class="1004" name="data_V_27_rewind_phi_fu_386">
<pin_list>
<pin id="387" dir="0" index="0" bw="1" slack="2"/>
<pin id="388" dir="0" index="1" bw="0" slack="2147483647"/>
<pin id="389" dir="0" index="2" bw="8" slack="0"/>
<pin id="390" dir="0" index="3" bw="0" slack="2147483647"/>
<pin id="391" dir="0" index="4" bw="1" slack="1"/>
<pin id="392" dir="0" index="5" bw="0" slack="2147483647"/>
<pin id="393" dir="1" index="6" bw="8" slack="0"/>
</pin_list>
<bind>
<opcode="phi(47) " fcode="phi"/>
<opset="data_V_27_rewind/3 "/>
</bind>
</comp>

<comp id="396" class="1005" name="data_V_26_rewind_reg_396">
<pin_list>
<pin id="397" dir="0" index="0" bw="8" slack="1"/>
<pin id="398" dir="1" index="1" bw="8" slack="1"/>
</pin_list>
<bind>
<opset="data_V_26_rewind (phireg) "/>
</bind>
</comp>

<comp id="400" class="1004" name="data_V_26_rewind_phi_fu_400">
<pin_list>
<pin id="401" dir="0" index="0" bw="1" slack="2"/>
<pin id="402" dir="0" index="1" bw="0" slack="2147483647"/>
<pin id="403" dir="0" index="2" bw="8" slack="0"/>
<pin id="404" dir="0" index="3" bw="0" slack="2147483647"/>
<pin id="405" dir="0" index="4" bw="1" slack="1"/>
<pin id="406" dir="0" index="5" bw="0" slack="2147483647"/>
<pin id="407" dir="1" index="6" bw="8" slack="0"/>
</pin_list>
<bind>
<opcode="phi(47) " fcode="phi"/>
<opset="data_V_26_rewind/3 "/>
</bind>
</comp>

<comp id="410" class="1005" name="data_V_25_rewind_reg_410">
<pin_list>
<pin id="411" dir="0" index="0" bw="8" slack="1"/>
<pin id="412" dir="1" index="1" bw="8" slack="1"/>
</pin_list>
<bind>
<opset="data_V_25_rewind (phireg) "/>
</bind>
</comp>

<comp id="414" class="1004" name="data_V_25_rewind_phi_fu_414">
<pin_list>
<pin id="415" dir="0" index="0" bw="1" slack="2"/>
<pin id="416" dir="0" index="1" bw="0" slack="2147483647"/>
<pin id="417" dir="0" index="2" bw="8" slack="0"/>
<pin id="418" dir="0" index="3" bw="0" slack="2147483647"/>
<pin id="419" dir="0" index="4" bw="1" slack="1"/>
<pin id="420" dir="0" index="5" bw="0" slack="2147483647"/>
<pin id="421" dir="1" index="6" bw="8" slack="0"/>
</pin_list>
<bind>
<opcode="phi(47) " fcode="phi"/>
<opset="data_V_25_rewind/3 "/>
</bind>
</comp>

<comp id="424" class="1005" name="data_V_24_rewind_reg_424">
<pin_list>
<pin id="425" dir="0" index="0" bw="8" slack="1"/>
<pin id="426" dir="1" index="1" bw="8" slack="1"/>
</pin_list>
<bind>
<opset="data_V_24_rewind (phireg) "/>
</bind>
</comp>

<comp id="428" class="1004" name="data_V_24_rewind_phi_fu_428">
<pin_list>
<pin id="429" dir="0" index="0" bw="1" slack="2"/>
<pin id="430" dir="0" index="1" bw="0" slack="2147483647"/>
<pin id="431" dir="0" index="2" bw="8" slack="0"/>
<pin id="432" dir="0" index="3" bw="0" slack="2147483647"/>
<pin id="433" dir="0" index="4" bw="1" slack="1"/>
<pin id="434" dir="0" index="5" bw="0" slack="2147483647"/>
<pin id="435" dir="1" index="6" bw="8" slack="0"/>
</pin_list>
<bind>
<opcode="phi(47) " fcode="phi"/>
<opset="data_V_24_rewind/3 "/>
</bind>
</comp>

<comp id="438" class="1005" name="data_V_23_rewind_reg_438">
<pin_list>
<pin id="439" dir="0" index="0" bw="8" slack="1"/>
<pin id="440" dir="1" index="1" bw="8" slack="1"/>
</pin_list>
<bind>
<opset="data_V_23_rewind (phireg) "/>
</bind>
</comp>

<comp id="442" class="1004" name="data_V_23_rewind_phi_fu_442">
<pin_list>
<pin id="443" dir="0" index="0" bw="1" slack="2"/>
<pin id="444" dir="0" index="1" bw="0" slack="2147483647"/>
<pin id="445" dir="0" index="2" bw="8" slack="0"/>
<pin id="446" dir="0" index="3" bw="0" slack="2147483647"/>
<pin id="447" dir="0" index="4" bw="1" slack="1"/>
<pin id="448" dir="0" index="5" bw="0" slack="2147483647"/>
<pin id="449" dir="1" index="6" bw="8" slack="0"/>
</pin_list>
<bind>
<opcode="phi(47) " fcode="phi"/>
<opset="data_V_23_rewind/3 "/>
</bind>
</comp>

<comp id="452" class="1005" name="data_V_22_rewind_reg_452">
<pin_list>
<pin id="453" dir="0" index="0" bw="8" slack="1"/>
<pin id="454" dir="1" index="1" bw="8" slack="1"/>
</pin_list>
<bind>
<opset="data_V_22_rewind (phireg) "/>
</bind>
</comp>

<comp id="456" class="1004" name="data_V_22_rewind_phi_fu_456">
<pin_list>
<pin id="457" dir="0" index="0" bw="1" slack="2"/>
<pin id="458" dir="0" index="1" bw="0" slack="2147483647"/>
<pin id="459" dir="0" index="2" bw="8" slack="0"/>
<pin id="460" dir="0" index="3" bw="0" slack="2147483647"/>
<pin id="461" dir="0" index="4" bw="1" slack="1"/>
<pin id="462" dir="0" index="5" bw="0" slack="2147483647"/>
<pin id="463" dir="1" index="6" bw="8" slack="0"/>
</pin_list>
<bind>
<opcode="phi(47) " fcode="phi"/>
<opset="data_V_22_rewind/3 "/>
</bind>
</comp>

<comp id="466" class="1005" name="data_V_21_rewind_reg_466">
<pin_list>
<pin id="467" dir="0" index="0" bw="8" slack="1"/>
<pin id="468" dir="1" index="1" bw="8" slack="1"/>
</pin_list>
<bind>
<opset="data_V_21_rewind (phireg) "/>
</bind>
</comp>

<comp id="470" class="1004" name="data_V_21_rewind_phi_fu_470">
<pin_list>
<pin id="471" dir="0" index="0" bw="1" slack="2"/>
<pin id="472" dir="0" index="1" bw="0" slack="2147483647"/>
<pin id="473" dir="0" index="2" bw="8" slack="0"/>
<pin id="474" dir="0" index="3" bw="0" slack="2147483647"/>
<pin id="475" dir="0" index="4" bw="1" slack="1"/>
<pin id="476" dir="0" index="5" bw="0" slack="2147483647"/>
<pin id="477" dir="1" index="6" bw="8" slack="0"/>
</pin_list>
<bind>
<opcode="phi(47) " fcode="phi"/>
<opset="data_V_21_rewind/3 "/>
</bind>
</comp>

<comp id="480" class="1005" name="data_V_20_rewind_reg_480">
<pin_list>
<pin id="481" dir="0" index="0" bw="8" slack="1"/>
<pin id="482" dir="1" index="1" bw="8" slack="1"/>
</pin_list>
<bind>
<opset="data_V_20_rewind (phireg) "/>
</bind>
</comp>

<comp id="484" class="1004" name="data_V_20_rewind_phi_fu_484">
<pin_list>
<pin id="485" dir="0" index="0" bw="1" slack="2"/>
<pin id="486" dir="0" index="1" bw="0" slack="2147483647"/>
<pin id="487" dir="0" index="2" bw="8" slack="0"/>
<pin id="488" dir="0" index="3" bw="0" slack="2147483647"/>
<pin id="489" dir="0" index="4" bw="1" slack="1"/>
<pin id="490" dir="0" index="5" bw="0" slack="2147483647"/>
<pin id="491" dir="1" index="6" bw="8" slack="0"/>
</pin_list>
<bind>
<opcode="phi(47) " fcode="phi"/>
<opset="data_V_20_rewind/3 "/>
</bind>
</comp>

<comp id="494" class="1005" name="data_V_19_rewind_reg_494">
<pin_list>
<pin id="495" dir="0" index="0" bw="8" slack="1"/>
<pin id="496" dir="1" index="1" bw="8" slack="1"/>
</pin_list>
<bind>
<opset="data_V_19_rewind (phireg) "/>
</bind>
</comp>

<comp id="498" class="1004" name="data_V_19_rewind_phi_fu_498">
<pin_list>
<pin id="499" dir="0" index="0" bw="1" slack="2"/>
<pin id="500" dir="0" index="1" bw="0" slack="2147483647"/>
<pin id="501" dir="0" index="2" bw="8" slack="0"/>
<pin id="502" dir="0" index="3" bw="0" slack="2147483647"/>
<pin id="503" dir="0" index="4" bw="1" slack="1"/>
<pin id="504" dir="0" index="5" bw="0" slack="2147483647"/>
<pin id="505" dir="1" index="6" bw="8" slack="0"/>
</pin_list>
<bind>
<opcode="phi(47) " fcode="phi"/>
<opset="data_V_19_rewind/3 "/>
</bind>
</comp>

<comp id="508" class="1005" name="data_V_18_rewind_reg_508">
<pin_list>
<pin id="509" dir="0" index="0" bw="8" slack="1"/>
<pin id="510" dir="1" index="1" bw="8" slack="1"/>
</pin_list>
<bind>
<opset="data_V_18_rewind (phireg) "/>
</bind>
</comp>

<comp id="512" class="1004" name="data_V_18_rewind_phi_fu_512">
<pin_list>
<pin id="513" dir="0" index="0" bw="1" slack="2"/>
<pin id="514" dir="0" index="1" bw="0" slack="2147483647"/>
<pin id="515" dir="0" index="2" bw="8" slack="0"/>
<pin id="516" dir="0" index="3" bw="0" slack="2147483647"/>
<pin id="517" dir="0" index="4" bw="1" slack="1"/>
<pin id="518" dir="0" index="5" bw="0" slack="2147483647"/>
<pin id="519" dir="1" index="6" bw="8" slack="0"/>
</pin_list>
<bind>
<opcode="phi(47) " fcode="phi"/>
<opset="data_V_18_rewind/3 "/>
</bind>
</comp>

<comp id="522" class="1005" name="data_V_17_rewind_reg_522">
<pin_list>
<pin id="523" dir="0" index="0" bw="8" slack="1"/>
<pin id="524" dir="1" index="1" bw="8" slack="1"/>
</pin_list>
<bind>
<opset="data_V_17_rewind (phireg) "/>
</bind>
</comp>

<comp id="526" class="1004" name="data_V_17_rewind_phi_fu_526">
<pin_list>
<pin id="527" dir="0" index="0" bw="1" slack="2"/>
<pin id="528" dir="0" index="1" bw="0" slack="2147483647"/>
<pin id="529" dir="0" index="2" bw="8" slack="0"/>
<pin id="530" dir="0" index="3" bw="0" slack="2147483647"/>
<pin id="531" dir="0" index="4" bw="1" slack="1"/>
<pin id="532" dir="0" index="5" bw="0" slack="2147483647"/>
<pin id="533" dir="1" index="6" bw="8" slack="0"/>
</pin_list>
<bind>
<opcode="phi(47) " fcode="phi"/>
<opset="data_V_17_rewind/3 "/>
</bind>
</comp>

<comp id="536" class="1005" name="data_V_16_rewind_reg_536">
<pin_list>
<pin id="537" dir="0" index="0" bw="8" slack="1"/>
<pin id="538" dir="1" index="1" bw="8" slack="1"/>
</pin_list>
<bind>
<opset="data_V_16_rewind (phireg) "/>
</bind>
</comp>

<comp id="540" class="1004" name="data_V_16_rewind_phi_fu_540">
<pin_list>
<pin id="541" dir="0" index="0" bw="1" slack="2"/>
<pin id="542" dir="0" index="1" bw="0" slack="2147483647"/>
<pin id="543" dir="0" index="2" bw="8" slack="0"/>
<pin id="544" dir="0" index="3" bw="0" slack="2147483647"/>
<pin id="545" dir="0" index="4" bw="1" slack="1"/>
<pin id="546" dir="0" index="5" bw="0" slack="2147483647"/>
<pin id="547" dir="1" index="6" bw="8" slack="0"/>
</pin_list>
<bind>
<opcode="phi(47) " fcode="phi"/>
<opset="data_V_16_rewind/3 "/>
</bind>
</comp>

<comp id="550" class="1005" name="data_V_15_rewind_reg_550">
<pin_list>
<pin id="551" dir="0" index="0" bw="8" slack="1"/>
<pin id="552" dir="1" index="1" bw="8" slack="1"/>
</pin_list>
<bind>
<opset="data_V_15_rewind (phireg) "/>
</bind>
</comp>

<comp id="554" class="1004" name="data_V_15_rewind_phi_fu_554">
<pin_list>
<pin id="555" dir="0" index="0" bw="1" slack="2"/>
<pin id="556" dir="0" index="1" bw="0" slack="2147483647"/>
<pin id="557" dir="0" index="2" bw="8" slack="0"/>
<pin id="558" dir="0" index="3" bw="0" slack="2147483647"/>
<pin id="559" dir="0" index="4" bw="1" slack="1"/>
<pin id="560" dir="0" index="5" bw="0" slack="2147483647"/>
<pin id="561" dir="1" index="6" bw="8" slack="0"/>
</pin_list>
<bind>
<opcode="phi(47) " fcode="phi"/>
<opset="data_V_15_rewind/3 "/>
</bind>
</comp>

<comp id="564" class="1005" name="data_V_14_rewind_reg_564">
<pin_list>
<pin id="565" dir="0" index="0" bw="8" slack="1"/>
<pin id="566" dir="1" index="1" bw="8" slack="1"/>
</pin_list>
<bind>
<opset="data_V_14_rewind (phireg) "/>
</bind>
</comp>

<comp id="568" class="1004" name="data_V_14_rewind_phi_fu_568">
<pin_list>
<pin id="569" dir="0" index="0" bw="1" slack="2"/>
<pin id="570" dir="0" index="1" bw="0" slack="2147483647"/>
<pin id="571" dir="0" index="2" bw="8" slack="0"/>
<pin id="572" dir="0" index="3" bw="0" slack="2147483647"/>
<pin id="573" dir="0" index="4" bw="1" slack="1"/>
<pin id="574" dir="0" index="5" bw="0" slack="2147483647"/>
<pin id="575" dir="1" index="6" bw="8" slack="0"/>
</pin_list>
<bind>
<opcode="phi(47) " fcode="phi"/>
<opset="data_V_14_rewind/3 "/>
</bind>
</comp>

<comp id="578" class="1005" name="data_V_13_rewind_reg_578">
<pin_list>
<pin id="579" dir="0" index="0" bw="8" slack="1"/>
<pin id="580" dir="1" index="1" bw="8" slack="1"/>
</pin_list>
<bind>
<opset="data_V_13_rewind (phireg) "/>
</bind>
</comp>

<comp id="582" class="1004" name="data_V_13_rewind_phi_fu_582">
<pin_list>
<pin id="583" dir="0" index="0" bw="1" slack="2"/>
<pin id="584" dir="0" index="1" bw="0" slack="2147483647"/>
<pin id="585" dir="0" index="2" bw="8" slack="0"/>
<pin id="586" dir="0" index="3" bw="0" slack="2147483647"/>
<pin id="587" dir="0" index="4" bw="1" slack="1"/>
<pin id="588" dir="0" index="5" bw="0" slack="2147483647"/>
<pin id="589" dir="1" index="6" bw="8" slack="0"/>
</pin_list>
<bind>
<opcode="phi(47) " fcode="phi"/>
<opset="data_V_13_rewind/3 "/>
</bind>
</comp>

<comp id="592" class="1005" name="data_V_12_rewind_reg_592">
<pin_list>
<pin id="593" dir="0" index="0" bw="8" slack="1"/>
<pin id="594" dir="1" index="1" bw="8" slack="1"/>
</pin_list>
<bind>
<opset="data_V_12_rewind (phireg) "/>
</bind>
</comp>

<comp id="596" class="1004" name="data_V_12_rewind_phi_fu_596">
<pin_list>
<pin id="597" dir="0" index="0" bw="1" slack="2"/>
<pin id="598" dir="0" index="1" bw="0" slack="2147483647"/>
<pin id="599" dir="0" index="2" bw="8" slack="0"/>
<pin id="600" dir="0" index="3" bw="0" slack="2147483647"/>
<pin id="601" dir="0" index="4" bw="1" slack="1"/>
<pin id="602" dir="0" index="5" bw="0" slack="2147483647"/>
<pin id="603" dir="1" index="6" bw="8" slack="0"/>
</pin_list>
<bind>
<opcode="phi(47) " fcode="phi"/>
<opset="data_V_12_rewind/3 "/>
</bind>
</comp>

<comp id="606" class="1005" name="data_V_11_rewind_reg_606">
<pin_list>
<pin id="607" dir="0" index="0" bw="8" slack="1"/>
<pin id="608" dir="1" index="1" bw="8" slack="1"/>
</pin_list>
<bind>
<opset="data_V_11_rewind (phireg) "/>
</bind>
</comp>

<comp id="610" class="1004" name="data_V_11_rewind_phi_fu_610">
<pin_list>
<pin id="611" dir="0" index="0" bw="1" slack="2"/>
<pin id="612" dir="0" index="1" bw="0" slack="2147483647"/>
<pin id="613" dir="0" index="2" bw="8" slack="0"/>
<pin id="614" dir="0" index="3" bw="0" slack="2147483647"/>
<pin id="615" dir="0" index="4" bw="1" slack="1"/>
<pin id="616" dir="0" index="5" bw="0" slack="2147483647"/>
<pin id="617" dir="1" index="6" bw="8" slack="0"/>
</pin_list>
<bind>
<opcode="phi(47) " fcode="phi"/>
<opset="data_V_11_rewind/3 "/>
</bind>
</comp>

<comp id="620" class="1005" name="data_V_10_rewind_reg_620">
<pin_list>
<pin id="621" dir="0" index="0" bw="8" slack="1"/>
<pin id="622" dir="1" index="1" bw="8" slack="1"/>
</pin_list>
<bind>
<opset="data_V_10_rewind (phireg) "/>
</bind>
</comp>

<comp id="624" class="1004" name="data_V_10_rewind_phi_fu_624">
<pin_list>
<pin id="625" dir="0" index="0" bw="1" slack="2"/>
<pin id="626" dir="0" index="1" bw="0" slack="2147483647"/>
<pin id="627" dir="0" index="2" bw="8" slack="0"/>
<pin id="628" dir="0" index="3" bw="0" slack="2147483647"/>
<pin id="629" dir="0" index="4" bw="1" slack="1"/>
<pin id="630" dir="0" index="5" bw="0" slack="2147483647"/>
<pin id="631" dir="1" index="6" bw="8" slack="0"/>
</pin_list>
<bind>
<opcode="phi(47) " fcode="phi"/>
<opset="data_V_10_rewind/3 "/>
</bind>
</comp>

<comp id="634" class="1005" name="data_V_29_rewind_reg_634">
<pin_list>
<pin id="635" dir="0" index="0" bw="8" slack="1"/>
<pin id="636" dir="1" index="1" bw="8" slack="1"/>
</pin_list>
<bind>
<opset="data_V_29_rewind (phireg) "/>
</bind>
</comp>

<comp id="638" class="1004" name="data_V_29_rewind_phi_fu_638">
<pin_list>
<pin id="639" dir="0" index="0" bw="1" slack="2"/>
<pin id="640" dir="0" index="1" bw="0" slack="2147483647"/>
<pin id="641" dir="0" index="2" bw="8" slack="0"/>
<pin id="642" dir="0" index="3" bw="0" slack="2147483647"/>
<pin id="643" dir="0" index="4" bw="1" slack="1"/>
<pin id="644" dir="0" index="5" bw="0" slack="2147483647"/>
<pin id="645" dir="1" index="6" bw="8" slack="0"/>
</pin_list>
<bind>
<opcode="phi(47) " fcode="phi"/>
<opset="data_V_29_rewind/3 "/>
</bind>
</comp>

<comp id="648" class="1005" name="data_V_9_rewind_reg_648">
<pin_list>
<pin id="649" dir="0" index="0" bw="8" slack="1"/>
<pin id="650" dir="1" index="1" bw="8" slack="1"/>
</pin_list>
<bind>
<opset="data_V_9_rewind (phireg) "/>
</bind>
</comp>

<comp id="652" class="1004" name="data_V_9_rewind_phi_fu_652">
<pin_list>
<pin id="653" dir="0" index="0" bw="1" slack="2"/>
<pin id="654" dir="0" index="1" bw="0" slack="2147483647"/>
<pin id="655" dir="0" index="2" bw="8" slack="0"/>
<pin id="656" dir="0" index="3" bw="0" slack="2147483647"/>
<pin id="657" dir="0" index="4" bw="1" slack="1"/>
<pin id="658" dir="0" index="5" bw="0" slack="2147483647"/>
<pin id="659" dir="1" index="6" bw="8" slack="0"/>
</pin_list>
<bind>
<opcode="phi(47) " fcode="phi"/>
<opset="data_V_9_rewind/3 "/>
</bind>
</comp>

<comp id="662" class="1005" name="data_V_8_rewind_reg_662">
<pin_list>
<pin id="663" dir="0" index="0" bw="8" slack="1"/>
<pin id="664" dir="1" index="1" bw="8" slack="1"/>
</pin_list>
<bind>
<opset="data_V_8_rewind (phireg) "/>
</bind>
</comp>

<comp id="666" class="1004" name="data_V_8_rewind_phi_fu_666">
<pin_list>
<pin id="667" dir="0" index="0" bw="1" slack="2"/>
<pin id="668" dir="0" index="1" bw="0" slack="2147483647"/>
<pin id="669" dir="0" index="2" bw="8" slack="0"/>
<pin id="670" dir="0" index="3" bw="0" slack="2147483647"/>
<pin id="671" dir="0" index="4" bw="1" slack="1"/>
<pin id="672" dir="0" index="5" bw="0" slack="2147483647"/>
<pin id="673" dir="1" index="6" bw="8" slack="0"/>
</pin_list>
<bind>
<opcode="phi(47) " fcode="phi"/>
<opset="data_V_8_rewind/3 "/>
</bind>
</comp>

<comp id="676" class="1005" name="data_V_7_rewind_reg_676">
<pin_list>
<pin id="677" dir="0" index="0" bw="8" slack="1"/>
<pin id="678" dir="1" index="1" bw="8" slack="1"/>
</pin_list>
<bind>
<opset="data_V_7_rewind (phireg) "/>
</bind>
</comp>

<comp id="680" class="1004" name="data_V_7_rewind_phi_fu_680">
<pin_list>
<pin id="681" dir="0" index="0" bw="1" slack="2"/>
<pin id="682" dir="0" index="1" bw="0" slack="2147483647"/>
<pin id="683" dir="0" index="2" bw="8" slack="0"/>
<pin id="684" dir="0" index="3" bw="0" slack="2147483647"/>
<pin id="685" dir="0" index="4" bw="1" slack="1"/>
<pin id="686" dir="0" index="5" bw="0" slack="2147483647"/>
<pin id="687" dir="1" index="6" bw="8" slack="0"/>
</pin_list>
<bind>
<opcode="phi(47) " fcode="phi"/>
<opset="data_V_7_rewind/3 "/>
</bind>
</comp>

<comp id="690" class="1005" name="data_V_6_rewind_reg_690">
<pin_list>
<pin id="691" dir="0" index="0" bw="8" slack="1"/>
<pin id="692" dir="1" index="1" bw="8" slack="1"/>
</pin_list>
<bind>
<opset="data_V_6_rewind (phireg) "/>
</bind>
</comp>

<comp id="694" class="1004" name="data_V_6_rewind_phi_fu_694">
<pin_list>
<pin id="695" dir="0" index="0" bw="1" slack="2"/>
<pin id="696" dir="0" index="1" bw="0" slack="2147483647"/>
<pin id="697" dir="0" index="2" bw="8" slack="0"/>
<pin id="698" dir="0" index="3" bw="0" slack="2147483647"/>
<pin id="699" dir="0" index="4" bw="1" slack="1"/>
<pin id="700" dir="0" index="5" bw="0" slack="2147483647"/>
<pin id="701" dir="1" index="6" bw="8" slack="0"/>
</pin_list>
<bind>
<opcode="phi(47) " fcode="phi"/>
<opset="data_V_6_rewind/3 "/>
</bind>
</comp>

<comp id="704" class="1005" name="data_V_5_rewind_reg_704">
<pin_list>
<pin id="705" dir="0" index="0" bw="8" slack="1"/>
<pin id="706" dir="1" index="1" bw="8" slack="1"/>
</pin_list>
<bind>
<opset="data_V_5_rewind (phireg) "/>
</bind>
</comp>

<comp id="708" class="1004" name="data_V_5_rewind_phi_fu_708">
<pin_list>
<pin id="709" dir="0" index="0" bw="1" slack="2"/>
<pin id="710" dir="0" index="1" bw="0" slack="2147483647"/>
<pin id="711" dir="0" index="2" bw="8" slack="0"/>
<pin id="712" dir="0" index="3" bw="0" slack="2147483647"/>
<pin id="713" dir="0" index="4" bw="1" slack="1"/>
<pin id="714" dir="0" index="5" bw="0" slack="2147483647"/>
<pin id="715" dir="1" index="6" bw="8" slack="0"/>
</pin_list>
<bind>
<opcode="phi(47) " fcode="phi"/>
<opset="data_V_5_rewind/3 "/>
</bind>
</comp>

<comp id="718" class="1005" name="data_V_4_rewind_reg_718">
<pin_list>
<pin id="719" dir="0" index="0" bw="8" slack="1"/>
<pin id="720" dir="1" index="1" bw="8" slack="1"/>
</pin_list>
<bind>
<opset="data_V_4_rewind (phireg) "/>
</bind>
</comp>

<comp id="722" class="1004" name="data_V_4_rewind_phi_fu_722">
<pin_list>
<pin id="723" dir="0" index="0" bw="1" slack="2"/>
<pin id="724" dir="0" index="1" bw="0" slack="2147483647"/>
<pin id="725" dir="0" index="2" bw="8" slack="0"/>
<pin id="726" dir="0" index="3" bw="0" slack="2147483647"/>
<pin id="727" dir="0" index="4" bw="1" slack="1"/>
<pin id="728" dir="0" index="5" bw="0" slack="2147483647"/>
<pin id="729" dir="1" index="6" bw="8" slack="0"/>
</pin_list>
<bind>
<opcode="phi(47) " fcode="phi"/>
<opset="data_V_4_rewind/3 "/>
</bind>
</comp>

<comp id="732" class="1005" name="data_V_3_rewind_reg_732">
<pin_list>
<pin id="733" dir="0" index="0" bw="8" slack="1"/>
<pin id="734" dir="1" index="1" bw="8" slack="1"/>
</pin_list>
<bind>
<opset="data_V_3_rewind (phireg) "/>
</bind>
</comp>

<comp id="736" class="1004" name="data_V_3_rewind_phi_fu_736">
<pin_list>
<pin id="737" dir="0" index="0" bw="1" slack="2"/>
<pin id="738" dir="0" index="1" bw="0" slack="2147483647"/>
<pin id="739" dir="0" index="2" bw="8" slack="0"/>
<pin id="740" dir="0" index="3" bw="0" slack="2147483647"/>
<pin id="741" dir="0" index="4" bw="1" slack="1"/>
<pin id="742" dir="0" index="5" bw="0" slack="2147483647"/>
<pin id="743" dir="1" index="6" bw="8" slack="0"/>
</pin_list>
<bind>
<opcode="phi(47) " fcode="phi"/>
<opset="data_V_3_rewind/3 "/>
</bind>
</comp>

<comp id="746" class="1005" name="data_V_2_rewind_reg_746">
<pin_list>
<pin id="747" dir="0" index="0" bw="8" slack="1"/>
<pin id="748" dir="1" index="1" bw="8" slack="1"/>
</pin_list>
<bind>
<opset="data_V_2_rewind (phireg) "/>
</bind>
</comp>

<comp id="750" class="1004" name="data_V_2_rewind_phi_fu_750">
<pin_list>
<pin id="751" dir="0" index="0" bw="1" slack="2"/>
<pin id="752" dir="0" index="1" bw="0" slack="2147483647"/>
<pin id="753" dir="0" index="2" bw="8" slack="0"/>
<pin id="754" dir="0" index="3" bw="0" slack="2147483647"/>
<pin id="755" dir="0" index="4" bw="1" slack="1"/>
<pin id="756" dir="0" index="5" bw="0" slack="2147483647"/>
<pin id="757" dir="1" index="6" bw="8" slack="0"/>
</pin_list>
<bind>
<opcode="phi(47) " fcode="phi"/>
<opset="data_V_2_rewind/3 "/>
</bind>
</comp>

<comp id="760" class="1005" name="data_V_1_rewind_reg_760">
<pin_list>
<pin id="761" dir="0" index="0" bw="8" slack="1"/>
<pin id="762" dir="1" index="1" bw="8" slack="1"/>
</pin_list>
<bind>
<opset="data_V_1_rewind (phireg) "/>
</bind>
</comp>

<comp id="764" class="1004" name="data_V_1_rewind_phi_fu_764">
<pin_list>
<pin id="765" dir="0" index="0" bw="1" slack="2"/>
<pin id="766" dir="0" index="1" bw="0" slack="2147483647"/>
<pin id="767" dir="0" index="2" bw="8" slack="0"/>
<pin id="768" dir="0" index="3" bw="0" slack="2147483647"/>
<pin id="769" dir="0" index="4" bw="1" slack="1"/>
<pin id="770" dir="0" index="5" bw="0" slack="2147483647"/>
<pin id="771" dir="1" index="6" bw="8" slack="0"/>
</pin_list>
<bind>
<opcode="phi(47) " fcode="phi"/>
<opset="data_V_1_rewind/3 "/>
</bind>
</comp>

<comp id="774" class="1005" name="data_V_30_rewind_reg_774">
<pin_list>
<pin id="775" dir="0" index="0" bw="8" slack="1"/>
<pin id="776" dir="1" index="1" bw="8" slack="1"/>
</pin_list>
<bind>
<opset="data_V_30_rewind (phireg) "/>
</bind>
</comp>

<comp id="778" class="1004" name="data_V_30_rewind_phi_fu_778">
<pin_list>
<pin id="779" dir="0" index="0" bw="1" slack="2"/>
<pin id="780" dir="0" index="1" bw="0" slack="2147483647"/>
<pin id="781" dir="0" index="2" bw="8" slack="0"/>
<pin id="782" dir="0" index="3" bw="0" slack="2147483647"/>
<pin id="783" dir="0" index="4" bw="1" slack="1"/>
<pin id="784" dir="0" index="5" bw="0" slack="2147483647"/>
<pin id="785" dir="1" index="6" bw="8" slack="0"/>
</pin_list>
<bind>
<opcode="phi(47) " fcode="phi"/>
<opset="data_V_30_rewind/3 "/>
</bind>
</comp>

<comp id="788" class="1005" name="data_V_31_rewind_reg_788">
<pin_list>
<pin id="789" dir="0" index="0" bw="8" slack="1"/>
<pin id="790" dir="1" index="1" bw="8" slack="1"/>
</pin_list>
<bind>
<opset="data_V_31_rewind (phireg) "/>
</bind>
</comp>

<comp id="792" class="1004" name="data_V_31_rewind_phi_fu_792">
<pin_list>
<pin id="793" dir="0" index="0" bw="1" slack="2"/>
<pin id="794" dir="0" index="1" bw="0" slack="2147483647"/>
<pin id="795" dir="0" index="2" bw="8" slack="0"/>
<pin id="796" dir="0" index="3" bw="0" slack="2147483647"/>
<pin id="797" dir="0" index="4" bw="1" slack="1"/>
<pin id="798" dir="0" index="5" bw="0" slack="2147483647"/>
<pin id="799" dir="1" index="6" bw="8" slack="0"/>
</pin_list>
<bind>
<opcode="phi(47) " fcode="phi"/>
<opset="data_V_31_rewind/3 "/>
</bind>
</comp>

<comp id="802" class="1005" name="p_rewind_reg_802">
<pin_list>
<pin id="803" dir="0" index="0" bw="8" slack="1"/>
<pin id="804" dir="1" index="1" bw="8" slack="1"/>
</pin_list>
<bind>
<opset="p_rewind (phireg) "/>
</bind>
</comp>

<comp id="806" class="1004" name="p_rewind_phi_fu_806">
<pin_list>
<pin id="807" dir="0" index="0" bw="1" slack="2"/>
<pin id="808" dir="0" index="1" bw="0" slack="2147483647"/>
<pin id="809" dir="0" index="2" bw="8" slack="0"/>
<pin id="810" dir="0" index="3" bw="0" slack="2147483647"/>
<pin id="811" dir="0" index="4" bw="1" slack="1"/>
<pin id="812" dir="0" index="5" bw="0" slack="2147483647"/>
<pin id="813" dir="1" index="6" bw="8" slack="0"/>
</pin_list>
<bind>
<opcode="phi(47) " fcode="phi"/>
<opset="p_rewind/3 "/>
</bind>
</comp>

<comp id="816" class="1005" name="data_V_28_phi_reg_816">
<pin_list>
<pin id="817" dir="0" index="0" bw="8" slack="0"/>
<pin id="818" dir="1" index="1" bw="8" slack="0"/>
</pin_list>
<bind>
<opset="data_V_28_phi (phireg) "/>
</bind>
</comp>

<comp id="820" class="1004" name="data_V_28_phi_phi_fu_820">
<pin_list>
<pin id="821" dir="0" index="0" bw="8" slack="0"/>
<pin id="822" dir="0" index="1" bw="0" slack="2147483647"/>
<pin id="823" dir="0" index="2" bw="8" slack="0"/>
<pin id="824" dir="0" index="3" bw="0" slack="2147483647"/>
<pin id="825" dir="1" index="4" bw="8" slack="0"/>
</pin_list>
<bind>
<opcode="phi(47) " fcode="phi"/>
<opset="data_V_28_phi/3 "/>
</bind>
</comp>

<comp id="828" class="1005" name="data_V_27_phi_reg_828">
<pin_list>
<pin id="829" dir="0" index="0" bw="8" slack="0"/>
<pin id="830" dir="1" index="1" bw="8" slack="0"/>
</pin_list>
<bind>
<opset="data_V_27_phi (phireg) "/>
</bind>
</comp>

<comp id="832" class="1004" name="data_V_27_phi_phi_fu_832">
<pin_list>
<pin id="833" dir="0" index="0" bw="8" slack="0"/>
<pin id="834" dir="0" index="1" bw="0" slack="2147483647"/>
<pin id="835" dir="0" index="2" bw="8" slack="0"/>
<pin id="836" dir="0" index="3" bw="0" slack="2147483647"/>
<pin id="837" dir="1" index="4" bw="8" slack="0"/>
</pin_list>
<bind>
<opcode="phi(47) " fcode="phi"/>
<opset="data_V_27_phi/3 "/>
</bind>
</comp>

<comp id="840" class="1005" name="data_V_26_phi_reg_840">
<pin_list>
<pin id="841" dir="0" index="0" bw="8" slack="0"/>
<pin id="842" dir="1" index="1" bw="8" slack="0"/>
</pin_list>
<bind>
<opset="data_V_26_phi (phireg) "/>
</bind>
</comp>

<comp id="844" class="1004" name="data_V_26_phi_phi_fu_844">
<pin_list>
<pin id="845" dir="0" index="0" bw="8" slack="0"/>
<pin id="846" dir="0" index="1" bw="0" slack="2147483647"/>
<pin id="847" dir="0" index="2" bw="8" slack="0"/>
<pin id="848" dir="0" index="3" bw="0" slack="2147483647"/>
<pin id="849" dir="1" index="4" bw="8" slack="0"/>
</pin_list>
<bind>
<opcode="phi(47) " fcode="phi"/>
<opset="data_V_26_phi/3 "/>
</bind>
</comp>

<comp id="852" class="1005" name="data_V_25_phi_reg_852">
<pin_list>
<pin id="853" dir="0" index="0" bw="8" slack="0"/>
<pin id="854" dir="1" index="1" bw="8" slack="0"/>
</pin_list>
<bind>
<opset="data_V_25_phi (phireg) "/>
</bind>
</comp>

<comp id="856" class="1004" name="data_V_25_phi_phi_fu_856">
<pin_list>
<pin id="857" dir="0" index="0" bw="8" slack="0"/>
<pin id="858" dir="0" index="1" bw="0" slack="2147483647"/>
<pin id="859" dir="0" index="2" bw="8" slack="0"/>
<pin id="860" dir="0" index="3" bw="0" slack="2147483647"/>
<pin id="861" dir="1" index="4" bw="8" slack="0"/>
</pin_list>
<bind>
<opcode="phi(47) " fcode="phi"/>
<opset="data_V_25_phi/3 "/>
</bind>
</comp>

<comp id="864" class="1005" name="data_V_24_phi_reg_864">
<pin_list>
<pin id="865" dir="0" index="0" bw="8" slack="0"/>
<pin id="866" dir="1" index="1" bw="8" slack="0"/>
</pin_list>
<bind>
<opset="data_V_24_phi (phireg) "/>
</bind>
</comp>

<comp id="868" class="1004" name="data_V_24_phi_phi_fu_868">
<pin_list>
<pin id="869" dir="0" index="0" bw="8" slack="0"/>
<pin id="870" dir="0" index="1" bw="0" slack="2147483647"/>
<pin id="871" dir="0" index="2" bw="8" slack="0"/>
<pin id="872" dir="0" index="3" bw="0" slack="2147483647"/>
<pin id="873" dir="1" index="4" bw="8" slack="0"/>
</pin_list>
<bind>
<opcode="phi(47) " fcode="phi"/>
<opset="data_V_24_phi/3 "/>
</bind>
</comp>

<comp id="876" class="1005" name="data_V_23_phi_reg_876">
<pin_list>
<pin id="877" dir="0" index="0" bw="8" slack="0"/>
<pin id="878" dir="1" index="1" bw="8" slack="0"/>
</pin_list>
<bind>
<opset="data_V_23_phi (phireg) "/>
</bind>
</comp>

<comp id="880" class="1004" name="data_V_23_phi_phi_fu_880">
<pin_list>
<pin id="881" dir="0" index="0" bw="8" slack="0"/>
<pin id="882" dir="0" index="1" bw="0" slack="2147483647"/>
<pin id="883" dir="0" index="2" bw="8" slack="0"/>
<pin id="884" dir="0" index="3" bw="0" slack="2147483647"/>
<pin id="885" dir="1" index="4" bw="8" slack="0"/>
</pin_list>
<bind>
<opcode="phi(47) " fcode="phi"/>
<opset="data_V_23_phi/3 "/>
</bind>
</comp>

<comp id="888" class="1005" name="data_V_22_phi_reg_888">
<pin_list>
<pin id="889" dir="0" index="0" bw="8" slack="0"/>
<pin id="890" dir="1" index="1" bw="8" slack="0"/>
</pin_list>
<bind>
<opset="data_V_22_phi (phireg) "/>
</bind>
</comp>

<comp id="892" class="1004" name="data_V_22_phi_phi_fu_892">
<pin_list>
<pin id="893" dir="0" index="0" bw="8" slack="0"/>
<pin id="894" dir="0" index="1" bw="0" slack="2147483647"/>
<pin id="895" dir="0" index="2" bw="8" slack="0"/>
<pin id="896" dir="0" index="3" bw="0" slack="2147483647"/>
<pin id="897" dir="1" index="4" bw="8" slack="0"/>
</pin_list>
<bind>
<opcode="phi(47) " fcode="phi"/>
<opset="data_V_22_phi/3 "/>
</bind>
</comp>

<comp id="900" class="1005" name="data_V_21_phi_reg_900">
<pin_list>
<pin id="901" dir="0" index="0" bw="8" slack="0"/>
<pin id="902" dir="1" index="1" bw="8" slack="0"/>
</pin_list>
<bind>
<opset="data_V_21_phi (phireg) "/>
</bind>
</comp>

<comp id="904" class="1004" name="data_V_21_phi_phi_fu_904">
<pin_list>
<pin id="905" dir="0" index="0" bw="8" slack="0"/>
<pin id="906" dir="0" index="1" bw="0" slack="2147483647"/>
<pin id="907" dir="0" index="2" bw="8" slack="0"/>
<pin id="908" dir="0" index="3" bw="0" slack="2147483647"/>
<pin id="909" dir="1" index="4" bw="8" slack="0"/>
</pin_list>
<bind>
<opcode="phi(47) " fcode="phi"/>
<opset="data_V_21_phi/3 "/>
</bind>
</comp>

<comp id="912" class="1005" name="data_V_20_phi_reg_912">
<pin_list>
<pin id="913" dir="0" index="0" bw="8" slack="0"/>
<pin id="914" dir="1" index="1" bw="8" slack="0"/>
</pin_list>
<bind>
<opset="data_V_20_phi (phireg) "/>
</bind>
</comp>

<comp id="916" class="1004" name="data_V_20_phi_phi_fu_916">
<pin_list>
<pin id="917" dir="0" index="0" bw="8" slack="0"/>
<pin id="918" dir="0" index="1" bw="0" slack="2147483647"/>
<pin id="919" dir="0" index="2" bw="8" slack="0"/>
<pin id="920" dir="0" index="3" bw="0" slack="2147483647"/>
<pin id="921" dir="1" index="4" bw="8" slack="0"/>
</pin_list>
<bind>
<opcode="phi(47) " fcode="phi"/>
<opset="data_V_20_phi/3 "/>
</bind>
</comp>

<comp id="924" class="1005" name="data_V_19_phi_reg_924">
<pin_list>
<pin id="925" dir="0" index="0" bw="8" slack="0"/>
<pin id="926" dir="1" index="1" bw="8" slack="0"/>
</pin_list>
<bind>
<opset="data_V_19_phi (phireg) "/>
</bind>
</comp>

<comp id="928" class="1004" name="data_V_19_phi_phi_fu_928">
<pin_list>
<pin id="929" dir="0" index="0" bw="8" slack="0"/>
<pin id="930" dir="0" index="1" bw="0" slack="2147483647"/>
<pin id="931" dir="0" index="2" bw="8" slack="0"/>
<pin id="932" dir="0" index="3" bw="0" slack="2147483647"/>
<pin id="933" dir="1" index="4" bw="8" slack="0"/>
</pin_list>
<bind>
<opcode="phi(47) " fcode="phi"/>
<opset="data_V_19_phi/3 "/>
</bind>
</comp>

<comp id="936" class="1005" name="data_V_18_phi_reg_936">
<pin_list>
<pin id="937" dir="0" index="0" bw="8" slack="0"/>
<pin id="938" dir="1" index="1" bw="8" slack="0"/>
</pin_list>
<bind>
<opset="data_V_18_phi (phireg) "/>
</bind>
</comp>

<comp id="940" class="1004" name="data_V_18_phi_phi_fu_940">
<pin_list>
<pin id="941" dir="0" index="0" bw="8" slack="0"/>
<pin id="942" dir="0" index="1" bw="0" slack="2147483647"/>
<pin id="943" dir="0" index="2" bw="8" slack="0"/>
<pin id="944" dir="0" index="3" bw="0" slack="2147483647"/>
<pin id="945" dir="1" index="4" bw="8" slack="0"/>
</pin_list>
<bind>
<opcode="phi(47) " fcode="phi"/>
<opset="data_V_18_phi/3 "/>
</bind>
</comp>

<comp id="948" class="1005" name="data_V_17_phi_reg_948">
<pin_list>
<pin id="949" dir="0" index="0" bw="8" slack="0"/>
<pin id="950" dir="1" index="1" bw="8" slack="0"/>
</pin_list>
<bind>
<opset="data_V_17_phi (phireg) "/>
</bind>
</comp>

<comp id="952" class="1004" name="data_V_17_phi_phi_fu_952">
<pin_list>
<pin id="953" dir="0" index="0" bw="8" slack="0"/>
<pin id="954" dir="0" index="1" bw="0" slack="2147483647"/>
<pin id="955" dir="0" index="2" bw="8" slack="0"/>
<pin id="956" dir="0" index="3" bw="0" slack="2147483647"/>
<pin id="957" dir="1" index="4" bw="8" slack="0"/>
</pin_list>
<bind>
<opcode="phi(47) " fcode="phi"/>
<opset="data_V_17_phi/3 "/>
</bind>
</comp>

<comp id="960" class="1005" name="data_V_16_phi_reg_960">
<pin_list>
<pin id="961" dir="0" index="0" bw="8" slack="0"/>
<pin id="962" dir="1" index="1" bw="8" slack="0"/>
</pin_list>
<bind>
<opset="data_V_16_phi (phireg) "/>
</bind>
</comp>

<comp id="964" class="1004" name="data_V_16_phi_phi_fu_964">
<pin_list>
<pin id="965" dir="0" index="0" bw="8" slack="0"/>
<pin id="966" dir="0" index="1" bw="0" slack="2147483647"/>
<pin id="967" dir="0" index="2" bw="8" slack="0"/>
<pin id="968" dir="0" index="3" bw="0" slack="2147483647"/>
<pin id="969" dir="1" index="4" bw="8" slack="0"/>
</pin_list>
<bind>
<opcode="phi(47) " fcode="phi"/>
<opset="data_V_16_phi/3 "/>
</bind>
</comp>

<comp id="972" class="1005" name="data_V_15_phi_reg_972">
<pin_list>
<pin id="973" dir="0" index="0" bw="8" slack="0"/>
<pin id="974" dir="1" index="1" bw="8" slack="0"/>
</pin_list>
<bind>
<opset="data_V_15_phi (phireg) "/>
</bind>
</comp>

<comp id="976" class="1004" name="data_V_15_phi_phi_fu_976">
<pin_list>
<pin id="977" dir="0" index="0" bw="8" slack="0"/>
<pin id="978" dir="0" index="1" bw="0" slack="2147483647"/>
<pin id="979" dir="0" index="2" bw="8" slack="0"/>
<pin id="980" dir="0" index="3" bw="0" slack="2147483647"/>
<pin id="981" dir="1" index="4" bw="8" slack="0"/>
</pin_list>
<bind>
<opcode="phi(47) " fcode="phi"/>
<opset="data_V_15_phi/3 "/>
</bind>
</comp>

<comp id="984" class="1005" name="data_V_14_phi_reg_984">
<pin_list>
<pin id="985" dir="0" index="0" bw="8" slack="0"/>
<pin id="986" dir="1" index="1" bw="8" slack="0"/>
</pin_list>
<bind>
<opset="data_V_14_phi (phireg) "/>
</bind>
</comp>

<comp id="988" class="1004" name="data_V_14_phi_phi_fu_988">
<pin_list>
<pin id="989" dir="0" index="0" bw="8" slack="0"/>
<pin id="990" dir="0" index="1" bw="0" slack="2147483647"/>
<pin id="991" dir="0" index="2" bw="8" slack="0"/>
<pin id="992" dir="0" index="3" bw="0" slack="2147483647"/>
<pin id="993" dir="1" index="4" bw="8" slack="0"/>
</pin_list>
<bind>
<opcode="phi(47) " fcode="phi"/>
<opset="data_V_14_phi/3 "/>
</bind>
</comp>

<comp id="996" class="1005" name="data_V_13_phi_reg_996">
<pin_list>
<pin id="997" dir="0" index="0" bw="8" slack="0"/>
<pin id="998" dir="1" index="1" bw="8" slack="0"/>
</pin_list>
<bind>
<opset="data_V_13_phi (phireg) "/>
</bind>
</comp>

<comp id="1000" class="1004" name="data_V_13_phi_phi_fu_1000">
<pin_list>
<pin id="1001" dir="0" index="0" bw="8" slack="0"/>
<pin id="1002" dir="0" index="1" bw="0" slack="2147483647"/>
<pin id="1003" dir="0" index="2" bw="8" slack="0"/>
<pin id="1004" dir="0" index="3" bw="0" slack="2147483647"/>
<pin id="1005" dir="1" index="4" bw="8" slack="0"/>
</pin_list>
<bind>
<opcode="phi(47) " fcode="phi"/>
<opset="data_V_13_phi/3 "/>
</bind>
</comp>

<comp id="1008" class="1005" name="data_V_12_phi_reg_1008">
<pin_list>
<pin id="1009" dir="0" index="0" bw="8" slack="0"/>
<pin id="1010" dir="1" index="1" bw="8" slack="0"/>
</pin_list>
<bind>
<opset="data_V_12_phi (phireg) "/>
</bind>
</comp>

<comp id="1012" class="1004" name="data_V_12_phi_phi_fu_1012">
<pin_list>
<pin id="1013" dir="0" index="0" bw="8" slack="0"/>
<pin id="1014" dir="0" index="1" bw="0" slack="2147483647"/>
<pin id="1015" dir="0" index="2" bw="8" slack="0"/>
<pin id="1016" dir="0" index="3" bw="0" slack="2147483647"/>
<pin id="1017" dir="1" index="4" bw="8" slack="0"/>
</pin_list>
<bind>
<opcode="phi(47) " fcode="phi"/>
<opset="data_V_12_phi/3 "/>
</bind>
</comp>

<comp id="1020" class="1005" name="data_V_11_phi_reg_1020">
<pin_list>
<pin id="1021" dir="0" index="0" bw="8" slack="0"/>
<pin id="1022" dir="1" index="1" bw="8" slack="0"/>
</pin_list>
<bind>
<opset="data_V_11_phi (phireg) "/>
</bind>
</comp>

<comp id="1024" class="1004" name="data_V_11_phi_phi_fu_1024">
<pin_list>
<pin id="1025" dir="0" index="0" bw="8" slack="0"/>
<pin id="1026" dir="0" index="1" bw="0" slack="2147483647"/>
<pin id="1027" dir="0" index="2" bw="8" slack="0"/>
<pin id="1028" dir="0" index="3" bw="0" slack="2147483647"/>
<pin id="1029" dir="1" index="4" bw="8" slack="0"/>
</pin_list>
<bind>
<opcode="phi(47) " fcode="phi"/>
<opset="data_V_11_phi/3 "/>
</bind>
</comp>

<comp id="1032" class="1005" name="data_V_10_phi_reg_1032">
<pin_list>
<pin id="1033" dir="0" index="0" bw="8" slack="0"/>
<pin id="1034" dir="1" index="1" bw="8" slack="0"/>
</pin_list>
<bind>
<opset="data_V_10_phi (phireg) "/>
</bind>
</comp>

<comp id="1036" class="1004" name="data_V_10_phi_phi_fu_1036">
<pin_list>
<pin id="1037" dir="0" index="0" bw="8" slack="0"/>
<pin id="1038" dir="0" index="1" bw="0" slack="2147483647"/>
<pin id="1039" dir="0" index="2" bw="8" slack="0"/>
<pin id="1040" dir="0" index="3" bw="0" slack="2147483647"/>
<pin id="1041" dir="1" index="4" bw="8" slack="0"/>
</pin_list>
<bind>
<opcode="phi(47) " fcode="phi"/>
<opset="data_V_10_phi/3 "/>
</bind>
</comp>

<comp id="1044" class="1005" name="data_V_29_phi_reg_1044">
<pin_list>
<pin id="1045" dir="0" index="0" bw="8" slack="0"/>
<pin id="1046" dir="1" index="1" bw="8" slack="0"/>
</pin_list>
<bind>
<opset="data_V_29_phi (phireg) "/>
</bind>
</comp>

<comp id="1048" class="1004" name="data_V_29_phi_phi_fu_1048">
<pin_list>
<pin id="1049" dir="0" index="0" bw="8" slack="0"/>
<pin id="1050" dir="0" index="1" bw="0" slack="2147483647"/>
<pin id="1051" dir="0" index="2" bw="8" slack="0"/>
<pin id="1052" dir="0" index="3" bw="0" slack="2147483647"/>
<pin id="1053" dir="1" index="4" bw="8" slack="0"/>
</pin_list>
<bind>
<opcode="phi(47) " fcode="phi"/>
<opset="data_V_29_phi/3 "/>
</bind>
</comp>

<comp id="1056" class="1005" name="data_V_9_phi_reg_1056">
<pin_list>
<pin id="1057" dir="0" index="0" bw="8" slack="0"/>
<pin id="1058" dir="1" index="1" bw="8" slack="0"/>
</pin_list>
<bind>
<opset="data_V_9_phi (phireg) "/>
</bind>
</comp>

<comp id="1060" class="1004" name="data_V_9_phi_phi_fu_1060">
<pin_list>
<pin id="1061" dir="0" index="0" bw="8" slack="0"/>
<pin id="1062" dir="0" index="1" bw="0" slack="2147483647"/>
<pin id="1063" dir="0" index="2" bw="8" slack="0"/>
<pin id="1064" dir="0" index="3" bw="0" slack="2147483647"/>
<pin id="1065" dir="1" index="4" bw="8" slack="0"/>
</pin_list>
<bind>
<opcode="phi(47) " fcode="phi"/>
<opset="data_V_9_phi/3 "/>
</bind>
</comp>

<comp id="1068" class="1005" name="data_V_8_phi_reg_1068">
<pin_list>
<pin id="1069" dir="0" index="0" bw="8" slack="0"/>
<pin id="1070" dir="1" index="1" bw="8" slack="0"/>
</pin_list>
<bind>
<opset="data_V_8_phi (phireg) "/>
</bind>
</comp>

<comp id="1072" class="1004" name="data_V_8_phi_phi_fu_1072">
<pin_list>
<pin id="1073" dir="0" index="0" bw="8" slack="0"/>
<pin id="1074" dir="0" index="1" bw="0" slack="2147483647"/>
<pin id="1075" dir="0" index="2" bw="8" slack="0"/>
<pin id="1076" dir="0" index="3" bw="0" slack="2147483647"/>
<pin id="1077" dir="1" index="4" bw="8" slack="0"/>
</pin_list>
<bind>
<opcode="phi(47) " fcode="phi"/>
<opset="data_V_8_phi/3 "/>
</bind>
</comp>

<comp id="1080" class="1005" name="data_V_7_phi_reg_1080">
<pin_list>
<pin id="1081" dir="0" index="0" bw="8" slack="0"/>
<pin id="1082" dir="1" index="1" bw="8" slack="0"/>
</pin_list>
<bind>
<opset="data_V_7_phi (phireg) "/>
</bind>
</comp>

<comp id="1084" class="1004" name="data_V_7_phi_phi_fu_1084">
<pin_list>
<pin id="1085" dir="0" index="0" bw="8" slack="0"/>
<pin id="1086" dir="0" index="1" bw="0" slack="2147483647"/>
<pin id="1087" dir="0" index="2" bw="8" slack="0"/>
<pin id="1088" dir="0" index="3" bw="0" slack="2147483647"/>
<pin id="1089" dir="1" index="4" bw="8" slack="0"/>
</pin_list>
<bind>
<opcode="phi(47) " fcode="phi"/>
<opset="data_V_7_phi/3 "/>
</bind>
</comp>

<comp id="1092" class="1005" name="data_V_6_phi_reg_1092">
<pin_list>
<pin id="1093" dir="0" index="0" bw="8" slack="0"/>
<pin id="1094" dir="1" index="1" bw="8" slack="0"/>
</pin_list>
<bind>
<opset="data_V_6_phi (phireg) "/>
</bind>
</comp>

<comp id="1096" class="1004" name="data_V_6_phi_phi_fu_1096">
<pin_list>
<pin id="1097" dir="0" index="0" bw="8" slack="0"/>
<pin id="1098" dir="0" index="1" bw="0" slack="2147483647"/>
<pin id="1099" dir="0" index="2" bw="8" slack="0"/>
<pin id="1100" dir="0" index="3" bw="0" slack="2147483647"/>
<pin id="1101" dir="1" index="4" bw="8" slack="0"/>
</pin_list>
<bind>
<opcode="phi(47) " fcode="phi"/>
<opset="data_V_6_phi/3 "/>
</bind>
</comp>

<comp id="1104" class="1005" name="data_V_5_phi_reg_1104">
<pin_list>
<pin id="1105" dir="0" index="0" bw="8" slack="0"/>
<pin id="1106" dir="1" index="1" bw="8" slack="0"/>
</pin_list>
<bind>
<opset="data_V_5_phi (phireg) "/>
</bind>
</comp>

<comp id="1108" class="1004" name="data_V_5_phi_phi_fu_1108">
<pin_list>
<pin id="1109" dir="0" index="0" bw="8" slack="0"/>
<pin id="1110" dir="0" index="1" bw="0" slack="2147483647"/>
<pin id="1111" dir="0" index="2" bw="8" slack="0"/>
<pin id="1112" dir="0" index="3" bw="0" slack="2147483647"/>
<pin id="1113" dir="1" index="4" bw="8" slack="0"/>
</pin_list>
<bind>
<opcode="phi(47) " fcode="phi"/>
<opset="data_V_5_phi/3 "/>
</bind>
</comp>

<comp id="1116" class="1005" name="data_V_4_phi_reg_1116">
<pin_list>
<pin id="1117" dir="0" index="0" bw="8" slack="0"/>
<pin id="1118" dir="1" index="1" bw="8" slack="0"/>
</pin_list>
<bind>
<opset="data_V_4_phi (phireg) "/>
</bind>
</comp>

<comp id="1120" class="1004" name="data_V_4_phi_phi_fu_1120">
<pin_list>
<pin id="1121" dir="0" index="0" bw="8" slack="0"/>
<pin id="1122" dir="0" index="1" bw="0" slack="2147483647"/>
<pin id="1123" dir="0" index="2" bw="8" slack="0"/>
<pin id="1124" dir="0" index="3" bw="0" slack="2147483647"/>
<pin id="1125" dir="1" index="4" bw="8" slack="0"/>
</pin_list>
<bind>
<opcode="phi(47) " fcode="phi"/>
<opset="data_V_4_phi/3 "/>
</bind>
</comp>

<comp id="1128" class="1005" name="data_V_3_phi_reg_1128">
<pin_list>
<pin id="1129" dir="0" index="0" bw="8" slack="0"/>
<pin id="1130" dir="1" index="1" bw="8" slack="0"/>
</pin_list>
<bind>
<opset="data_V_3_phi (phireg) "/>
</bind>
</comp>

<comp id="1132" class="1004" name="data_V_3_phi_phi_fu_1132">
<pin_list>
<pin id="1133" dir="0" index="0" bw="8" slack="0"/>
<pin id="1134" dir="0" index="1" bw="0" slack="2147483647"/>
<pin id="1135" dir="0" index="2" bw="8" slack="0"/>
<pin id="1136" dir="0" index="3" bw="0" slack="2147483647"/>
<pin id="1137" dir="1" index="4" bw="8" slack="0"/>
</pin_list>
<bind>
<opcode="phi(47) " fcode="phi"/>
<opset="data_V_3_phi/3 "/>
</bind>
</comp>

<comp id="1140" class="1005" name="data_V_2_phi_reg_1140">
<pin_list>
<pin id="1141" dir="0" index="0" bw="8" slack="0"/>
<pin id="1142" dir="1" index="1" bw="8" slack="0"/>
</pin_list>
<bind>
<opset="data_V_2_phi (phireg) "/>
</bind>
</comp>

<comp id="1144" class="1004" name="data_V_2_phi_phi_fu_1144">
<pin_list>
<pin id="1145" dir="0" index="0" bw="8" slack="0"/>
<pin id="1146" dir="0" index="1" bw="0" slack="2147483647"/>
<pin id="1147" dir="0" index="2" bw="8" slack="0"/>
<pin id="1148" dir="0" index="3" bw="0" slack="2147483647"/>
<pin id="1149" dir="1" index="4" bw="8" slack="0"/>
</pin_list>
<bind>
<opcode="phi(47) " fcode="phi"/>
<opset="data_V_2_phi/3 "/>
</bind>
</comp>

<comp id="1152" class="1005" name="data_V_1_phi_reg_1152">
<pin_list>
<pin id="1153" dir="0" index="0" bw="8" slack="0"/>
<pin id="1154" dir="1" index="1" bw="8" slack="0"/>
</pin_list>
<bind>
<opset="data_V_1_phi (phireg) "/>
</bind>
</comp>

<comp id="1156" class="1004" name="data_V_1_phi_phi_fu_1156">
<pin_list>
<pin id="1157" dir="0" index="0" bw="8" slack="0"/>
<pin id="1158" dir="0" index="1" bw="0" slack="2147483647"/>
<pin id="1159" dir="0" index="2" bw="8" slack="0"/>
<pin id="1160" dir="0" index="3" bw="0" slack="2147483647"/>
<pin id="1161" dir="1" index="4" bw="8" slack="0"/>
</pin_list>
<bind>
<opcode="phi(47) " fcode="phi"/>
<opset="data_V_1_phi/3 "/>
</bind>
</comp>

<comp id="1164" class="1005" name="data_V_30_phi_reg_1164">
<pin_list>
<pin id="1165" dir="0" index="0" bw="8" slack="0"/>
<pin id="1166" dir="1" index="1" bw="8" slack="0"/>
</pin_list>
<bind>
<opset="data_V_30_phi (phireg) "/>
</bind>
</comp>

<comp id="1168" class="1004" name="data_V_30_phi_phi_fu_1168">
<pin_list>
<pin id="1169" dir="0" index="0" bw="8" slack="0"/>
<pin id="1170" dir="0" index="1" bw="0" slack="2147483647"/>
<pin id="1171" dir="0" index="2" bw="8" slack="0"/>
<pin id="1172" dir="0" index="3" bw="0" slack="2147483647"/>
<pin id="1173" dir="1" index="4" bw="8" slack="0"/>
</pin_list>
<bind>
<opcode="phi(47) " fcode="phi"/>
<opset="data_V_30_phi/3 "/>
</bind>
</comp>

<comp id="1176" class="1005" name="data_V_31_phi_reg_1176">
<pin_list>
<pin id="1177" dir="0" index="0" bw="8" slack="0"/>
<pin id="1178" dir="1" index="1" bw="8" slack="0"/>
</pin_list>
<bind>
<opset="data_V_31_phi (phireg) "/>
</bind>
</comp>

<comp id="1180" class="1004" name="data_V_31_phi_phi_fu_1180">
<pin_list>
<pin id="1181" dir="0" index="0" bw="8" slack="0"/>
<pin id="1182" dir="0" index="1" bw="0" slack="2147483647"/>
<pin id="1183" dir="0" index="2" bw="8" slack="0"/>
<pin id="1184" dir="0" index="3" bw="0" slack="2147483647"/>
<pin id="1185" dir="1" index="4" bw="8" slack="0"/>
</pin_list>
<bind>
<opcode="phi(47) " fcode="phi"/>
<opset="data_V_31_phi/3 "/>
</bind>
</comp>

<comp id="1188" class="1005" name="p_phi_reg_1188">
<pin_list>
<pin id="1189" dir="0" index="0" bw="8" slack="0"/>
<pin id="1190" dir="1" index="1" bw="8" slack="0"/>
</pin_list>
<bind>
<opset="p_phi (phireg) "/>
</bind>
</comp>

<comp id="1192" class="1004" name="p_phi_phi_fu_1192">
<pin_list>
<pin id="1193" dir="0" index="0" bw="8" slack="0"/>
<pin id="1194" dir="0" index="1" bw="0" slack="2147483647"/>
<pin id="1195" dir="0" index="2" bw="8" slack="0"/>
<pin id="1196" dir="0" index="3" bw="0" slack="2147483647"/>
<pin id="1197" dir="1" index="4" bw="8" slack="0"/>
</pin_list>
<bind>
<opcode="phi(47) " fcode="phi"/>
<opset="p_phi/3 "/>
</bind>
</comp>

<comp id="1200" class="1005" name="in_index84_reg_1200">
<pin_list>
<pin id="1201" dir="0" index="0" bw="5" slack="2"/>
<pin id="1202" dir="1" index="1" bw="5" slack="2"/>
</pin_list>
<bind>
<opset="in_index84 (phireg) "/>
</bind>
</comp>

<comp id="1204" class="1004" name="in_index84_phi_fu_1204">
<pin_list>
<pin id="1205" dir="0" index="0" bw="1" slack="3"/>
<pin id="1206" dir="0" index="1" bw="0" slack="2147483647"/>
<pin id="1207" dir="0" index="2" bw="5" slack="0"/>
<pin id="1208" dir="0" index="3" bw="0" slack="2147483647"/>
<pin id="1209" dir="0" index="4" bw="1" slack="2"/>
<pin id="1210" dir="0" index="5" bw="0" slack="2147483647"/>
<pin id="1211" dir="1" index="6" bw="5" slack="0"/>
</pin_list>
<bind>
<opcode="phi(47) " fcode="phi"/>
<opset="in_index84/4 "/>
</bind>
</comp>

<comp id="1214" class="1005" name="acc_V82_reg_1214">
<pin_list>
<pin id="1215" dir="0" index="0" bw="8" slack="1"/>
<pin id="1216" dir="1" index="1" bw="8" slack="1"/>
</pin_list>
<bind>
<opset="acc_V82 (phireg) "/>
</bind>
</comp>

<comp id="1218" class="1004" name="acc_V82_phi_fu_1218">
<pin_list>
<pin id="1219" dir="0" index="0" bw="1" slack="5"/>
<pin id="1220" dir="0" index="1" bw="0" slack="2147483647"/>
<pin id="1221" dir="0" index="2" bw="8" slack="1"/>
<pin id="1222" dir="0" index="3" bw="0" slack="2147483647"/>
<pin id="1223" dir="0" index="4" bw="1" slack="4"/>
<pin id="1224" dir="0" index="5" bw="0" slack="2147483647"/>
<pin id="1225" dir="1" index="6" bw="8" slack="0"/>
</pin_list>
<bind>
<opcode="phi(47) " fcode="phi"/>
<opset="acc_V82/6 "/>
</bind>
</comp>

<comp id="1229" class="1005" name="acc_V_180_reg_1229">
<pin_list>
<pin id="1230" dir="0" index="0" bw="8" slack="1"/>
<pin id="1231" dir="1" index="1" bw="8" slack="1"/>
</pin_list>
<bind>
<opset="acc_V_180 (phireg) "/>
</bind>
</comp>

<comp id="1233" class="1004" name="acc_V_180_phi_fu_1233">
<pin_list>
<pin id="1234" dir="0" index="0" bw="1" slack="5"/>
<pin id="1235" dir="0" index="1" bw="0" slack="2147483647"/>
<pin id="1236" dir="0" index="2" bw="8" slack="1"/>
<pin id="1237" dir="0" index="3" bw="0" slack="2147483647"/>
<pin id="1238" dir="0" index="4" bw="1" slack="4"/>
<pin id="1239" dir="0" index="5" bw="0" slack="2147483647"/>
<pin id="1240" dir="1" index="6" bw="8" slack="0"/>
</pin_list>
<bind>
<opcode="phi(47) " fcode="phi"/>
<opset="acc_V_180/6 "/>
</bind>
</comp>

<comp id="1244" class="1005" name="acc_V_278_reg_1244">
<pin_list>
<pin id="1245" dir="0" index="0" bw="8" slack="1"/>
<pin id="1246" dir="1" index="1" bw="8" slack="1"/>
</pin_list>
<bind>
<opset="acc_V_278 (phireg) "/>
</bind>
</comp>

<comp id="1248" class="1004" name="acc_V_278_phi_fu_1248">
<pin_list>
<pin id="1249" dir="0" index="0" bw="1" slack="5"/>
<pin id="1250" dir="0" index="1" bw="0" slack="2147483647"/>
<pin id="1251" dir="0" index="2" bw="8" slack="1"/>
<pin id="1252" dir="0" index="3" bw="0" slack="2147483647"/>
<pin id="1253" dir="0" index="4" bw="1" slack="4"/>
<pin id="1254" dir="0" index="5" bw="0" slack="2147483647"/>
<pin id="1255" dir="1" index="6" bw="8" slack="0"/>
</pin_list>
<bind>
<opcode="phi(47) " fcode="phi"/>
<opset="acc_V_278/6 "/>
</bind>
</comp>

<comp id="1259" class="1005" name="acc_V_376_reg_1259">
<pin_list>
<pin id="1260" dir="0" index="0" bw="8" slack="1"/>
<pin id="1261" dir="1" index="1" bw="8" slack="1"/>
</pin_list>
<bind>
<opset="acc_V_376 (phireg) "/>
</bind>
</comp>

<comp id="1263" class="1004" name="acc_V_376_phi_fu_1263">
<pin_list>
<pin id="1264" dir="0" index="0" bw="1" slack="5"/>
<pin id="1265" dir="0" index="1" bw="0" slack="2147483647"/>
<pin id="1266" dir="0" index="2" bw="8" slack="1"/>
<pin id="1267" dir="0" index="3" bw="0" slack="2147483647"/>
<pin id="1268" dir="0" index="4" bw="1" slack="4"/>
<pin id="1269" dir="0" index="5" bw="0" slack="2147483647"/>
<pin id="1270" dir="1" index="6" bw="8" slack="0"/>
</pin_list>
<bind>
<opcode="phi(47) " fcode="phi"/>
<opset="acc_V_376/6 "/>
</bind>
</comp>

<comp id="1274" class="1005" name="acc_V_474_reg_1274">
<pin_list>
<pin id="1275" dir="0" index="0" bw="8" slack="1"/>
<pin id="1276" dir="1" index="1" bw="8" slack="1"/>
</pin_list>
<bind>
<opset="acc_V_474 (phireg) "/>
</bind>
</comp>

<comp id="1278" class="1004" name="acc_V_474_phi_fu_1278">
<pin_list>
<pin id="1279" dir="0" index="0" bw="1" slack="5"/>
<pin id="1280" dir="0" index="1" bw="0" slack="2147483647"/>
<pin id="1281" dir="0" index="2" bw="8" slack="1"/>
<pin id="1282" dir="0" index="3" bw="0" slack="2147483647"/>
<pin id="1283" dir="0" index="4" bw="1" slack="4"/>
<pin id="1284" dir="0" index="5" bw="0" slack="2147483647"/>
<pin id="1285" dir="1" index="6" bw="8" slack="0"/>
</pin_list>
<bind>
<opcode="phi(47) " fcode="phi"/>
<opset="acc_V_474/6 "/>
</bind>
</comp>

<comp id="1289" class="1005" name="acc_V_572_reg_1289">
<pin_list>
<pin id="1290" dir="0" index="0" bw="8" slack="1"/>
<pin id="1291" dir="1" index="1" bw="8" slack="1"/>
</pin_list>
<bind>
<opset="acc_V_572 (phireg) "/>
</bind>
</comp>

<comp id="1293" class="1004" name="acc_V_572_phi_fu_1293">
<pin_list>
<pin id="1294" dir="0" index="0" bw="1" slack="5"/>
<pin id="1295" dir="0" index="1" bw="0" slack="2147483647"/>
<pin id="1296" dir="0" index="2" bw="8" slack="1"/>
<pin id="1297" dir="0" index="3" bw="0" slack="2147483647"/>
<pin id="1298" dir="0" index="4" bw="1" slack="4"/>
<pin id="1299" dir="0" index="5" bw="0" slack="2147483647"/>
<pin id="1300" dir="1" index="6" bw="8" slack="0"/>
</pin_list>
<bind>
<opcode="phi(47) " fcode="phi"/>
<opset="acc_V_572/6 "/>
</bind>
</comp>

<comp id="1304" class="1005" name="acc_V_670_reg_1304">
<pin_list>
<pin id="1305" dir="0" index="0" bw="8" slack="1"/>
<pin id="1306" dir="1" index="1" bw="8" slack="1"/>
</pin_list>
<bind>
<opset="acc_V_670 (phireg) "/>
</bind>
</comp>

<comp id="1308" class="1004" name="acc_V_670_phi_fu_1308">
<pin_list>
<pin id="1309" dir="0" index="0" bw="1" slack="5"/>
<pin id="1310" dir="0" index="1" bw="0" slack="2147483647"/>
<pin id="1311" dir="0" index="2" bw="8" slack="1"/>
<pin id="1312" dir="0" index="3" bw="0" slack="2147483647"/>
<pin id="1313" dir="0" index="4" bw="1" slack="4"/>
<pin id="1314" dir="0" index="5" bw="0" slack="2147483647"/>
<pin id="1315" dir="1" index="6" bw="8" slack="0"/>
</pin_list>
<bind>
<opcode="phi(47) " fcode="phi"/>
<opset="acc_V_670/6 "/>
</bind>
</comp>

<comp id="1319" class="1005" name="acc_V_768_reg_1319">
<pin_list>
<pin id="1320" dir="0" index="0" bw="8" slack="1"/>
<pin id="1321" dir="1" index="1" bw="8" slack="1"/>
</pin_list>
<bind>
<opset="acc_V_768 (phireg) "/>
</bind>
</comp>

<comp id="1323" class="1004" name="acc_V_768_phi_fu_1323">
<pin_list>
<pin id="1324" dir="0" index="0" bw="1" slack="5"/>
<pin id="1325" dir="0" index="1" bw="0" slack="2147483647"/>
<pin id="1326" dir="0" index="2" bw="8" slack="1"/>
<pin id="1327" dir="0" index="3" bw="0" slack="2147483647"/>
<pin id="1328" dir="0" index="4" bw="1" slack="4"/>
<pin id="1329" dir="0" index="5" bw="0" slack="2147483647"/>
<pin id="1330" dir="1" index="6" bw="8" slack="0"/>
</pin_list>
<bind>
<opcode="phi(47) " fcode="phi"/>
<opset="acc_V_768/6 "/>
</bind>
</comp>

<comp id="1334" class="1005" name="acc_V_866_reg_1334">
<pin_list>
<pin id="1335" dir="0" index="0" bw="8" slack="1"/>
<pin id="1336" dir="1" index="1" bw="8" slack="1"/>
</pin_list>
<bind>
<opset="acc_V_866 (phireg) "/>
</bind>
</comp>

<comp id="1338" class="1004" name="acc_V_866_phi_fu_1338">
<pin_list>
<pin id="1339" dir="0" index="0" bw="1" slack="5"/>
<pin id="1340" dir="0" index="1" bw="0" slack="2147483647"/>
<pin id="1341" dir="0" index="2" bw="8" slack="1"/>
<pin id="1342" dir="0" index="3" bw="0" slack="2147483647"/>
<pin id="1343" dir="0" index="4" bw="1" slack="4"/>
<pin id="1344" dir="0" index="5" bw="0" slack="2147483647"/>
<pin id="1345" dir="1" index="6" bw="8" slack="0"/>
</pin_list>
<bind>
<opcode="phi(47) " fcode="phi"/>
<opset="acc_V_866/6 "/>
</bind>
</comp>

<comp id="1349" class="1005" name="acc_V_964_reg_1349">
<pin_list>
<pin id="1350" dir="0" index="0" bw="8" slack="1"/>
<pin id="1351" dir="1" index="1" bw="8" slack="1"/>
</pin_list>
<bind>
<opset="acc_V_964 (phireg) "/>
</bind>
</comp>

<comp id="1353" class="1004" name="acc_V_964_phi_fu_1353">
<pin_list>
<pin id="1354" dir="0" index="0" bw="1" slack="5"/>
<pin id="1355" dir="0" index="1" bw="0" slack="2147483647"/>
<pin id="1356" dir="0" index="2" bw="8" slack="1"/>
<pin id="1357" dir="0" index="3" bw="0" slack="2147483647"/>
<pin id="1358" dir="0" index="4" bw="1" slack="4"/>
<pin id="1359" dir="0" index="5" bw="0" slack="2147483647"/>
<pin id="1360" dir="1" index="6" bw="8" slack="0"/>
</pin_list>
<bind>
<opcode="phi(47) " fcode="phi"/>
<opset="acc_V_964/6 "/>
</bind>
</comp>

<comp id="1364" class="1005" name="acc_V_1062_reg_1364">
<pin_list>
<pin id="1365" dir="0" index="0" bw="8" slack="1"/>
<pin id="1366" dir="1" index="1" bw="8" slack="1"/>
</pin_list>
<bind>
<opset="acc_V_1062 (phireg) "/>
</bind>
</comp>

<comp id="1368" class="1004" name="acc_V_1062_phi_fu_1368">
<pin_list>
<pin id="1369" dir="0" index="0" bw="1" slack="5"/>
<pin id="1370" dir="0" index="1" bw="0" slack="2147483647"/>
<pin id="1371" dir="0" index="2" bw="8" slack="1"/>
<pin id="1372" dir="0" index="3" bw="0" slack="2147483647"/>
<pin id="1373" dir="0" index="4" bw="1" slack="4"/>
<pin id="1374" dir="0" index="5" bw="0" slack="2147483647"/>
<pin id="1375" dir="1" index="6" bw="8" slack="0"/>
</pin_list>
<bind>
<opcode="phi(47) " fcode="phi"/>
<opset="acc_V_1062/6 "/>
</bind>
</comp>

<comp id="1379" class="1005" name="acc_V_1160_reg_1379">
<pin_list>
<pin id="1380" dir="0" index="0" bw="8" slack="1"/>
<pin id="1381" dir="1" index="1" bw="8" slack="1"/>
</pin_list>
<bind>
<opset="acc_V_1160 (phireg) "/>
</bind>
</comp>

<comp id="1383" class="1004" name="acc_V_1160_phi_fu_1383">
<pin_list>
<pin id="1384" dir="0" index="0" bw="1" slack="5"/>
<pin id="1385" dir="0" index="1" bw="0" slack="2147483647"/>
<pin id="1386" dir="0" index="2" bw="8" slack="1"/>
<pin id="1387" dir="0" index="3" bw="0" slack="2147483647"/>
<pin id="1388" dir="0" index="4" bw="1" slack="4"/>
<pin id="1389" dir="0" index="5" bw="0" slack="2147483647"/>
<pin id="1390" dir="1" index="6" bw="8" slack="0"/>
</pin_list>
<bind>
<opcode="phi(47) " fcode="phi"/>
<opset="acc_V_1160/6 "/>
</bind>
</comp>

<comp id="1394" class="1005" name="acc_V_1258_reg_1394">
<pin_list>
<pin id="1395" dir="0" index="0" bw="8" slack="1"/>
<pin id="1396" dir="1" index="1" bw="8" slack="1"/>
</pin_list>
<bind>
<opset="acc_V_1258 (phireg) "/>
</bind>
</comp>

<comp id="1398" class="1004" name="acc_V_1258_phi_fu_1398">
<pin_list>
<pin id="1399" dir="0" index="0" bw="1" slack="5"/>
<pin id="1400" dir="0" index="1" bw="0" slack="2147483647"/>
<pin id="1401" dir="0" index="2" bw="8" slack="1"/>
<pin id="1402" dir="0" index="3" bw="0" slack="2147483647"/>
<pin id="1403" dir="0" index="4" bw="1" slack="4"/>
<pin id="1404" dir="0" index="5" bw="0" slack="2147483647"/>
<pin id="1405" dir="1" index="6" bw="8" slack="0"/>
</pin_list>
<bind>
<opcode="phi(47) " fcode="phi"/>
<opset="acc_V_1258/6 "/>
</bind>
</comp>

<comp id="1409" class="1005" name="acc_V_1356_reg_1409">
<pin_list>
<pin id="1410" dir="0" index="0" bw="8" slack="1"/>
<pin id="1411" dir="1" index="1" bw="8" slack="1"/>
</pin_list>
<bind>
<opset="acc_V_1356 (phireg) "/>
</bind>
</comp>

<comp id="1413" class="1004" name="acc_V_1356_phi_fu_1413">
<pin_list>
<pin id="1414" dir="0" index="0" bw="1" slack="5"/>
<pin id="1415" dir="0" index="1" bw="0" slack="2147483647"/>
<pin id="1416" dir="0" index="2" bw="8" slack="1"/>
<pin id="1417" dir="0" index="3" bw="0" slack="2147483647"/>
<pin id="1418" dir="0" index="4" bw="1" slack="4"/>
<pin id="1419" dir="0" index="5" bw="0" slack="2147483647"/>
<pin id="1420" dir="1" index="6" bw="8" slack="0"/>
</pin_list>
<bind>
<opcode="phi(47) " fcode="phi"/>
<opset="acc_V_1356/6 "/>
</bind>
</comp>

<comp id="1424" class="1005" name="acc_V_1454_reg_1424">
<pin_list>
<pin id="1425" dir="0" index="0" bw="8" slack="1"/>
<pin id="1426" dir="1" index="1" bw="8" slack="1"/>
</pin_list>
<bind>
<opset="acc_V_1454 (phireg) "/>
</bind>
</comp>

<comp id="1428" class="1004" name="acc_V_1454_phi_fu_1428">
<pin_list>
<pin id="1429" dir="0" index="0" bw="1" slack="5"/>
<pin id="1430" dir="0" index="1" bw="0" slack="2147483647"/>
<pin id="1431" dir="0" index="2" bw="8" slack="1"/>
<pin id="1432" dir="0" index="3" bw="0" slack="2147483647"/>
<pin id="1433" dir="0" index="4" bw="1" slack="4"/>
<pin id="1434" dir="0" index="5" bw="0" slack="2147483647"/>
<pin id="1435" dir="1" index="6" bw="8" slack="0"/>
</pin_list>
<bind>
<opcode="phi(47) " fcode="phi"/>
<opset="acc_V_1454/6 "/>
</bind>
</comp>

<comp id="1439" class="1005" name="acc_V_1552_reg_1439">
<pin_list>
<pin id="1440" dir="0" index="0" bw="8" slack="1"/>
<pin id="1441" dir="1" index="1" bw="8" slack="1"/>
</pin_list>
<bind>
<opset="acc_V_1552 (phireg) "/>
</bind>
</comp>

<comp id="1443" class="1004" name="acc_V_1552_phi_fu_1443">
<pin_list>
<pin id="1444" dir="0" index="0" bw="1" slack="5"/>
<pin id="1445" dir="0" index="1" bw="0" slack="2147483647"/>
<pin id="1446" dir="0" index="2" bw="8" slack="1"/>
<pin id="1447" dir="0" index="3" bw="0" slack="2147483647"/>
<pin id="1448" dir="0" index="4" bw="1" slack="4"/>
<pin id="1449" dir="0" index="5" bw="0" slack="2147483647"/>
<pin id="1450" dir="1" index="6" bw="8" slack="0"/>
</pin_list>
<bind>
<opcode="phi(47) " fcode="phi"/>
<opset="acc_V_1552/6 "/>
</bind>
</comp>

<comp id="1454" class="1004" name="ir_fu_1454">
<pin_list>
<pin id="1455" dir="0" index="0" bw="6" slack="0"/>
<pin id="1456" dir="0" index="1" bw="1" slack="0"/>
<pin id="1457" dir="1" index="2" bw="6" slack="0"/>
</pin_list>
<bind>
<opcode="add(8) " fcode="add"/>
<opset="ir/2 "/>
</bind>
</comp>

<comp id="1460" class="1004" name="icmp_ln124_fu_1460">
<pin_list>
<pin id="1461" dir="0" index="0" bw="6" slack="0"/>
<pin id="1462" dir="0" index="1" bw="1" slack="0"/>
<pin id="1463" dir="1" index="2" bw="1" slack="1"/>
</pin_list>
<bind>
<opcode="icmp(45) " fcode="icmp"/>
<opset="icmp_ln124/2 "/>
</bind>
</comp>

<comp id="1466" class="1004" name="data_V_fu_1466">
<pin_list>
<pin id="1467" dir="0" index="0" bw="256" slack="0"/>
<pin id="1468" dir="1" index="1" bw="8" slack="0"/>
</pin_list>
<bind>
<opcode="trunc(33) " fcode="trunc"/>
<opset="data_V/3 "/>
</bind>
</comp>

<comp id="1471" class="1004" name="data_V_31_fu_1471">
<pin_list>
<pin id="1472" dir="0" index="0" bw="8" slack="0"/>
<pin id="1473" dir="0" index="1" bw="256" slack="0"/>
<pin id="1474" dir="0" index="2" bw="9" slack="0"/>
<pin id="1475" dir="0" index="3" bw="9" slack="0"/>
<pin id="1476" dir="1" index="4" bw="8" slack="0"/>
</pin_list>
<bind>
<opcode="partselect(1002) " fcode="partselect"/>
<opset="data_V_31/3 "/>
</bind>
</comp>

<comp id="1482" class="1004" name="data_V_32_fu_1482">
<pin_list>
<pin id="1483" dir="0" index="0" bw="8" slack="0"/>
<pin id="1484" dir="0" index="1" bw="256" slack="0"/>
<pin id="1485" dir="0" index="2" bw="9" slack="0"/>
<pin id="1486" dir="0" index="3" bw="9" slack="0"/>
<pin id="1487" dir="1" index="4" bw="8" slack="0"/>
</pin_list>
<bind>
<opcode="partselect(1002) " fcode="partselect"/>
<opset="data_V_32/3 "/>
</bind>
</comp>

<comp id="1493" class="1004" name="data_V_1_fu_1493">
<pin_list>
<pin id="1494" dir="0" index="0" bw="8" slack="0"/>
<pin id="1495" dir="0" index="1" bw="256" slack="0"/>
<pin id="1496" dir="0" index="2" bw="5" slack="0"/>
<pin id="1497" dir="0" index="3" bw="5" slack="0"/>
<pin id="1498" dir="1" index="4" bw="8" slack="0"/>
</pin_list>
<bind>
<opcode="partselect(1002) " fcode="partselect"/>
<opset="data_V_1/3 "/>
</bind>
</comp>

<comp id="1504" class="1004" name="data_V_2_fu_1504">
<pin_list>
<pin id="1505" dir="0" index="0" bw="8" slack="0"/>
<pin id="1506" dir="0" index="1" bw="256" slack="0"/>
<pin id="1507" dir="0" index="2" bw="6" slack="0"/>
<pin id="1508" dir="0" index="3" bw="6" slack="0"/>
<pin id="1509" dir="1" index="4" bw="8" slack="0"/>
</pin_list>
<bind>
<opcode="partselect(1002) " fcode="partselect"/>
<opset="data_V_2/3 "/>
</bind>
</comp>

<comp id="1515" class="1004" name="data_V_3_fu_1515">
<pin_list>
<pin id="1516" dir="0" index="0" bw="8" slack="0"/>
<pin id="1517" dir="0" index="1" bw="256" slack="0"/>
<pin id="1518" dir="0" index="2" bw="6" slack="0"/>
<pin id="1519" dir="0" index="3" bw="6" slack="0"/>
<pin id="1520" dir="1" index="4" bw="8" slack="0"/>
</pin_list>
<bind>
<opcode="partselect(1002) " fcode="partselect"/>
<opset="data_V_3/3 "/>
</bind>
</comp>

<comp id="1526" class="1004" name="data_V_4_fu_1526">
<pin_list>
<pin id="1527" dir="0" index="0" bw="8" slack="0"/>
<pin id="1528" dir="0" index="1" bw="256" slack="0"/>
<pin id="1529" dir="0" index="2" bw="7" slack="0"/>
<pin id="1530" dir="0" index="3" bw="7" slack="0"/>
<pin id="1531" dir="1" index="4" bw="8" slack="0"/>
</pin_list>
<bind>
<opcode="partselect(1002) " fcode="partselect"/>
<opset="data_V_4/3 "/>
</bind>
</comp>

<comp id="1537" class="1004" name="data_V_5_fu_1537">
<pin_list>
<pin id="1538" dir="0" index="0" bw="8" slack="0"/>
<pin id="1539" dir="0" index="1" bw="256" slack="0"/>
<pin id="1540" dir="0" index="2" bw="7" slack="0"/>
<pin id="1541" dir="0" index="3" bw="7" slack="0"/>
<pin id="1542" dir="1" index="4" bw="8" slack="0"/>
</pin_list>
<bind>
<opcode="partselect(1002) " fcode="partselect"/>
<opset="data_V_5/3 "/>
</bind>
</comp>

<comp id="1548" class="1004" name="data_V_6_fu_1548">
<pin_list>
<pin id="1549" dir="0" index="0" bw="8" slack="0"/>
<pin id="1550" dir="0" index="1" bw="256" slack="0"/>
<pin id="1551" dir="0" index="2" bw="7" slack="0"/>
<pin id="1552" dir="0" index="3" bw="7" slack="0"/>
<pin id="1553" dir="1" index="4" bw="8" slack="0"/>
</pin_list>
<bind>
<opcode="partselect(1002) " fcode="partselect"/>
<opset="data_V_6/3 "/>
</bind>
</comp>

<comp id="1559" class="1004" name="data_V_7_fu_1559">
<pin_list>
<pin id="1560" dir="0" index="0" bw="8" slack="0"/>
<pin id="1561" dir="0" index="1" bw="256" slack="0"/>
<pin id="1562" dir="0" index="2" bw="7" slack="0"/>
<pin id="1563" dir="0" index="3" bw="7" slack="0"/>
<pin id="1564" dir="1" index="4" bw="8" slack="0"/>
</pin_list>
<bind>
<opcode="partselect(1002) " fcode="partselect"/>
<opset="data_V_7/3 "/>
</bind>
</comp>

<comp id="1570" class="1004" name="data_V_8_fu_1570">
<pin_list>
<pin id="1571" dir="0" index="0" bw="8" slack="0"/>
<pin id="1572" dir="0" index="1" bw="256" slack="0"/>
<pin id="1573" dir="0" index="2" bw="8" slack="0"/>
<pin id="1574" dir="0" index="3" bw="8" slack="0"/>
<pin id="1575" dir="1" index="4" bw="8" slack="0"/>
</pin_list>
<bind>
<opcode="partselect(1002) " fcode="partselect"/>
<opset="data_V_8/3 "/>
</bind>
</comp>

<comp id="1581" class="1004" name="data_V_9_fu_1581">
<pin_list>
<pin id="1582" dir="0" index="0" bw="8" slack="0"/>
<pin id="1583" dir="0" index="1" bw="256" slack="0"/>
<pin id="1584" dir="0" index="2" bw="8" slack="0"/>
<pin id="1585" dir="0" index="3" bw="8" slack="0"/>
<pin id="1586" dir="1" index="4" bw="8" slack="0"/>
</pin_list>
<bind>
<opcode="partselect(1002) " fcode="partselect"/>
<opset="data_V_9/3 "/>
</bind>
</comp>

<comp id="1592" class="1004" name="data_V_33_fu_1592">
<pin_list>
<pin id="1593" dir="0" index="0" bw="8" slack="0"/>
<pin id="1594" dir="0" index="1" bw="256" slack="0"/>
<pin id="1595" dir="0" index="2" bw="8" slack="0"/>
<pin id="1596" dir="0" index="3" bw="8" slack="0"/>
<pin id="1597" dir="1" index="4" bw="8" slack="0"/>
</pin_list>
<bind>
<opcode="partselect(1002) " fcode="partselect"/>
<opset="data_V_33/3 "/>
</bind>
</comp>

<comp id="1603" class="1004" name="data_V_34_fu_1603">
<pin_list>
<pin id="1604" dir="0" index="0" bw="8" slack="0"/>
<pin id="1605" dir="0" index="1" bw="256" slack="0"/>
<pin id="1606" dir="0" index="2" bw="8" slack="0"/>
<pin id="1607" dir="0" index="3" bw="8" slack="0"/>
<pin id="1608" dir="1" index="4" bw="8" slack="0"/>
</pin_list>
<bind>
<opcode="partselect(1002) " fcode="partselect"/>
<opset="data_V_34/3 "/>
</bind>
</comp>

<comp id="1614" class="1004" name="data_V_35_fu_1614">
<pin_list>
<pin id="1615" dir="0" index="0" bw="8" slack="0"/>
<pin id="1616" dir="0" index="1" bw="256" slack="0"/>
<pin id="1617" dir="0" index="2" bw="8" slack="0"/>
<pin id="1618" dir="0" index="3" bw="8" slack="0"/>
<pin id="1619" dir="1" index="4" bw="8" slack="0"/>
</pin_list>
<bind>
<opcode="partselect(1002) " fcode="partselect"/>
<opset="data_V_35/3 "/>
</bind>
</comp>

<comp id="1625" class="1004" name="data_V_36_fu_1625">
<pin_list>
<pin id="1626" dir="0" index="0" bw="8" slack="0"/>
<pin id="1627" dir="0" index="1" bw="256" slack="0"/>
<pin id="1628" dir="0" index="2" bw="8" slack="0"/>
<pin id="1629" dir="0" index="3" bw="8" slack="0"/>
<pin id="1630" dir="1" index="4" bw="8" slack="0"/>
</pin_list>
<bind>
<opcode="partselect(1002) " fcode="partselect"/>
<opset="data_V_36/3 "/>
</bind>
</comp>

<comp id="1636" class="1004" name="data_V_37_fu_1636">
<pin_list>
<pin id="1637" dir="0" index="0" bw="8" slack="0"/>
<pin id="1638" dir="0" index="1" bw="256" slack="0"/>
<pin id="1639" dir="0" index="2" bw="8" slack="0"/>
<pin id="1640" dir="0" index="3" bw="8" slack="0"/>
<pin id="1641" dir="1" index="4" bw="8" slack="0"/>
</pin_list>
<bind>
<opcode="partselect(1002) " fcode="partselect"/>
<opset="data_V_37/3 "/>
</bind>
</comp>

<comp id="1647" class="1004" name="data_V_38_fu_1647">
<pin_list>
<pin id="1648" dir="0" index="0" bw="8" slack="0"/>
<pin id="1649" dir="0" index="1" bw="256" slack="0"/>
<pin id="1650" dir="0" index="2" bw="8" slack="0"/>
<pin id="1651" dir="0" index="3" bw="8" slack="0"/>
<pin id="1652" dir="1" index="4" bw="8" slack="0"/>
</pin_list>
<bind>
<opcode="partselect(1002) " fcode="partselect"/>
<opset="data_V_38/3 "/>
</bind>
</comp>

<comp id="1658" class="1004" name="data_V_39_fu_1658">
<pin_list>
<pin id="1659" dir="0" index="0" bw="8" slack="0"/>
<pin id="1660" dir="0" index="1" bw="256" slack="0"/>
<pin id="1661" dir="0" index="2" bw="9" slack="0"/>
<pin id="1662" dir="0" index="3" bw="9" slack="0"/>
<pin id="1663" dir="1" index="4" bw="8" slack="0"/>
</pin_list>
<bind>
<opcode="partselect(1002) " fcode="partselect"/>
<opset="data_V_39/3 "/>
</bind>
</comp>

<comp id="1669" class="1004" name="data_V_40_fu_1669">
<pin_list>
<pin id="1670" dir="0" index="0" bw="8" slack="0"/>
<pin id="1671" dir="0" index="1" bw="256" slack="0"/>
<pin id="1672" dir="0" index="2" bw="9" slack="0"/>
<pin id="1673" dir="0" index="3" bw="9" slack="0"/>
<pin id="1674" dir="1" index="4" bw="8" slack="0"/>
</pin_list>
<bind>
<opcode="partselect(1002) " fcode="partselect"/>
<opset="data_V_40/3 "/>
</bind>
</comp>

<comp id="1680" class="1004" name="data_V_41_fu_1680">
<pin_list>
<pin id="1681" dir="0" index="0" bw="8" slack="0"/>
<pin id="1682" dir="0" index="1" bw="256" slack="0"/>
<pin id="1683" dir="0" index="2" bw="9" slack="0"/>
<pin id="1684" dir="0" index="3" bw="9" slack="0"/>
<pin id="1685" dir="1" index="4" bw="8" slack="0"/>
</pin_list>
<bind>
<opcode="partselect(1002) " fcode="partselect"/>
<opset="data_V_41/3 "/>
</bind>
</comp>

<comp id="1691" class="1004" name="data_V_42_fu_1691">
<pin_list>
<pin id="1692" dir="0" index="0" bw="8" slack="0"/>
<pin id="1693" dir="0" index="1" bw="256" slack="0"/>
<pin id="1694" dir="0" index="2" bw="9" slack="0"/>
<pin id="1695" dir="0" index="3" bw="9" slack="0"/>
<pin id="1696" dir="1" index="4" bw="8" slack="0"/>
</pin_list>
<bind>
<opcode="partselect(1002) " fcode="partselect"/>
<opset="data_V_42/3 "/>
</bind>
</comp>

<comp id="1702" class="1004" name="data_V_43_fu_1702">
<pin_list>
<pin id="1703" dir="0" index="0" bw="8" slack="0"/>
<pin id="1704" dir="0" index="1" bw="256" slack="0"/>
<pin id="1705" dir="0" index="2" bw="9" slack="0"/>
<pin id="1706" dir="0" index="3" bw="9" slack="0"/>
<pin id="1707" dir="1" index="4" bw="8" slack="0"/>
</pin_list>
<bind>
<opcode="partselect(1002) " fcode="partselect"/>
<opset="data_V_43/3 "/>
</bind>
</comp>

<comp id="1713" class="1004" name="data_V_44_fu_1713">
<pin_list>
<pin id="1714" dir="0" index="0" bw="8" slack="0"/>
<pin id="1715" dir="0" index="1" bw="256" slack="0"/>
<pin id="1716" dir="0" index="2" bw="9" slack="0"/>
<pin id="1717" dir="0" index="3" bw="9" slack="0"/>
<pin id="1718" dir="1" index="4" bw="8" slack="0"/>
</pin_list>
<bind>
<opcode="partselect(1002) " fcode="partselect"/>
<opset="data_V_44/3 "/>
</bind>
</comp>

<comp id="1724" class="1004" name="data_V_45_fu_1724">
<pin_list>
<pin id="1725" dir="0" index="0" bw="8" slack="0"/>
<pin id="1726" dir="0" index="1" bw="256" slack="0"/>
<pin id="1727" dir="0" index="2" bw="9" slack="0"/>
<pin id="1728" dir="0" index="3" bw="9" slack="0"/>
<pin id="1729" dir="1" index="4" bw="8" slack="0"/>
</pin_list>
<bind>
<opcode="partselect(1002) " fcode="partselect"/>
<opset="data_V_45/3 "/>
</bind>
</comp>

<comp id="1735" class="1004" name="data_V_46_fu_1735">
<pin_list>
<pin id="1736" dir="0" index="0" bw="8" slack="0"/>
<pin id="1737" dir="0" index="1" bw="256" slack="0"/>
<pin id="1738" dir="0" index="2" bw="9" slack="0"/>
<pin id="1739" dir="0" index="3" bw="9" slack="0"/>
<pin id="1740" dir="1" index="4" bw="8" slack="0"/>
</pin_list>
<bind>
<opcode="partselect(1002) " fcode="partselect"/>
<opset="data_V_46/3 "/>
</bind>
</comp>

<comp id="1746" class="1004" name="data_V_47_fu_1746">
<pin_list>
<pin id="1747" dir="0" index="0" bw="8" slack="0"/>
<pin id="1748" dir="0" index="1" bw="256" slack="0"/>
<pin id="1749" dir="0" index="2" bw="9" slack="0"/>
<pin id="1750" dir="0" index="3" bw="9" slack="0"/>
<pin id="1751" dir="1" index="4" bw="8" slack="0"/>
</pin_list>
<bind>
<opcode="partselect(1002) " fcode="partselect"/>
<opset="data_V_47/3 "/>
</bind>
</comp>

<comp id="1757" class="1004" name="data_V_48_fu_1757">
<pin_list>
<pin id="1758" dir="0" index="0" bw="8" slack="0"/>
<pin id="1759" dir="0" index="1" bw="256" slack="0"/>
<pin id="1760" dir="0" index="2" bw="9" slack="0"/>
<pin id="1761" dir="0" index="3" bw="9" slack="0"/>
<pin id="1762" dir="1" index="4" bw="8" slack="0"/>
</pin_list>
<bind>
<opcode="partselect(1002) " fcode="partselect"/>
<opset="data_V_48/3 "/>
</bind>
</comp>

<comp id="1768" class="1004" name="data_V_49_fu_1768">
<pin_list>
<pin id="1769" dir="0" index="0" bw="8" slack="0"/>
<pin id="1770" dir="0" index="1" bw="256" slack="0"/>
<pin id="1771" dir="0" index="2" bw="9" slack="0"/>
<pin id="1772" dir="0" index="3" bw="9" slack="0"/>
<pin id="1773" dir="1" index="4" bw="8" slack="0"/>
</pin_list>
<bind>
<opcode="partselect(1002) " fcode="partselect"/>
<opset="data_V_49/3 "/>
</bind>
</comp>

<comp id="1779" class="1004" name="data_V_50_fu_1779">
<pin_list>
<pin id="1780" dir="0" index="0" bw="8" slack="0"/>
<pin id="1781" dir="0" index="1" bw="256" slack="0"/>
<pin id="1782" dir="0" index="2" bw="9" slack="0"/>
<pin id="1783" dir="0" index="3" bw="9" slack="0"/>
<pin id="1784" dir="1" index="4" bw="8" slack="0"/>
</pin_list>
<bind>
<opcode="partselect(1002) " fcode="partselect"/>
<opset="data_V_50/3 "/>
</bind>
</comp>

<comp id="1790" class="1004" name="data_V_51_fu_1790">
<pin_list>
<pin id="1791" dir="0" index="0" bw="8" slack="0"/>
<pin id="1792" dir="0" index="1" bw="256" slack="0"/>
<pin id="1793" dir="0" index="2" bw="9" slack="0"/>
<pin id="1794" dir="0" index="3" bw="9" slack="0"/>
<pin id="1795" dir="1" index="4" bw="8" slack="0"/>
</pin_list>
<bind>
<opcode="partselect(1002) " fcode="partselect"/>
<opset="data_V_51/3 "/>
</bind>
</comp>

<comp id="1801" class="1004" name="data_V_52_fu_1801">
<pin_list>
<pin id="1802" dir="0" index="0" bw="8" slack="0"/>
<pin id="1803" dir="0" index="1" bw="256" slack="0"/>
<pin id="1804" dir="0" index="2" bw="9" slack="0"/>
<pin id="1805" dir="0" index="3" bw="9" slack="0"/>
<pin id="1806" dir="1" index="4" bw="8" slack="0"/>
</pin_list>
<bind>
<opcode="partselect(1002) " fcode="partselect"/>
<opset="data_V_52/3 "/>
</bind>
</comp>

<comp id="1812" class="1004" name="ir83_cast_fu_1812">
<pin_list>
<pin id="1813" dir="0" index="0" bw="6" slack="1"/>
<pin id="1814" dir="1" index="1" bw="7" slack="0"/>
</pin_list>
<bind>
<opcode="zext(34) " fcode="zext"/>
<opset="ir83_cast/3 "/>
</bind>
</comp>

<comp id="1816" class="1004" name="zext_ln124_fu_1816">
<pin_list>
<pin id="1817" dir="0" index="0" bw="6" slack="1"/>
<pin id="1818" dir="1" index="1" bw="64" slack="0"/>
</pin_list>
<bind>
<opcode="zext(34) " fcode="zext"/>
<opset="zext_ln124/3 "/>
</bind>
</comp>

<comp id="1822" class="1004" name="tmp_fu_1822">
<pin_list>
<pin id="1823" dir="0" index="0" bw="7" slack="0"/>
<pin id="1824" dir="0" index="1" bw="1" slack="0"/>
<pin id="1825" dir="0" index="2" bw="6" slack="1"/>
<pin id="1826" dir="1" index="3" bw="7" slack="0"/>
</pin_list>
<bind>
<opcode="bitconcatenate(1004) " fcode="bitconcatenate"/>
<opset="tmp/3 "/>
</bind>
</comp>

<comp id="1830" class="1004" name="p_cast239_fu_1830">
<pin_list>
<pin id="1831" dir="0" index="0" bw="7" slack="0"/>
<pin id="1832" dir="1" index="1" bw="64" slack="0"/>
</pin_list>
<bind>
<opcode="zext(34) " fcode="zext"/>
<opset="p_cast239/3 "/>
</bind>
</comp>

<comp id="1835" class="1004" name="p_cast240_cast_fu_1835">
<pin_list>
<pin id="1836" dir="0" index="0" bw="8" slack="0"/>
<pin id="1837" dir="0" index="1" bw="1" slack="0"/>
<pin id="1838" dir="0" index="2" bw="6" slack="0"/>
<pin id="1839" dir="1" index="3" bw="8" slack="0"/>
</pin_list>
<bind>
<opcode="bitconcatenate(1004) " fcode="bitconcatenate"/>
<opset="p_cast240_cast/3 "/>
</bind>
</comp>

<comp id="1843" class="1004" name="p_cast240_cast_cast_fu_1843">
<pin_list>
<pin id="1844" dir="0" index="0" bw="8" slack="0"/>
<pin id="1845" dir="1" index="1" bw="64" slack="0"/>
</pin_list>
<bind>
<opcode="zext(34) " fcode="zext"/>
<opset="p_cast240_cast_cast/3 "/>
</bind>
</comp>

<comp id="1848" class="1004" name="p_cast241_cast_cast_cast_cast_fu_1848">
<pin_list>
<pin id="1849" dir="0" index="0" bw="7" slack="0"/>
<pin id="1850" dir="1" index="1" bw="8" slack="0"/>
</pin_list>
<bind>
<opcode="sext(35) " fcode="sext"/>
<opset="p_cast241_cast_cast_cast_cast/3 "/>
</bind>
</comp>

<comp id="1852" class="1004" name="p_cast241_cast_cast_cast_cast_cast_fu_1852">
<pin_list>
<pin id="1853" dir="0" index="0" bw="7" slack="0"/>
<pin id="1854" dir="1" index="1" bw="64" slack="0"/>
</pin_list>
<bind>
<opcode="zext(34) " fcode="zext"/>
<opset="p_cast241_cast_cast_cast_cast_cast/3 "/>
</bind>
</comp>

<comp id="1857" class="1004" name="p_cast242_cast_fu_1857">
<pin_list>
<pin id="1858" dir="0" index="0" bw="9" slack="0"/>
<pin id="1859" dir="0" index="1" bw="2" slack="0"/>
<pin id="1860" dir="0" index="2" bw="6" slack="0"/>
<pin id="1861" dir="1" index="3" bw="9" slack="0"/>
</pin_list>
<bind>
<opcode="bitconcatenate(1004) " fcode="bitconcatenate"/>
<opset="p_cast242_cast/3 "/>
</bind>
</comp>

<comp id="1865" class="1004" name="p_cast242_cast_cast_fu_1865">
<pin_list>
<pin id="1866" dir="0" index="0" bw="9" slack="0"/>
<pin id="1867" dir="1" index="1" bw="64" slack="0"/>
</pin_list>
<bind>
<opcode="zext(34) " fcode="zext"/>
<opset="p_cast242_cast_cast/3 "/>
</bind>
</comp>

<comp id="1870" class="1004" name="tmp_2_fu_1870">
<pin_list>
<pin id="1871" dir="0" index="0" bw="9" slack="0"/>
<pin id="1872" dir="0" index="1" bw="3" slack="0"/>
<pin id="1873" dir="0" index="2" bw="6" slack="1"/>
<pin id="1874" dir="1" index="3" bw="9" slack="0"/>
</pin_list>
<bind>
<opcode="bitconcatenate(1004) " fcode="bitconcatenate"/>
<opset="tmp_2/3 "/>
</bind>
</comp>

<comp id="1878" class="1004" name="p_cast243_fu_1878">
<pin_list>
<pin id="1879" dir="0" index="0" bw="9" slack="0"/>
<pin id="1880" dir="1" index="1" bw="64" slack="0"/>
</pin_list>
<bind>
<opcode="zext(34) " fcode="zext"/>
<opset="p_cast243/3 "/>
</bind>
</comp>

<comp id="1883" class="1004" name="p_cast244_cast_cast_cast_cast_fu_1883">
<pin_list>
<pin id="1884" dir="0" index="0" bw="8" slack="0"/>
<pin id="1885" dir="1" index="1" bw="9" slack="0"/>
</pin_list>
<bind>
<opcode="sext(35) " fcode="sext"/>
<opset="p_cast244_cast_cast_cast_cast/3 "/>
</bind>
</comp>

<comp id="1887" class="1004" name="p_cast244_cast_cast_cast_cast_cast_fu_1887">
<pin_list>
<pin id="1888" dir="0" index="0" bw="8" slack="0"/>
<pin id="1889" dir="1" index="1" bw="64" slack="0"/>
</pin_list>
<bind>
<opcode="zext(34) " fcode="zext"/>
<opset="p_cast244_cast_cast_cast_cast_cast/3 "/>
</bind>
</comp>

<comp id="1892" class="1004" name="p_cast245_cast_cast_cast_cast_fu_1892">
<pin_list>
<pin id="1893" dir="0" index="0" bw="7" slack="0"/>
<pin id="1894" dir="1" index="1" bw="9" slack="0"/>
</pin_list>
<bind>
<opcode="sext(35) " fcode="sext"/>
<opset="p_cast245_cast_cast_cast_cast/3 "/>
</bind>
</comp>

<comp id="1896" class="1004" name="p_cast245_cast_cast_cast_cast_cast_fu_1896">
<pin_list>
<pin id="1897" dir="0" index="0" bw="7" slack="0"/>
<pin id="1898" dir="1" index="1" bw="64" slack="0"/>
</pin_list>
<bind>
<opcode="zext(34) " fcode="zext"/>
<opset="p_cast245_cast_cast_cast_cast_cast/3 "/>
</bind>
</comp>

<comp id="1901" class="1004" name="zext_ln124_1_fu_1901">
<pin_list>
<pin id="1902" dir="0" index="0" bw="5" slack="0"/>
<pin id="1903" dir="1" index="1" bw="6" slack="0"/>
</pin_list>
<bind>
<opcode="zext(34) " fcode="zext"/>
<opset="zext_ln124_1/4 "/>
</bind>
</comp>

<comp id="1905" class="1004" name="a_V_fu_1905">
<pin_list>
<pin id="1906" dir="0" index="0" bw="8" slack="0"/>
<pin id="1907" dir="0" index="1" bw="8" slack="1"/>
<pin id="1908" dir="0" index="2" bw="8" slack="1"/>
<pin id="1909" dir="0" index="3" bw="8" slack="1"/>
<pin id="1910" dir="0" index="4" bw="8" slack="1"/>
<pin id="1911" dir="0" index="5" bw="8" slack="1"/>
<pin id="1912" dir="0" index="6" bw="8" slack="1"/>
<pin id="1913" dir="0" index="7" bw="8" slack="1"/>
<pin id="1914" dir="0" index="8" bw="8" slack="1"/>
<pin id="1915" dir="0" index="9" bw="8" slack="1"/>
<pin id="1916" dir="0" index="10" bw="8" slack="1"/>
<pin id="1917" dir="0" index="11" bw="8" slack="1"/>
<pin id="1918" dir="0" index="12" bw="8" slack="1"/>
<pin id="1919" dir="0" index="13" bw="8" slack="1"/>
<pin id="1920" dir="0" index="14" bw="8" slack="1"/>
<pin id="1921" dir="0" index="15" bw="8" slack="1"/>
<pin id="1922" dir="0" index="16" bw="8" slack="1"/>
<pin id="1923" dir="0" index="17" bw="8" slack="1"/>
<pin id="1924" dir="0" index="18" bw="8" slack="1"/>
<pin id="1925" dir="0" index="19" bw="8" slack="1"/>
<pin id="1926" dir="0" index="20" bw="8" slack="1"/>
<pin id="1927" dir="0" index="21" bw="8" slack="1"/>
<pin id="1928" dir="0" index="22" bw="8" slack="1"/>
<pin id="1929" dir="0" index="23" bw="8" slack="1"/>
<pin id="1930" dir="0" index="24" bw="8" slack="1"/>
<pin id="1931" dir="0" index="25" bw="8" slack="1"/>
<pin id="1932" dir="0" index="26" bw="8" slack="1"/>
<pin id="1933" dir="0" index="27" bw="8" slack="1"/>
<pin id="1934" dir="0" index="28" bw="8" slack="1"/>
<pin id="1935" dir="0" index="29" bw="8" slack="1"/>
<pin id="1936" dir="0" index="30" bw="8" slack="1"/>
<pin id="1937" dir="0" index="31" bw="8" slack="1"/>
<pin id="1938" dir="0" index="32" bw="8" slack="1"/>
<pin id="1939" dir="0" index="33" bw="5" slack="0"/>
<pin id="1940" dir="1" index="34" bw="8" slack="1"/>
</pin_list>
<bind>
<opcode="mux(1196) " fcode="mux"/>
<opset="a_V/4 "/>
</bind>
</comp>

<comp id="1975" class="1004" name="in_index_1_fu_1975">
<pin_list>
<pin id="1976" dir="0" index="0" bw="5" slack="0"/>
<pin id="1977" dir="0" index="1" bw="1" slack="0"/>
<pin id="1978" dir="1" index="2" bw="6" slack="0"/>
</pin_list>
<bind>
<opcode="add(8) " fcode="add"/>
<opset="in_index_1/4 "/>
</bind>
</comp>

<comp id="1981" class="1004" name="add_ln109_fu_1981">
<pin_list>
<pin id="1982" dir="0" index="0" bw="5" slack="0"/>
<pin id="1983" dir="0" index="1" bw="1" slack="0"/>
<pin id="1984" dir="1" index="2" bw="5" slack="0"/>
</pin_list>
<bind>
<opcode="add(8) " fcode="add"/>
<opset="add_ln109/4 "/>
</bind>
</comp>

<comp id="1987" class="1004" name="tmp_3_fu_1987">
<pin_list>
<pin id="1988" dir="0" index="0" bw="1" slack="0"/>
<pin id="1989" dir="0" index="1" bw="6" slack="0"/>
<pin id="1990" dir="0" index="2" bw="4" slack="0"/>
<pin id="1991" dir="1" index="3" bw="1" slack="0"/>
</pin_list>
<bind>
<opcode="bitselect(1000) " fcode="bitselect"/>
<opset="tmp_3/4 "/>
</bind>
</comp>

<comp id="1995" class="1004" name="in_index_fu_1995">
<pin_list>
<pin id="1996" dir="0" index="0" bw="1" slack="0"/>
<pin id="1997" dir="0" index="1" bw="1" slack="0"/>
<pin id="1998" dir="0" index="2" bw="5" slack="0"/>
<pin id="1999" dir="1" index="3" bw="5" slack="0"/>
</pin_list>
<bind>
<opcode="select(49) " fcode="select"/>
<opset="in_index/4 "/>
</bind>
</comp>

<comp id="2003" class="1004" name="sext_ln1273_fu_2003">
<pin_list>
<pin id="2004" dir="0" index="0" bw="8" slack="1"/>
<pin id="2005" dir="1" index="1" bw="13" slack="0"/>
</pin_list>
<bind>
<opcode="sext(35) " fcode="sext"/>
<opset="sext_ln1273/5 "/>
</bind>
</comp>

<comp id="2006" class="1004" name="sext_ln1273_37_fu_2006">
<pin_list>
<pin id="2007" dir="0" index="0" bw="8" slack="1"/>
<pin id="2008" dir="1" index="1" bw="13" slack="0"/>
</pin_list>
<bind>
<opcode="sext(35) " fcode="sext"/>
<opset="sext_ln1273_37/5 "/>
</bind>
</comp>

<comp id="2009" class="1004" name="mul_ln1270_fu_2009">
<pin_list>
<pin id="2010" dir="0" index="0" bw="8" slack="0"/>
<pin id="2011" dir="0" index="1" bw="8" slack="0"/>
<pin id="2012" dir="1" index="2" bw="13" slack="0"/>
</pin_list>
<bind>
<opcode="mul(12) " fcode="mul"/>
<opset="mul_ln1270/5 "/>
</bind>
</comp>

<comp id="2015" class="1004" name="rhs_fu_2015">
<pin_list>
<pin id="2016" dir="0" index="0" bw="8" slack="0"/>
<pin id="2017" dir="0" index="1" bw="13" slack="0"/>
<pin id="2018" dir="0" index="2" bw="4" slack="0"/>
<pin id="2019" dir="0" index="3" bw="5" slack="0"/>
<pin id="2020" dir="1" index="4" bw="8" slack="1"/>
</pin_list>
<bind>
<opcode="partselect(1002) " fcode="partselect"/>
<opset="rhs/5 "/>
</bind>
</comp>

<comp id="2025" class="1004" name="sext_ln1273_38_fu_2025">
<pin_list>
<pin id="2026" dir="0" index="0" bw="8" slack="1"/>
<pin id="2027" dir="1" index="1" bw="13" slack="0"/>
</pin_list>
<bind>
<opcode="sext(35) " fcode="sext"/>
<opset="sext_ln1273_38/5 "/>
</bind>
</comp>

<comp id="2028" class="1004" name="mul_ln1270_3_fu_2028">
<pin_list>
<pin id="2029" dir="0" index="0" bw="8" slack="0"/>
<pin id="2030" dir="0" index="1" bw="8" slack="0"/>
<pin id="2031" dir="1" index="2" bw="13" slack="0"/>
</pin_list>
<bind>
<opcode="mul(12) " fcode="mul"/>
<opset="mul_ln1270_3/5 "/>
</bind>
</comp>

<comp id="2034" class="1004" name="rhs_1_fu_2034">
<pin_list>
<pin id="2035" dir="0" index="0" bw="8" slack="0"/>
<pin id="2036" dir="0" index="1" bw="13" slack="0"/>
<pin id="2037" dir="0" index="2" bw="4" slack="0"/>
<pin id="2038" dir="0" index="3" bw="5" slack="0"/>
<pin id="2039" dir="1" index="4" bw="8" slack="1"/>
</pin_list>
<bind>
<opcode="partselect(1002) " fcode="partselect"/>
<opset="rhs_1/5 "/>
</bind>
</comp>

<comp id="2044" class="1004" name="sext_ln1273_39_fu_2044">
<pin_list>
<pin id="2045" dir="0" index="0" bw="8" slack="1"/>
<pin id="2046" dir="1" index="1" bw="13" slack="0"/>
</pin_list>
<bind>
<opcode="sext(35) " fcode="sext"/>
<opset="sext_ln1273_39/5 "/>
</bind>
</comp>

<comp id="2047" class="1004" name="mul_ln1270_4_fu_2047">
<pin_list>
<pin id="2048" dir="0" index="0" bw="8" slack="0"/>
<pin id="2049" dir="0" index="1" bw="8" slack="0"/>
<pin id="2050" dir="1" index="2" bw="13" slack="0"/>
</pin_list>
<bind>
<opcode="mul(12) " fcode="mul"/>
<opset="mul_ln1270_4/5 "/>
</bind>
</comp>

<comp id="2053" class="1004" name="rhs_2_fu_2053">
<pin_list>
<pin id="2054" dir="0" index="0" bw="8" slack="0"/>
<pin id="2055" dir="0" index="1" bw="13" slack="0"/>
<pin id="2056" dir="0" index="2" bw="4" slack="0"/>
<pin id="2057" dir="0" index="3" bw="5" slack="0"/>
<pin id="2058" dir="1" index="4" bw="8" slack="1"/>
</pin_list>
<bind>
<opcode="partselect(1002) " fcode="partselect"/>
<opset="rhs_2/5 "/>
</bind>
</comp>

<comp id="2063" class="1004" name="sext_ln1273_40_fu_2063">
<pin_list>
<pin id="2064" dir="0" index="0" bw="8" slack="1"/>
<pin id="2065" dir="1" index="1" bw="13" slack="0"/>
</pin_list>
<bind>
<opcode="sext(35) " fcode="sext"/>
<opset="sext_ln1273_40/5 "/>
</bind>
</comp>

<comp id="2066" class="1004" name="mul_ln1270_5_fu_2066">
<pin_list>
<pin id="2067" dir="0" index="0" bw="8" slack="0"/>
<pin id="2068" dir="0" index="1" bw="8" slack="0"/>
<pin id="2069" dir="1" index="2" bw="13" slack="0"/>
</pin_list>
<bind>
<opcode="mul(12) " fcode="mul"/>
<opset="mul_ln1270_5/5 "/>
</bind>
</comp>

<comp id="2072" class="1004" name="rhs_3_fu_2072">
<pin_list>
<pin id="2073" dir="0" index="0" bw="8" slack="0"/>
<pin id="2074" dir="0" index="1" bw="13" slack="0"/>
<pin id="2075" dir="0" index="2" bw="4" slack="0"/>
<pin id="2076" dir="0" index="3" bw="5" slack="0"/>
<pin id="2077" dir="1" index="4" bw="8" slack="1"/>
</pin_list>
<bind>
<opcode="partselect(1002) " fcode="partselect"/>
<opset="rhs_3/5 "/>
</bind>
</comp>

<comp id="2082" class="1004" name="sext_ln1273_41_fu_2082">
<pin_list>
<pin id="2083" dir="0" index="0" bw="8" slack="1"/>
<pin id="2084" dir="1" index="1" bw="13" slack="0"/>
</pin_list>
<bind>
<opcode="sext(35) " fcode="sext"/>
<opset="sext_ln1273_41/5 "/>
</bind>
</comp>

<comp id="2085" class="1004" name="mul_ln1270_6_fu_2085">
<pin_list>
<pin id="2086" dir="0" index="0" bw="8" slack="0"/>
<pin id="2087" dir="0" index="1" bw="8" slack="0"/>
<pin id="2088" dir="1" index="2" bw="13" slack="0"/>
</pin_list>
<bind>
<opcode="mul(12) " fcode="mul"/>
<opset="mul_ln1270_6/5 "/>
</bind>
</comp>

<comp id="2091" class="1004" name="rhs_4_fu_2091">
<pin_list>
<pin id="2092" dir="0" index="0" bw="8" slack="0"/>
<pin id="2093" dir="0" index="1" bw="13" slack="0"/>
<pin id="2094" dir="0" index="2" bw="4" slack="0"/>
<pin id="2095" dir="0" index="3" bw="5" slack="0"/>
<pin id="2096" dir="1" index="4" bw="8" slack="1"/>
</pin_list>
<bind>
<opcode="partselect(1002) " fcode="partselect"/>
<opset="rhs_4/5 "/>
</bind>
</comp>

<comp id="2101" class="1004" name="sext_ln1273_42_fu_2101">
<pin_list>
<pin id="2102" dir="0" index="0" bw="8" slack="1"/>
<pin id="2103" dir="1" index="1" bw="13" slack="0"/>
</pin_list>
<bind>
<opcode="sext(35) " fcode="sext"/>
<opset="sext_ln1273_42/5 "/>
</bind>
</comp>

<comp id="2104" class="1004" name="mul_ln1270_7_fu_2104">
<pin_list>
<pin id="2105" dir="0" index="0" bw="8" slack="0"/>
<pin id="2106" dir="0" index="1" bw="8" slack="0"/>
<pin id="2107" dir="1" index="2" bw="13" slack="0"/>
</pin_list>
<bind>
<opcode="mul(12) " fcode="mul"/>
<opset="mul_ln1270_7/5 "/>
</bind>
</comp>

<comp id="2110" class="1004" name="rhs_5_fu_2110">
<pin_list>
<pin id="2111" dir="0" index="0" bw="8" slack="0"/>
<pin id="2112" dir="0" index="1" bw="13" slack="0"/>
<pin id="2113" dir="0" index="2" bw="4" slack="0"/>
<pin id="2114" dir="0" index="3" bw="5" slack="0"/>
<pin id="2115" dir="1" index="4" bw="8" slack="1"/>
</pin_list>
<bind>
<opcode="partselect(1002) " fcode="partselect"/>
<opset="rhs_5/5 "/>
</bind>
</comp>

<comp id="2120" class="1004" name="sext_ln1273_43_fu_2120">
<pin_list>
<pin id="2121" dir="0" index="0" bw="8" slack="1"/>
<pin id="2122" dir="1" index="1" bw="13" slack="0"/>
</pin_list>
<bind>
<opcode="sext(35) " fcode="sext"/>
<opset="sext_ln1273_43/5 "/>
</bind>
</comp>

<comp id="2123" class="1004" name="mul_ln1270_8_fu_2123">
<pin_list>
<pin id="2124" dir="0" index="0" bw="8" slack="0"/>
<pin id="2125" dir="0" index="1" bw="8" slack="0"/>
<pin id="2126" dir="1" index="2" bw="13" slack="0"/>
</pin_list>
<bind>
<opcode="mul(12) " fcode="mul"/>
<opset="mul_ln1270_8/5 "/>
</bind>
</comp>

<comp id="2129" class="1004" name="rhs_6_fu_2129">
<pin_list>
<pin id="2130" dir="0" index="0" bw="8" slack="0"/>
<pin id="2131" dir="0" index="1" bw="13" slack="0"/>
<pin id="2132" dir="0" index="2" bw="4" slack="0"/>
<pin id="2133" dir="0" index="3" bw="5" slack="0"/>
<pin id="2134" dir="1" index="4" bw="8" slack="1"/>
</pin_list>
<bind>
<opcode="partselect(1002) " fcode="partselect"/>
<opset="rhs_6/5 "/>
</bind>
</comp>

<comp id="2139" class="1004" name="sext_ln1273_44_fu_2139">
<pin_list>
<pin id="2140" dir="0" index="0" bw="8" slack="1"/>
<pin id="2141" dir="1" index="1" bw="13" slack="0"/>
</pin_list>
<bind>
<opcode="sext(35) " fcode="sext"/>
<opset="sext_ln1273_44/5 "/>
</bind>
</comp>

<comp id="2142" class="1004" name="mul_ln1270_9_fu_2142">
<pin_list>
<pin id="2143" dir="0" index="0" bw="8" slack="0"/>
<pin id="2144" dir="0" index="1" bw="8" slack="0"/>
<pin id="2145" dir="1" index="2" bw="13" slack="0"/>
</pin_list>
<bind>
<opcode="mul(12) " fcode="mul"/>
<opset="mul_ln1270_9/5 "/>
</bind>
</comp>

<comp id="2148" class="1004" name="rhs_7_fu_2148">
<pin_list>
<pin id="2149" dir="0" index="0" bw="8" slack="0"/>
<pin id="2150" dir="0" index="1" bw="13" slack="0"/>
<pin id="2151" dir="0" index="2" bw="4" slack="0"/>
<pin id="2152" dir="0" index="3" bw="5" slack="0"/>
<pin id="2153" dir="1" index="4" bw="8" slack="1"/>
</pin_list>
<bind>
<opcode="partselect(1002) " fcode="partselect"/>
<opset="rhs_7/5 "/>
</bind>
</comp>

<comp id="2158" class="1004" name="lhs_fu_2158">
<pin_list>
<pin id="2159" dir="0" index="0" bw="1" slack="2"/>
<pin id="2160" dir="0" index="1" bw="8" slack="0"/>
<pin id="2161" dir="0" index="2" bw="8" slack="0"/>
<pin id="2162" dir="1" index="3" bw="8" slack="0"/>
</pin_list>
<bind>
<opcode="select(49) " fcode="select"/>
<opset="lhs/6 "/>
</bind>
</comp>

<comp id="2165" class="1004" name="sext_ln813_fu_2165">
<pin_list>
<pin id="2166" dir="0" index="0" bw="8" slack="0"/>
<pin id="2167" dir="1" index="1" bw="9" slack="0"/>
</pin_list>
<bind>
<opcode="sext(35) " fcode="sext"/>
<opset="sext_ln813/6 "/>
</bind>
</comp>

<comp id="2169" class="1004" name="sub_ln1420_fu_2169">
<pin_list>
<pin id="2170" dir="0" index="0" bw="1" slack="0"/>
<pin id="2171" dir="0" index="1" bw="8" slack="0"/>
<pin id="2172" dir="1" index="2" bw="9" slack="1"/>
</pin_list>
<bind>
<opcode="sub(10) " fcode="sub"/>
<opset="sub_ln1420/6 "/>
</bind>
</comp>

<comp id="2175" class="1004" name="acc_V_18_fu_2175">
<pin_list>
<pin id="2176" dir="0" index="0" bw="8" slack="1"/>
<pin id="2177" dir="0" index="1" bw="8" slack="0"/>
<pin id="2178" dir="1" index="2" bw="8" slack="1"/>
</pin_list>
<bind>
<opcode="add(8) " fcode="add"/>
<opset="acc_V_18/6 "/>
</bind>
</comp>

<comp id="2180" class="1004" name="lhs_1_fu_2180">
<pin_list>
<pin id="2181" dir="0" index="0" bw="1" slack="2"/>
<pin id="2182" dir="0" index="1" bw="8" slack="0"/>
<pin id="2183" dir="0" index="2" bw="8" slack="0"/>
<pin id="2184" dir="1" index="3" bw="8" slack="0"/>
</pin_list>
<bind>
<opcode="select(49) " fcode="select"/>
<opset="lhs_1/6 "/>
</bind>
</comp>

<comp id="2187" class="1004" name="sext_ln813_3_fu_2187">
<pin_list>
<pin id="2188" dir="0" index="0" bw="8" slack="0"/>
<pin id="2189" dir="1" index="1" bw="9" slack="0"/>
</pin_list>
<bind>
<opcode="sext(35) " fcode="sext"/>
<opset="sext_ln813_3/6 "/>
</bind>
</comp>

<comp id="2191" class="1004" name="sub_ln1420_1_fu_2191">
<pin_list>
<pin id="2192" dir="0" index="0" bw="1" slack="0"/>
<pin id="2193" dir="0" index="1" bw="8" slack="0"/>
<pin id="2194" dir="1" index="2" bw="9" slack="1"/>
</pin_list>
<bind>
<opcode="sub(10) " fcode="sub"/>
<opset="sub_ln1420_1/6 "/>
</bind>
</comp>

<comp id="2197" class="1004" name="acc_V_20_fu_2197">
<pin_list>
<pin id="2198" dir="0" index="0" bw="8" slack="1"/>
<pin id="2199" dir="0" index="1" bw="8" slack="0"/>
<pin id="2200" dir="1" index="2" bw="8" slack="1"/>
</pin_list>
<bind>
<opcode="add(8) " fcode="add"/>
<opset="acc_V_20/6 "/>
</bind>
</comp>

<comp id="2202" class="1004" name="lhs_2_fu_2202">
<pin_list>
<pin id="2203" dir="0" index="0" bw="1" slack="2"/>
<pin id="2204" dir="0" index="1" bw="8" slack="0"/>
<pin id="2205" dir="0" index="2" bw="8" slack="0"/>
<pin id="2206" dir="1" index="3" bw="8" slack="0"/>
</pin_list>
<bind>
<opcode="select(49) " fcode="select"/>
<opset="lhs_2/6 "/>
</bind>
</comp>

<comp id="2209" class="1004" name="sext_ln813_5_fu_2209">
<pin_list>
<pin id="2210" dir="0" index="0" bw="8" slack="0"/>
<pin id="2211" dir="1" index="1" bw="9" slack="0"/>
</pin_list>
<bind>
<opcode="sext(35) " fcode="sext"/>
<opset="sext_ln813_5/6 "/>
</bind>
</comp>

<comp id="2213" class="1004" name="sub_ln1420_2_fu_2213">
<pin_list>
<pin id="2214" dir="0" index="0" bw="1" slack="0"/>
<pin id="2215" dir="0" index="1" bw="8" slack="0"/>
<pin id="2216" dir="1" index="2" bw="9" slack="1"/>
</pin_list>
<bind>
<opcode="sub(10) " fcode="sub"/>
<opset="sub_ln1420_2/6 "/>
</bind>
</comp>

<comp id="2219" class="1004" name="acc_V_23_fu_2219">
<pin_list>
<pin id="2220" dir="0" index="0" bw="8" slack="1"/>
<pin id="2221" dir="0" index="1" bw="8" slack="0"/>
<pin id="2222" dir="1" index="2" bw="8" slack="1"/>
</pin_list>
<bind>
<opcode="add(8) " fcode="add"/>
<opset="acc_V_23/6 "/>
</bind>
</comp>

<comp id="2224" class="1004" name="lhs_3_fu_2224">
<pin_list>
<pin id="2225" dir="0" index="0" bw="1" slack="2"/>
<pin id="2226" dir="0" index="1" bw="8" slack="0"/>
<pin id="2227" dir="0" index="2" bw="8" slack="0"/>
<pin id="2228" dir="1" index="3" bw="8" slack="0"/>
</pin_list>
<bind>
<opcode="select(49) " fcode="select"/>
<opset="lhs_3/6 "/>
</bind>
</comp>

<comp id="2231" class="1004" name="sext_ln813_7_fu_2231">
<pin_list>
<pin id="2232" dir="0" index="0" bw="8" slack="0"/>
<pin id="2233" dir="1" index="1" bw="9" slack="0"/>
</pin_list>
<bind>
<opcode="sext(35) " fcode="sext"/>
<opset="sext_ln813_7/6 "/>
</bind>
</comp>

<comp id="2235" class="1004" name="sub_ln1420_3_fu_2235">
<pin_list>
<pin id="2236" dir="0" index="0" bw="1" slack="0"/>
<pin id="2237" dir="0" index="1" bw="8" slack="0"/>
<pin id="2238" dir="1" index="2" bw="9" slack="1"/>
</pin_list>
<bind>
<opcode="sub(10) " fcode="sub"/>
<opset="sub_ln1420_3/6 "/>
</bind>
</comp>

<comp id="2241" class="1004" name="acc_V_26_fu_2241">
<pin_list>
<pin id="2242" dir="0" index="0" bw="8" slack="1"/>
<pin id="2243" dir="0" index="1" bw="8" slack="0"/>
<pin id="2244" dir="1" index="2" bw="8" slack="1"/>
</pin_list>
<bind>
<opcode="add(8) " fcode="add"/>
<opset="acc_V_26/6 "/>
</bind>
</comp>

<comp id="2246" class="1004" name="lhs_4_fu_2246">
<pin_list>
<pin id="2247" dir="0" index="0" bw="1" slack="2"/>
<pin id="2248" dir="0" index="1" bw="8" slack="0"/>
<pin id="2249" dir="0" index="2" bw="8" slack="0"/>
<pin id="2250" dir="1" index="3" bw="8" slack="0"/>
</pin_list>
<bind>
<opcode="select(49) " fcode="select"/>
<opset="lhs_4/6 "/>
</bind>
</comp>

<comp id="2253" class="1004" name="sext_ln813_9_fu_2253">
<pin_list>
<pin id="2254" dir="0" index="0" bw="8" slack="0"/>
<pin id="2255" dir="1" index="1" bw="9" slack="0"/>
</pin_list>
<bind>
<opcode="sext(35) " fcode="sext"/>
<opset="sext_ln813_9/6 "/>
</bind>
</comp>

<comp id="2257" class="1004" name="sub_ln1420_4_fu_2257">
<pin_list>
<pin id="2258" dir="0" index="0" bw="1" slack="0"/>
<pin id="2259" dir="0" index="1" bw="8" slack="0"/>
<pin id="2260" dir="1" index="2" bw="9" slack="1"/>
</pin_list>
<bind>
<opcode="sub(10) " fcode="sub"/>
<opset="sub_ln1420_4/6 "/>
</bind>
</comp>

<comp id="2263" class="1004" name="acc_V_29_fu_2263">
<pin_list>
<pin id="2264" dir="0" index="0" bw="8" slack="1"/>
<pin id="2265" dir="0" index="1" bw="8" slack="0"/>
<pin id="2266" dir="1" index="2" bw="8" slack="1"/>
</pin_list>
<bind>
<opcode="add(8) " fcode="add"/>
<opset="acc_V_29/6 "/>
</bind>
</comp>

<comp id="2268" class="1004" name="lhs_5_fu_2268">
<pin_list>
<pin id="2269" dir="0" index="0" bw="1" slack="2"/>
<pin id="2270" dir="0" index="1" bw="8" slack="0"/>
<pin id="2271" dir="0" index="2" bw="8" slack="0"/>
<pin id="2272" dir="1" index="3" bw="8" slack="0"/>
</pin_list>
<bind>
<opcode="select(49) " fcode="select"/>
<opset="lhs_5/6 "/>
</bind>
</comp>

<comp id="2275" class="1004" name="sext_ln813_11_fu_2275">
<pin_list>
<pin id="2276" dir="0" index="0" bw="8" slack="0"/>
<pin id="2277" dir="1" index="1" bw="9" slack="0"/>
</pin_list>
<bind>
<opcode="sext(35) " fcode="sext"/>
<opset="sext_ln813_11/6 "/>
</bind>
</comp>

<comp id="2279" class="1004" name="sub_ln1420_5_fu_2279">
<pin_list>
<pin id="2280" dir="0" index="0" bw="1" slack="0"/>
<pin id="2281" dir="0" index="1" bw="8" slack="0"/>
<pin id="2282" dir="1" index="2" bw="9" slack="1"/>
</pin_list>
<bind>
<opcode="sub(10) " fcode="sub"/>
<opset="sub_ln1420_5/6 "/>
</bind>
</comp>

<comp id="2285" class="1004" name="acc_V_32_fu_2285">
<pin_list>
<pin id="2286" dir="0" index="0" bw="8" slack="1"/>
<pin id="2287" dir="0" index="1" bw="8" slack="0"/>
<pin id="2288" dir="1" index="2" bw="8" slack="1"/>
</pin_list>
<bind>
<opcode="add(8) " fcode="add"/>
<opset="acc_V_32/6 "/>
</bind>
</comp>

<comp id="2290" class="1004" name="lhs_6_fu_2290">
<pin_list>
<pin id="2291" dir="0" index="0" bw="1" slack="2"/>
<pin id="2292" dir="0" index="1" bw="8" slack="0"/>
<pin id="2293" dir="0" index="2" bw="8" slack="0"/>
<pin id="2294" dir="1" index="3" bw="8" slack="0"/>
</pin_list>
<bind>
<opcode="select(49) " fcode="select"/>
<opset="lhs_6/6 "/>
</bind>
</comp>

<comp id="2297" class="1004" name="sext_ln813_13_fu_2297">
<pin_list>
<pin id="2298" dir="0" index="0" bw="8" slack="0"/>
<pin id="2299" dir="1" index="1" bw="9" slack="0"/>
</pin_list>
<bind>
<opcode="sext(35) " fcode="sext"/>
<opset="sext_ln813_13/6 "/>
</bind>
</comp>

<comp id="2301" class="1004" name="sub_ln1420_6_fu_2301">
<pin_list>
<pin id="2302" dir="0" index="0" bw="1" slack="0"/>
<pin id="2303" dir="0" index="1" bw="8" slack="0"/>
<pin id="2304" dir="1" index="2" bw="9" slack="1"/>
</pin_list>
<bind>
<opcode="sub(10) " fcode="sub"/>
<opset="sub_ln1420_6/6 "/>
</bind>
</comp>

<comp id="2307" class="1004" name="acc_V_35_fu_2307">
<pin_list>
<pin id="2308" dir="0" index="0" bw="8" slack="1"/>
<pin id="2309" dir="0" index="1" bw="8" slack="0"/>
<pin id="2310" dir="1" index="2" bw="8" slack="1"/>
</pin_list>
<bind>
<opcode="add(8) " fcode="add"/>
<opset="acc_V_35/6 "/>
</bind>
</comp>

<comp id="2312" class="1004" name="lhs_7_fu_2312">
<pin_list>
<pin id="2313" dir="0" index="0" bw="1" slack="2"/>
<pin id="2314" dir="0" index="1" bw="8" slack="0"/>
<pin id="2315" dir="0" index="2" bw="8" slack="0"/>
<pin id="2316" dir="1" index="3" bw="8" slack="0"/>
</pin_list>
<bind>
<opcode="select(49) " fcode="select"/>
<opset="lhs_7/6 "/>
</bind>
</comp>

<comp id="2319" class="1004" name="sext_ln813_15_fu_2319">
<pin_list>
<pin id="2320" dir="0" index="0" bw="8" slack="0"/>
<pin id="2321" dir="1" index="1" bw="9" slack="0"/>
</pin_list>
<bind>
<opcode="sext(35) " fcode="sext"/>
<opset="sext_ln813_15/6 "/>
</bind>
</comp>

<comp id="2323" class="1004" name="sub_ln1420_7_fu_2323">
<pin_list>
<pin id="2324" dir="0" index="0" bw="1" slack="0"/>
<pin id="2325" dir="0" index="1" bw="8" slack="0"/>
<pin id="2326" dir="1" index="2" bw="9" slack="1"/>
</pin_list>
<bind>
<opcode="sub(10) " fcode="sub"/>
<opset="sub_ln1420_7/6 "/>
</bind>
</comp>

<comp id="2329" class="1004" name="acc_V_38_fu_2329">
<pin_list>
<pin id="2330" dir="0" index="0" bw="8" slack="1"/>
<pin id="2331" dir="0" index="1" bw="8" slack="0"/>
<pin id="2332" dir="1" index="2" bw="8" slack="1"/>
</pin_list>
<bind>
<opcode="add(8) " fcode="add"/>
<opset="acc_V_38/6 "/>
</bind>
</comp>

<comp id="2334" class="1004" name="sext_ln813_2_fu_2334">
<pin_list>
<pin id="2335" dir="0" index="0" bw="8" slack="2"/>
<pin id="2336" dir="1" index="1" bw="9" slack="0"/>
</pin_list>
<bind>
<opcode="sext(35) " fcode="sext"/>
<opset="sext_ln813_2/7 "/>
</bind>
</comp>

<comp id="2337" class="1004" name="icmp_ln1420_fu_2337">
<pin_list>
<pin id="2338" dir="0" index="0" bw="8" slack="0"/>
<pin id="2339" dir="0" index="1" bw="9" slack="1"/>
<pin id="2340" dir="1" index="2" bw="1" slack="0"/>
</pin_list>
<bind>
<opcode="icmp(45) " fcode="icmp"/>
<opset="icmp_ln1420/7 "/>
</bind>
</comp>

<comp id="2342" class="1004" name="select_ln808_fu_2342">
<pin_list>
<pin id="2343" dir="0" index="0" bw="1" slack="3"/>
<pin id="2344" dir="0" index="1" bw="1" slack="0"/>
<pin id="2345" dir="0" index="2" bw="8" slack="1"/>
<pin id="2346" dir="1" index="3" bw="8" slack="0"/>
</pin_list>
<bind>
<opcode="select(49) " fcode="select"/>
<opset="select_ln808/7 "/>
</bind>
</comp>

<comp id="2349" class="1004" name="select_ln808_1_fu_2349">
<pin_list>
<pin id="2350" dir="0" index="0" bw="1" slack="3"/>
<pin id="2351" dir="0" index="1" bw="8" slack="1"/>
<pin id="2352" dir="0" index="2" bw="1" slack="0"/>
<pin id="2353" dir="1" index="3" bw="8" slack="0"/>
</pin_list>
<bind>
<opcode="select(49) " fcode="select"/>
<opset="select_ln808_1/7 "/>
</bind>
</comp>

<comp id="2356" class="1004" name="acc_V_17_fu_2356">
<pin_list>
<pin id="2357" dir="0" index="0" bw="1" slack="0"/>
<pin id="2358" dir="0" index="1" bw="8" slack="0"/>
<pin id="2359" dir="0" index="2" bw="8" slack="1"/>
<pin id="2360" dir="1" index="3" bw="8" slack="0"/>
</pin_list>
<bind>
<opcode="select(49) " fcode="select"/>
<opset="acc_V_17/7 "/>
</bind>
</comp>

<comp id="2364" class="1004" name="acc_V_16_fu_2364">
<pin_list>
<pin id="2365" dir="0" index="0" bw="1" slack="0"/>
<pin id="2366" dir="0" index="1" bw="8" slack="0"/>
<pin id="2367" dir="0" index="2" bw="8" slack="1"/>
<pin id="2368" dir="1" index="3" bw="8" slack="0"/>
</pin_list>
<bind>
<opcode="select(49) " fcode="select"/>
<opset="acc_V_16/7 "/>
</bind>
</comp>

<comp id="2372" class="1004" name="acc_V_40_fu_2372">
<pin_list>
<pin id="2373" dir="0" index="0" bw="1" slack="3"/>
<pin id="2374" dir="0" index="1" bw="8" slack="1"/>
<pin id="2375" dir="0" index="2" bw="8" slack="0"/>
<pin id="2376" dir="1" index="3" bw="8" slack="0"/>
</pin_list>
<bind>
<opcode="select(49) " fcode="select"/>
<opset="acc_V_40/7 "/>
</bind>
</comp>

<comp id="2378" class="1004" name="acc_V_39_fu_2378">
<pin_list>
<pin id="2379" dir="0" index="0" bw="1" slack="3"/>
<pin id="2380" dir="0" index="1" bw="8" slack="0"/>
<pin id="2381" dir="0" index="2" bw="8" slack="1"/>
<pin id="2382" dir="1" index="3" bw="8" slack="0"/>
</pin_list>
<bind>
<opcode="select(49) " fcode="select"/>
<opset="acc_V_39/7 "/>
</bind>
</comp>

<comp id="2384" class="1004" name="sext_ln813_4_fu_2384">
<pin_list>
<pin id="2385" dir="0" index="0" bw="8" slack="2"/>
<pin id="2386" dir="1" index="1" bw="9" slack="0"/>
</pin_list>
<bind>
<opcode="sext(35) " fcode="sext"/>
<opset="sext_ln813_4/7 "/>
</bind>
</comp>

<comp id="2387" class="1004" name="icmp_ln1420_1_fu_2387">
<pin_list>
<pin id="2388" dir="0" index="0" bw="8" slack="0"/>
<pin id="2389" dir="0" index="1" bw="9" slack="1"/>
<pin id="2390" dir="1" index="2" bw="1" slack="0"/>
</pin_list>
<bind>
<opcode="icmp(45) " fcode="icmp"/>
<opset="icmp_ln1420_1/7 "/>
</bind>
</comp>

<comp id="2392" class="1004" name="select_ln808_2_fu_2392">
<pin_list>
<pin id="2393" dir="0" index="0" bw="1" slack="3"/>
<pin id="2394" dir="0" index="1" bw="1" slack="0"/>
<pin id="2395" dir="0" index="2" bw="8" slack="1"/>
<pin id="2396" dir="1" index="3" bw="8" slack="0"/>
</pin_list>
<bind>
<opcode="select(49) " fcode="select"/>
<opset="select_ln808_2/7 "/>
</bind>
</comp>

<comp id="2399" class="1004" name="select_ln808_3_fu_2399">
<pin_list>
<pin id="2400" dir="0" index="0" bw="1" slack="3"/>
<pin id="2401" dir="0" index="1" bw="8" slack="1"/>
<pin id="2402" dir="0" index="2" bw="1" slack="0"/>
<pin id="2403" dir="1" index="3" bw="8" slack="0"/>
</pin_list>
<bind>
<opcode="select(49) " fcode="select"/>
<opset="select_ln808_3/7 "/>
</bind>
</comp>

<comp id="2406" class="1004" name="acc_V_19_fu_2406">
<pin_list>
<pin id="2407" dir="0" index="0" bw="1" slack="0"/>
<pin id="2408" dir="0" index="1" bw="8" slack="0"/>
<pin id="2409" dir="0" index="2" bw="8" slack="1"/>
<pin id="2410" dir="1" index="3" bw="8" slack="0"/>
</pin_list>
<bind>
<opcode="select(49) " fcode="select"/>
<opset="acc_V_19/7 "/>
</bind>
</comp>

<comp id="2414" class="1004" name="acc_V_fu_2414">
<pin_list>
<pin id="2415" dir="0" index="0" bw="1" slack="0"/>
<pin id="2416" dir="0" index="1" bw="8" slack="0"/>
<pin id="2417" dir="0" index="2" bw="8" slack="1"/>
<pin id="2418" dir="1" index="3" bw="8" slack="0"/>
</pin_list>
<bind>
<opcode="select(49) " fcode="select"/>
<opset="acc_V/7 "/>
</bind>
</comp>

<comp id="2422" class="1004" name="acc_V_42_fu_2422">
<pin_list>
<pin id="2423" dir="0" index="0" bw="1" slack="3"/>
<pin id="2424" dir="0" index="1" bw="8" slack="1"/>
<pin id="2425" dir="0" index="2" bw="8" slack="0"/>
<pin id="2426" dir="1" index="3" bw="8" slack="0"/>
</pin_list>
<bind>
<opcode="select(49) " fcode="select"/>
<opset="acc_V_42/7 "/>
</bind>
</comp>

<comp id="2428" class="1004" name="acc_V_41_fu_2428">
<pin_list>
<pin id="2429" dir="0" index="0" bw="1" slack="3"/>
<pin id="2430" dir="0" index="1" bw="8" slack="0"/>
<pin id="2431" dir="0" index="2" bw="8" slack="1"/>
<pin id="2432" dir="1" index="3" bw="8" slack="0"/>
</pin_list>
<bind>
<opcode="select(49) " fcode="select"/>
<opset="acc_V_41/7 "/>
</bind>
</comp>

<comp id="2434" class="1004" name="sext_ln813_6_fu_2434">
<pin_list>
<pin id="2435" dir="0" index="0" bw="8" slack="2"/>
<pin id="2436" dir="1" index="1" bw="9" slack="0"/>
</pin_list>
<bind>
<opcode="sext(35) " fcode="sext"/>
<opset="sext_ln813_6/7 "/>
</bind>
</comp>

<comp id="2437" class="1004" name="icmp_ln1420_2_fu_2437">
<pin_list>
<pin id="2438" dir="0" index="0" bw="8" slack="0"/>
<pin id="2439" dir="0" index="1" bw="9" slack="1"/>
<pin id="2440" dir="1" index="2" bw="1" slack="0"/>
</pin_list>
<bind>
<opcode="icmp(45) " fcode="icmp"/>
<opset="icmp_ln1420_2/7 "/>
</bind>
</comp>

<comp id="2442" class="1004" name="select_ln808_4_fu_2442">
<pin_list>
<pin id="2443" dir="0" index="0" bw="1" slack="3"/>
<pin id="2444" dir="0" index="1" bw="1" slack="0"/>
<pin id="2445" dir="0" index="2" bw="8" slack="1"/>
<pin id="2446" dir="1" index="3" bw="8" slack="0"/>
</pin_list>
<bind>
<opcode="select(49) " fcode="select"/>
<opset="select_ln808_4/7 "/>
</bind>
</comp>

<comp id="2449" class="1004" name="select_ln808_5_fu_2449">
<pin_list>
<pin id="2450" dir="0" index="0" bw="1" slack="3"/>
<pin id="2451" dir="0" index="1" bw="8" slack="1"/>
<pin id="2452" dir="0" index="2" bw="1" slack="0"/>
<pin id="2453" dir="1" index="3" bw="8" slack="0"/>
</pin_list>
<bind>
<opcode="select(49) " fcode="select"/>
<opset="select_ln808_5/7 "/>
</bind>
</comp>

<comp id="2456" class="1004" name="acc_V_22_fu_2456">
<pin_list>
<pin id="2457" dir="0" index="0" bw="1" slack="0"/>
<pin id="2458" dir="0" index="1" bw="8" slack="0"/>
<pin id="2459" dir="0" index="2" bw="8" slack="1"/>
<pin id="2460" dir="1" index="3" bw="8" slack="0"/>
</pin_list>
<bind>
<opcode="select(49) " fcode="select"/>
<opset="acc_V_22/7 "/>
</bind>
</comp>

<comp id="2464" class="1004" name="acc_V_21_fu_2464">
<pin_list>
<pin id="2465" dir="0" index="0" bw="1" slack="0"/>
<pin id="2466" dir="0" index="1" bw="8" slack="0"/>
<pin id="2467" dir="0" index="2" bw="8" slack="1"/>
<pin id="2468" dir="1" index="3" bw="8" slack="0"/>
</pin_list>
<bind>
<opcode="select(49) " fcode="select"/>
<opset="acc_V_21/7 "/>
</bind>
</comp>

<comp id="2472" class="1004" name="acc_V_44_fu_2472">
<pin_list>
<pin id="2473" dir="0" index="0" bw="1" slack="3"/>
<pin id="2474" dir="0" index="1" bw="8" slack="1"/>
<pin id="2475" dir="0" index="2" bw="8" slack="0"/>
<pin id="2476" dir="1" index="3" bw="8" slack="0"/>
</pin_list>
<bind>
<opcode="select(49) " fcode="select"/>
<opset="acc_V_44/7 "/>
</bind>
</comp>

<comp id="2478" class="1004" name="acc_V_43_fu_2478">
<pin_list>
<pin id="2479" dir="0" index="0" bw="1" slack="3"/>
<pin id="2480" dir="0" index="1" bw="8" slack="0"/>
<pin id="2481" dir="0" index="2" bw="8" slack="1"/>
<pin id="2482" dir="1" index="3" bw="8" slack="0"/>
</pin_list>
<bind>
<opcode="select(49) " fcode="select"/>
<opset="acc_V_43/7 "/>
</bind>
</comp>

<comp id="2484" class="1004" name="sext_ln813_8_fu_2484">
<pin_list>
<pin id="2485" dir="0" index="0" bw="8" slack="2"/>
<pin id="2486" dir="1" index="1" bw="9" slack="0"/>
</pin_list>
<bind>
<opcode="sext(35) " fcode="sext"/>
<opset="sext_ln813_8/7 "/>
</bind>
</comp>

<comp id="2487" class="1004" name="icmp_ln1420_3_fu_2487">
<pin_list>
<pin id="2488" dir="0" index="0" bw="8" slack="0"/>
<pin id="2489" dir="0" index="1" bw="9" slack="1"/>
<pin id="2490" dir="1" index="2" bw="1" slack="0"/>
</pin_list>
<bind>
<opcode="icmp(45) " fcode="icmp"/>
<opset="icmp_ln1420_3/7 "/>
</bind>
</comp>

<comp id="2492" class="1004" name="select_ln808_6_fu_2492">
<pin_list>
<pin id="2493" dir="0" index="0" bw="1" slack="3"/>
<pin id="2494" dir="0" index="1" bw="1" slack="0"/>
<pin id="2495" dir="0" index="2" bw="8" slack="1"/>
<pin id="2496" dir="1" index="3" bw="8" slack="0"/>
</pin_list>
<bind>
<opcode="select(49) " fcode="select"/>
<opset="select_ln808_6/7 "/>
</bind>
</comp>

<comp id="2499" class="1004" name="select_ln808_7_fu_2499">
<pin_list>
<pin id="2500" dir="0" index="0" bw="1" slack="3"/>
<pin id="2501" dir="0" index="1" bw="8" slack="1"/>
<pin id="2502" dir="0" index="2" bw="1" slack="0"/>
<pin id="2503" dir="1" index="3" bw="8" slack="0"/>
</pin_list>
<bind>
<opcode="select(49) " fcode="select"/>
<opset="select_ln808_7/7 "/>
</bind>
</comp>

<comp id="2506" class="1004" name="acc_V_25_fu_2506">
<pin_list>
<pin id="2507" dir="0" index="0" bw="1" slack="0"/>
<pin id="2508" dir="0" index="1" bw="8" slack="0"/>
<pin id="2509" dir="0" index="2" bw="8" slack="1"/>
<pin id="2510" dir="1" index="3" bw="8" slack="0"/>
</pin_list>
<bind>
<opcode="select(49) " fcode="select"/>
<opset="acc_V_25/7 "/>
</bind>
</comp>

<comp id="2514" class="1004" name="acc_V_24_fu_2514">
<pin_list>
<pin id="2515" dir="0" index="0" bw="1" slack="0"/>
<pin id="2516" dir="0" index="1" bw="8" slack="0"/>
<pin id="2517" dir="0" index="2" bw="8" slack="1"/>
<pin id="2518" dir="1" index="3" bw="8" slack="0"/>
</pin_list>
<bind>
<opcode="select(49) " fcode="select"/>
<opset="acc_V_24/7 "/>
</bind>
</comp>

<comp id="2522" class="1004" name="acc_V_46_fu_2522">
<pin_list>
<pin id="2523" dir="0" index="0" bw="1" slack="3"/>
<pin id="2524" dir="0" index="1" bw="8" slack="1"/>
<pin id="2525" dir="0" index="2" bw="8" slack="0"/>
<pin id="2526" dir="1" index="3" bw="8" slack="0"/>
</pin_list>
<bind>
<opcode="select(49) " fcode="select"/>
<opset="acc_V_46/7 "/>
</bind>
</comp>

<comp id="2528" class="1004" name="acc_V_45_fu_2528">
<pin_list>
<pin id="2529" dir="0" index="0" bw="1" slack="3"/>
<pin id="2530" dir="0" index="1" bw="8" slack="0"/>
<pin id="2531" dir="0" index="2" bw="8" slack="1"/>
<pin id="2532" dir="1" index="3" bw="8" slack="0"/>
</pin_list>
<bind>
<opcode="select(49) " fcode="select"/>
<opset="acc_V_45/7 "/>
</bind>
</comp>

<comp id="2534" class="1004" name="sext_ln813_10_fu_2534">
<pin_list>
<pin id="2535" dir="0" index="0" bw="8" slack="2"/>
<pin id="2536" dir="1" index="1" bw="9" slack="0"/>
</pin_list>
<bind>
<opcode="sext(35) " fcode="sext"/>
<opset="sext_ln813_10/7 "/>
</bind>
</comp>

<comp id="2537" class="1004" name="icmp_ln1420_4_fu_2537">
<pin_list>
<pin id="2538" dir="0" index="0" bw="8" slack="0"/>
<pin id="2539" dir="0" index="1" bw="9" slack="1"/>
<pin id="2540" dir="1" index="2" bw="1" slack="0"/>
</pin_list>
<bind>
<opcode="icmp(45) " fcode="icmp"/>
<opset="icmp_ln1420_4/7 "/>
</bind>
</comp>

<comp id="2542" class="1004" name="select_ln808_8_fu_2542">
<pin_list>
<pin id="2543" dir="0" index="0" bw="1" slack="3"/>
<pin id="2544" dir="0" index="1" bw="1" slack="0"/>
<pin id="2545" dir="0" index="2" bw="8" slack="1"/>
<pin id="2546" dir="1" index="3" bw="8" slack="0"/>
</pin_list>
<bind>
<opcode="select(49) " fcode="select"/>
<opset="select_ln808_8/7 "/>
</bind>
</comp>

<comp id="2549" class="1004" name="select_ln808_9_fu_2549">
<pin_list>
<pin id="2550" dir="0" index="0" bw="1" slack="3"/>
<pin id="2551" dir="0" index="1" bw="8" slack="1"/>
<pin id="2552" dir="0" index="2" bw="1" slack="0"/>
<pin id="2553" dir="1" index="3" bw="8" slack="0"/>
</pin_list>
<bind>
<opcode="select(49) " fcode="select"/>
<opset="select_ln808_9/7 "/>
</bind>
</comp>

<comp id="2556" class="1004" name="acc_V_28_fu_2556">
<pin_list>
<pin id="2557" dir="0" index="0" bw="1" slack="0"/>
<pin id="2558" dir="0" index="1" bw="8" slack="0"/>
<pin id="2559" dir="0" index="2" bw="8" slack="1"/>
<pin id="2560" dir="1" index="3" bw="8" slack="0"/>
</pin_list>
<bind>
<opcode="select(49) " fcode="select"/>
<opset="acc_V_28/7 "/>
</bind>
</comp>

<comp id="2564" class="1004" name="acc_V_27_fu_2564">
<pin_list>
<pin id="2565" dir="0" index="0" bw="1" slack="0"/>
<pin id="2566" dir="0" index="1" bw="8" slack="0"/>
<pin id="2567" dir="0" index="2" bw="8" slack="1"/>
<pin id="2568" dir="1" index="3" bw="8" slack="0"/>
</pin_list>
<bind>
<opcode="select(49) " fcode="select"/>
<opset="acc_V_27/7 "/>
</bind>
</comp>

<comp id="2572" class="1004" name="acc_V_48_fu_2572">
<pin_list>
<pin id="2573" dir="0" index="0" bw="1" slack="3"/>
<pin id="2574" dir="0" index="1" bw="8" slack="1"/>
<pin id="2575" dir="0" index="2" bw="8" slack="0"/>
<pin id="2576" dir="1" index="3" bw="8" slack="0"/>
</pin_list>
<bind>
<opcode="select(49) " fcode="select"/>
<opset="acc_V_48/7 "/>
</bind>
</comp>

<comp id="2578" class="1004" name="acc_V_47_fu_2578">
<pin_list>
<pin id="2579" dir="0" index="0" bw="1" slack="3"/>
<pin id="2580" dir="0" index="1" bw="8" slack="0"/>
<pin id="2581" dir="0" index="2" bw="8" slack="1"/>
<pin id="2582" dir="1" index="3" bw="8" slack="0"/>
</pin_list>
<bind>
<opcode="select(49) " fcode="select"/>
<opset="acc_V_47/7 "/>
</bind>
</comp>

<comp id="2584" class="1004" name="sext_ln813_12_fu_2584">
<pin_list>
<pin id="2585" dir="0" index="0" bw="8" slack="2"/>
<pin id="2586" dir="1" index="1" bw="9" slack="0"/>
</pin_list>
<bind>
<opcode="sext(35) " fcode="sext"/>
<opset="sext_ln813_12/7 "/>
</bind>
</comp>

<comp id="2587" class="1004" name="icmp_ln1420_5_fu_2587">
<pin_list>
<pin id="2588" dir="0" index="0" bw="8" slack="0"/>
<pin id="2589" dir="0" index="1" bw="9" slack="1"/>
<pin id="2590" dir="1" index="2" bw="1" slack="0"/>
</pin_list>
<bind>
<opcode="icmp(45) " fcode="icmp"/>
<opset="icmp_ln1420_5/7 "/>
</bind>
</comp>

<comp id="2592" class="1004" name="select_ln808_10_fu_2592">
<pin_list>
<pin id="2593" dir="0" index="0" bw="1" slack="3"/>
<pin id="2594" dir="0" index="1" bw="1" slack="0"/>
<pin id="2595" dir="0" index="2" bw="8" slack="1"/>
<pin id="2596" dir="1" index="3" bw="8" slack="0"/>
</pin_list>
<bind>
<opcode="select(49) " fcode="select"/>
<opset="select_ln808_10/7 "/>
</bind>
</comp>

<comp id="2599" class="1004" name="select_ln808_11_fu_2599">
<pin_list>
<pin id="2600" dir="0" index="0" bw="1" slack="3"/>
<pin id="2601" dir="0" index="1" bw="8" slack="1"/>
<pin id="2602" dir="0" index="2" bw="1" slack="0"/>
<pin id="2603" dir="1" index="3" bw="8" slack="0"/>
</pin_list>
<bind>
<opcode="select(49) " fcode="select"/>
<opset="select_ln808_11/7 "/>
</bind>
</comp>

<comp id="2606" class="1004" name="acc_V_31_fu_2606">
<pin_list>
<pin id="2607" dir="0" index="0" bw="1" slack="0"/>
<pin id="2608" dir="0" index="1" bw="8" slack="0"/>
<pin id="2609" dir="0" index="2" bw="8" slack="1"/>
<pin id="2610" dir="1" index="3" bw="8" slack="0"/>
</pin_list>
<bind>
<opcode="select(49) " fcode="select"/>
<opset="acc_V_31/7 "/>
</bind>
</comp>

<comp id="2614" class="1004" name="acc_V_30_fu_2614">
<pin_list>
<pin id="2615" dir="0" index="0" bw="1" slack="0"/>
<pin id="2616" dir="0" index="1" bw="8" slack="0"/>
<pin id="2617" dir="0" index="2" bw="8" slack="1"/>
<pin id="2618" dir="1" index="3" bw="8" slack="0"/>
</pin_list>
<bind>
<opcode="select(49) " fcode="select"/>
<opset="acc_V_30/7 "/>
</bind>
</comp>

<comp id="2622" class="1004" name="acc_V_50_fu_2622">
<pin_list>
<pin id="2623" dir="0" index="0" bw="1" slack="3"/>
<pin id="2624" dir="0" index="1" bw="8" slack="1"/>
<pin id="2625" dir="0" index="2" bw="8" slack="0"/>
<pin id="2626" dir="1" index="3" bw="8" slack="0"/>
</pin_list>
<bind>
<opcode="select(49) " fcode="select"/>
<opset="acc_V_50/7 "/>
</bind>
</comp>

<comp id="2628" class="1004" name="acc_V_49_fu_2628">
<pin_list>
<pin id="2629" dir="0" index="0" bw="1" slack="3"/>
<pin id="2630" dir="0" index="1" bw="8" slack="0"/>
<pin id="2631" dir="0" index="2" bw="8" slack="1"/>
<pin id="2632" dir="1" index="3" bw="8" slack="0"/>
</pin_list>
<bind>
<opcode="select(49) " fcode="select"/>
<opset="acc_V_49/7 "/>
</bind>
</comp>

<comp id="2634" class="1004" name="sext_ln813_14_fu_2634">
<pin_list>
<pin id="2635" dir="0" index="0" bw="8" slack="2"/>
<pin id="2636" dir="1" index="1" bw="9" slack="0"/>
</pin_list>
<bind>
<opcode="sext(35) " fcode="sext"/>
<opset="sext_ln813_14/7 "/>
</bind>
</comp>

<comp id="2637" class="1004" name="icmp_ln1420_6_fu_2637">
<pin_list>
<pin id="2638" dir="0" index="0" bw="8" slack="0"/>
<pin id="2639" dir="0" index="1" bw="9" slack="1"/>
<pin id="2640" dir="1" index="2" bw="1" slack="0"/>
</pin_list>
<bind>
<opcode="icmp(45) " fcode="icmp"/>
<opset="icmp_ln1420_6/7 "/>
</bind>
</comp>

<comp id="2642" class="1004" name="select_ln808_12_fu_2642">
<pin_list>
<pin id="2643" dir="0" index="0" bw="1" slack="3"/>
<pin id="2644" dir="0" index="1" bw="1" slack="0"/>
<pin id="2645" dir="0" index="2" bw="8" slack="1"/>
<pin id="2646" dir="1" index="3" bw="8" slack="0"/>
</pin_list>
<bind>
<opcode="select(49) " fcode="select"/>
<opset="select_ln808_12/7 "/>
</bind>
</comp>

<comp id="2649" class="1004" name="select_ln808_13_fu_2649">
<pin_list>
<pin id="2650" dir="0" index="0" bw="1" slack="3"/>
<pin id="2651" dir="0" index="1" bw="8" slack="1"/>
<pin id="2652" dir="0" index="2" bw="1" slack="0"/>
<pin id="2653" dir="1" index="3" bw="8" slack="0"/>
</pin_list>
<bind>
<opcode="select(49) " fcode="select"/>
<opset="select_ln808_13/7 "/>
</bind>
</comp>

<comp id="2656" class="1004" name="acc_V_34_fu_2656">
<pin_list>
<pin id="2657" dir="0" index="0" bw="1" slack="0"/>
<pin id="2658" dir="0" index="1" bw="8" slack="0"/>
<pin id="2659" dir="0" index="2" bw="8" slack="1"/>
<pin id="2660" dir="1" index="3" bw="8" slack="0"/>
</pin_list>
<bind>
<opcode="select(49) " fcode="select"/>
<opset="acc_V_34/7 "/>
</bind>
</comp>

<comp id="2664" class="1004" name="acc_V_33_fu_2664">
<pin_list>
<pin id="2665" dir="0" index="0" bw="1" slack="0"/>
<pin id="2666" dir="0" index="1" bw="8" slack="0"/>
<pin id="2667" dir="0" index="2" bw="8" slack="1"/>
<pin id="2668" dir="1" index="3" bw="8" slack="0"/>
</pin_list>
<bind>
<opcode="select(49) " fcode="select"/>
<opset="acc_V_33/7 "/>
</bind>
</comp>

<comp id="2672" class="1004" name="acc_V_52_fu_2672">
<pin_list>
<pin id="2673" dir="0" index="0" bw="1" slack="3"/>
<pin id="2674" dir="0" index="1" bw="8" slack="1"/>
<pin id="2675" dir="0" index="2" bw="8" slack="0"/>
<pin id="2676" dir="1" index="3" bw="8" slack="0"/>
</pin_list>
<bind>
<opcode="select(49) " fcode="select"/>
<opset="acc_V_52/7 "/>
</bind>
</comp>

<comp id="2678" class="1004" name="acc_V_51_fu_2678">
<pin_list>
<pin id="2679" dir="0" index="0" bw="1" slack="3"/>
<pin id="2680" dir="0" index="1" bw="8" slack="0"/>
<pin id="2681" dir="0" index="2" bw="8" slack="1"/>
<pin id="2682" dir="1" index="3" bw="8" slack="0"/>
</pin_list>
<bind>
<opcode="select(49) " fcode="select"/>
<opset="acc_V_51/7 "/>
</bind>
</comp>

<comp id="2684" class="1004" name="sext_ln813_16_fu_2684">
<pin_list>
<pin id="2685" dir="0" index="0" bw="8" slack="2"/>
<pin id="2686" dir="1" index="1" bw="9" slack="0"/>
</pin_list>
<bind>
<opcode="sext(35) " fcode="sext"/>
<opset="sext_ln813_16/7 "/>
</bind>
</comp>

<comp id="2687" class="1004" name="icmp_ln1420_7_fu_2687">
<pin_list>
<pin id="2688" dir="0" index="0" bw="8" slack="0"/>
<pin id="2689" dir="0" index="1" bw="9" slack="1"/>
<pin id="2690" dir="1" index="2" bw="1" slack="0"/>
</pin_list>
<bind>
<opcode="icmp(45) " fcode="icmp"/>
<opset="icmp_ln1420_7/7 "/>
</bind>
</comp>

<comp id="2692" class="1004" name="select_ln808_14_fu_2692">
<pin_list>
<pin id="2693" dir="0" index="0" bw="1" slack="3"/>
<pin id="2694" dir="0" index="1" bw="1" slack="0"/>
<pin id="2695" dir="0" index="2" bw="8" slack="1"/>
<pin id="2696" dir="1" index="3" bw="8" slack="0"/>
</pin_list>
<bind>
<opcode="select(49) " fcode="select"/>
<opset="select_ln808_14/7 "/>
</bind>
</comp>

<comp id="2699" class="1004" name="select_ln808_15_fu_2699">
<pin_list>
<pin id="2700" dir="0" index="0" bw="1" slack="3"/>
<pin id="2701" dir="0" index="1" bw="8" slack="1"/>
<pin id="2702" dir="0" index="2" bw="1" slack="0"/>
<pin id="2703" dir="1" index="3" bw="8" slack="0"/>
</pin_list>
<bind>
<opcode="select(49) " fcode="select"/>
<opset="select_ln808_15/7 "/>
</bind>
</comp>

<comp id="2706" class="1004" name="acc_V_37_fu_2706">
<pin_list>
<pin id="2707" dir="0" index="0" bw="1" slack="0"/>
<pin id="2708" dir="0" index="1" bw="8" slack="0"/>
<pin id="2709" dir="0" index="2" bw="8" slack="1"/>
<pin id="2710" dir="1" index="3" bw="8" slack="0"/>
</pin_list>
<bind>
<opcode="select(49) " fcode="select"/>
<opset="acc_V_37/7 "/>
</bind>
</comp>

<comp id="2714" class="1004" name="acc_V_36_fu_2714">
<pin_list>
<pin id="2715" dir="0" index="0" bw="1" slack="0"/>
<pin id="2716" dir="0" index="1" bw="8" slack="0"/>
<pin id="2717" dir="0" index="2" bw="8" slack="1"/>
<pin id="2718" dir="1" index="3" bw="8" slack="0"/>
</pin_list>
<bind>
<opcode="select(49) " fcode="select"/>
<opset="acc_V_36/7 "/>
</bind>
</comp>

<comp id="2722" class="1004" name="acc_V_54_fu_2722">
<pin_list>
<pin id="2723" dir="0" index="0" bw="1" slack="3"/>
<pin id="2724" dir="0" index="1" bw="8" slack="1"/>
<pin id="2725" dir="0" index="2" bw="8" slack="0"/>
<pin id="2726" dir="1" index="3" bw="8" slack="0"/>
</pin_list>
<bind>
<opcode="select(49) " fcode="select"/>
<opset="acc_V_54/7 "/>
</bind>
</comp>

<comp id="2728" class="1004" name="acc_V_53_fu_2728">
<pin_list>
<pin id="2729" dir="0" index="0" bw="1" slack="3"/>
<pin id="2730" dir="0" index="1" bw="8" slack="0"/>
<pin id="2731" dir="0" index="2" bw="8" slack="1"/>
<pin id="2732" dir="1" index="3" bw="8" slack="0"/>
</pin_list>
<bind>
<opcode="select(49) " fcode="select"/>
<opset="acc_V_53/7 "/>
</bind>
</comp>

<comp id="2734" class="1004" name="p_s_fu_2734">
<pin_list>
<pin id="2735" dir="0" index="0" bw="128" slack="0"/>
<pin id="2736" dir="0" index="1" bw="8" slack="0"/>
<pin id="2737" dir="0" index="2" bw="8" slack="0"/>
<pin id="2738" dir="0" index="3" bw="8" slack="0"/>
<pin id="2739" dir="0" index="4" bw="8" slack="0"/>
<pin id="2740" dir="0" index="5" bw="8" slack="0"/>
<pin id="2741" dir="0" index="6" bw="8" slack="0"/>
<pin id="2742" dir="0" index="7" bw="8" slack="0"/>
<pin id="2743" dir="0" index="8" bw="8" slack="0"/>
<pin id="2744" dir="0" index="9" bw="8" slack="0"/>
<pin id="2745" dir="0" index="10" bw="8" slack="0"/>
<pin id="2746" dir="0" index="11" bw="8" slack="0"/>
<pin id="2747" dir="0" index="12" bw="8" slack="0"/>
<pin id="2748" dir="0" index="13" bw="8" slack="0"/>
<pin id="2749" dir="0" index="14" bw="8" slack="0"/>
<pin id="2750" dir="0" index="15" bw="8" slack="0"/>
<pin id="2751" dir="0" index="16" bw="8" slack="0"/>
<pin id="2752" dir="1" index="17" bw="128" slack="0"/>
</pin_list>
<bind>
<opcode="bitconcatenate(1004) " fcode="bitconcatenate"/>
<opset="p_s/7 "/>
</bind>
</comp>

<comp id="2771" class="1004" name="return_ln101_fu_2771">
<pin_list>
<pin id="2772" dir="1" index="0" bw="0" slack="2147483647"/>
</pin_list>
<bind>
<opcode="return(1203) " fcode="return"/>
<opset="return_ln101/7 "/>
</bind>
</comp>

<comp id="2773" class="1005" name="ir_reg_2773">
<pin_list>
<pin id="2774" dir="0" index="0" bw="6" slack="0"/>
<pin id="2775" dir="1" index="1" bw="6" slack="0"/>
</pin_list>
<bind>
<opset="ir "/>
</bind>
</comp>

<comp id="2778" class="1005" name="icmp_ln124_reg_2778">
<pin_list>
<pin id="2779" dir="0" index="0" bw="1" slack="1"/>
<pin id="2780" dir="1" index="1" bw="1" slack="2147483647"/>
</pin_list>
<bind>
<opset="icmp_ln124 "/>
</bind>
</comp>

<comp id="2782" class="1005" name="outidx_addr_reg_2782">
<pin_list>
<pin id="2783" dir="0" index="0" bw="6" slack="1"/>
<pin id="2784" dir="1" index="1" bw="6" slack="1"/>
</pin_list>
<bind>
<opset="outidx_addr "/>
</bind>
</comp>

<comp id="2787" class="1005" name="w6_V_addr_reg_2787">
<pin_list>
<pin id="2788" dir="0" index="0" bw="9" slack="1"/>
<pin id="2789" dir="1" index="1" bw="9" slack="1"/>
</pin_list>
<bind>
<opset="w6_V_addr "/>
</bind>
</comp>

<comp id="2792" class="1005" name="w6_V_addr_1_reg_2792">
<pin_list>
<pin id="2793" dir="0" index="0" bw="9" slack="1"/>
<pin id="2794" dir="1" index="1" bw="9" slack="1"/>
</pin_list>
<bind>
<opset="w6_V_addr_1 "/>
</bind>
</comp>

<comp id="2797" class="1005" name="w6_V_addr_2_reg_2797">
<pin_list>
<pin id="2798" dir="0" index="0" bw="9" slack="1"/>
<pin id="2799" dir="1" index="1" bw="9" slack="1"/>
</pin_list>
<bind>
<opset="w6_V_addr_2 "/>
</bind>
</comp>

<comp id="2802" class="1005" name="w6_V_addr_3_reg_2802">
<pin_list>
<pin id="2803" dir="0" index="0" bw="9" slack="1"/>
<pin id="2804" dir="1" index="1" bw="9" slack="1"/>
</pin_list>
<bind>
<opset="w6_V_addr_3 "/>
</bind>
</comp>

<comp id="2807" class="1005" name="w6_V_addr_4_reg_2807">
<pin_list>
<pin id="2808" dir="0" index="0" bw="9" slack="1"/>
<pin id="2809" dir="1" index="1" bw="9" slack="1"/>
</pin_list>
<bind>
<opset="w6_V_addr_4 "/>
</bind>
</comp>

<comp id="2812" class="1005" name="w6_V_addr_5_reg_2812">
<pin_list>
<pin id="2813" dir="0" index="0" bw="9" slack="1"/>
<pin id="2814" dir="1" index="1" bw="9" slack="1"/>
</pin_list>
<bind>
<opset="w6_V_addr_5 "/>
</bind>
</comp>

<comp id="2817" class="1005" name="w6_V_addr_6_reg_2817">
<pin_list>
<pin id="2818" dir="0" index="0" bw="9" slack="1"/>
<pin id="2819" dir="1" index="1" bw="9" slack="1"/>
</pin_list>
<bind>
<opset="w6_V_addr_6 "/>
</bind>
</comp>

<comp id="2822" class="1005" name="w6_V_addr_7_reg_2822">
<pin_list>
<pin id="2823" dir="0" index="0" bw="9" slack="1"/>
<pin id="2824" dir="1" index="1" bw="9" slack="1"/>
</pin_list>
<bind>
<opset="w6_V_addr_7 "/>
</bind>
</comp>

<comp id="2827" class="1005" name="out_index_reg_2827">
<pin_list>
<pin id="2828" dir="0" index="0" bw="1" slack="2"/>
<pin id="2829" dir="1" index="1" bw="1" slack="2"/>
</pin_list>
<bind>
<opset="out_index "/>
</bind>
</comp>

<comp id="2871" class="1005" name="a_V_reg_2871">
<pin_list>
<pin id="2872" dir="0" index="0" bw="8" slack="1"/>
<pin id="2873" dir="1" index="1" bw="8" slack="1"/>
</pin_list>
<bind>
<opset="a_V "/>
</bind>
</comp>

<comp id="2876" class="1005" name="w_V_reg_2876">
<pin_list>
<pin id="2877" dir="0" index="0" bw="8" slack="1"/>
<pin id="2878" dir="1" index="1" bw="8" slack="1"/>
</pin_list>
<bind>
<opset="w_V "/>
</bind>
</comp>

<comp id="2881" class="1005" name="w_V_1_reg_2881">
<pin_list>
<pin id="2882" dir="0" index="0" bw="8" slack="1"/>
<pin id="2883" dir="1" index="1" bw="8" slack="1"/>
</pin_list>
<bind>
<opset="w_V_1 "/>
</bind>
</comp>

<comp id="2886" class="1005" name="w_V_2_reg_2886">
<pin_list>
<pin id="2887" dir="0" index="0" bw="8" slack="1"/>
<pin id="2888" dir="1" index="1" bw="8" slack="1"/>
</pin_list>
<bind>
<opset="w_V_2 "/>
</bind>
</comp>

<comp id="2891" class="1005" name="w_V_3_reg_2891">
<pin_list>
<pin id="2892" dir="0" index="0" bw="8" slack="1"/>
<pin id="2893" dir="1" index="1" bw="8" slack="1"/>
</pin_list>
<bind>
<opset="w_V_3 "/>
</bind>
</comp>

<comp id="2896" class="1005" name="w_V_4_reg_2896">
<pin_list>
<pin id="2897" dir="0" index="0" bw="8" slack="1"/>
<pin id="2898" dir="1" index="1" bw="8" slack="1"/>
</pin_list>
<bind>
<opset="w_V_4 "/>
</bind>
</comp>

<comp id="2901" class="1005" name="w_V_5_reg_2901">
<pin_list>
<pin id="2902" dir="0" index="0" bw="8" slack="1"/>
<pin id="2903" dir="1" index="1" bw="8" slack="1"/>
</pin_list>
<bind>
<opset="w_V_5 "/>
</bind>
</comp>

<comp id="2906" class="1005" name="w_V_6_reg_2906">
<pin_list>
<pin id="2907" dir="0" index="0" bw="8" slack="1"/>
<pin id="2908" dir="1" index="1" bw="8" slack="1"/>
</pin_list>
<bind>
<opset="w_V_6 "/>
</bind>
</comp>

<comp id="2911" class="1005" name="w_V_7_reg_2911">
<pin_list>
<pin id="2912" dir="0" index="0" bw="8" slack="1"/>
<pin id="2913" dir="1" index="1" bw="8" slack="1"/>
</pin_list>
<bind>
<opset="w_V_7 "/>
</bind>
</comp>

<comp id="2916" class="1005" name="in_index_reg_2916">
<pin_list>
<pin id="2917" dir="0" index="0" bw="5" slack="0"/>
<pin id="2918" dir="1" index="1" bw="5" slack="0"/>
</pin_list>
<bind>
<opset="in_index "/>
</bind>
</comp>

<comp id="2921" class="1005" name="rhs_reg_2921">
<pin_list>
<pin id="2922" dir="0" index="0" bw="8" slack="1"/>
<pin id="2923" dir="1" index="1" bw="8" slack="1"/>
</pin_list>
<bind>
<opset="rhs "/>
</bind>
</comp>

<comp id="2927" class="1005" name="rhs_1_reg_2927">
<pin_list>
<pin id="2928" dir="0" index="0" bw="8" slack="1"/>
<pin id="2929" dir="1" index="1" bw="8" slack="1"/>
</pin_list>
<bind>
<opset="rhs_1 "/>
</bind>
</comp>

<comp id="2933" class="1005" name="rhs_2_reg_2933">
<pin_list>
<pin id="2934" dir="0" index="0" bw="8" slack="1"/>
<pin id="2935" dir="1" index="1" bw="8" slack="1"/>
</pin_list>
<bind>
<opset="rhs_2 "/>
</bind>
</comp>

<comp id="2939" class="1005" name="rhs_3_reg_2939">
<pin_list>
<pin id="2940" dir="0" index="0" bw="8" slack="1"/>
<pin id="2941" dir="1" index="1" bw="8" slack="1"/>
</pin_list>
<bind>
<opset="rhs_3 "/>
</bind>
</comp>

<comp id="2945" class="1005" name="rhs_4_reg_2945">
<pin_list>
<pin id="2946" dir="0" index="0" bw="8" slack="1"/>
<pin id="2947" dir="1" index="1" bw="8" slack="1"/>
</pin_list>
<bind>
<opset="rhs_4 "/>
</bind>
</comp>

<comp id="2951" class="1005" name="rhs_5_reg_2951">
<pin_list>
<pin id="2952" dir="0" index="0" bw="8" slack="1"/>
<pin id="2953" dir="1" index="1" bw="8" slack="1"/>
</pin_list>
<bind>
<opset="rhs_5 "/>
</bind>
</comp>

<comp id="2957" class="1005" name="rhs_6_reg_2957">
<pin_list>
<pin id="2958" dir="0" index="0" bw="8" slack="1"/>
<pin id="2959" dir="1" index="1" bw="8" slack="1"/>
</pin_list>
<bind>
<opset="rhs_6 "/>
</bind>
</comp>

<comp id="2963" class="1005" name="rhs_7_reg_2963">
<pin_list>
<pin id="2964" dir="0" index="0" bw="8" slack="1"/>
<pin id="2965" dir="1" index="1" bw="8" slack="1"/>
</pin_list>
<bind>
<opset="rhs_7 "/>
</bind>
</comp>

<comp id="2969" class="1005" name="sub_ln1420_reg_2969">
<pin_list>
<pin id="2970" dir="0" index="0" bw="9" slack="1"/>
<pin id="2971" dir="1" index="1" bw="9" slack="1"/>
</pin_list>
<bind>
<opset="sub_ln1420 "/>
</bind>
</comp>

<comp id="2974" class="1005" name="acc_V_18_reg_2974">
<pin_list>
<pin id="2975" dir="0" index="0" bw="8" slack="1"/>
<pin id="2976" dir="1" index="1" bw="8" slack="1"/>
</pin_list>
<bind>
<opset="acc_V_18 "/>
</bind>
</comp>

<comp id="2980" class="1005" name="sub_ln1420_1_reg_2980">
<pin_list>
<pin id="2981" dir="0" index="0" bw="9" slack="1"/>
<pin id="2982" dir="1" index="1" bw="9" slack="1"/>
</pin_list>
<bind>
<opset="sub_ln1420_1 "/>
</bind>
</comp>

<comp id="2985" class="1005" name="acc_V_20_reg_2985">
<pin_list>
<pin id="2986" dir="0" index="0" bw="8" slack="1"/>
<pin id="2987" dir="1" index="1" bw="8" slack="1"/>
</pin_list>
<bind>
<opset="acc_V_20 "/>
</bind>
</comp>

<comp id="2991" class="1005" name="sub_ln1420_2_reg_2991">
<pin_list>
<pin id="2992" dir="0" index="0" bw="9" slack="1"/>
<pin id="2993" dir="1" index="1" bw="9" slack="1"/>
</pin_list>
<bind>
<opset="sub_ln1420_2 "/>
</bind>
</comp>

<comp id="2996" class="1005" name="acc_V_23_reg_2996">
<pin_list>
<pin id="2997" dir="0" index="0" bw="8" slack="1"/>
<pin id="2998" dir="1" index="1" bw="8" slack="1"/>
</pin_list>
<bind>
<opset="acc_V_23 "/>
</bind>
</comp>

<comp id="3002" class="1005" name="sub_ln1420_3_reg_3002">
<pin_list>
<pin id="3003" dir="0" index="0" bw="9" slack="1"/>
<pin id="3004" dir="1" index="1" bw="9" slack="1"/>
</pin_list>
<bind>
<opset="sub_ln1420_3 "/>
</bind>
</comp>

<comp id="3007" class="1005" name="acc_V_26_reg_3007">
<pin_list>
<pin id="3008" dir="0" index="0" bw="8" slack="1"/>
<pin id="3009" dir="1" index="1" bw="8" slack="1"/>
</pin_list>
<bind>
<opset="acc_V_26 "/>
</bind>
</comp>

<comp id="3013" class="1005" name="sub_ln1420_4_reg_3013">
<pin_list>
<pin id="3014" dir="0" index="0" bw="9" slack="1"/>
<pin id="3015" dir="1" index="1" bw="9" slack="1"/>
</pin_list>
<bind>
<opset="sub_ln1420_4 "/>
</bind>
</comp>

<comp id="3018" class="1005" name="acc_V_29_reg_3018">
<pin_list>
<pin id="3019" dir="0" index="0" bw="8" slack="1"/>
<pin id="3020" dir="1" index="1" bw="8" slack="1"/>
</pin_list>
<bind>
<opset="acc_V_29 "/>
</bind>
</comp>

<comp id="3024" class="1005" name="sub_ln1420_5_reg_3024">
<pin_list>
<pin id="3025" dir="0" index="0" bw="9" slack="1"/>
<pin id="3026" dir="1" index="1" bw="9" slack="1"/>
</pin_list>
<bind>
<opset="sub_ln1420_5 "/>
</bind>
</comp>

<comp id="3029" class="1005" name="acc_V_32_reg_3029">
<pin_list>
<pin id="3030" dir="0" index="0" bw="8" slack="1"/>
<pin id="3031" dir="1" index="1" bw="8" slack="1"/>
</pin_list>
<bind>
<opset="acc_V_32 "/>
</bind>
</comp>

<comp id="3035" class="1005" name="sub_ln1420_6_reg_3035">
<pin_list>
<pin id="3036" dir="0" index="0" bw="9" slack="1"/>
<pin id="3037" dir="1" index="1" bw="9" slack="1"/>
</pin_list>
<bind>
<opset="sub_ln1420_6 "/>
</bind>
</comp>

<comp id="3040" class="1005" name="acc_V_35_reg_3040">
<pin_list>
<pin id="3041" dir="0" index="0" bw="8" slack="1"/>
<pin id="3042" dir="1" index="1" bw="8" slack="1"/>
</pin_list>
<bind>
<opset="acc_V_35 "/>
</bind>
</comp>

<comp id="3046" class="1005" name="sub_ln1420_7_reg_3046">
<pin_list>
<pin id="3047" dir="0" index="0" bw="9" slack="1"/>
<pin id="3048" dir="1" index="1" bw="9" slack="1"/>
</pin_list>
<bind>
<opset="sub_ln1420_7 "/>
</bind>
</comp>

<comp id="3051" class="1005" name="acc_V_38_reg_3051">
<pin_list>
<pin id="3052" dir="0" index="0" bw="8" slack="1"/>
<pin id="3053" dir="1" index="1" bw="8" slack="1"/>
</pin_list>
<bind>
<opset="acc_V_38 "/>
</bind>
</comp>

<comp id="3057" class="1005" name="acc_V_40_reg_3057">
<pin_list>
<pin id="3058" dir="0" index="0" bw="8" slack="1"/>
<pin id="3059" dir="1" index="1" bw="8" slack="1"/>
</pin_list>
<bind>
<opset="acc_V_40 "/>
</bind>
</comp>

<comp id="3062" class="1005" name="acc_V_39_reg_3062">
<pin_list>
<pin id="3063" dir="0" index="0" bw="8" slack="1"/>
<pin id="3064" dir="1" index="1" bw="8" slack="1"/>
</pin_list>
<bind>
<opset="acc_V_39 "/>
</bind>
</comp>

<comp id="3067" class="1005" name="acc_V_42_reg_3067">
<pin_list>
<pin id="3068" dir="0" index="0" bw="8" slack="1"/>
<pin id="3069" dir="1" index="1" bw="8" slack="1"/>
</pin_list>
<bind>
<opset="acc_V_42 "/>
</bind>
</comp>

<comp id="3072" class="1005" name="acc_V_41_reg_3072">
<pin_list>
<pin id="3073" dir="0" index="0" bw="8" slack="1"/>
<pin id="3074" dir="1" index="1" bw="8" slack="1"/>
</pin_list>
<bind>
<opset="acc_V_41 "/>
</bind>
</comp>

<comp id="3077" class="1005" name="acc_V_44_reg_3077">
<pin_list>
<pin id="3078" dir="0" index="0" bw="8" slack="1"/>
<pin id="3079" dir="1" index="1" bw="8" slack="1"/>
</pin_list>
<bind>
<opset="acc_V_44 "/>
</bind>
</comp>

<comp id="3082" class="1005" name="acc_V_43_reg_3082">
<pin_list>
<pin id="3083" dir="0" index="0" bw="8" slack="1"/>
<pin id="3084" dir="1" index="1" bw="8" slack="1"/>
</pin_list>
<bind>
<opset="acc_V_43 "/>
</bind>
</comp>

<comp id="3087" class="1005" name="acc_V_46_reg_3087">
<pin_list>
<pin id="3088" dir="0" index="0" bw="8" slack="1"/>
<pin id="3089" dir="1" index="1" bw="8" slack="1"/>
</pin_list>
<bind>
<opset="acc_V_46 "/>
</bind>
</comp>

<comp id="3092" class="1005" name="acc_V_45_reg_3092">
<pin_list>
<pin id="3093" dir="0" index="0" bw="8" slack="1"/>
<pin id="3094" dir="1" index="1" bw="8" slack="1"/>
</pin_list>
<bind>
<opset="acc_V_45 "/>
</bind>
</comp>

<comp id="3097" class="1005" name="acc_V_48_reg_3097">
<pin_list>
<pin id="3098" dir="0" index="0" bw="8" slack="1"/>
<pin id="3099" dir="1" index="1" bw="8" slack="1"/>
</pin_list>
<bind>
<opset="acc_V_48 "/>
</bind>
</comp>

<comp id="3102" class="1005" name="acc_V_47_reg_3102">
<pin_list>
<pin id="3103" dir="0" index="0" bw="8" slack="1"/>
<pin id="3104" dir="1" index="1" bw="8" slack="1"/>
</pin_list>
<bind>
<opset="acc_V_47 "/>
</bind>
</comp>

<comp id="3107" class="1005" name="acc_V_50_reg_3107">
<pin_list>
<pin id="3108" dir="0" index="0" bw="8" slack="1"/>
<pin id="3109" dir="1" index="1" bw="8" slack="1"/>
</pin_list>
<bind>
<opset="acc_V_50 "/>
</bind>
</comp>

<comp id="3112" class="1005" name="acc_V_49_reg_3112">
<pin_list>
<pin id="3113" dir="0" index="0" bw="8" slack="1"/>
<pin id="3114" dir="1" index="1" bw="8" slack="1"/>
</pin_list>
<bind>
<opset="acc_V_49 "/>
</bind>
</comp>

<comp id="3117" class="1005" name="acc_V_52_reg_3117">
<pin_list>
<pin id="3118" dir="0" index="0" bw="8" slack="1"/>
<pin id="3119" dir="1" index="1" bw="8" slack="1"/>
</pin_list>
<bind>
<opset="acc_V_52 "/>
</bind>
</comp>

<comp id="3122" class="1005" name="acc_V_51_reg_3122">
<pin_list>
<pin id="3123" dir="0" index="0" bw="8" slack="1"/>
<pin id="3124" dir="1" index="1" bw="8" slack="1"/>
</pin_list>
<bind>
<opset="acc_V_51 "/>
</bind>
</comp>

<comp id="3127" class="1005" name="acc_V_54_reg_3127">
<pin_list>
<pin id="3128" dir="0" index="0" bw="8" slack="1"/>
<pin id="3129" dir="1" index="1" bw="8" slack="1"/>
</pin_list>
<bind>
<opset="acc_V_54 "/>
</bind>
</comp>

<comp id="3132" class="1005" name="acc_V_53_reg_3132">
<pin_list>
<pin id="3133" dir="0" index="0" bw="8" slack="1"/>
<pin id="3134" dir="1" index="1" bw="8" slack="1"/>
</pin_list>
<bind>
<opset="acc_V_53 "/>
</bind>
</comp>

</comp_list>

<net_list>
<net id="218"><net_src comp="34" pin="0"/><net_sink comp="214" pin=0"/></net>

<net id="219"><net_src comp="0" pin="0"/><net_sink comp="214" pin=1"/></net>

<net id="225"><net_src comp="212" pin="0"/><net_sink comp="220" pin=0"/></net>

<net id="226"><net_src comp="2" pin="0"/><net_sink comp="220" pin=1"/></net>

<net id="232"><net_src comp="4" pin="0"/><net_sink comp="227" pin=0"/></net>

<net id="233"><net_src comp="162" pin="0"/><net_sink comp="227" pin=1"/></net>

<net id="239"><net_src comp="227" pin="3"/><net_sink comp="234" pin=0"/></net>

<net id="245"><net_src comp="6" pin="0"/><net_sink comp="240" pin=0"/></net>

<net id="246"><net_src comp="162" pin="0"/><net_sink comp="240" pin=1"/></net>

<net id="280"><net_src comp="240" pin="3"/><net_sink comp="247" pin=18"/></net>

<net id="286"><net_src comp="6" pin="0"/><net_sink comp="281" pin=0"/></net>

<net id="287"><net_src comp="162" pin="0"/><net_sink comp="281" pin=1"/></net>

<net id="288"><net_src comp="281" pin="3"/><net_sink comp="247" pin=16"/></net>

<net id="294"><net_src comp="6" pin="0"/><net_sink comp="289" pin=0"/></net>

<net id="295"><net_src comp="162" pin="0"/><net_sink comp="289" pin=1"/></net>

<net id="296"><net_src comp="289" pin="3"/><net_sink comp="247" pin=13"/></net>

<net id="302"><net_src comp="6" pin="0"/><net_sink comp="297" pin=0"/></net>

<net id="303"><net_src comp="162" pin="0"/><net_sink comp="297" pin=1"/></net>

<net id="304"><net_src comp="297" pin="3"/><net_sink comp="247" pin=10"/></net>

<net id="310"><net_src comp="6" pin="0"/><net_sink comp="305" pin=0"/></net>

<net id="311"><net_src comp="162" pin="0"/><net_sink comp="305" pin=1"/></net>

<net id="312"><net_src comp="305" pin="3"/><net_sink comp="247" pin=8"/></net>

<net id="318"><net_src comp="6" pin="0"/><net_sink comp="313" pin=0"/></net>

<net id="319"><net_src comp="162" pin="0"/><net_sink comp="313" pin=1"/></net>

<net id="320"><net_src comp="313" pin="3"/><net_sink comp="247" pin=5"/></net>

<net id="326"><net_src comp="6" pin="0"/><net_sink comp="321" pin=0"/></net>

<net id="327"><net_src comp="162" pin="0"/><net_sink comp="321" pin=1"/></net>

<net id="328"><net_src comp="321" pin="3"/><net_sink comp="247" pin=2"/></net>

<net id="334"><net_src comp="6" pin="0"/><net_sink comp="329" pin=0"/></net>

<net id="335"><net_src comp="162" pin="0"/><net_sink comp="329" pin=1"/></net>

<net id="336"><net_src comp="329" pin="3"/><net_sink comp="247" pin=0"/></net>

<net id="340"><net_src comp="22" pin="0"/><net_sink comp="337" pin=0"/></net>

<net id="349"><net_src comp="337" pin="1"/><net_sink comp="341" pin=0"/></net>

<net id="350"><net_src comp="24" pin="0"/><net_sink comp="341" pin=2"/></net>

<net id="351"><net_src comp="22" pin="0"/><net_sink comp="341" pin=4"/></net>

<net id="352"><net_src comp="341" pin="6"/><net_sink comp="337" pin=0"/></net>

<net id="356"><net_src comp="26" pin="0"/><net_sink comp="353" pin=0"/></net>

<net id="365"><net_src comp="353" pin="1"/><net_sink comp="357" pin=0"/></net>

<net id="366"><net_src comp="26" pin="0"/><net_sink comp="357" pin=4"/></net>

<net id="367"><net_src comp="357" pin="6"/><net_sink comp="353" pin=0"/></net>

<net id="371"><net_src comp="32" pin="0"/><net_sink comp="368" pin=0"/></net>

<net id="380"><net_src comp="368" pin="1"/><net_sink comp="372" pin=0"/></net>

<net id="381"><net_src comp="368" pin="1"/><net_sink comp="372" pin=4"/></net>

<net id="385"><net_src comp="32" pin="0"/><net_sink comp="382" pin=0"/></net>

<net id="394"><net_src comp="382" pin="1"/><net_sink comp="386" pin=0"/></net>

<net id="395"><net_src comp="382" pin="1"/><net_sink comp="386" pin=4"/></net>

<net id="399"><net_src comp="32" pin="0"/><net_sink comp="396" pin=0"/></net>

<net id="408"><net_src comp="396" pin="1"/><net_sink comp="400" pin=0"/></net>

<net id="409"><net_src comp="396" pin="1"/><net_sink comp="400" pin=4"/></net>

<net id="413"><net_src comp="32" pin="0"/><net_sink comp="410" pin=0"/></net>

<net id="422"><net_src comp="410" pin="1"/><net_sink comp="414" pin=0"/></net>

<net id="423"><net_src comp="410" pin="1"/><net_sink comp="414" pin=4"/></net>

<net id="427"><net_src comp="32" pin="0"/><net_sink comp="424" pin=0"/></net>

<net id="436"><net_src comp="424" pin="1"/><net_sink comp="428" pin=0"/></net>

<net id="437"><net_src comp="424" pin="1"/><net_sink comp="428" pin=4"/></net>

<net id="441"><net_src comp="32" pin="0"/><net_sink comp="438" pin=0"/></net>

<net id="450"><net_src comp="438" pin="1"/><net_sink comp="442" pin=0"/></net>

<net id="451"><net_src comp="438" pin="1"/><net_sink comp="442" pin=4"/></net>

<net id="455"><net_src comp="32" pin="0"/><net_sink comp="452" pin=0"/></net>

<net id="464"><net_src comp="452" pin="1"/><net_sink comp="456" pin=0"/></net>

<net id="465"><net_src comp="452" pin="1"/><net_sink comp="456" pin=4"/></net>

<net id="469"><net_src comp="32" pin="0"/><net_sink comp="466" pin=0"/></net>

<net id="478"><net_src comp="466" pin="1"/><net_sink comp="470" pin=0"/></net>

<net id="479"><net_src comp="466" pin="1"/><net_sink comp="470" pin=4"/></net>

<net id="483"><net_src comp="32" pin="0"/><net_sink comp="480" pin=0"/></net>

<net id="492"><net_src comp="480" pin="1"/><net_sink comp="484" pin=0"/></net>

<net id="493"><net_src comp="480" pin="1"/><net_sink comp="484" pin=4"/></net>

<net id="497"><net_src comp="32" pin="0"/><net_sink comp="494" pin=0"/></net>

<net id="506"><net_src comp="494" pin="1"/><net_sink comp="498" pin=0"/></net>

<net id="507"><net_src comp="494" pin="1"/><net_sink comp="498" pin=4"/></net>

<net id="511"><net_src comp="32" pin="0"/><net_sink comp="508" pin=0"/></net>

<net id="520"><net_src comp="508" pin="1"/><net_sink comp="512" pin=0"/></net>

<net id="521"><net_src comp="508" pin="1"/><net_sink comp="512" pin=4"/></net>

<net id="525"><net_src comp="32" pin="0"/><net_sink comp="522" pin=0"/></net>

<net id="534"><net_src comp="522" pin="1"/><net_sink comp="526" pin=0"/></net>

<net id="535"><net_src comp="522" pin="1"/><net_sink comp="526" pin=4"/></net>

<net id="539"><net_src comp="32" pin="0"/><net_sink comp="536" pin=0"/></net>

<net id="548"><net_src comp="536" pin="1"/><net_sink comp="540" pin=0"/></net>

<net id="549"><net_src comp="536" pin="1"/><net_sink comp="540" pin=4"/></net>

<net id="553"><net_src comp="32" pin="0"/><net_sink comp="550" pin=0"/></net>

<net id="562"><net_src comp="550" pin="1"/><net_sink comp="554" pin=0"/></net>

<net id="563"><net_src comp="550" pin="1"/><net_sink comp="554" pin=4"/></net>

<net id="567"><net_src comp="32" pin="0"/><net_sink comp="564" pin=0"/></net>

<net id="576"><net_src comp="564" pin="1"/><net_sink comp="568" pin=0"/></net>

<net id="577"><net_src comp="564" pin="1"/><net_sink comp="568" pin=4"/></net>

<net id="581"><net_src comp="32" pin="0"/><net_sink comp="578" pin=0"/></net>

<net id="590"><net_src comp="578" pin="1"/><net_sink comp="582" pin=0"/></net>

<net id="591"><net_src comp="578" pin="1"/><net_sink comp="582" pin=4"/></net>

<net id="595"><net_src comp="32" pin="0"/><net_sink comp="592" pin=0"/></net>

<net id="604"><net_src comp="592" pin="1"/><net_sink comp="596" pin=0"/></net>

<net id="605"><net_src comp="592" pin="1"/><net_sink comp="596" pin=4"/></net>

<net id="609"><net_src comp="32" pin="0"/><net_sink comp="606" pin=0"/></net>

<net id="618"><net_src comp="606" pin="1"/><net_sink comp="610" pin=0"/></net>

<net id="619"><net_src comp="606" pin="1"/><net_sink comp="610" pin=4"/></net>

<net id="623"><net_src comp="32" pin="0"/><net_sink comp="620" pin=0"/></net>

<net id="632"><net_src comp="620" pin="1"/><net_sink comp="624" pin=0"/></net>

<net id="633"><net_src comp="620" pin="1"/><net_sink comp="624" pin=4"/></net>

<net id="637"><net_src comp="32" pin="0"/><net_sink comp="634" pin=0"/></net>

<net id="646"><net_src comp="634" pin="1"/><net_sink comp="638" pin=0"/></net>

<net id="647"><net_src comp="634" pin="1"/><net_sink comp="638" pin=4"/></net>

<net id="651"><net_src comp="32" pin="0"/><net_sink comp="648" pin=0"/></net>

<net id="660"><net_src comp="648" pin="1"/><net_sink comp="652" pin=0"/></net>

<net id="661"><net_src comp="648" pin="1"/><net_sink comp="652" pin=4"/></net>

<net id="665"><net_src comp="32" pin="0"/><net_sink comp="662" pin=0"/></net>

<net id="674"><net_src comp="662" pin="1"/><net_sink comp="666" pin=0"/></net>

<net id="675"><net_src comp="662" pin="1"/><net_sink comp="666" pin=4"/></net>

<net id="679"><net_src comp="32" pin="0"/><net_sink comp="676" pin=0"/></net>

<net id="688"><net_src comp="676" pin="1"/><net_sink comp="680" pin=0"/></net>

<net id="689"><net_src comp="676" pin="1"/><net_sink comp="680" pin=4"/></net>

<net id="693"><net_src comp="32" pin="0"/><net_sink comp="690" pin=0"/></net>

<net id="702"><net_src comp="690" pin="1"/><net_sink comp="694" pin=0"/></net>

<net id="703"><net_src comp="690" pin="1"/><net_sink comp="694" pin=4"/></net>

<net id="707"><net_src comp="32" pin="0"/><net_sink comp="704" pin=0"/></net>

<net id="716"><net_src comp="704" pin="1"/><net_sink comp="708" pin=0"/></net>

<net id="717"><net_src comp="704" pin="1"/><net_sink comp="708" pin=4"/></net>

<net id="721"><net_src comp="32" pin="0"/><net_sink comp="718" pin=0"/></net>

<net id="730"><net_src comp="718" pin="1"/><net_sink comp="722" pin=0"/></net>

<net id="731"><net_src comp="718" pin="1"/><net_sink comp="722" pin=4"/></net>

<net id="735"><net_src comp="32" pin="0"/><net_sink comp="732" pin=0"/></net>

<net id="744"><net_src comp="732" pin="1"/><net_sink comp="736" pin=0"/></net>

<net id="745"><net_src comp="732" pin="1"/><net_sink comp="736" pin=4"/></net>

<net id="749"><net_src comp="32" pin="0"/><net_sink comp="746" pin=0"/></net>

<net id="758"><net_src comp="746" pin="1"/><net_sink comp="750" pin=0"/></net>

<net id="759"><net_src comp="746" pin="1"/><net_sink comp="750" pin=4"/></net>

<net id="763"><net_src comp="32" pin="0"/><net_sink comp="760" pin=0"/></net>

<net id="772"><net_src comp="760" pin="1"/><net_sink comp="764" pin=0"/></net>

<net id="773"><net_src comp="760" pin="1"/><net_sink comp="764" pin=4"/></net>

<net id="777"><net_src comp="32" pin="0"/><net_sink comp="774" pin=0"/></net>

<net id="786"><net_src comp="774" pin="1"/><net_sink comp="778" pin=0"/></net>

<net id="787"><net_src comp="774" pin="1"/><net_sink comp="778" pin=4"/></net>

<net id="791"><net_src comp="32" pin="0"/><net_sink comp="788" pin=0"/></net>

<net id="800"><net_src comp="788" pin="1"/><net_sink comp="792" pin=0"/></net>

<net id="801"><net_src comp="788" pin="1"/><net_sink comp="792" pin=4"/></net>

<net id="805"><net_src comp="32" pin="0"/><net_sink comp="802" pin=0"/></net>

<net id="814"><net_src comp="802" pin="1"/><net_sink comp="806" pin=0"/></net>

<net id="815"><net_src comp="802" pin="1"/><net_sink comp="806" pin=4"/></net>

<net id="819"><net_src comp="816" pin="1"/><net_sink comp="372" pin=2"/></net>

<net id="826"><net_src comp="372" pin="6"/><net_sink comp="820" pin=2"/></net>

<net id="827"><net_src comp="820" pin="4"/><net_sink comp="816" pin=0"/></net>

<net id="831"><net_src comp="828" pin="1"/><net_sink comp="386" pin=2"/></net>

<net id="838"><net_src comp="386" pin="6"/><net_sink comp="832" pin=2"/></net>

<net id="839"><net_src comp="832" pin="4"/><net_sink comp="828" pin=0"/></net>

<net id="843"><net_src comp="840" pin="1"/><net_sink comp="400" pin=2"/></net>

<net id="850"><net_src comp="400" pin="6"/><net_sink comp="844" pin=2"/></net>

<net id="851"><net_src comp="844" pin="4"/><net_sink comp="840" pin=0"/></net>

<net id="855"><net_src comp="852" pin="1"/><net_sink comp="414" pin=2"/></net>

<net id="862"><net_src comp="414" pin="6"/><net_sink comp="856" pin=2"/></net>

<net id="863"><net_src comp="856" pin="4"/><net_sink comp="852" pin=0"/></net>

<net id="867"><net_src comp="864" pin="1"/><net_sink comp="428" pin=2"/></net>

<net id="874"><net_src comp="428" pin="6"/><net_sink comp="868" pin=2"/></net>

<net id="875"><net_src comp="868" pin="4"/><net_sink comp="864" pin=0"/></net>

<net id="879"><net_src comp="876" pin="1"/><net_sink comp="442" pin=2"/></net>

<net id="886"><net_src comp="442" pin="6"/><net_sink comp="880" pin=2"/></net>

<net id="887"><net_src comp="880" pin="4"/><net_sink comp="876" pin=0"/></net>

<net id="891"><net_src comp="888" pin="1"/><net_sink comp="456" pin=2"/></net>

<net id="898"><net_src comp="456" pin="6"/><net_sink comp="892" pin=2"/></net>

<net id="899"><net_src comp="892" pin="4"/><net_sink comp="888" pin=0"/></net>

<net id="903"><net_src comp="900" pin="1"/><net_sink comp="470" pin=2"/></net>

<net id="910"><net_src comp="470" pin="6"/><net_sink comp="904" pin=2"/></net>

<net id="911"><net_src comp="904" pin="4"/><net_sink comp="900" pin=0"/></net>

<net id="915"><net_src comp="912" pin="1"/><net_sink comp="484" pin=2"/></net>

<net id="922"><net_src comp="484" pin="6"/><net_sink comp="916" pin=2"/></net>

<net id="923"><net_src comp="916" pin="4"/><net_sink comp="912" pin=0"/></net>

<net id="927"><net_src comp="924" pin="1"/><net_sink comp="498" pin=2"/></net>

<net id="934"><net_src comp="498" pin="6"/><net_sink comp="928" pin=2"/></net>

<net id="935"><net_src comp="928" pin="4"/><net_sink comp="924" pin=0"/></net>

<net id="939"><net_src comp="936" pin="1"/><net_sink comp="512" pin=2"/></net>

<net id="946"><net_src comp="512" pin="6"/><net_sink comp="940" pin=2"/></net>

<net id="947"><net_src comp="940" pin="4"/><net_sink comp="936" pin=0"/></net>

<net id="951"><net_src comp="948" pin="1"/><net_sink comp="526" pin=2"/></net>

<net id="958"><net_src comp="526" pin="6"/><net_sink comp="952" pin=2"/></net>

<net id="959"><net_src comp="952" pin="4"/><net_sink comp="948" pin=0"/></net>

<net id="963"><net_src comp="960" pin="1"/><net_sink comp="540" pin=2"/></net>

<net id="970"><net_src comp="540" pin="6"/><net_sink comp="964" pin=2"/></net>

<net id="971"><net_src comp="964" pin="4"/><net_sink comp="960" pin=0"/></net>

<net id="975"><net_src comp="972" pin="1"/><net_sink comp="554" pin=2"/></net>

<net id="982"><net_src comp="554" pin="6"/><net_sink comp="976" pin=2"/></net>

<net id="983"><net_src comp="976" pin="4"/><net_sink comp="972" pin=0"/></net>

<net id="987"><net_src comp="984" pin="1"/><net_sink comp="568" pin=2"/></net>

<net id="994"><net_src comp="568" pin="6"/><net_sink comp="988" pin=2"/></net>

<net id="995"><net_src comp="988" pin="4"/><net_sink comp="984" pin=0"/></net>

<net id="999"><net_src comp="996" pin="1"/><net_sink comp="582" pin=2"/></net>

<net id="1006"><net_src comp="582" pin="6"/><net_sink comp="1000" pin=2"/></net>

<net id="1007"><net_src comp="1000" pin="4"/><net_sink comp="996" pin=0"/></net>

<net id="1011"><net_src comp="1008" pin="1"/><net_sink comp="596" pin=2"/></net>

<net id="1018"><net_src comp="596" pin="6"/><net_sink comp="1012" pin=2"/></net>

<net id="1019"><net_src comp="1012" pin="4"/><net_sink comp="1008" pin=0"/></net>

<net id="1023"><net_src comp="1020" pin="1"/><net_sink comp="610" pin=2"/></net>

<net id="1030"><net_src comp="610" pin="6"/><net_sink comp="1024" pin=2"/></net>

<net id="1031"><net_src comp="1024" pin="4"/><net_sink comp="1020" pin=0"/></net>

<net id="1035"><net_src comp="1032" pin="1"/><net_sink comp="624" pin=2"/></net>

<net id="1042"><net_src comp="624" pin="6"/><net_sink comp="1036" pin=2"/></net>

<net id="1043"><net_src comp="1036" pin="4"/><net_sink comp="1032" pin=0"/></net>

<net id="1047"><net_src comp="1044" pin="1"/><net_sink comp="638" pin=2"/></net>

<net id="1054"><net_src comp="638" pin="6"/><net_sink comp="1048" pin=2"/></net>

<net id="1055"><net_src comp="1048" pin="4"/><net_sink comp="1044" pin=0"/></net>

<net id="1059"><net_src comp="1056" pin="1"/><net_sink comp="652" pin=2"/></net>

<net id="1066"><net_src comp="652" pin="6"/><net_sink comp="1060" pin=2"/></net>

<net id="1067"><net_src comp="1060" pin="4"/><net_sink comp="1056" pin=0"/></net>

<net id="1071"><net_src comp="1068" pin="1"/><net_sink comp="666" pin=2"/></net>

<net id="1078"><net_src comp="666" pin="6"/><net_sink comp="1072" pin=2"/></net>

<net id="1079"><net_src comp="1072" pin="4"/><net_sink comp="1068" pin=0"/></net>

<net id="1083"><net_src comp="1080" pin="1"/><net_sink comp="680" pin=2"/></net>

<net id="1090"><net_src comp="680" pin="6"/><net_sink comp="1084" pin=2"/></net>

<net id="1091"><net_src comp="1084" pin="4"/><net_sink comp="1080" pin=0"/></net>

<net id="1095"><net_src comp="1092" pin="1"/><net_sink comp="694" pin=2"/></net>

<net id="1102"><net_src comp="694" pin="6"/><net_sink comp="1096" pin=2"/></net>

<net id="1103"><net_src comp="1096" pin="4"/><net_sink comp="1092" pin=0"/></net>

<net id="1107"><net_src comp="1104" pin="1"/><net_sink comp="708" pin=2"/></net>

<net id="1114"><net_src comp="708" pin="6"/><net_sink comp="1108" pin=2"/></net>

<net id="1115"><net_src comp="1108" pin="4"/><net_sink comp="1104" pin=0"/></net>

<net id="1119"><net_src comp="1116" pin="1"/><net_sink comp="722" pin=2"/></net>

<net id="1126"><net_src comp="722" pin="6"/><net_sink comp="1120" pin=2"/></net>

<net id="1127"><net_src comp="1120" pin="4"/><net_sink comp="1116" pin=0"/></net>

<net id="1131"><net_src comp="1128" pin="1"/><net_sink comp="736" pin=2"/></net>

<net id="1138"><net_src comp="736" pin="6"/><net_sink comp="1132" pin=2"/></net>

<net id="1139"><net_src comp="1132" pin="4"/><net_sink comp="1128" pin=0"/></net>

<net id="1143"><net_src comp="1140" pin="1"/><net_sink comp="750" pin=2"/></net>

<net id="1150"><net_src comp="750" pin="6"/><net_sink comp="1144" pin=2"/></net>

<net id="1151"><net_src comp="1144" pin="4"/><net_sink comp="1140" pin=0"/></net>

<net id="1155"><net_src comp="1152" pin="1"/><net_sink comp="764" pin=2"/></net>

<net id="1162"><net_src comp="764" pin="6"/><net_sink comp="1156" pin=2"/></net>

<net id="1163"><net_src comp="1156" pin="4"/><net_sink comp="1152" pin=0"/></net>

<net id="1167"><net_src comp="1164" pin="1"/><net_sink comp="778" pin=2"/></net>

<net id="1174"><net_src comp="778" pin="6"/><net_sink comp="1168" pin=2"/></net>

<net id="1175"><net_src comp="1168" pin="4"/><net_sink comp="1164" pin=0"/></net>

<net id="1179"><net_src comp="1176" pin="1"/><net_sink comp="792" pin=2"/></net>

<net id="1186"><net_src comp="792" pin="6"/><net_sink comp="1180" pin=2"/></net>

<net id="1187"><net_src comp="1180" pin="4"/><net_sink comp="1176" pin=0"/></net>

<net id="1191"><net_src comp="1188" pin="1"/><net_sink comp="806" pin=2"/></net>

<net id="1198"><net_src comp="806" pin="6"/><net_sink comp="1192" pin=2"/></net>

<net id="1199"><net_src comp="1192" pin="4"/><net_sink comp="1188" pin=0"/></net>

<net id="1203"><net_src comp="176" pin="0"/><net_sink comp="1200" pin=0"/></net>

<net id="1212"><net_src comp="1200" pin="1"/><net_sink comp="1204" pin=0"/></net>

<net id="1213"><net_src comp="1200" pin="1"/><net_sink comp="1204" pin=4"/></net>

<net id="1217"><net_src comp="190" pin="0"/><net_sink comp="1214" pin=0"/></net>

<net id="1226"><net_src comp="1214" pin="1"/><net_sink comp="1218" pin=0"/></net>

<net id="1227"><net_src comp="1214" pin="1"/><net_sink comp="1218" pin=4"/></net>

<net id="1228"><net_src comp="1218" pin="6"/><net_sink comp="1214" pin=0"/></net>

<net id="1232"><net_src comp="192" pin="0"/><net_sink comp="1229" pin=0"/></net>

<net id="1241"><net_src comp="1229" pin="1"/><net_sink comp="1233" pin=0"/></net>

<net id="1242"><net_src comp="1229" pin="1"/><net_sink comp="1233" pin=4"/></net>

<net id="1243"><net_src comp="1233" pin="6"/><net_sink comp="1229" pin=0"/></net>

<net id="1247"><net_src comp="190" pin="0"/><net_sink comp="1244" pin=0"/></net>

<net id="1256"><net_src comp="1244" pin="1"/><net_sink comp="1248" pin=0"/></net>

<net id="1257"><net_src comp="1244" pin="1"/><net_sink comp="1248" pin=4"/></net>

<net id="1258"><net_src comp="1248" pin="6"/><net_sink comp="1244" pin=0"/></net>

<net id="1262"><net_src comp="190" pin="0"/><net_sink comp="1259" pin=0"/></net>

<net id="1271"><net_src comp="1259" pin="1"/><net_sink comp="1263" pin=0"/></net>

<net id="1272"><net_src comp="1259" pin="1"/><net_sink comp="1263" pin=4"/></net>

<net id="1273"><net_src comp="1263" pin="6"/><net_sink comp="1259" pin=0"/></net>

<net id="1277"><net_src comp="190" pin="0"/><net_sink comp="1274" pin=0"/></net>

<net id="1286"><net_src comp="1274" pin="1"/><net_sink comp="1278" pin=0"/></net>

<net id="1287"><net_src comp="1274" pin="1"/><net_sink comp="1278" pin=4"/></net>

<net id="1288"><net_src comp="1278" pin="6"/><net_sink comp="1274" pin=0"/></net>

<net id="1292"><net_src comp="192" pin="0"/><net_sink comp="1289" pin=0"/></net>

<net id="1301"><net_src comp="1289" pin="1"/><net_sink comp="1293" pin=0"/></net>

<net id="1302"><net_src comp="1289" pin="1"/><net_sink comp="1293" pin=4"/></net>

<net id="1303"><net_src comp="1293" pin="6"/><net_sink comp="1289" pin=0"/></net>

<net id="1307"><net_src comp="192" pin="0"/><net_sink comp="1304" pin=0"/></net>

<net id="1316"><net_src comp="1304" pin="1"/><net_sink comp="1308" pin=0"/></net>

<net id="1317"><net_src comp="1304" pin="1"/><net_sink comp="1308" pin=4"/></net>

<net id="1318"><net_src comp="1308" pin="6"/><net_sink comp="1304" pin=0"/></net>

<net id="1322"><net_src comp="192" pin="0"/><net_sink comp="1319" pin=0"/></net>

<net id="1331"><net_src comp="1319" pin="1"/><net_sink comp="1323" pin=0"/></net>

<net id="1332"><net_src comp="1319" pin="1"/><net_sink comp="1323" pin=4"/></net>

<net id="1333"><net_src comp="1323" pin="6"/><net_sink comp="1319" pin=0"/></net>

<net id="1337"><net_src comp="190" pin="0"/><net_sink comp="1334" pin=0"/></net>

<net id="1346"><net_src comp="1334" pin="1"/><net_sink comp="1338" pin=0"/></net>

<net id="1347"><net_src comp="1334" pin="1"/><net_sink comp="1338" pin=4"/></net>

<net id="1348"><net_src comp="1338" pin="6"/><net_sink comp="1334" pin=0"/></net>

<net id="1352"><net_src comp="192" pin="0"/><net_sink comp="1349" pin=0"/></net>

<net id="1361"><net_src comp="1349" pin="1"/><net_sink comp="1353" pin=0"/></net>

<net id="1362"><net_src comp="1349" pin="1"/><net_sink comp="1353" pin=4"/></net>

<net id="1363"><net_src comp="1353" pin="6"/><net_sink comp="1349" pin=0"/></net>

<net id="1367"><net_src comp="192" pin="0"/><net_sink comp="1364" pin=0"/></net>

<net id="1376"><net_src comp="1364" pin="1"/><net_sink comp="1368" pin=0"/></net>

<net id="1377"><net_src comp="1364" pin="1"/><net_sink comp="1368" pin=4"/></net>

<net id="1378"><net_src comp="1368" pin="6"/><net_sink comp="1364" pin=0"/></net>

<net id="1382"><net_src comp="192" pin="0"/><net_sink comp="1379" pin=0"/></net>

<net id="1391"><net_src comp="1379" pin="1"/><net_sink comp="1383" pin=0"/></net>

<net id="1392"><net_src comp="1379" pin="1"/><net_sink comp="1383" pin=4"/></net>

<net id="1393"><net_src comp="1383" pin="6"/><net_sink comp="1379" pin=0"/></net>

<net id="1397"><net_src comp="190" pin="0"/><net_sink comp="1394" pin=0"/></net>

<net id="1406"><net_src comp="1394" pin="1"/><net_sink comp="1398" pin=0"/></net>

<net id="1407"><net_src comp="1394" pin="1"/><net_sink comp="1398" pin=4"/></net>

<net id="1408"><net_src comp="1398" pin="6"/><net_sink comp="1394" pin=0"/></net>

<net id="1412"><net_src comp="190" pin="0"/><net_sink comp="1409" pin=0"/></net>

<net id="1421"><net_src comp="1409" pin="1"/><net_sink comp="1413" pin=0"/></net>

<net id="1422"><net_src comp="1409" pin="1"/><net_sink comp="1413" pin=4"/></net>

<net id="1423"><net_src comp="1413" pin="6"/><net_sink comp="1409" pin=0"/></net>

<net id="1427"><net_src comp="192" pin="0"/><net_sink comp="1424" pin=0"/></net>

<net id="1436"><net_src comp="1424" pin="1"/><net_sink comp="1428" pin=0"/></net>

<net id="1437"><net_src comp="1424" pin="1"/><net_sink comp="1428" pin=4"/></net>

<net id="1438"><net_src comp="1428" pin="6"/><net_sink comp="1424" pin=0"/></net>

<net id="1442"><net_src comp="190" pin="0"/><net_sink comp="1439" pin=0"/></net>

<net id="1451"><net_src comp="1439" pin="1"/><net_sink comp="1443" pin=0"/></net>

<net id="1452"><net_src comp="1439" pin="1"/><net_sink comp="1443" pin=4"/></net>

<net id="1453"><net_src comp="1443" pin="6"/><net_sink comp="1439" pin=0"/></net>

<net id="1458"><net_src comp="357" pin="6"/><net_sink comp="1454" pin=0"/></net>

<net id="1459"><net_src comp="28" pin="0"/><net_sink comp="1454" pin=1"/></net>

<net id="1464"><net_src comp="357" pin="6"/><net_sink comp="1460" pin=0"/></net>

<net id="1465"><net_src comp="30" pin="0"/><net_sink comp="1460" pin=1"/></net>

<net id="1469"><net_src comp="214" pin="2"/><net_sink comp="1466" pin=0"/></net>

<net id="1470"><net_src comp="1466" pin="1"/><net_sink comp="1192" pin=0"/></net>

<net id="1477"><net_src comp="36" pin="0"/><net_sink comp="1471" pin=0"/></net>

<net id="1478"><net_src comp="214" pin="2"/><net_sink comp="1471" pin=1"/></net>

<net id="1479"><net_src comp="38" pin="0"/><net_sink comp="1471" pin=2"/></net>

<net id="1480"><net_src comp="40" pin="0"/><net_sink comp="1471" pin=3"/></net>

<net id="1481"><net_src comp="1471" pin="4"/><net_sink comp="1180" pin=0"/></net>

<net id="1488"><net_src comp="36" pin="0"/><net_sink comp="1482" pin=0"/></net>

<net id="1489"><net_src comp="214" pin="2"/><net_sink comp="1482" pin=1"/></net>

<net id="1490"><net_src comp="42" pin="0"/><net_sink comp="1482" pin=2"/></net>

<net id="1491"><net_src comp="44" pin="0"/><net_sink comp="1482" pin=3"/></net>

<net id="1492"><net_src comp="1482" pin="4"/><net_sink comp="1168" pin=0"/></net>

<net id="1499"><net_src comp="36" pin="0"/><net_sink comp="1493" pin=0"/></net>

<net id="1500"><net_src comp="214" pin="2"/><net_sink comp="1493" pin=1"/></net>

<net id="1501"><net_src comp="46" pin="0"/><net_sink comp="1493" pin=2"/></net>

<net id="1502"><net_src comp="48" pin="0"/><net_sink comp="1493" pin=3"/></net>

<net id="1503"><net_src comp="1493" pin="4"/><net_sink comp="1156" pin=0"/></net>

<net id="1510"><net_src comp="36" pin="0"/><net_sink comp="1504" pin=0"/></net>

<net id="1511"><net_src comp="214" pin="2"/><net_sink comp="1504" pin=1"/></net>

<net id="1512"><net_src comp="50" pin="0"/><net_sink comp="1504" pin=2"/></net>

<net id="1513"><net_src comp="52" pin="0"/><net_sink comp="1504" pin=3"/></net>

<net id="1514"><net_src comp="1504" pin="4"/><net_sink comp="1144" pin=0"/></net>

<net id="1521"><net_src comp="36" pin="0"/><net_sink comp="1515" pin=0"/></net>

<net id="1522"><net_src comp="214" pin="2"/><net_sink comp="1515" pin=1"/></net>

<net id="1523"><net_src comp="54" pin="0"/><net_sink comp="1515" pin=2"/></net>

<net id="1524"><net_src comp="56" pin="0"/><net_sink comp="1515" pin=3"/></net>

<net id="1525"><net_src comp="1515" pin="4"/><net_sink comp="1132" pin=0"/></net>

<net id="1532"><net_src comp="36" pin="0"/><net_sink comp="1526" pin=0"/></net>

<net id="1533"><net_src comp="214" pin="2"/><net_sink comp="1526" pin=1"/></net>

<net id="1534"><net_src comp="58" pin="0"/><net_sink comp="1526" pin=2"/></net>

<net id="1535"><net_src comp="60" pin="0"/><net_sink comp="1526" pin=3"/></net>

<net id="1536"><net_src comp="1526" pin="4"/><net_sink comp="1120" pin=0"/></net>

<net id="1543"><net_src comp="36" pin="0"/><net_sink comp="1537" pin=0"/></net>

<net id="1544"><net_src comp="214" pin="2"/><net_sink comp="1537" pin=1"/></net>

<net id="1545"><net_src comp="62" pin="0"/><net_sink comp="1537" pin=2"/></net>

<net id="1546"><net_src comp="64" pin="0"/><net_sink comp="1537" pin=3"/></net>

<net id="1547"><net_src comp="1537" pin="4"/><net_sink comp="1108" pin=0"/></net>

<net id="1554"><net_src comp="36" pin="0"/><net_sink comp="1548" pin=0"/></net>

<net id="1555"><net_src comp="214" pin="2"/><net_sink comp="1548" pin=1"/></net>

<net id="1556"><net_src comp="66" pin="0"/><net_sink comp="1548" pin=2"/></net>

<net id="1557"><net_src comp="68" pin="0"/><net_sink comp="1548" pin=3"/></net>

<net id="1558"><net_src comp="1548" pin="4"/><net_sink comp="1096" pin=0"/></net>

<net id="1565"><net_src comp="36" pin="0"/><net_sink comp="1559" pin=0"/></net>

<net id="1566"><net_src comp="214" pin="2"/><net_sink comp="1559" pin=1"/></net>

<net id="1567"><net_src comp="70" pin="0"/><net_sink comp="1559" pin=2"/></net>

<net id="1568"><net_src comp="72" pin="0"/><net_sink comp="1559" pin=3"/></net>

<net id="1569"><net_src comp="1559" pin="4"/><net_sink comp="1084" pin=0"/></net>

<net id="1576"><net_src comp="36" pin="0"/><net_sink comp="1570" pin=0"/></net>

<net id="1577"><net_src comp="214" pin="2"/><net_sink comp="1570" pin=1"/></net>

<net id="1578"><net_src comp="74" pin="0"/><net_sink comp="1570" pin=2"/></net>

<net id="1579"><net_src comp="76" pin="0"/><net_sink comp="1570" pin=3"/></net>

<net id="1580"><net_src comp="1570" pin="4"/><net_sink comp="1072" pin=0"/></net>

<net id="1587"><net_src comp="36" pin="0"/><net_sink comp="1581" pin=0"/></net>

<net id="1588"><net_src comp="214" pin="2"/><net_sink comp="1581" pin=1"/></net>

<net id="1589"><net_src comp="78" pin="0"/><net_sink comp="1581" pin=2"/></net>

<net id="1590"><net_src comp="80" pin="0"/><net_sink comp="1581" pin=3"/></net>

<net id="1591"><net_src comp="1581" pin="4"/><net_sink comp="1060" pin=0"/></net>

<net id="1598"><net_src comp="36" pin="0"/><net_sink comp="1592" pin=0"/></net>

<net id="1599"><net_src comp="214" pin="2"/><net_sink comp="1592" pin=1"/></net>

<net id="1600"><net_src comp="82" pin="0"/><net_sink comp="1592" pin=2"/></net>

<net id="1601"><net_src comp="84" pin="0"/><net_sink comp="1592" pin=3"/></net>

<net id="1602"><net_src comp="1592" pin="4"/><net_sink comp="1048" pin=0"/></net>

<net id="1609"><net_src comp="36" pin="0"/><net_sink comp="1603" pin=0"/></net>

<net id="1610"><net_src comp="214" pin="2"/><net_sink comp="1603" pin=1"/></net>

<net id="1611"><net_src comp="86" pin="0"/><net_sink comp="1603" pin=2"/></net>

<net id="1612"><net_src comp="88" pin="0"/><net_sink comp="1603" pin=3"/></net>

<net id="1613"><net_src comp="1603" pin="4"/><net_sink comp="1036" pin=0"/></net>

<net id="1620"><net_src comp="36" pin="0"/><net_sink comp="1614" pin=0"/></net>

<net id="1621"><net_src comp="214" pin="2"/><net_sink comp="1614" pin=1"/></net>

<net id="1622"><net_src comp="90" pin="0"/><net_sink comp="1614" pin=2"/></net>

<net id="1623"><net_src comp="92" pin="0"/><net_sink comp="1614" pin=3"/></net>

<net id="1624"><net_src comp="1614" pin="4"/><net_sink comp="1024" pin=0"/></net>

<net id="1631"><net_src comp="36" pin="0"/><net_sink comp="1625" pin=0"/></net>

<net id="1632"><net_src comp="214" pin="2"/><net_sink comp="1625" pin=1"/></net>

<net id="1633"><net_src comp="94" pin="0"/><net_sink comp="1625" pin=2"/></net>

<net id="1634"><net_src comp="96" pin="0"/><net_sink comp="1625" pin=3"/></net>

<net id="1635"><net_src comp="1625" pin="4"/><net_sink comp="1012" pin=0"/></net>

<net id="1642"><net_src comp="36" pin="0"/><net_sink comp="1636" pin=0"/></net>

<net id="1643"><net_src comp="214" pin="2"/><net_sink comp="1636" pin=1"/></net>

<net id="1644"><net_src comp="98" pin="0"/><net_sink comp="1636" pin=2"/></net>

<net id="1645"><net_src comp="100" pin="0"/><net_sink comp="1636" pin=3"/></net>

<net id="1646"><net_src comp="1636" pin="4"/><net_sink comp="1000" pin=0"/></net>

<net id="1653"><net_src comp="36" pin="0"/><net_sink comp="1647" pin=0"/></net>

<net id="1654"><net_src comp="214" pin="2"/><net_sink comp="1647" pin=1"/></net>

<net id="1655"><net_src comp="102" pin="0"/><net_sink comp="1647" pin=2"/></net>

<net id="1656"><net_src comp="104" pin="0"/><net_sink comp="1647" pin=3"/></net>

<net id="1657"><net_src comp="1647" pin="4"/><net_sink comp="988" pin=0"/></net>

<net id="1664"><net_src comp="36" pin="0"/><net_sink comp="1658" pin=0"/></net>

<net id="1665"><net_src comp="214" pin="2"/><net_sink comp="1658" pin=1"/></net>

<net id="1666"><net_src comp="106" pin="0"/><net_sink comp="1658" pin=2"/></net>

<net id="1667"><net_src comp="108" pin="0"/><net_sink comp="1658" pin=3"/></net>

<net id="1668"><net_src comp="1658" pin="4"/><net_sink comp="976" pin=0"/></net>

<net id="1675"><net_src comp="36" pin="0"/><net_sink comp="1669" pin=0"/></net>

<net id="1676"><net_src comp="214" pin="2"/><net_sink comp="1669" pin=1"/></net>

<net id="1677"><net_src comp="110" pin="0"/><net_sink comp="1669" pin=2"/></net>

<net id="1678"><net_src comp="112" pin="0"/><net_sink comp="1669" pin=3"/></net>

<net id="1679"><net_src comp="1669" pin="4"/><net_sink comp="964" pin=0"/></net>

<net id="1686"><net_src comp="36" pin="0"/><net_sink comp="1680" pin=0"/></net>

<net id="1687"><net_src comp="214" pin="2"/><net_sink comp="1680" pin=1"/></net>

<net id="1688"><net_src comp="114" pin="0"/><net_sink comp="1680" pin=2"/></net>

<net id="1689"><net_src comp="116" pin="0"/><net_sink comp="1680" pin=3"/></net>

<net id="1690"><net_src comp="1680" pin="4"/><net_sink comp="952" pin=0"/></net>

<net id="1697"><net_src comp="36" pin="0"/><net_sink comp="1691" pin=0"/></net>

<net id="1698"><net_src comp="214" pin="2"/><net_sink comp="1691" pin=1"/></net>

<net id="1699"><net_src comp="118" pin="0"/><net_sink comp="1691" pin=2"/></net>

<net id="1700"><net_src comp="120" pin="0"/><net_sink comp="1691" pin=3"/></net>

<net id="1701"><net_src comp="1691" pin="4"/><net_sink comp="940" pin=0"/></net>

<net id="1708"><net_src comp="36" pin="0"/><net_sink comp="1702" pin=0"/></net>

<net id="1709"><net_src comp="214" pin="2"/><net_sink comp="1702" pin=1"/></net>

<net id="1710"><net_src comp="122" pin="0"/><net_sink comp="1702" pin=2"/></net>

<net id="1711"><net_src comp="124" pin="0"/><net_sink comp="1702" pin=3"/></net>

<net id="1712"><net_src comp="1702" pin="4"/><net_sink comp="928" pin=0"/></net>

<net id="1719"><net_src comp="36" pin="0"/><net_sink comp="1713" pin=0"/></net>

<net id="1720"><net_src comp="214" pin="2"/><net_sink comp="1713" pin=1"/></net>

<net id="1721"><net_src comp="126" pin="0"/><net_sink comp="1713" pin=2"/></net>

<net id="1722"><net_src comp="128" pin="0"/><net_sink comp="1713" pin=3"/></net>

<net id="1723"><net_src comp="1713" pin="4"/><net_sink comp="916" pin=0"/></net>

<net id="1730"><net_src comp="36" pin="0"/><net_sink comp="1724" pin=0"/></net>

<net id="1731"><net_src comp="214" pin="2"/><net_sink comp="1724" pin=1"/></net>

<net id="1732"><net_src comp="130" pin="0"/><net_sink comp="1724" pin=2"/></net>

<net id="1733"><net_src comp="132" pin="0"/><net_sink comp="1724" pin=3"/></net>

<net id="1734"><net_src comp="1724" pin="4"/><net_sink comp="904" pin=0"/></net>

<net id="1741"><net_src comp="36" pin="0"/><net_sink comp="1735" pin=0"/></net>

<net id="1742"><net_src comp="214" pin="2"/><net_sink comp="1735" pin=1"/></net>

<net id="1743"><net_src comp="134" pin="0"/><net_sink comp="1735" pin=2"/></net>

<net id="1744"><net_src comp="136" pin="0"/><net_sink comp="1735" pin=3"/></net>

<net id="1745"><net_src comp="1735" pin="4"/><net_sink comp="892" pin=0"/></net>

<net id="1752"><net_src comp="36" pin="0"/><net_sink comp="1746" pin=0"/></net>

<net id="1753"><net_src comp="214" pin="2"/><net_sink comp="1746" pin=1"/></net>

<net id="1754"><net_src comp="138" pin="0"/><net_sink comp="1746" pin=2"/></net>

<net id="1755"><net_src comp="140" pin="0"/><net_sink comp="1746" pin=3"/></net>

<net id="1756"><net_src comp="1746" pin="4"/><net_sink comp="880" pin=0"/></net>

<net id="1763"><net_src comp="36" pin="0"/><net_sink comp="1757" pin=0"/></net>

<net id="1764"><net_src comp="214" pin="2"/><net_sink comp="1757" pin=1"/></net>

<net id="1765"><net_src comp="142" pin="0"/><net_sink comp="1757" pin=2"/></net>

<net id="1766"><net_src comp="144" pin="0"/><net_sink comp="1757" pin=3"/></net>

<net id="1767"><net_src comp="1757" pin="4"/><net_sink comp="868" pin=0"/></net>

<net id="1774"><net_src comp="36" pin="0"/><net_sink comp="1768" pin=0"/></net>

<net id="1775"><net_src comp="214" pin="2"/><net_sink comp="1768" pin=1"/></net>

<net id="1776"><net_src comp="146" pin="0"/><net_sink comp="1768" pin=2"/></net>

<net id="1777"><net_src comp="148" pin="0"/><net_sink comp="1768" pin=3"/></net>

<net id="1778"><net_src comp="1768" pin="4"/><net_sink comp="856" pin=0"/></net>

<net id="1785"><net_src comp="36" pin="0"/><net_sink comp="1779" pin=0"/></net>

<net id="1786"><net_src comp="214" pin="2"/><net_sink comp="1779" pin=1"/></net>

<net id="1787"><net_src comp="150" pin="0"/><net_sink comp="1779" pin=2"/></net>

<net id="1788"><net_src comp="152" pin="0"/><net_sink comp="1779" pin=3"/></net>

<net id="1789"><net_src comp="1779" pin="4"/><net_sink comp="844" pin=0"/></net>

<net id="1796"><net_src comp="36" pin="0"/><net_sink comp="1790" pin=0"/></net>

<net id="1797"><net_src comp="214" pin="2"/><net_sink comp="1790" pin=1"/></net>

<net id="1798"><net_src comp="154" pin="0"/><net_sink comp="1790" pin=2"/></net>

<net id="1799"><net_src comp="156" pin="0"/><net_sink comp="1790" pin=3"/></net>

<net id="1800"><net_src comp="1790" pin="4"/><net_sink comp="832" pin=0"/></net>

<net id="1807"><net_src comp="36" pin="0"/><net_sink comp="1801" pin=0"/></net>

<net id="1808"><net_src comp="214" pin="2"/><net_sink comp="1801" pin=1"/></net>

<net id="1809"><net_src comp="158" pin="0"/><net_sink comp="1801" pin=2"/></net>

<net id="1810"><net_src comp="160" pin="0"/><net_sink comp="1801" pin=3"/></net>

<net id="1811"><net_src comp="1801" pin="4"/><net_sink comp="820" pin=0"/></net>

<net id="1815"><net_src comp="353" pin="1"/><net_sink comp="1812" pin=0"/></net>

<net id="1819"><net_src comp="353" pin="1"/><net_sink comp="1816" pin=0"/></net>

<net id="1820"><net_src comp="1816" pin="1"/><net_sink comp="227" pin=2"/></net>

<net id="1821"><net_src comp="1816" pin="1"/><net_sink comp="240" pin=2"/></net>

<net id="1827"><net_src comp="164" pin="0"/><net_sink comp="1822" pin=0"/></net>

<net id="1828"><net_src comp="22" pin="0"/><net_sink comp="1822" pin=1"/></net>

<net id="1829"><net_src comp="353" pin="1"/><net_sink comp="1822" pin=2"/></net>

<net id="1833"><net_src comp="1822" pin="3"/><net_sink comp="1830" pin=0"/></net>

<net id="1834"><net_src comp="1830" pin="1"/><net_sink comp="281" pin=2"/></net>

<net id="1840"><net_src comp="166" pin="0"/><net_sink comp="1835" pin=0"/></net>

<net id="1841"><net_src comp="22" pin="0"/><net_sink comp="1835" pin=1"/></net>

<net id="1842"><net_src comp="1812" pin="1"/><net_sink comp="1835" pin=2"/></net>

<net id="1846"><net_src comp="1835" pin="3"/><net_sink comp="1843" pin=0"/></net>

<net id="1847"><net_src comp="1843" pin="1"/><net_sink comp="289" pin=2"/></net>

<net id="1851"><net_src comp="1822" pin="3"/><net_sink comp="1848" pin=0"/></net>

<net id="1855"><net_src comp="1848" pin="1"/><net_sink comp="1852" pin=0"/></net>

<net id="1856"><net_src comp="1852" pin="1"/><net_sink comp="297" pin=2"/></net>

<net id="1862"><net_src comp="168" pin="0"/><net_sink comp="1857" pin=0"/></net>

<net id="1863"><net_src comp="170" pin="0"/><net_sink comp="1857" pin=1"/></net>

<net id="1864"><net_src comp="1812" pin="1"/><net_sink comp="1857" pin=2"/></net>

<net id="1868"><net_src comp="1857" pin="3"/><net_sink comp="1865" pin=0"/></net>

<net id="1869"><net_src comp="1865" pin="1"/><net_sink comp="305" pin=2"/></net>

<net id="1875"><net_src comp="172" pin="0"/><net_sink comp="1870" pin=0"/></net>

<net id="1876"><net_src comp="174" pin="0"/><net_sink comp="1870" pin=1"/></net>

<net id="1877"><net_src comp="353" pin="1"/><net_sink comp="1870" pin=2"/></net>

<net id="1881"><net_src comp="1870" pin="3"/><net_sink comp="1878" pin=0"/></net>

<net id="1882"><net_src comp="1878" pin="1"/><net_sink comp="313" pin=2"/></net>

<net id="1886"><net_src comp="1835" pin="3"/><net_sink comp="1883" pin=0"/></net>

<net id="1890"><net_src comp="1883" pin="1"/><net_sink comp="1887" pin=0"/></net>

<net id="1891"><net_src comp="1887" pin="1"/><net_sink comp="321" pin=2"/></net>

<net id="1895"><net_src comp="1822" pin="3"/><net_sink comp="1892" pin=0"/></net>

<net id="1899"><net_src comp="1892" pin="1"/><net_sink comp="1896" pin=0"/></net>

<net id="1900"><net_src comp="1896" pin="1"/><net_sink comp="329" pin=2"/></net>

<net id="1904"><net_src comp="1204" pin="6"/><net_sink comp="1901" pin=0"/></net>

<net id="1941"><net_src comp="178" pin="0"/><net_sink comp="1905" pin=0"/></net>

<net id="1942"><net_src comp="1188" pin="1"/><net_sink comp="1905" pin=1"/></net>

<net id="1943"><net_src comp="1152" pin="1"/><net_sink comp="1905" pin=2"/></net>

<net id="1944"><net_src comp="1140" pin="1"/><net_sink comp="1905" pin=3"/></net>

<net id="1945"><net_src comp="1128" pin="1"/><net_sink comp="1905" pin=4"/></net>

<net id="1946"><net_src comp="1116" pin="1"/><net_sink comp="1905" pin=5"/></net>

<net id="1947"><net_src comp="1104" pin="1"/><net_sink comp="1905" pin=6"/></net>

<net id="1948"><net_src comp="1092" pin="1"/><net_sink comp="1905" pin=7"/></net>

<net id="1949"><net_src comp="1080" pin="1"/><net_sink comp="1905" pin=8"/></net>

<net id="1950"><net_src comp="1068" pin="1"/><net_sink comp="1905" pin=9"/></net>

<net id="1951"><net_src comp="1056" pin="1"/><net_sink comp="1905" pin=10"/></net>

<net id="1952"><net_src comp="1044" pin="1"/><net_sink comp="1905" pin=11"/></net>

<net id="1953"><net_src comp="1032" pin="1"/><net_sink comp="1905" pin=12"/></net>

<net id="1954"><net_src comp="1020" pin="1"/><net_sink comp="1905" pin=13"/></net>

<net id="1955"><net_src comp="1008" pin="1"/><net_sink comp="1905" pin=14"/></net>

<net id="1956"><net_src comp="996" pin="1"/><net_sink comp="1905" pin=15"/></net>

<net id="1957"><net_src comp="984" pin="1"/><net_sink comp="1905" pin=16"/></net>

<net id="1958"><net_src comp="972" pin="1"/><net_sink comp="1905" pin=17"/></net>

<net id="1959"><net_src comp="960" pin="1"/><net_sink comp="1905" pin=18"/></net>

<net id="1960"><net_src comp="948" pin="1"/><net_sink comp="1905" pin=19"/></net>

<net id="1961"><net_src comp="936" pin="1"/><net_sink comp="1905" pin=20"/></net>

<net id="1962"><net_src comp="924" pin="1"/><net_sink comp="1905" pin=21"/></net>

<net id="1963"><net_src comp="912" pin="1"/><net_sink comp="1905" pin=22"/></net>

<net id="1964"><net_src comp="900" pin="1"/><net_sink comp="1905" pin=23"/></net>

<net id="1965"><net_src comp="888" pin="1"/><net_sink comp="1905" pin=24"/></net>

<net id="1966"><net_src comp="876" pin="1"/><net_sink comp="1905" pin=25"/></net>

<net id="1967"><net_src comp="864" pin="1"/><net_sink comp="1905" pin=26"/></net>

<net id="1968"><net_src comp="852" pin="1"/><net_sink comp="1905" pin=27"/></net>

<net id="1969"><net_src comp="840" pin="1"/><net_sink comp="1905" pin=28"/></net>

<net id="1970"><net_src comp="828" pin="1"/><net_sink comp="1905" pin=29"/></net>

<net id="1971"><net_src comp="816" pin="1"/><net_sink comp="1905" pin=30"/></net>

<net id="1972"><net_src comp="1176" pin="1"/><net_sink comp="1905" pin=31"/></net>

<net id="1973"><net_src comp="1164" pin="1"/><net_sink comp="1905" pin=32"/></net>

<net id="1974"><net_src comp="1204" pin="6"/><net_sink comp="1905" pin=33"/></net>

<net id="1979"><net_src comp="1901" pin="1"/><net_sink comp="1975" pin=0"/></net>

<net id="1980"><net_src comp="28" pin="0"/><net_sink comp="1975" pin=1"/></net>

<net id="1985"><net_src comp="1204" pin="6"/><net_sink comp="1981" pin=0"/></net>

<net id="1986"><net_src comp="180" pin="0"/><net_sink comp="1981" pin=1"/></net>

<net id="1992"><net_src comp="182" pin="0"/><net_sink comp="1987" pin=0"/></net>

<net id="1993"><net_src comp="1975" pin="2"/><net_sink comp="1987" pin=1"/></net>

<net id="1994"><net_src comp="184" pin="0"/><net_sink comp="1987" pin=2"/></net>

<net id="2000"><net_src comp="1987" pin="3"/><net_sink comp="1995" pin=0"/></net>

<net id="2001"><net_src comp="176" pin="0"/><net_sink comp="1995" pin=1"/></net>

<net id="2002"><net_src comp="1981" pin="2"/><net_sink comp="1995" pin=2"/></net>

<net id="2013"><net_src comp="2003" pin="1"/><net_sink comp="2009" pin=0"/></net>

<net id="2014"><net_src comp="2006" pin="1"/><net_sink comp="2009" pin=1"/></net>

<net id="2021"><net_src comp="186" pin="0"/><net_sink comp="2015" pin=0"/></net>

<net id="2022"><net_src comp="2009" pin="2"/><net_sink comp="2015" pin=1"/></net>

<net id="2023"><net_src comp="184" pin="0"/><net_sink comp="2015" pin=2"/></net>

<net id="2024"><net_src comp="188" pin="0"/><net_sink comp="2015" pin=3"/></net>

<net id="2032"><net_src comp="2025" pin="1"/><net_sink comp="2028" pin=0"/></net>

<net id="2033"><net_src comp="2006" pin="1"/><net_sink comp="2028" pin=1"/></net>

<net id="2040"><net_src comp="186" pin="0"/><net_sink comp="2034" pin=0"/></net>

<net id="2041"><net_src comp="2028" pin="2"/><net_sink comp="2034" pin=1"/></net>

<net id="2042"><net_src comp="184" pin="0"/><net_sink comp="2034" pin=2"/></net>

<net id="2043"><net_src comp="188" pin="0"/><net_sink comp="2034" pin=3"/></net>

<net id="2051"><net_src comp="2044" pin="1"/><net_sink comp="2047" pin=0"/></net>

<net id="2052"><net_src comp="2006" pin="1"/><net_sink comp="2047" pin=1"/></net>

<net id="2059"><net_src comp="186" pin="0"/><net_sink comp="2053" pin=0"/></net>

<net id="2060"><net_src comp="2047" pin="2"/><net_sink comp="2053" pin=1"/></net>

<net id="2061"><net_src comp="184" pin="0"/><net_sink comp="2053" pin=2"/></net>

<net id="2062"><net_src comp="188" pin="0"/><net_sink comp="2053" pin=3"/></net>

<net id="2070"><net_src comp="2063" pin="1"/><net_sink comp="2066" pin=0"/></net>

<net id="2071"><net_src comp="2006" pin="1"/><net_sink comp="2066" pin=1"/></net>

<net id="2078"><net_src comp="186" pin="0"/><net_sink comp="2072" pin=0"/></net>

<net id="2079"><net_src comp="2066" pin="2"/><net_sink comp="2072" pin=1"/></net>

<net id="2080"><net_src comp="184" pin="0"/><net_sink comp="2072" pin=2"/></net>

<net id="2081"><net_src comp="188" pin="0"/><net_sink comp="2072" pin=3"/></net>

<net id="2089"><net_src comp="2082" pin="1"/><net_sink comp="2085" pin=0"/></net>

<net id="2090"><net_src comp="2006" pin="1"/><net_sink comp="2085" pin=1"/></net>

<net id="2097"><net_src comp="186" pin="0"/><net_sink comp="2091" pin=0"/></net>

<net id="2098"><net_src comp="2085" pin="2"/><net_sink comp="2091" pin=1"/></net>

<net id="2099"><net_src comp="184" pin="0"/><net_sink comp="2091" pin=2"/></net>

<net id="2100"><net_src comp="188" pin="0"/><net_sink comp="2091" pin=3"/></net>

<net id="2108"><net_src comp="2101" pin="1"/><net_sink comp="2104" pin=0"/></net>

<net id="2109"><net_src comp="2006" pin="1"/><net_sink comp="2104" pin=1"/></net>

<net id="2116"><net_src comp="186" pin="0"/><net_sink comp="2110" pin=0"/></net>

<net id="2117"><net_src comp="2104" pin="2"/><net_sink comp="2110" pin=1"/></net>

<net id="2118"><net_src comp="184" pin="0"/><net_sink comp="2110" pin=2"/></net>

<net id="2119"><net_src comp="188" pin="0"/><net_sink comp="2110" pin=3"/></net>

<net id="2127"><net_src comp="2120" pin="1"/><net_sink comp="2123" pin=0"/></net>

<net id="2128"><net_src comp="2006" pin="1"/><net_sink comp="2123" pin=1"/></net>

<net id="2135"><net_src comp="186" pin="0"/><net_sink comp="2129" pin=0"/></net>

<net id="2136"><net_src comp="2123" pin="2"/><net_sink comp="2129" pin=1"/></net>

<net id="2137"><net_src comp="184" pin="0"/><net_sink comp="2129" pin=2"/></net>

<net id="2138"><net_src comp="188" pin="0"/><net_sink comp="2129" pin=3"/></net>

<net id="2146"><net_src comp="2139" pin="1"/><net_sink comp="2142" pin=0"/></net>

<net id="2147"><net_src comp="2006" pin="1"/><net_sink comp="2142" pin=1"/></net>

<net id="2154"><net_src comp="186" pin="0"/><net_sink comp="2148" pin=0"/></net>

<net id="2155"><net_src comp="2142" pin="2"/><net_sink comp="2148" pin=1"/></net>

<net id="2156"><net_src comp="184" pin="0"/><net_sink comp="2148" pin=2"/></net>

<net id="2157"><net_src comp="188" pin="0"/><net_sink comp="2148" pin=3"/></net>

<net id="2163"><net_src comp="1233" pin="6"/><net_sink comp="2158" pin=1"/></net>

<net id="2164"><net_src comp="1218" pin="6"/><net_sink comp="2158" pin=2"/></net>

<net id="2168"><net_src comp="2158" pin="3"/><net_sink comp="2165" pin=0"/></net>

<net id="2173"><net_src comp="194" pin="0"/><net_sink comp="2169" pin=0"/></net>

<net id="2174"><net_src comp="2165" pin="1"/><net_sink comp="2169" pin=1"/></net>

<net id="2179"><net_src comp="2158" pin="3"/><net_sink comp="2175" pin=1"/></net>

<net id="2185"><net_src comp="1263" pin="6"/><net_sink comp="2180" pin=1"/></net>

<net id="2186"><net_src comp="1248" pin="6"/><net_sink comp="2180" pin=2"/></net>

<net id="2190"><net_src comp="2180" pin="3"/><net_sink comp="2187" pin=0"/></net>

<net id="2195"><net_src comp="194" pin="0"/><net_sink comp="2191" pin=0"/></net>

<net id="2196"><net_src comp="2187" pin="1"/><net_sink comp="2191" pin=1"/></net>

<net id="2201"><net_src comp="2180" pin="3"/><net_sink comp="2197" pin=1"/></net>

<net id="2207"><net_src comp="1293" pin="6"/><net_sink comp="2202" pin=1"/></net>

<net id="2208"><net_src comp="1278" pin="6"/><net_sink comp="2202" pin=2"/></net>

<net id="2212"><net_src comp="2202" pin="3"/><net_sink comp="2209" pin=0"/></net>

<net id="2217"><net_src comp="194" pin="0"/><net_sink comp="2213" pin=0"/></net>

<net id="2218"><net_src comp="2209" pin="1"/><net_sink comp="2213" pin=1"/></net>

<net id="2223"><net_src comp="2202" pin="3"/><net_sink comp="2219" pin=1"/></net>

<net id="2229"><net_src comp="1323" pin="6"/><net_sink comp="2224" pin=1"/></net>

<net id="2230"><net_src comp="1308" pin="6"/><net_sink comp="2224" pin=2"/></net>

<net id="2234"><net_src comp="2224" pin="3"/><net_sink comp="2231" pin=0"/></net>

<net id="2239"><net_src comp="194" pin="0"/><net_sink comp="2235" pin=0"/></net>

<net id="2240"><net_src comp="2231" pin="1"/><net_sink comp="2235" pin=1"/></net>

<net id="2245"><net_src comp="2224" pin="3"/><net_sink comp="2241" pin=1"/></net>

<net id="2251"><net_src comp="1353" pin="6"/><net_sink comp="2246" pin=1"/></net>

<net id="2252"><net_src comp="1338" pin="6"/><net_sink comp="2246" pin=2"/></net>

<net id="2256"><net_src comp="2246" pin="3"/><net_sink comp="2253" pin=0"/></net>

<net id="2261"><net_src comp="194" pin="0"/><net_sink comp="2257" pin=0"/></net>

<net id="2262"><net_src comp="2253" pin="1"/><net_sink comp="2257" pin=1"/></net>

<net id="2267"><net_src comp="2246" pin="3"/><net_sink comp="2263" pin=1"/></net>

<net id="2273"><net_src comp="1383" pin="6"/><net_sink comp="2268" pin=1"/></net>

<net id="2274"><net_src comp="1368" pin="6"/><net_sink comp="2268" pin=2"/></net>

<net id="2278"><net_src comp="2268" pin="3"/><net_sink comp="2275" pin=0"/></net>

<net id="2283"><net_src comp="194" pin="0"/><net_sink comp="2279" pin=0"/></net>

<net id="2284"><net_src comp="2275" pin="1"/><net_sink comp="2279" pin=1"/></net>

<net id="2289"><net_src comp="2268" pin="3"/><net_sink comp="2285" pin=1"/></net>

<net id="2295"><net_src comp="1413" pin="6"/><net_sink comp="2290" pin=1"/></net>

<net id="2296"><net_src comp="1398" pin="6"/><net_sink comp="2290" pin=2"/></net>

<net id="2300"><net_src comp="2290" pin="3"/><net_sink comp="2297" pin=0"/></net>

<net id="2305"><net_src comp="194" pin="0"/><net_sink comp="2301" pin=0"/></net>

<net id="2306"><net_src comp="2297" pin="1"/><net_sink comp="2301" pin=1"/></net>

<net id="2311"><net_src comp="2290" pin="3"/><net_sink comp="2307" pin=1"/></net>

<net id="2317"><net_src comp="1443" pin="6"/><net_sink comp="2312" pin=1"/></net>

<net id="2318"><net_src comp="1428" pin="6"/><net_sink comp="2312" pin=2"/></net>

<net id="2322"><net_src comp="2312" pin="3"/><net_sink comp="2319" pin=0"/></net>

<net id="2327"><net_src comp="194" pin="0"/><net_sink comp="2323" pin=0"/></net>

<net id="2328"><net_src comp="2319" pin="1"/><net_sink comp="2323" pin=1"/></net>

<net id="2333"><net_src comp="2312" pin="3"/><net_sink comp="2329" pin=1"/></net>

<net id="2341"><net_src comp="2334" pin="1"/><net_sink comp="2337" pin=0"/></net>

<net id="2347"><net_src comp="192" pin="0"/><net_sink comp="2342" pin=1"/></net>

<net id="2348"><net_src comp="1229" pin="1"/><net_sink comp="2342" pin=2"/></net>

<net id="2354"><net_src comp="1214" pin="1"/><net_sink comp="2349" pin=1"/></net>

<net id="2355"><net_src comp="192" pin="0"/><net_sink comp="2349" pin=2"/></net>

<net id="2361"><net_src comp="2337" pin="2"/><net_sink comp="2356" pin=0"/></net>

<net id="2362"><net_src comp="2342" pin="3"/><net_sink comp="2356" pin=1"/></net>

<net id="2363"><net_src comp="1229" pin="1"/><net_sink comp="2356" pin=2"/></net>

<net id="2369"><net_src comp="2337" pin="2"/><net_sink comp="2364" pin=0"/></net>

<net id="2370"><net_src comp="2349" pin="3"/><net_sink comp="2364" pin=1"/></net>

<net id="2371"><net_src comp="1214" pin="1"/><net_sink comp="2364" pin=2"/></net>

<net id="2377"><net_src comp="2356" pin="3"/><net_sink comp="2372" pin=2"/></net>

<net id="2383"><net_src comp="2364" pin="3"/><net_sink comp="2378" pin=1"/></net>

<net id="2391"><net_src comp="2384" pin="1"/><net_sink comp="2387" pin=0"/></net>

<net id="2397"><net_src comp="192" pin="0"/><net_sink comp="2392" pin=1"/></net>

<net id="2398"><net_src comp="1259" pin="1"/><net_sink comp="2392" pin=2"/></net>

<net id="2404"><net_src comp="1244" pin="1"/><net_sink comp="2399" pin=1"/></net>

<net id="2405"><net_src comp="192" pin="0"/><net_sink comp="2399" pin=2"/></net>

<net id="2411"><net_src comp="2387" pin="2"/><net_sink comp="2406" pin=0"/></net>

<net id="2412"><net_src comp="2392" pin="3"/><net_sink comp="2406" pin=1"/></net>

<net id="2413"><net_src comp="1259" pin="1"/><net_sink comp="2406" pin=2"/></net>

<net id="2419"><net_src comp="2387" pin="2"/><net_sink comp="2414" pin=0"/></net>

<net id="2420"><net_src comp="2399" pin="3"/><net_sink comp="2414" pin=1"/></net>

<net id="2421"><net_src comp="1244" pin="1"/><net_sink comp="2414" pin=2"/></net>

<net id="2427"><net_src comp="2406" pin="3"/><net_sink comp="2422" pin=2"/></net>

<net id="2433"><net_src comp="2414" pin="3"/><net_sink comp="2428" pin=1"/></net>

<net id="2441"><net_src comp="2434" pin="1"/><net_sink comp="2437" pin=0"/></net>

<net id="2447"><net_src comp="192" pin="0"/><net_sink comp="2442" pin=1"/></net>

<net id="2448"><net_src comp="1289" pin="1"/><net_sink comp="2442" pin=2"/></net>

<net id="2454"><net_src comp="1274" pin="1"/><net_sink comp="2449" pin=1"/></net>

<net id="2455"><net_src comp="192" pin="0"/><net_sink comp="2449" pin=2"/></net>

<net id="2461"><net_src comp="2437" pin="2"/><net_sink comp="2456" pin=0"/></net>

<net id="2462"><net_src comp="2442" pin="3"/><net_sink comp="2456" pin=1"/></net>

<net id="2463"><net_src comp="1289" pin="1"/><net_sink comp="2456" pin=2"/></net>

<net id="2469"><net_src comp="2437" pin="2"/><net_sink comp="2464" pin=0"/></net>

<net id="2470"><net_src comp="2449" pin="3"/><net_sink comp="2464" pin=1"/></net>

<net id="2471"><net_src comp="1274" pin="1"/><net_sink comp="2464" pin=2"/></net>

<net id="2477"><net_src comp="2456" pin="3"/><net_sink comp="2472" pin=2"/></net>

<net id="2483"><net_src comp="2464" pin="3"/><net_sink comp="2478" pin=1"/></net>

<net id="2491"><net_src comp="2484" pin="1"/><net_sink comp="2487" pin=0"/></net>

<net id="2497"><net_src comp="192" pin="0"/><net_sink comp="2492" pin=1"/></net>

<net id="2498"><net_src comp="1319" pin="1"/><net_sink comp="2492" pin=2"/></net>

<net id="2504"><net_src comp="1304" pin="1"/><net_sink comp="2499" pin=1"/></net>

<net id="2505"><net_src comp="192" pin="0"/><net_sink comp="2499" pin=2"/></net>

<net id="2511"><net_src comp="2487" pin="2"/><net_sink comp="2506" pin=0"/></net>

<net id="2512"><net_src comp="2492" pin="3"/><net_sink comp="2506" pin=1"/></net>

<net id="2513"><net_src comp="1319" pin="1"/><net_sink comp="2506" pin=2"/></net>

<net id="2519"><net_src comp="2487" pin="2"/><net_sink comp="2514" pin=0"/></net>

<net id="2520"><net_src comp="2499" pin="3"/><net_sink comp="2514" pin=1"/></net>

<net id="2521"><net_src comp="1304" pin="1"/><net_sink comp="2514" pin=2"/></net>

<net id="2527"><net_src comp="2506" pin="3"/><net_sink comp="2522" pin=2"/></net>

<net id="2533"><net_src comp="2514" pin="3"/><net_sink comp="2528" pin=1"/></net>

<net id="2541"><net_src comp="2534" pin="1"/><net_sink comp="2537" pin=0"/></net>

<net id="2547"><net_src comp="192" pin="0"/><net_sink comp="2542" pin=1"/></net>

<net id="2548"><net_src comp="1349" pin="1"/><net_sink comp="2542" pin=2"/></net>

<net id="2554"><net_src comp="1334" pin="1"/><net_sink comp="2549" pin=1"/></net>

<net id="2555"><net_src comp="192" pin="0"/><net_sink comp="2549" pin=2"/></net>

<net id="2561"><net_src comp="2537" pin="2"/><net_sink comp="2556" pin=0"/></net>

<net id="2562"><net_src comp="2542" pin="3"/><net_sink comp="2556" pin=1"/></net>

<net id="2563"><net_src comp="1349" pin="1"/><net_sink comp="2556" pin=2"/></net>

<net id="2569"><net_src comp="2537" pin="2"/><net_sink comp="2564" pin=0"/></net>

<net id="2570"><net_src comp="2549" pin="3"/><net_sink comp="2564" pin=1"/></net>

<net id="2571"><net_src comp="1334" pin="1"/><net_sink comp="2564" pin=2"/></net>

<net id="2577"><net_src comp="2556" pin="3"/><net_sink comp="2572" pin=2"/></net>

<net id="2583"><net_src comp="2564" pin="3"/><net_sink comp="2578" pin=1"/></net>

<net id="2591"><net_src comp="2584" pin="1"/><net_sink comp="2587" pin=0"/></net>

<net id="2597"><net_src comp="192" pin="0"/><net_sink comp="2592" pin=1"/></net>

<net id="2598"><net_src comp="1379" pin="1"/><net_sink comp="2592" pin=2"/></net>

<net id="2604"><net_src comp="1364" pin="1"/><net_sink comp="2599" pin=1"/></net>

<net id="2605"><net_src comp="192" pin="0"/><net_sink comp="2599" pin=2"/></net>

<net id="2611"><net_src comp="2587" pin="2"/><net_sink comp="2606" pin=0"/></net>

<net id="2612"><net_src comp="2592" pin="3"/><net_sink comp="2606" pin=1"/></net>

<net id="2613"><net_src comp="1379" pin="1"/><net_sink comp="2606" pin=2"/></net>

<net id="2619"><net_src comp="2587" pin="2"/><net_sink comp="2614" pin=0"/></net>

<net id="2620"><net_src comp="2599" pin="3"/><net_sink comp="2614" pin=1"/></net>

<net id="2621"><net_src comp="1364" pin="1"/><net_sink comp="2614" pin=2"/></net>

<net id="2627"><net_src comp="2606" pin="3"/><net_sink comp="2622" pin=2"/></net>

<net id="2633"><net_src comp="2614" pin="3"/><net_sink comp="2628" pin=1"/></net>

<net id="2641"><net_src comp="2634" pin="1"/><net_sink comp="2637" pin=0"/></net>

<net id="2647"><net_src comp="192" pin="0"/><net_sink comp="2642" pin=1"/></net>

<net id="2648"><net_src comp="1409" pin="1"/><net_sink comp="2642" pin=2"/></net>

<net id="2654"><net_src comp="1394" pin="1"/><net_sink comp="2649" pin=1"/></net>

<net id="2655"><net_src comp="192" pin="0"/><net_sink comp="2649" pin=2"/></net>

<net id="2661"><net_src comp="2637" pin="2"/><net_sink comp="2656" pin=0"/></net>

<net id="2662"><net_src comp="2642" pin="3"/><net_sink comp="2656" pin=1"/></net>

<net id="2663"><net_src comp="1409" pin="1"/><net_sink comp="2656" pin=2"/></net>

<net id="2669"><net_src comp="2637" pin="2"/><net_sink comp="2664" pin=0"/></net>

<net id="2670"><net_src comp="2649" pin="3"/><net_sink comp="2664" pin=1"/></net>

<net id="2671"><net_src comp="1394" pin="1"/><net_sink comp="2664" pin=2"/></net>

<net id="2677"><net_src comp="2656" pin="3"/><net_sink comp="2672" pin=2"/></net>

<net id="2683"><net_src comp="2664" pin="3"/><net_sink comp="2678" pin=1"/></net>

<net id="2691"><net_src comp="2684" pin="1"/><net_sink comp="2687" pin=0"/></net>

<net id="2697"><net_src comp="192" pin="0"/><net_sink comp="2692" pin=1"/></net>

<net id="2698"><net_src comp="1439" pin="1"/><net_sink comp="2692" pin=2"/></net>

<net id="2704"><net_src comp="1424" pin="1"/><net_sink comp="2699" pin=1"/></net>

<net id="2705"><net_src comp="192" pin="0"/><net_sink comp="2699" pin=2"/></net>

<net id="2711"><net_src comp="2687" pin="2"/><net_sink comp="2706" pin=0"/></net>

<net id="2712"><net_src comp="2692" pin="3"/><net_sink comp="2706" pin=1"/></net>

<net id="2713"><net_src comp="1439" pin="1"/><net_sink comp="2706" pin=2"/></net>

<net id="2719"><net_src comp="2687" pin="2"/><net_sink comp="2714" pin=0"/></net>

<net id="2720"><net_src comp="2699" pin="3"/><net_sink comp="2714" pin=1"/></net>

<net id="2721"><net_src comp="1424" pin="1"/><net_sink comp="2714" pin=2"/></net>

<net id="2727"><net_src comp="2706" pin="3"/><net_sink comp="2722" pin=2"/></net>

<net id="2733"><net_src comp="2714" pin="3"/><net_sink comp="2728" pin=1"/></net>

<net id="2753"><net_src comp="210" pin="0"/><net_sink comp="2734" pin=0"/></net>

<net id="2754"><net_src comp="2722" pin="3"/><net_sink comp="2734" pin=1"/></net>

<net id="2755"><net_src comp="2728" pin="3"/><net_sink comp="2734" pin=2"/></net>

<net id="2756"><net_src comp="2672" pin="3"/><net_sink comp="2734" pin=3"/></net>

<net id="2757"><net_src comp="2678" pin="3"/><net_sink comp="2734" pin=4"/></net>

<net id="2758"><net_src comp="2622" pin="3"/><net_sink comp="2734" pin=5"/></net>

<net id="2759"><net_src comp="2628" pin="3"/><net_sink comp="2734" pin=6"/></net>

<net id="2760"><net_src comp="2572" pin="3"/><net_sink comp="2734" pin=7"/></net>

<net id="2761"><net_src comp="2578" pin="3"/><net_sink comp="2734" pin=8"/></net>

<net id="2762"><net_src comp="2522" pin="3"/><net_sink comp="2734" pin=9"/></net>

<net id="2763"><net_src comp="2528" pin="3"/><net_sink comp="2734" pin=10"/></net>

<net id="2764"><net_src comp="2472" pin="3"/><net_sink comp="2734" pin=11"/></net>

<net id="2765"><net_src comp="2478" pin="3"/><net_sink comp="2734" pin=12"/></net>

<net id="2766"><net_src comp="2422" pin="3"/><net_sink comp="2734" pin=13"/></net>

<net id="2767"><net_src comp="2428" pin="3"/><net_sink comp="2734" pin=14"/></net>

<net id="2768"><net_src comp="2372" pin="3"/><net_sink comp="2734" pin=15"/></net>

<net id="2769"><net_src comp="2378" pin="3"/><net_sink comp="2734" pin=16"/></net>

<net id="2770"><net_src comp="2734" pin="17"/><net_sink comp="220" pin=2"/></net>

<net id="2776"><net_src comp="1454" pin="2"/><net_sink comp="2773" pin=0"/></net>

<net id="2777"><net_src comp="2773" pin="1"/><net_sink comp="357" pin=2"/></net>

<net id="2781"><net_src comp="1460" pin="2"/><net_sink comp="2778" pin=0"/></net>

<net id="2785"><net_src comp="227" pin="3"/><net_sink comp="2782" pin=0"/></net>

<net id="2786"><net_src comp="2782" pin="1"/><net_sink comp="234" pin=0"/></net>

<net id="2790"><net_src comp="240" pin="3"/><net_sink comp="2787" pin=0"/></net>

<net id="2791"><net_src comp="2787" pin="1"/><net_sink comp="247" pin=18"/></net>

<net id="2795"><net_src comp="281" pin="3"/><net_sink comp="2792" pin=0"/></net>

<net id="2796"><net_src comp="2792" pin="1"/><net_sink comp="247" pin=16"/></net>

<net id="2800"><net_src comp="289" pin="3"/><net_sink comp="2797" pin=0"/></net>

<net id="2801"><net_src comp="2797" pin="1"/><net_sink comp="247" pin=13"/></net>

<net id="2805"><net_src comp="297" pin="3"/><net_sink comp="2802" pin=0"/></net>

<net id="2806"><net_src comp="2802" pin="1"/><net_sink comp="247" pin=10"/></net>

<net id="2810"><net_src comp="305" pin="3"/><net_sink comp="2807" pin=0"/></net>

<net id="2811"><net_src comp="2807" pin="1"/><net_sink comp="247" pin=8"/></net>

<net id="2815"><net_src comp="313" pin="3"/><net_sink comp="2812" pin=0"/></net>

<net id="2816"><net_src comp="2812" pin="1"/><net_sink comp="247" pin=5"/></net>

<net id="2820"><net_src comp="321" pin="3"/><net_sink comp="2817" pin=0"/></net>

<net id="2821"><net_src comp="2817" pin="1"/><net_sink comp="247" pin=2"/></net>

<net id="2825"><net_src comp="329" pin="3"/><net_sink comp="2822" pin=0"/></net>

<net id="2826"><net_src comp="2822" pin="1"/><net_sink comp="247" pin=0"/></net>

<net id="2830"><net_src comp="234" pin="3"/><net_sink comp="2827" pin=0"/></net>

<net id="2831"><net_src comp="2827" pin="1"/><net_sink comp="2158" pin=0"/></net>

<net id="2832"><net_src comp="2827" pin="1"/><net_sink comp="2180" pin=0"/></net>

<net id="2833"><net_src comp="2827" pin="1"/><net_sink comp="2202" pin=0"/></net>

<net id="2834"><net_src comp="2827" pin="1"/><net_sink comp="2224" pin=0"/></net>

<net id="2835"><net_src comp="2827" pin="1"/><net_sink comp="2246" pin=0"/></net>

<net id="2836"><net_src comp="2827" pin="1"/><net_sink comp="2268" pin=0"/></net>

<net id="2837"><net_src comp="2827" pin="1"/><net_sink comp="2290" pin=0"/></net>

<net id="2838"><net_src comp="2827" pin="1"/><net_sink comp="2312" pin=0"/></net>

<net id="2839"><net_src comp="2827" pin="1"/><net_sink comp="2342" pin=0"/></net>

<net id="2840"><net_src comp="2827" pin="1"/><net_sink comp="2349" pin=0"/></net>

<net id="2841"><net_src comp="2827" pin="1"/><net_sink comp="2372" pin=0"/></net>

<net id="2842"><net_src comp="2827" pin="1"/><net_sink comp="2378" pin=0"/></net>

<net id="2843"><net_src comp="2827" pin="1"/><net_sink comp="2392" pin=0"/></net>

<net id="2844"><net_src comp="2827" pin="1"/><net_sink comp="2399" pin=0"/></net>

<net id="2845"><net_src comp="2827" pin="1"/><net_sink comp="2422" pin=0"/></net>

<net id="2846"><net_src comp="2827" pin="1"/><net_sink comp="2428" pin=0"/></net>

<net id="2847"><net_src comp="2827" pin="1"/><net_sink comp="2442" pin=0"/></net>

<net id="2848"><net_src comp="2827" pin="1"/><net_sink comp="2449" pin=0"/></net>

<net id="2849"><net_src comp="2827" pin="1"/><net_sink comp="2472" pin=0"/></net>

<net id="2850"><net_src comp="2827" pin="1"/><net_sink comp="2478" pin=0"/></net>

<net id="2851"><net_src comp="2827" pin="1"/><net_sink comp="2492" pin=0"/></net>

<net id="2852"><net_src comp="2827" pin="1"/><net_sink comp="2499" pin=0"/></net>

<net id="2853"><net_src comp="2827" pin="1"/><net_sink comp="2522" pin=0"/></net>

<net id="2854"><net_src comp="2827" pin="1"/><net_sink comp="2528" pin=0"/></net>

<net id="2855"><net_src comp="2827" pin="1"/><net_sink comp="2542" pin=0"/></net>

<net id="2856"><net_src comp="2827" pin="1"/><net_sink comp="2549" pin=0"/></net>

<net id="2857"><net_src comp="2827" pin="1"/><net_sink comp="2572" pin=0"/></net>

<net id="2858"><net_src comp="2827" pin="1"/><net_sink comp="2578" pin=0"/></net>

<net id="2859"><net_src comp="2827" pin="1"/><net_sink comp="2592" pin=0"/></net>

<net id="2860"><net_src comp="2827" pin="1"/><net_sink comp="2599" pin=0"/></net>

<net id="2861"><net_src comp="2827" pin="1"/><net_sink comp="2622" pin=0"/></net>

<net id="2862"><net_src comp="2827" pin="1"/><net_sink comp="2628" pin=0"/></net>

<net id="2863"><net_src comp="2827" pin="1"/><net_sink comp="2642" pin=0"/></net>

<net id="2864"><net_src comp="2827" pin="1"/><net_sink comp="2649" pin=0"/></net>

<net id="2865"><net_src comp="2827" pin="1"/><net_sink comp="2672" pin=0"/></net>

<net id="2866"><net_src comp="2827" pin="1"/><net_sink comp="2678" pin=0"/></net>

<net id="2867"><net_src comp="2827" pin="1"/><net_sink comp="2692" pin=0"/></net>

<net id="2868"><net_src comp="2827" pin="1"/><net_sink comp="2699" pin=0"/></net>

<net id="2869"><net_src comp="2827" pin="1"/><net_sink comp="2722" pin=0"/></net>

<net id="2870"><net_src comp="2827" pin="1"/><net_sink comp="2728" pin=0"/></net>

<net id="2874"><net_src comp="1905" pin="34"/><net_sink comp="2871" pin=0"/></net>

<net id="2875"><net_src comp="2871" pin="1"/><net_sink comp="2006" pin=0"/></net>

<net id="2879"><net_src comp="247" pin="31"/><net_sink comp="2876" pin=0"/></net>

<net id="2880"><net_src comp="2876" pin="1"/><net_sink comp="2003" pin=0"/></net>

<net id="2884"><net_src comp="247" pin="27"/><net_sink comp="2881" pin=0"/></net>

<net id="2885"><net_src comp="2881" pin="1"/><net_sink comp="2025" pin=0"/></net>

<net id="2889"><net_src comp="247" pin="23"/><net_sink comp="2886" pin=0"/></net>

<net id="2890"><net_src comp="2886" pin="1"/><net_sink comp="2044" pin=0"/></net>

<net id="2894"><net_src comp="247" pin="19"/><net_sink comp="2891" pin=0"/></net>

<net id="2895"><net_src comp="2891" pin="1"/><net_sink comp="2063" pin=0"/></net>

<net id="2899"><net_src comp="247" pin="15"/><net_sink comp="2896" pin=0"/></net>

<net id="2900"><net_src comp="2896" pin="1"/><net_sink comp="2082" pin=0"/></net>

<net id="2904"><net_src comp="247" pin="11"/><net_sink comp="2901" pin=0"/></net>

<net id="2905"><net_src comp="2901" pin="1"/><net_sink comp="2101" pin=0"/></net>

<net id="2909"><net_src comp="247" pin="7"/><net_sink comp="2906" pin=0"/></net>

<net id="2910"><net_src comp="2906" pin="1"/><net_sink comp="2120" pin=0"/></net>

<net id="2914"><net_src comp="247" pin="3"/><net_sink comp="2911" pin=0"/></net>

<net id="2915"><net_src comp="2911" pin="1"/><net_sink comp="2139" pin=0"/></net>

<net id="2919"><net_src comp="1995" pin="3"/><net_sink comp="2916" pin=0"/></net>

<net id="2920"><net_src comp="2916" pin="1"/><net_sink comp="1204" pin=2"/></net>

<net id="2924"><net_src comp="2015" pin="4"/><net_sink comp="2921" pin=0"/></net>

<net id="2925"><net_src comp="2921" pin="1"/><net_sink comp="2175" pin=0"/></net>

<net id="2926"><net_src comp="2921" pin="1"/><net_sink comp="2334" pin=0"/></net>

<net id="2930"><net_src comp="2034" pin="4"/><net_sink comp="2927" pin=0"/></net>

<net id="2931"><net_src comp="2927" pin="1"/><net_sink comp="2197" pin=0"/></net>

<net id="2932"><net_src comp="2927" pin="1"/><net_sink comp="2384" pin=0"/></net>

<net id="2936"><net_src comp="2053" pin="4"/><net_sink comp="2933" pin=0"/></net>

<net id="2937"><net_src comp="2933" pin="1"/><net_sink comp="2219" pin=0"/></net>

<net id="2938"><net_src comp="2933" pin="1"/><net_sink comp="2434" pin=0"/></net>

<net id="2942"><net_src comp="2072" pin="4"/><net_sink comp="2939" pin=0"/></net>

<net id="2943"><net_src comp="2939" pin="1"/><net_sink comp="2241" pin=0"/></net>

<net id="2944"><net_src comp="2939" pin="1"/><net_sink comp="2484" pin=0"/></net>

<net id="2948"><net_src comp="2091" pin="4"/><net_sink comp="2945" pin=0"/></net>

<net id="2949"><net_src comp="2945" pin="1"/><net_sink comp="2263" pin=0"/></net>

<net id="2950"><net_src comp="2945" pin="1"/><net_sink comp="2534" pin=0"/></net>

<net id="2954"><net_src comp="2110" pin="4"/><net_sink comp="2951" pin=0"/></net>

<net id="2955"><net_src comp="2951" pin="1"/><net_sink comp="2285" pin=0"/></net>

<net id="2956"><net_src comp="2951" pin="1"/><net_sink comp="2584" pin=0"/></net>

<net id="2960"><net_src comp="2129" pin="4"/><net_sink comp="2957" pin=0"/></net>

<net id="2961"><net_src comp="2957" pin="1"/><net_sink comp="2307" pin=0"/></net>

<net id="2962"><net_src comp="2957" pin="1"/><net_sink comp="2634" pin=0"/></net>

<net id="2966"><net_src comp="2148" pin="4"/><net_sink comp="2963" pin=0"/></net>

<net id="2967"><net_src comp="2963" pin="1"/><net_sink comp="2329" pin=0"/></net>

<net id="2968"><net_src comp="2963" pin="1"/><net_sink comp="2684" pin=0"/></net>

<net id="2972"><net_src comp="2169" pin="2"/><net_sink comp="2969" pin=0"/></net>

<net id="2973"><net_src comp="2969" pin="1"/><net_sink comp="2337" pin=1"/></net>

<net id="2977"><net_src comp="2175" pin="2"/><net_sink comp="2974" pin=0"/></net>

<net id="2978"><net_src comp="2974" pin="1"/><net_sink comp="2372" pin=1"/></net>

<net id="2979"><net_src comp="2974" pin="1"/><net_sink comp="2378" pin=2"/></net>

<net id="2983"><net_src comp="2191" pin="2"/><net_sink comp="2980" pin=0"/></net>

<net id="2984"><net_src comp="2980" pin="1"/><net_sink comp="2387" pin=1"/></net>

<net id="2988"><net_src comp="2197" pin="2"/><net_sink comp="2985" pin=0"/></net>

<net id="2989"><net_src comp="2985" pin="1"/><net_sink comp="2422" pin=1"/></net>

<net id="2990"><net_src comp="2985" pin="1"/><net_sink comp="2428" pin=2"/></net>

<net id="2994"><net_src comp="2213" pin="2"/><net_sink comp="2991" pin=0"/></net>

<net id="2995"><net_src comp="2991" pin="1"/><net_sink comp="2437" pin=1"/></net>

<net id="2999"><net_src comp="2219" pin="2"/><net_sink comp="2996" pin=0"/></net>

<net id="3000"><net_src comp="2996" pin="1"/><net_sink comp="2472" pin=1"/></net>

<net id="3001"><net_src comp="2996" pin="1"/><net_sink comp="2478" pin=2"/></net>

<net id="3005"><net_src comp="2235" pin="2"/><net_sink comp="3002" pin=0"/></net>

<net id="3006"><net_src comp="3002" pin="1"/><net_sink comp="2487" pin=1"/></net>

<net id="3010"><net_src comp="2241" pin="2"/><net_sink comp="3007" pin=0"/></net>

<net id="3011"><net_src comp="3007" pin="1"/><net_sink comp="2522" pin=1"/></net>

<net id="3012"><net_src comp="3007" pin="1"/><net_sink comp="2528" pin=2"/></net>

<net id="3016"><net_src comp="2257" pin="2"/><net_sink comp="3013" pin=0"/></net>

<net id="3017"><net_src comp="3013" pin="1"/><net_sink comp="2537" pin=1"/></net>

<net id="3021"><net_src comp="2263" pin="2"/><net_sink comp="3018" pin=0"/></net>

<net id="3022"><net_src comp="3018" pin="1"/><net_sink comp="2572" pin=1"/></net>

<net id="3023"><net_src comp="3018" pin="1"/><net_sink comp="2578" pin=2"/></net>

<net id="3027"><net_src comp="2279" pin="2"/><net_sink comp="3024" pin=0"/></net>

<net id="3028"><net_src comp="3024" pin="1"/><net_sink comp="2587" pin=1"/></net>

<net id="3032"><net_src comp="2285" pin="2"/><net_sink comp="3029" pin=0"/></net>

<net id="3033"><net_src comp="3029" pin="1"/><net_sink comp="2622" pin=1"/></net>

<net id="3034"><net_src comp="3029" pin="1"/><net_sink comp="2628" pin=2"/></net>

<net id="3038"><net_src comp="2301" pin="2"/><net_sink comp="3035" pin=0"/></net>

<net id="3039"><net_src comp="3035" pin="1"/><net_sink comp="2637" pin=1"/></net>

<net id="3043"><net_src comp="2307" pin="2"/><net_sink comp="3040" pin=0"/></net>

<net id="3044"><net_src comp="3040" pin="1"/><net_sink comp="2672" pin=1"/></net>

<net id="3045"><net_src comp="3040" pin="1"/><net_sink comp="2678" pin=2"/></net>

<net id="3049"><net_src comp="2323" pin="2"/><net_sink comp="3046" pin=0"/></net>

<net id="3050"><net_src comp="3046" pin="1"/><net_sink comp="2687" pin=1"/></net>

<net id="3054"><net_src comp="2329" pin="2"/><net_sink comp="3051" pin=0"/></net>

<net id="3055"><net_src comp="3051" pin="1"/><net_sink comp="2722" pin=1"/></net>

<net id="3056"><net_src comp="3051" pin="1"/><net_sink comp="2728" pin=2"/></net>

<net id="3060"><net_src comp="2372" pin="3"/><net_sink comp="3057" pin=0"/></net>

<net id="3061"><net_src comp="3057" pin="1"/><net_sink comp="1233" pin=2"/></net>

<net id="3065"><net_src comp="2378" pin="3"/><net_sink comp="3062" pin=0"/></net>

<net id="3066"><net_src comp="3062" pin="1"/><net_sink comp="1218" pin=2"/></net>

<net id="3070"><net_src comp="2422" pin="3"/><net_sink comp="3067" pin=0"/></net>

<net id="3071"><net_src comp="3067" pin="1"/><net_sink comp="1263" pin=2"/></net>

<net id="3075"><net_src comp="2428" pin="3"/><net_sink comp="3072" pin=0"/></net>

<net id="3076"><net_src comp="3072" pin="1"/><net_sink comp="1248" pin=2"/></net>

<net id="3080"><net_src comp="2472" pin="3"/><net_sink comp="3077" pin=0"/></net>

<net id="3081"><net_src comp="3077" pin="1"/><net_sink comp="1293" pin=2"/></net>

<net id="3085"><net_src comp="2478" pin="3"/><net_sink comp="3082" pin=0"/></net>

<net id="3086"><net_src comp="3082" pin="1"/><net_sink comp="1278" pin=2"/></net>

<net id="3090"><net_src comp="2522" pin="3"/><net_sink comp="3087" pin=0"/></net>

<net id="3091"><net_src comp="3087" pin="1"/><net_sink comp="1323" pin=2"/></net>

<net id="3095"><net_src comp="2528" pin="3"/><net_sink comp="3092" pin=0"/></net>

<net id="3096"><net_src comp="3092" pin="1"/><net_sink comp="1308" pin=2"/></net>

<net id="3100"><net_src comp="2572" pin="3"/><net_sink comp="3097" pin=0"/></net>

<net id="3101"><net_src comp="3097" pin="1"/><net_sink comp="1353" pin=2"/></net>

<net id="3105"><net_src comp="2578" pin="3"/><net_sink comp="3102" pin=0"/></net>

<net id="3106"><net_src comp="3102" pin="1"/><net_sink comp="1338" pin=2"/></net>

<net id="3110"><net_src comp="2622" pin="3"/><net_sink comp="3107" pin=0"/></net>

<net id="3111"><net_src comp="3107" pin="1"/><net_sink comp="1383" pin=2"/></net>

<net id="3115"><net_src comp="2628" pin="3"/><net_sink comp="3112" pin=0"/></net>

<net id="3116"><net_src comp="3112" pin="1"/><net_sink comp="1368" pin=2"/></net>

<net id="3120"><net_src comp="2672" pin="3"/><net_sink comp="3117" pin=0"/></net>

<net id="3121"><net_src comp="3117" pin="1"/><net_sink comp="1413" pin=2"/></net>

<net id="3125"><net_src comp="2678" pin="3"/><net_sink comp="3122" pin=0"/></net>

<net id="3126"><net_src comp="3122" pin="1"/><net_sink comp="1398" pin=2"/></net>

<net id="3130"><net_src comp="2722" pin="3"/><net_sink comp="3127" pin=0"/></net>

<net id="3131"><net_src comp="3127" pin="1"/><net_sink comp="1443" pin=2"/></net>

<net id="3135"><net_src comp="2728" pin="3"/><net_sink comp="3132" pin=0"/></net>

<net id="3136"><net_src comp="3132" pin="1"/><net_sink comp="1428" pin=2"/></net>

</net_list>

</model> 
---------------- Datapath Model END ------------------

* FSMD analyzer results:
  - Output states:
	Port: layer6_out | {7 }
 - Input state : 
	Port: dense<array<ap_fixed,32u>,array<ap_fixed<8,2,5,3,0>,16u>,config6> : layer5_out | {3 }
	Port: dense<array<ap_fixed,32u>,array<ap_fixed<8,2,5,3,0>,16u>,config6> : outidx | {3 4 }
	Port: dense<array<ap_fixed,32u>,array<ap_fixed<8,2,5,3,0>,16u>,config6> : w6_V | {3 4 }
  - Chain level:
	State 1
	State 2
		ir : 1
		icmp_ln124 : 1
		br_ln124 : 2
	State 3
		data_V_28_phi : 1
		data_V_27_phi : 1
		data_V_26_phi : 1
		data_V_25_phi : 1
		data_V_24_phi : 1
		data_V_23_phi : 1
		data_V_22_phi : 1
		data_V_21_phi : 1
		data_V_20_phi : 1
		data_V_19_phi : 1
		data_V_18_phi : 1
		data_V_17_phi : 1
		data_V_16_phi : 1
		data_V_15_phi : 1
		data_V_14_phi : 1
		data_V_13_phi : 1
		data_V_12_phi : 1
		data_V_11_phi : 1
		data_V_10_phi : 1
		data_V_29_phi : 1
		data_V_9_phi : 1
		data_V_8_phi : 1
		data_V_7_phi : 1
		data_V_6_phi : 1
		data_V_5_phi : 1
		data_V_4_phi : 1
		data_V_3_phi : 1
		data_V_2_phi : 1
		data_V_1_phi : 1
		data_V_30_phi : 1
		data_V_31_phi : 1
		p_phi : 1
		outidx_addr : 1
		out_index : 2
		w6_V_addr : 1
		w_V : 2
		p_cast239 : 1
		w6_V_addr_1 : 2
		w_V_1 : 3
		p_cast240_cast : 1
		p_cast240_cast_cast : 2
		w6_V_addr_2 : 3
		w_V_2 : 4
		p_cast241_cast_cast_cast_cast : 1
		p_cast241_cast_cast_cast_cast_cast : 2
		w6_V_addr_3 : 3
		w_V_3 : 4
		p_cast242_cast : 1
		p_cast242_cast_cast : 2
		w6_V_addr_4 : 3
		w_V_4 : 4
		p_cast243 : 1
		w6_V_addr_5 : 2
		w_V_5 : 3
		p_cast244_cast_cast_cast_cast : 2
		p_cast244_cast_cast_cast_cast_cast : 3
		w6_V_addr_6 : 4
		w_V_6 : 5
		p_cast245_cast_cast_cast_cast : 1
		p_cast245_cast_cast_cast_cast_cast : 2
		w6_V_addr_7 : 3
		w_V_7 : 4
	State 4
		zext_ln124_1 : 1
		a_V : 1
		in_index_1 : 2
		add_ln109 : 1
		tmp_3 : 3
		in_index : 4
	State 5
		mul_ln1270 : 1
		rhs : 2
		mul_ln1270_3 : 1
		rhs_1 : 2
		mul_ln1270_4 : 1
		rhs_2 : 2
		mul_ln1270_5 : 1
		rhs_3 : 2
		mul_ln1270_6 : 1
		rhs_4 : 2
		mul_ln1270_7 : 1
		rhs_5 : 2
		mul_ln1270_8 : 1
		rhs_6 : 2
		mul_ln1270_9 : 1
		rhs_7 : 2
	State 6
		lhs : 1
		sext_ln813 : 2
		sub_ln1420 : 3
		acc_V_18 : 2
		lhs_1 : 1
		sext_ln813_3 : 2
		sub_ln1420_1 : 3
		acc_V_20 : 2
		lhs_2 : 1
		sext_ln813_5 : 2
		sub_ln1420_2 : 3
		acc_V_23 : 2
		lhs_3 : 1
		sext_ln813_7 : 2
		sub_ln1420_3 : 3
		acc_V_26 : 2
		lhs_4 : 1
		sext_ln813_9 : 2
		sub_ln1420_4 : 3
		acc_V_29 : 2
		lhs_5 : 1
		sext_ln813_11 : 2
		sub_ln1420_5 : 3
		acc_V_32 : 2
		lhs_6 : 1
		sext_ln813_13 : 2
		sub_ln1420_6 : 3
		acc_V_35 : 2
		lhs_7 : 1
		sext_ln813_15 : 2
		sub_ln1420_7 : 3
		acc_V_38 : 2
	State 7
		icmp_ln1420 : 1
		acc_V_17 : 2
		acc_V_16 : 2
		acc_V_40 : 3
		acc_V_39 : 3
		icmp_ln1420_1 : 1
		acc_V_19 : 2
		acc_V : 2
		acc_V_42 : 3
		acc_V_41 : 3
		icmp_ln1420_2 : 1
		acc_V_22 : 2
		acc_V_21 : 2
		acc_V_44 : 3
		acc_V_43 : 3
		icmp_ln1420_3 : 1
		acc_V_25 : 2
		acc_V_24 : 2
		acc_V_46 : 3
		acc_V_45 : 3
		icmp_ln1420_4 : 1
		acc_V_28 : 2
		acc_V_27 : 2
		acc_V_48 : 3
		acc_V_47 : 3
		icmp_ln1420_5 : 1
		acc_V_31 : 2
		acc_V_30 : 2
		acc_V_50 : 3
		acc_V_49 : 3
		icmp_ln1420_6 : 1
		acc_V_34 : 2
		acc_V_33 : 2
		acc_V_52 : 3
		acc_V_51 : 3
		icmp_ln1420_7 : 1
		acc_V_37 : 2
		acc_V_36 : 2
		acc_V_54 : 3
		acc_V_53 : 3
		p_s : 4
		write_ln77 : 5


============================================================
+ Verbose Summary: Datapath Resource usage 
============================================================

* Functional unit list:
|----------|--------------------------------------------|---------|---------|---------|
| Operation|               Functional Unit              |   DSP   |    FF   |   LUT   |
|----------|--------------------------------------------|---------|---------|---------|
|          |              in_index_fu_1995              |    0    |    0    |    5    |
|          |                 lhs_fu_2158                |    0    |    0    |    8    |
|          |                lhs_1_fu_2180               |    0    |    0    |    8    |
|          |                lhs_2_fu_2202               |    0    |    0    |    8    |
|          |                lhs_3_fu_2224               |    0    |    0    |    8    |
|          |                lhs_4_fu_2246               |    0    |    0    |    8    |
|          |                lhs_5_fu_2268               |    0    |    0    |    8    |
|          |                lhs_6_fu_2290               |    0    |    0    |    8    |
|          |                lhs_7_fu_2312               |    0    |    0    |    8    |
|          |            select_ln808_fu_2342            |    0    |    0    |    8    |
|          |           select_ln808_1_fu_2349           |    0    |    0    |    8    |
|          |              acc_V_17_fu_2356              |    0    |    0    |    8    |
|          |              acc_V_16_fu_2364              |    0    |    0    |    8    |
|          |              acc_V_40_fu_2372              |    0    |    0    |    8    |
|          |              acc_V_39_fu_2378              |    0    |    0    |    8    |
|          |           select_ln808_2_fu_2392           |    0    |    0    |    8    |
|          |           select_ln808_3_fu_2399           |    0    |    0    |    8    |
|          |              acc_V_19_fu_2406              |    0    |    0    |    8    |
|          |                acc_V_fu_2414               |    0    |    0    |    8    |
|          |              acc_V_42_fu_2422              |    0    |    0    |    8    |
|          |              acc_V_41_fu_2428              |    0    |    0    |    8    |
|          |           select_ln808_4_fu_2442           |    0    |    0    |    8    |
|          |           select_ln808_5_fu_2449           |    0    |    0    |    8    |
|          |              acc_V_22_fu_2456              |    0    |    0    |    8    |
|          |              acc_V_21_fu_2464              |    0    |    0    |    8    |
|          |              acc_V_44_fu_2472              |    0    |    0    |    8    |
|          |              acc_V_43_fu_2478              |    0    |    0    |    8    |
|          |           select_ln808_6_fu_2492           |    0    |    0    |    8    |
|  select  |           select_ln808_7_fu_2499           |    0    |    0    |    8    |
|          |              acc_V_25_fu_2506              |    0    |    0    |    8    |
|          |              acc_V_24_fu_2514              |    0    |    0    |    8    |
|          |              acc_V_46_fu_2522              |    0    |    0    |    8    |
|          |              acc_V_45_fu_2528              |    0    |    0    |    8    |
|          |           select_ln808_8_fu_2542           |    0    |    0    |    8    |
|          |           select_ln808_9_fu_2549           |    0    |    0    |    8    |
|          |              acc_V_28_fu_2556              |    0    |    0    |    8    |
|          |              acc_V_27_fu_2564              |    0    |    0    |    8    |
|          |              acc_V_48_fu_2572              |    0    |    0    |    8    |
|          |              acc_V_47_fu_2578              |    0    |    0    |    8    |
|          |           select_ln808_10_fu_2592          |    0    |    0    |    8    |
|          |           select_ln808_11_fu_2599          |    0    |    0    |    8    |
|          |              acc_V_31_fu_2606              |    0    |    0    |    8    |
|          |              acc_V_30_fu_2614              |    0    |    0    |    8    |
|          |              acc_V_50_fu_2622              |    0    |    0    |    8    |
|          |              acc_V_49_fu_2628              |    0    |    0    |    8    |
|          |           select_ln808_12_fu_2642          |    0    |    0    |    8    |
|          |           select_ln808_13_fu_2649          |    0    |    0    |    8    |
|          |              acc_V_34_fu_2656              |    0    |    0    |    8    |
|          |              acc_V_33_fu_2664              |    0    |    0    |    8    |
|          |              acc_V_52_fu_2672              |    0    |    0    |    8    |
|          |              acc_V_51_fu_2678              |    0    |    0    |    8    |
|          |           select_ln808_14_fu_2692          |    0    |    0    |    8    |
|          |           select_ln808_15_fu_2699          |    0    |    0    |    8    |
|          |              acc_V_37_fu_2706              |    0    |    0    |    8    |
|          |              acc_V_36_fu_2714              |    0    |    0    |    8    |
|          |              acc_V_54_fu_2722              |    0    |    0    |    8    |
|          |              acc_V_53_fu_2728              |    0    |    0    |    8    |
|----------|--------------------------------------------|---------|---------|---------|
|          |             mul_ln1270_fu_2009             |    0    |    0    |    41   |
|          |            mul_ln1270_3_fu_2028            |    0    |    0    |    41   |
|          |            mul_ln1270_4_fu_2047            |    0    |    0    |    41   |
|    mul   |            mul_ln1270_5_fu_2066            |    0    |    0    |    41   |
|          |            mul_ln1270_6_fu_2085            |    0    |    0    |    41   |
|          |            mul_ln1270_7_fu_2104            |    0    |    0    |    41   |
|          |            mul_ln1270_8_fu_2123            |    0    |    0    |    41   |
|          |            mul_ln1270_9_fu_2142            |    0    |    0    |    41   |
|----------|--------------------------------------------|---------|---------|---------|
|          |                 ir_fu_1454                 |    0    |    0    |    14   |
|          |             in_index_1_fu_1975             |    0    |    0    |    13   |
|          |              add_ln109_fu_1981             |    0    |    0    |    13   |
|          |              acc_V_18_fu_2175              |    0    |    0    |    15   |
|          |              acc_V_20_fu_2197              |    0    |    0    |    15   |
|    add   |              acc_V_23_fu_2219              |    0    |    0    |    15   |
|          |              acc_V_26_fu_2241              |    0    |    0    |    15   |
|          |              acc_V_29_fu_2263              |    0    |    0    |    15   |
|          |              acc_V_32_fu_2285              |    0    |    0    |    15   |
|          |              acc_V_35_fu_2307              |    0    |    0    |    15   |
|          |              acc_V_38_fu_2329              |    0    |    0    |    15   |
|----------|--------------------------------------------|---------|---------|---------|
|    mux   |                 a_V_fu_1905                |    0    |    0    |   142   |
|----------|--------------------------------------------|---------|---------|---------|
|          |             sub_ln1420_fu_2169             |    0    |    0    |    15   |
|          |            sub_ln1420_1_fu_2191            |    0    |    0    |    15   |
|          |            sub_ln1420_2_fu_2213            |    0    |    0    |    15   |
|    sub   |            sub_ln1420_3_fu_2235            |    0    |    0    |    15   |
|          |            sub_ln1420_4_fu_2257            |    0    |    0    |    15   |
|          |            sub_ln1420_5_fu_2279            |    0    |    0    |    15   |
|          |            sub_ln1420_6_fu_2301            |    0    |    0    |    15   |
|          |            sub_ln1420_7_fu_2323            |    0    |    0    |    15   |
|----------|--------------------------------------------|---------|---------|---------|
|          |             icmp_ln124_fu_1460             |    0    |    0    |    10   |
|          |             icmp_ln1420_fu_2337            |    0    |    0    |    11   |
|          |            icmp_ln1420_1_fu_2387           |    0    |    0    |    11   |
|          |            icmp_ln1420_2_fu_2437           |    0    |    0    |    11   |
|   icmp   |            icmp_ln1420_3_fu_2487           |    0    |    0    |    11   |
|          |            icmp_ln1420_4_fu_2537           |    0    |    0    |    11   |
|          |            icmp_ln1420_5_fu_2587           |    0    |    0    |    11   |
|          |            icmp_ln1420_6_fu_2637           |    0    |    0    |    11   |
|          |            icmp_ln1420_7_fu_2687           |    0    |    0    |    11   |
|----------|--------------------------------------------|---------|---------|---------|
|   read   |         layer5_out_read_read_fu_214        |    0    |    0    |    0    |
|----------|--------------------------------------------|---------|---------|---------|
|   write  |           write_ln77_write_fu_220          |    0    |    0    |    0    |
|----------|--------------------------------------------|---------|---------|---------|
|   trunc  |               data_V_fu_1466               |    0    |    0    |    0    |
|----------|--------------------------------------------|---------|---------|---------|
|          |              data_V_31_fu_1471             |    0    |    0    |    0    |
|          |              data_V_32_fu_1482             |    0    |    0    |    0    |
|          |              data_V_1_fu_1493              |    0    |    0    |    0    |
|          |              data_V_2_fu_1504              |    0    |    0    |    0    |
|          |              data_V_3_fu_1515              |    0    |    0    |    0    |
|          |              data_V_4_fu_1526              |    0    |    0    |    0    |
|          |              data_V_5_fu_1537              |    0    |    0    |    0    |
|          |              data_V_6_fu_1548              |    0    |    0    |    0    |
|          |              data_V_7_fu_1559              |    0    |    0    |    0    |
|          |              data_V_8_fu_1570              |    0    |    0    |    0    |
|          |              data_V_9_fu_1581              |    0    |    0    |    0    |
|          |              data_V_33_fu_1592             |    0    |    0    |    0    |
|          |              data_V_34_fu_1603             |    0    |    0    |    0    |
|          |              data_V_35_fu_1614             |    0    |    0    |    0    |
|          |              data_V_36_fu_1625             |    0    |    0    |    0    |
|          |              data_V_37_fu_1636             |    0    |    0    |    0    |
|          |              data_V_38_fu_1647             |    0    |    0    |    0    |
|          |              data_V_39_fu_1658             |    0    |    0    |    0    |
|          |              data_V_40_fu_1669             |    0    |    0    |    0    |
|partselect|              data_V_41_fu_1680             |    0    |    0    |    0    |
|          |              data_V_42_fu_1691             |    0    |    0    |    0    |
|          |              data_V_43_fu_1702             |    0    |    0    |    0    |
|          |              data_V_44_fu_1713             |    0    |    0    |    0    |
|          |              data_V_45_fu_1724             |    0    |    0    |    0    |
|          |              data_V_46_fu_1735             |    0    |    0    |    0    |
|          |              data_V_47_fu_1746             |    0    |    0    |    0    |
|          |              data_V_48_fu_1757             |    0    |    0    |    0    |
|          |              data_V_49_fu_1768             |    0    |    0    |    0    |
|          |              data_V_50_fu_1779             |    0    |    0    |    0    |
|          |              data_V_51_fu_1790             |    0    |    0    |    0    |
|          |              data_V_52_fu_1801             |    0    |    0    |    0    |
|          |                 rhs_fu_2015                |    0    |    0    |    0    |
|          |                rhs_1_fu_2034               |    0    |    0    |    0    |
|          |                rhs_2_fu_2053               |    0    |    0    |    0    |
|          |                rhs_3_fu_2072               |    0    |    0    |    0    |
|          |                rhs_4_fu_2091               |    0    |    0    |    0    |
|          |                rhs_5_fu_2110               |    0    |    0    |    0    |
|          |                rhs_6_fu_2129               |    0    |    0    |    0    |
|          |                rhs_7_fu_2148               |    0    |    0    |    0    |
|----------|--------------------------------------------|---------|---------|---------|
|          |              ir83_cast_fu_1812             |    0    |    0    |    0    |
|          |             zext_ln124_fu_1816             |    0    |    0    |    0    |
|          |              p_cast239_fu_1830             |    0    |    0    |    0    |
|          |         p_cast240_cast_cast_fu_1843        |    0    |    0    |    0    |
|   zext   | p_cast241_cast_cast_cast_cast_cast_fu_1852 |    0    |    0    |    0    |
|          |         p_cast242_cast_cast_fu_1865        |    0    |    0    |    0    |
|          |              p_cast243_fu_1878             |    0    |    0    |    0    |
|          | p_cast244_cast_cast_cast_cast_cast_fu_1887 |    0    |    0    |    0    |
|          | p_cast245_cast_cast_cast_cast_cast_fu_1896 |    0    |    0    |    0    |
|          |            zext_ln124_1_fu_1901            |    0    |    0    |    0    |
|----------|--------------------------------------------|---------|---------|---------|
|          |                 tmp_fu_1822                |    0    |    0    |    0    |
|          |           p_cast240_cast_fu_1835           |    0    |    0    |    0    |
|bitconcatenate|           p_cast242_cast_fu_1857           |    0    |    0    |    0    |
|          |                tmp_2_fu_1870               |    0    |    0    |    0    |
|          |                 p_s_fu_2734                |    0    |    0    |    0    |
|----------|--------------------------------------------|---------|---------|---------|
|          |    p_cast241_cast_cast_cast_cast_fu_1848   |    0    |    0    |    0    |
|          |    p_cast244_cast_cast_cast_cast_fu_1883   |    0    |    0    |    0    |
|          |    p_cast245_cast_cast_cast_cast_fu_1892   |    0    |    0    |    0    |
|          |             sext_ln1273_fu_2003            |    0    |    0    |    0    |
|          |           sext_ln1273_37_fu_2006           |    0    |    0    |    0    |
|          |           sext_ln1273_38_fu_2025           |    0    |    0    |    0    |
|          |           sext_ln1273_39_fu_2044           |    0    |    0    |    0    |
|          |           sext_ln1273_40_fu_2063           |    0    |    0    |    0    |
|          |           sext_ln1273_41_fu_2082           |    0    |    0    |    0    |
|          |           sext_ln1273_42_fu_2101           |    0    |    0    |    0    |
|          |           sext_ln1273_43_fu_2120           |    0    |    0    |    0    |
|          |           sext_ln1273_44_fu_2139           |    0    |    0    |    0    |
|          |             sext_ln813_fu_2165             |    0    |    0    |    0    |
|   sext   |            sext_ln813_3_fu_2187            |    0    |    0    |    0    |
|          |            sext_ln813_5_fu_2209            |    0    |    0    |    0    |
|          |            sext_ln813_7_fu_2231            |    0    |    0    |    0    |
|          |            sext_ln813_9_fu_2253            |    0    |    0    |    0    |
|          |            sext_ln813_11_fu_2275           |    0    |    0    |    0    |
|          |            sext_ln813_13_fu_2297           |    0    |    0    |    0    |
|          |            sext_ln813_15_fu_2319           |    0    |    0    |    0    |
|          |            sext_ln813_2_fu_2334            |    0    |    0    |    0    |
|          |            sext_ln813_4_fu_2384            |    0    |    0    |    0    |
|          |            sext_ln813_6_fu_2434            |    0    |    0    |    0    |
|          |            sext_ln813_8_fu_2484            |    0    |    0    |    0    |
|          |            sext_ln813_10_fu_2534           |    0    |    0    |    0    |
|          |            sext_ln813_12_fu_2584           |    0    |    0    |    0    |
|          |            sext_ln813_14_fu_2634           |    0    |    0    |    0    |
|          |            sext_ln813_16_fu_2684           |    0    |    0    |    0    |
|----------|--------------------------------------------|---------|---------|---------|
| bitselect|                tmp_3_fu_1987               |    0    |    0    |    0    |
|----------|--------------------------------------------|---------|---------|---------|
|  return  |            return_ln101_fu_2771            |    0    |    0    |    0    |
|----------|--------------------------------------------|---------|---------|---------|
|   Total  |                                            |    0    |    0    |   1301  |
|----------|--------------------------------------------|---------|---------|---------|

Memories:
N/A

* Register list:
+------------------------+--------+
|                        |   FF   |
+------------------------+--------+
|      a_V_reg_2871      |    8   |
|    acc_V82_reg_1214    |    8   |
|   acc_V_1062_reg_1364  |    8   |
|   acc_V_1160_reg_1379  |    8   |
|   acc_V_1258_reg_1394  |    8   |
|   acc_V_1356_reg_1409  |    8   |
|   acc_V_1454_reg_1424  |    8   |
|   acc_V_1552_reg_1439  |    8   |
|   acc_V_180_reg_1229   |    8   |
|    acc_V_18_reg_2974   |    8   |
|    acc_V_20_reg_2985   |    8   |
|    acc_V_23_reg_2996   |    8   |
|    acc_V_26_reg_3007   |    8   |
|   acc_V_278_reg_1244   |    8   |
|    acc_V_29_reg_3018   |    8   |
|    acc_V_32_reg_3029   |    8   |
|    acc_V_35_reg_3040   |    8   |
|   acc_V_376_reg_1259   |    8   |
|    acc_V_38_reg_3051   |    8   |
|    acc_V_39_reg_3062   |    8   |
|    acc_V_40_reg_3057   |    8   |
|    acc_V_41_reg_3072   |    8   |
|    acc_V_42_reg_3067   |    8   |
|    acc_V_43_reg_3082   |    8   |
|    acc_V_44_reg_3077   |    8   |
|    acc_V_45_reg_3092   |    8   |
|    acc_V_46_reg_3087   |    8   |
|   acc_V_474_reg_1274   |    8   |
|    acc_V_47_reg_3102   |    8   |
|    acc_V_48_reg_3097   |    8   |
|    acc_V_49_reg_3112   |    8   |
|    acc_V_50_reg_3107   |    8   |
|    acc_V_51_reg_3122   |    8   |
|    acc_V_52_reg_3117   |    8   |
|    acc_V_53_reg_3132   |    8   |
|    acc_V_54_reg_3127   |    8   |
|   acc_V_572_reg_1289   |    8   |
|   acc_V_670_reg_1304   |    8   |
|   acc_V_768_reg_1319   |    8   |
|   acc_V_866_reg_1334   |    8   |
|   acc_V_964_reg_1349   |    8   |
| data_V_10_phi_reg_1032 |    8   |
|data_V_10_rewind_reg_620|    8   |
| data_V_11_phi_reg_1020 |    8   |
|data_V_11_rewind_reg_606|    8   |
| data_V_12_phi_reg_1008 |    8   |
|data_V_12_rewind_reg_592|    8   |
|  data_V_13_phi_reg_996 |    8   |
|data_V_13_rewind_reg_578|    8   |
|  data_V_14_phi_reg_984 |    8   |
|data_V_14_rewind_reg_564|    8   |
|  data_V_15_phi_reg_972 |    8   |
|data_V_15_rewind_reg_550|    8   |
|  data_V_16_phi_reg_960 |    8   |
|data_V_16_rewind_reg_536|    8   |
|  data_V_17_phi_reg_948 |    8   |
|data_V_17_rewind_reg_522|    8   |
|  data_V_18_phi_reg_936 |    8   |
|data_V_18_rewind_reg_508|    8   |
|  data_V_19_phi_reg_924 |    8   |
|data_V_19_rewind_reg_494|    8   |
|  data_V_1_phi_reg_1152 |    8   |
| data_V_1_rewind_reg_760|    8   |
|  data_V_20_phi_reg_912 |    8   |
|data_V_20_rewind_reg_480|    8   |
|  data_V_21_phi_reg_900 |    8   |
|data_V_21_rewind_reg_466|    8   |
|  data_V_22_phi_reg_888 |    8   |
|data_V_22_rewind_reg_452|    8   |
|  data_V_23_phi_reg_876 |    8   |
|data_V_23_rewind_reg_438|    8   |
|  data_V_24_phi_reg_864 |    8   |
|data_V_24_rewind_reg_424|    8   |
|  data_V_25_phi_reg_852 |    8   |
|data_V_25_rewind_reg_410|    8   |
|  data_V_26_phi_reg_840 |    8   |
|data_V_26_rewind_reg_396|    8   |
|  data_V_27_phi_reg_828 |    8   |
|data_V_27_rewind_reg_382|    8   |
|  data_V_28_phi_reg_816 |    8   |
|data_V_28_rewind_reg_368|    8   |
| data_V_29_phi_reg_1044 |    8   |
|data_V_29_rewind_reg_634|    8   |
|  data_V_2_phi_reg_1140 |    8   |
| data_V_2_rewind_reg_746|    8   |
| data_V_30_phi_reg_1164 |    8   |
|data_V_30_rewind_reg_774|    8   |
| data_V_31_phi_reg_1176 |    8   |
|data_V_31_rewind_reg_788|    8   |
|  data_V_3_phi_reg_1128 |    8   |
| data_V_3_rewind_reg_732|    8   |
|  data_V_4_phi_reg_1116 |    8   |
| data_V_4_rewind_reg_718|    8   |
|  data_V_5_phi_reg_1104 |    8   |
| data_V_5_rewind_reg_704|    8   |
|  data_V_6_phi_reg_1092 |    8   |
| data_V_6_rewind_reg_690|    8   |
|  data_V_7_phi_reg_1080 |    8   |
| data_V_7_rewind_reg_676|    8   |
|  data_V_8_phi_reg_1068 |    8   |
| data_V_8_rewind_reg_662|    8   |
|  data_V_9_phi_reg_1056 |    8   |
| data_V_9_rewind_reg_648|    8   |
|     do_init_reg_337    |    1   |
|   icmp_ln124_reg_2778  |    1   |
|   in_index84_reg_1200  |    5   |
|    in_index_reg_2916   |    5   |
|      ir83_reg_353      |    6   |
|       ir_reg_2773      |    6   |
|   out_index_reg_2827   |    1   |
|  outidx_addr_reg_2782  |    6   |
|     p_phi_reg_1188     |    8   |
|    p_rewind_reg_802    |    8   |
|     rhs_1_reg_2927     |    8   |
|     rhs_2_reg_2933     |    8   |
|     rhs_3_reg_2939     |    8   |
|     rhs_4_reg_2945     |    8   |
|     rhs_5_reg_2951     |    8   |
|     rhs_6_reg_2957     |    8   |
|     rhs_7_reg_2963     |    8   |
|      rhs_reg_2921      |    8   |
|  sub_ln1420_1_reg_2980 |    9   |
|  sub_ln1420_2_reg_2991 |    9   |
|  sub_ln1420_3_reg_3002 |    9   |
|  sub_ln1420_4_reg_3013 |    9   |
|  sub_ln1420_5_reg_3024 |    9   |
|  sub_ln1420_6_reg_3035 |    9   |
|  sub_ln1420_7_reg_3046 |    9   |
|   sub_ln1420_reg_2969  |    9   |
|  w6_V_addr_1_reg_2792  |    9   |
|  w6_V_addr_2_reg_2797  |    9   |
|  w6_V_addr_3_reg_2802  |    9   |
|  w6_V_addr_4_reg_2807  |    9   |
|  w6_V_addr_5_reg_2812  |    9   |
|  w6_V_addr_6_reg_2817  |    9   |
|  w6_V_addr_7_reg_2822  |    9   |
|   w6_V_addr_reg_2787   |    9   |
|     w_V_1_reg_2881     |    8   |
|     w_V_2_reg_2886     |    8   |
|     w_V_3_reg_2891     |    8   |
|     w_V_4_reg_2896     |    8   |
|     w_V_5_reg_2901     |    8   |
|     w_V_6_reg_2906     |    8   |
|     w_V_7_reg_2911     |    8   |
|      w_V_reg_2876      |    8   |
+------------------------+--------+
|          Total         |  1143  |
+------------------------+--------+

* Multiplexer (MUX) list: 
|---------------------|------|------|------|--------||---------||---------|
|         Comp        |  Pin | Size |  BW  | S x BW ||  Delay  ||   LUT   |
|---------------------|------|------|------|--------||---------||---------|
|  grp_access_fu_234  |  p0  |   2  |   6  |   12   ||    9    |
|  grp_access_fu_247  |  p0  |   2  |   9  |   18   ||    9    |
|  grp_access_fu_247  |  p2  |   2  |   0  |    0   ||    9    |
|  grp_access_fu_247  |  p5  |   2  |   8  |   16   ||    9    |
|  grp_access_fu_247  |  p8  |   2  |   9  |   18   ||    9    |
|  grp_access_fu_247  |  p10 |   2  |   0  |    0   ||    9    |
|  grp_access_fu_247  |  p13 |   2  |   8  |   16   ||    9    |
|  grp_access_fu_247  |  p16 |   2  |   9  |   18   ||    9    |
|  grp_access_fu_247  |  p18 |   2  |   0  |    0   ||    9    |
|   do_init_reg_337   |  p0  |   2  |   1  |    2   ||    9    |
|     ir83_reg_353    |  p0  |   2  |   6  |   12   ||    9    |
|   acc_V82_reg_1214  |  p0  |   2  |   8  |   16   ||    9    |
|  acc_V_180_reg_1229 |  p0  |   2  |   8  |   16   ||    9    |
|  acc_V_278_reg_1244 |  p0  |   2  |   8  |   16   ||    9    |
|  acc_V_376_reg_1259 |  p0  |   2  |   8  |   16   ||    9    |
|  acc_V_474_reg_1274 |  p0  |   2  |   8  |   16   ||    9    |
|  acc_V_572_reg_1289 |  p0  |   2  |   8  |   16   ||    9    |
|  acc_V_670_reg_1304 |  p0  |   2  |   8  |   16   ||    9    |
|  acc_V_768_reg_1319 |  p0  |   2  |   8  |   16   ||    9    |
|  acc_V_866_reg_1334 |  p0  |   2  |   8  |   16   ||    9    |
|  acc_V_964_reg_1349 |  p0  |   2  |   8  |   16   ||    9    |
| acc_V_1062_reg_1364 |  p0  |   2  |   8  |   16   ||    9    |
| acc_V_1160_reg_1379 |  p0  |   2  |   8  |   16   ||    9    |
| acc_V_1258_reg_1394 |  p0  |   2  |   8  |   16   ||    9    |
| acc_V_1356_reg_1409 |  p0  |   2  |   8  |   16   ||    9    |
| acc_V_1454_reg_1424 |  p0  |   2  |   8  |   16   ||    9    |
| acc_V_1552_reg_1439 |  p0  |   2  |   8  |   16   ||    9    |
|---------------------|------|------|------|--------||---------||---------|
|        Total        |      |      |      |   368  ||  42.876 ||   243   |
|---------------------|------|------|------|--------||---------||---------|



* Summary:
+-----------+--------+--------+--------+--------+
|           |   DSP  |  Delay |   FF   |   LUT  |
+-----------+--------+--------+--------+--------+
|  Function |    0   |    -   |    0   |  1301  |
|   Memory  |    -   |    -   |    -   |    -   |
|Multiplexer|    -   |   42   |    -   |   243  |
|  Register |    -   |    -   |  1143  |    -   |
+-----------+--------+--------+--------+--------+
|   Total   |    0   |   42   |  1143  |  1544  |
+-----------+--------+--------+--------+--------+
