

================================================================
== Vitis HLS Report for 'normalize_array_ap_fixed_32u_array_ap_fixed_8_2_5_3_0_32u_config4_s'
================================================================
* Date:           Fri Jun 26 18:52:44 2026

* Version:        2022.2 (Build 3670227 on Oct 13 2022)
* Project:        myproject_prj
* Solution:       solution1 (Vivado IP Flow Target)
* Product family: zynq
* Target device:  xc7z020-clg400-1


================================================================
== Performance Estimates
================================================================
+ Timing: 
    * Summary: 
    +--------+---------+----------+------------+
    |  Clock |  Target | Estimated| Uncertainty|
    +--------+---------+----------+------------+
    |ap_clk  |  5.00 ns|  4.170 ns|     0.62 ns|
    +--------+---------+----------+------------+

+ Latency: 
    * Summary: 
    +---------+---------+-----------+-----------+-----+-----+---------+
    |  Latency (cycles) |   Latency (absolute)  |  Interval | Pipeline|
    |   min   |   max   |    min    |    max    | min | max |   Type  |
    +---------+---------+-----------+-----------+-----+-----+---------+
    |       12|       12|  60.000 ns|  60.000 ns|   12|   12|       no|
    +---------+---------+-----------+-----------+-----+-----+---------+

    + Detail: 
        * Instance: 
        N/A

        * Loop: 
        N/A



================================================================
== Utilization Estimates
================================================================
* Summary: 
+-----------------+---------+-----+--------+-------+-----+
|       Name      | BRAM_18K| DSP |   FF   |  LUT  | URAM|
+-----------------+---------+-----+--------+-------+-----+
|DSP              |        -|    -|       -|      -|    -|
|Expression       |        -|    -|       0|    686|    -|
|FIFO             |        -|    -|       -|      -|    -|
|Instance         |        -|    0|       0|     41|    -|
|Memory           |        -|    -|       -|      -|    -|
|Multiplexer      |        -|    -|       -|    214|    -|
|Register         |        -|    -|     505|      -|    -|
+-----------------+---------+-----+--------+-------+-----+
|Total            |        0|    0|     505|    941|    0|
+-----------------+---------+-----+--------+-------+-----+
|Available        |      280|  220|  106400|  53200|    0|
+-----------------+---------+-----+--------+-------+-----+
|Utilization (%)  |        0|    0|      ~0|      1|    0|
+-----------------+---------+-----+--------+-------+-----+

+ Detail: 
    * Instance: 
    +-----------------------+-------------------+---------+----+---+----+-----+
    |        Instance       |       Module      | BRAM_18K| DSP| FF| LUT| URAM|
    +-----------------------+-------------------+---------+----+---+----+-----+
    |mul_8s_7ns_14_1_1_U46  |mul_8s_7ns_14_1_1  |        0|   0|  0|  41|    0|
    +-----------------------+-------------------+---------+----+---+----+-----+
    |Total                  |                   |        0|   0|  0|  41|    0|
    +-----------------------+-------------------+---------+----+---+----+-----+

    * DSP: 
    N/A

    * Memory: 
    N/A

    * FIFO: 
    N/A

    * Expression: 
    +--------------------------+----------+----+---+----+------------+------------+
    |       Variable Name      | Operation| DSP| FF| LUT| Bitwidth P0| Bitwidth P1|
    +--------------------------+----------+----+---+----+------------+------------+
    |add_ln1347_10_fu_1426_p2  |         +|   0|  0|  14|          14|          14|
    |add_ln1347_14_fu_698_p2   |         +|   0|  0|  14|          13|          11|
    |add_ln1347_18_fu_916_p2   |         +|   0|  0|  13|          10|          10|
    |add_ln1347_20_fu_956_p2   |         +|   0|  0|  14|           9|           9|
    |add_ln1347_25_fu_1040_p2  |         +|   0|  0|  12|          11|          11|
    |add_ln1347_fu_600_p2      |         +|   0|  0|  12|          11|           9|
    |r_V_10_fu_1358_p2         |         +|   0|  0|  12|          12|          12|
    |r_V_11_fu_1396_p2         |         +|   0|  0|  12|          12|          12|
    |ret_V_10_fu_1466_p2       |         +|   0|  0|  14|          14|          12|
    |ret_V_11_fu_1500_p2       |         +|   0|  0|  14|          14|          12|
    |ret_V_12_fu_878_p2        |         +|   0|  0|  13|          13|           9|
    |ret_V_13_fu_1202_p2       |         +|   0|  0|  14|          13|          10|
    |ret_V_14_fu_1222_p2       |         +|   0|  0|  14|          13|          12|
    |ret_V_15_fu_926_p2        |         +|   0|  0|  12|          12|          12|
    |ret_V_16_fu_966_p2        |         +|   0|  0|  12|          12|          12|
    |ret_V_17_fu_1242_p2       |         +|   0|  0|  17|          14|           8|
    |ret_V_18_fu_1010_p2       |         +|   0|  0|  13|          13|           9|
    |ret_V_19_fu_1534_p2       |         +|   0|  0|  14|          14|          12|
    |ret_V_1_fu_1330_p2        |         +|   0|  0|  14|          14|          12|
    |ret_V_20_fu_1050_p2       |         +|   0|  0|  14|          13|          13|
    |ret_V_21_fu_1262_p2       |         +|   0|  0|  17|          14|          13|
    |ret_V_22_fu_1282_p2       |         +|   0|  0|  14|          13|          11|
    |ret_V_23_fu_1094_p2       |         +|   0|  0|  13|          13|          11|
    |ret_V_24_fu_1568_p2       |         +|   0|  0|  14|          14|           9|
    |ret_V_25_fu_1574_p2       |         +|   0|  0|  14|          13|          11|
    |ret_V_26_fu_1618_p2       |         +|   0|  0|  14|          14|          13|
    |ret_V_27_fu_1652_p2       |         +|   0|  0|  14|          14|          13|
    |ret_V_28_fu_1765_p2       |         +|   0|  0|  17|          14|          11|
    |ret_V_2_fu_756_p2         |         +|   0|  0|  12|          12|          10|
    |ret_V_3_fu_1162_p2        |         +|   0|  0|  14|          13|          11|
    |ret_V_4_fu_790_p2         |         +|   0|  0|  13|          13|          11|
    |ret_V_5_fu_1182_p2        |         +|   0|  0|  12|          12|           8|
    |ret_V_6_fu_834_p2         |         +|   0|  0|  12|          12|          10|
    |ret_V_7_fu_1368_p2        |         +|   0|  0|  17|          14|          13|
    |ret_V_8_fu_1406_p2        |         +|   0|  0|  17|          14|          13|
    |ret_V_9_fu_1432_p2        |         +|   0|  0|  14|          14|          13|
    |ret_V_fu_1128_p2          |         +|   0|  0|  14|          13|          12|
    |r_V_13_fu_1460_p2         |         -|   0|  0|  14|          14|          14|
    |r_V_14_fu_1494_p2         |         -|   0|  0|  14|          14|          14|
    |r_V_15_fu_872_p2          |         -|   0|  0|  13|          13|          13|
    |r_V_22_fu_1004_p2         |         -|   0|  0|  13|          13|          13|
    |r_V_23_fu_1528_p2         |         -|   0|  0|  14|          14|          14|
    |r_V_28_fu_1088_p2         |         -|   0|  0|  13|          13|          13|
    |r_V_29_fu_1562_p2         |         -|   0|  0|  14|          14|          14|
    |r_V_2_fu_1324_p2          |         -|   0|  0|  14|          14|          14|
    |r_V_31_fu_1612_p2         |         -|   0|  0|  14|          14|          14|
    |r_V_33_fu_1646_p2         |         -|   0|  0|  14|          14|          14|
    |r_V_5_fu_750_p2           |         -|   0|  0|  12|          12|          12|
    |r_V_7_fu_784_p2           |         -|   0|  0|  13|          13|          13|
    |r_V_9_fu_828_p2           |         -|   0|  0|  12|          12|          12|
    |ap_block_state1           |        or|   0|  0|   2|           1|           1|
    +--------------------------+----------+----+---+----+------------+------------+
    |Total                     |          |   0|  0| 686|         652|         589|
    +--------------------------+----------+----+---+----+------------+------------+

    * Multiplexer: 
    +------------------+----+-----------+-----+-----------+
    |       Name       | LUT| Input Size| Bits| Total Bits|
    +------------------+----+-----------+-----+-----------+
    |ap_NS_fsm         |  65|         14|    1|         14|
    |ap_done           |   9|          2|    1|          2|
    |grp_fu_317_p0     |  65|         12|    8|         96|
    |grp_fu_317_p1     |  48|          9|    7|         63|
    |layer2_out_blk_n  |   9|          2|    1|          2|
    |layer4_out_blk_n  |   9|          2|    1|          2|
    |real_start        |   9|          2|    1|          2|
    +------------------+----+-----------+-----+-----------+
    |Total             | 214|         43|   20|        181|
    +------------------+----+-----------+-----+-----------+

    * Register: 
    +-------------------------+----+----+-----+-----------+
    |           Name          | FF | LUT| Bits| Const Bits|
    +-------------------------+----+----+-----+-----------+
    |a_V_10_reg_2049          |   8|   0|    8|          0|
    |a_V_11_reg_2054          |   8|   0|    8|          0|
    |a_V_12_reg_2059          |   8|   0|    8|          0|
    |a_V_13_reg_1996          |   8|   0|    8|          0|
    |a_V_1_reg_2001           |   8|   0|    8|          0|
    |a_V_2_reg_2006           |   8|   0|    8|          0|
    |a_V_3_reg_2011           |   8|   0|    8|          0|
    |a_V_4_reg_2016           |   8|   0|    8|          0|
    |a_V_5_reg_2022           |   8|   0|    8|          0|
    |a_V_6_reg_2027           |   8|   0|    8|          0|
    |a_V_7_reg_2032           |   8|   0|    8|          0|
    |a_V_8_reg_2038           |   8|   0|    8|          0|
    |a_V_9_reg_2043           |   8|   0|    8|          0|
    |a_V_reg_1991             |   8|   0|    8|          0|
    |ap_CS_fsm                |  13|   0|   13|          0|
    |ap_done_reg              |   1|   0|    1|          0|
    |reg_326                  |  13|   0|   13|          0|
    |reg_332                  |  14|   0|   14|          0|
    |start_once_reg           |   1|   0|    1|          0|
    |tmp_10_reg_2094          |   8|   0|    8|          0|
    |tmp_13_reg_2100          |   8|   0|    8|          0|
    |tmp_15_reg_2106          |   8|   0|    8|          0|
    |tmp_17_reg_2112          |   8|   0|    8|          0|
    |tmp_1_reg_2210           |   1|   0|    1|          0|
    |tmp_20_reg_2123          |   8|   0|    8|          0|
    |tmp_23_reg_2129          |   8|   0|    8|          0|
    |tmp_25_reg_2135          |   8|   0|    8|          0|
    |tmp_26_reg_2141          |   8|   0|    8|          0|
    |tmp_27_reg_2147          |   8|   0|    8|          0|
    |tmp_28_reg_2153          |   8|   0|    8|          0|
    |tmp_2_reg_2070           |   8|   0|    8|          0|
    |tmp_30_reg_2164          |   8|   0|    8|          0|
    |tmp_31_reg_2315          |   8|   0|    8|          0|
    |tmp_4_reg_2076           |   8|   0|    8|          0|
    |tmp_6_reg_2082           |   8|   0|    8|          0|
    |tmp_8_reg_2088           |   8|   0|    8|          0|
    |tmp_reg_2064             |   8|   0|    8|          0|
    |tmp_s_reg_2215           |   5|   0|    5|          0|
    |trunc_ln46_10_reg_2310   |   8|   0|    8|          0|
    |trunc_ln46_1_reg_2305    |   8|   0|    8|          0|
    |trunc_ln46_2_reg_2270    |   8|   0|    8|          0|
    |trunc_ln46_3_reg_2275    |   8|   0|    8|          0|
    |trunc_ln46_4_reg_2280    |   8|   0|    8|          0|
    |trunc_ln46_5_reg_2285    |   8|   0|    8|          0|
    |trunc_ln46_6_reg_2290    |   8|   0|    8|          0|
    |trunc_ln46_7_reg_2250    |   8|   0|    8|          0|
    |trunc_ln46_8_reg_2295    |   8|   0|    8|          0|
    |trunc_ln46_9_reg_2255    |   8|   0|    8|          0|
    |trunc_ln46_s_reg_2300    |   8|   0|    8|          0|
    |trunc_ln818_10_reg_2190  |   6|   0|    6|          0|
    |trunc_ln818_11_reg_2195  |   7|   0|    7|          0|
    |trunc_ln818_12_reg_2200  |   7|   0|    7|          0|
    |trunc_ln818_13_reg_2260  |   7|   0|    7|          0|
    |trunc_ln818_14_reg_2205  |   7|   0|    7|          0|
    |trunc_ln818_15_reg_2265  |   7|   0|    7|          0|
    |trunc_ln818_16_reg_2159  |   7|   0|    7|          0|
    |trunc_ln818_1_reg_2225   |   8|   0|    8|          0|
    |trunc_ln818_2_reg_2230   |   7|   0|    7|          0|
    |trunc_ln818_3_reg_2170   |   7|   0|    7|          0|
    |trunc_ln818_4_reg_2235   |   6|   0|    6|          0|
    |trunc_ln818_5_reg_2175   |   6|   0|    6|          0|
    |trunc_ln818_6_reg_2180   |   7|   0|    7|          0|
    |trunc_ln818_7_reg_2240   |   7|   0|    7|          0|
    |trunc_ln818_8_reg_2118   |   5|   0|    5|          0|
    |trunc_ln818_9_reg_2245   |   7|   0|    7|          0|
    |trunc_ln818_s_reg_2185   |   6|   0|    6|          0|
    |trunc_ln_reg_2220        |   7|   0|    7|          0|
    +-------------------------+----+----+-----+-----------+
    |Total                    | 505|   0|  505|          0|
    +-------------------------+----+----+-----+-----------+



================================================================
== Interface
================================================================
* Summary: 
+---------------------------+-----+-----+------------+-----------------------------------------------------------------------+--------------+
|         RTL Ports         | Dir | Bits|  Protocol  |                             Source Object                             |    C Type    |
+---------------------------+-----+-----+------------+-----------------------------------------------------------------------+--------------+
|ap_clk                     |   in|    1|  ap_ctrl_hs|  normalize<array<ap_fixed,32u>,array<ap_fixed<8,2,5,3,0>,32u>,config4>|  return value|
|ap_rst                     |   in|    1|  ap_ctrl_hs|  normalize<array<ap_fixed,32u>,array<ap_fixed<8,2,5,3,0>,32u>,config4>|  return value|
|ap_start                   |   in|    1|  ap_ctrl_hs|  normalize<array<ap_fixed,32u>,array<ap_fixed<8,2,5,3,0>,32u>,config4>|  return value|
|start_full_n               |   in|    1|  ap_ctrl_hs|  normalize<array<ap_fixed,32u>,array<ap_fixed<8,2,5,3,0>,32u>,config4>|  return value|
|ap_done                    |  out|    1|  ap_ctrl_hs|  normalize<array<ap_fixed,32u>,array<ap_fixed<8,2,5,3,0>,32u>,config4>|  return value|
|ap_continue                |   in|    1|  ap_ctrl_hs|  normalize<array<ap_fixed,32u>,array<ap_fixed<8,2,5,3,0>,32u>,config4>|  return value|
|ap_idle                    |  out|    1|  ap_ctrl_hs|  normalize<array<ap_fixed,32u>,array<ap_fixed<8,2,5,3,0>,32u>,config4>|  return value|
|ap_ready                   |  out|    1|  ap_ctrl_hs|  normalize<array<ap_fixed,32u>,array<ap_fixed<8,2,5,3,0>,32u>,config4>|  return value|
|start_out                  |  out|    1|  ap_ctrl_hs|  normalize<array<ap_fixed,32u>,array<ap_fixed<8,2,5,3,0>,32u>,config4>|  return value|
|start_write                |  out|    1|  ap_ctrl_hs|  normalize<array<ap_fixed,32u>,array<ap_fixed<8,2,5,3,0>,32u>,config4>|  return value|
|layer2_out_dout            |   in|  256|     ap_fifo|                                                             layer2_out|       pointer|
|layer2_out_num_data_valid  |   in|    2|     ap_fifo|                                                             layer2_out|       pointer|
|layer2_out_fifo_cap        |   in|    2|     ap_fifo|                                                             layer2_out|       pointer|
|layer2_out_empty_n         |   in|    1|     ap_fifo|                                                             layer2_out|       pointer|
|layer2_out_read            |  out|    1|     ap_fifo|                                                             layer2_out|       pointer|
|layer4_out_din             |  out|  256|     ap_fifo|                                                             layer4_out|       pointer|
|layer4_out_num_data_valid  |   in|    2|     ap_fifo|                                                             layer4_out|       pointer|
|layer4_out_fifo_cap        |   in|    2|     ap_fifo|                                                             layer4_out|       pointer|
|layer4_out_full_n          |   in|    1|     ap_fifo|                                                             layer4_out|       pointer|
|layer4_out_write           |  out|    1|     ap_fifo|                                                             layer4_out|       pointer|
+---------------------------+-----+-----+------------+-----------------------------------------------------------------------+--------------+

============================================================
+ Verbose Summary: Synthesis Manager
============================================================
InlineROM: 1
ExposeGlobal: 0
============================================================
+ Verbose Summary: CDFG Model
============================================================
IsTopModel: 0
ResetActiveHigh: 1
IsCombinational: 2
IsDatapathOnly: 0
HasWiredReturn: 1
HasMFsm: 0
HasVarLatency: 1
IsPipeline: 0
IsRtlPipelined: 0
IsInstanceOverlapped: 0
IsDontTouch: 0
HasImplIP: 0
IsGatedGlobalClock: 0


============================================================
+ Verbose Summary: Schedule
============================================================
* Number of FSM states : 13
* Pipeline : 0
* Dataflow Pipeline: 0

* FSM state transitions: 
1 --> 2 
2 --> 3 
3 --> 4 
4 --> 5 
5 --> 6 
6 --> 7 
7 --> 8 
8 --> 9 
9 --> 10 
10 --> 11 
11 --> 12 
12 --> 13 
13 --> 

* FSM state operations: 

State 1 <SV = 0> <Delay = 3.91>
ST_1 : Operation 14 [1/1] (2.18ns)   --->   "%layer2_out_read = read i256 @_ssdm_op_Read.ap_fifo.volatile.i256P0A, i256 %layer2_out" [firmware/nnet_utils/nnet_batchnorm_stream.h:28]   --->   Operation 14 'read' 'layer2_out_read' <Predicate = true> <Delay = 2.18> <CoreInst = "FIFO_SRL">   --->   Core 81 'FIFO_SRL' <Latency = 0> <II = 1> <Delay = 3.63> <Storage> <Opcode : 'read' 'write' 'nbread' 'nbwrite'> <Ports = 0> <Width = 256> <Depth = 1> <FIFO>
ST_1 : Operation 15 [1/1] (0.00ns)   --->   "%a_V = trunc i256 %layer2_out_read" [firmware/nnet_utils/nnet_batchnorm_stream.h:28]   --->   Operation 15 'trunc' 'a_V' <Predicate = true> <Delay = 0.00>
ST_1 : Operation 16 [1/1] (0.00ns)   --->   "%a_V_13 = partselect i8 @_ssdm_op_PartSelect.i8.i256.i32.i32, i256 %layer2_out_read, i32 248, i32 255" [firmware/nnet_utils/nnet_batchnorm_stream.h:28]   --->   Operation 16 'partselect' 'a_V_13' <Predicate = true> <Delay = 0.00>
ST_1 : Operation 17 [1/1] (0.00ns)   --->   "%a_V_1 = partselect i8 @_ssdm_op_PartSelect.i8.i256.i32.i32, i256 %layer2_out_read, i32 16, i32 23" [firmware/nnet_utils/nnet_batchnorm_stream.h:28]   --->   Operation 17 'partselect' 'a_V_1' <Predicate = true> <Delay = 0.00>
ST_1 : Operation 18 [1/1] (0.00ns)   --->   "%a_V_2 = partselect i8 @_ssdm_op_PartSelect.i8.i256.i32.i32, i256 %layer2_out_read, i32 32, i32 39" [firmware/nnet_utils/nnet_batchnorm_stream.h:28]   --->   Operation 18 'partselect' 'a_V_2' <Predicate = true> <Delay = 0.00>
ST_1 : Operation 19 [1/1] (0.00ns)   --->   "%a_V_3 = partselect i8 @_ssdm_op_PartSelect.i8.i256.i32.i32, i256 %layer2_out_read, i32 48, i32 55" [firmware/nnet_utils/nnet_batchnorm_stream.h:28]   --->   Operation 19 'partselect' 'a_V_3' <Predicate = true> <Delay = 0.00>
ST_1 : Operation 20 [1/1] (0.00ns)   --->   "%a_V_4 = partselect i8 @_ssdm_op_PartSelect.i8.i256.i32.i32, i256 %layer2_out_read, i32 80, i32 87" [firmware/nnet_utils/nnet_batchnorm_stream.h:28]   --->   Operation 20 'partselect' 'a_V_4' <Predicate = true> <Delay = 0.00>
ST_1 : Operation 21 [1/1] (0.00ns)   --->   "%a_V_5 = partselect i8 @_ssdm_op_PartSelect.i8.i256.i32.i32, i256 %layer2_out_read, i32 112, i32 119" [firmware/nnet_utils/nnet_batchnorm_stream.h:28]   --->   Operation 21 'partselect' 'a_V_5' <Predicate = true> <Delay = 0.00>
ST_1 : Operation 22 [1/1] (0.00ns)   --->   "%a_V_6 = partselect i8 @_ssdm_op_PartSelect.i8.i256.i32.i32, i256 %layer2_out_read, i32 128, i32 135" [firmware/nnet_utils/nnet_batchnorm_stream.h:28]   --->   Operation 22 'partselect' 'a_V_6' <Predicate = true> <Delay = 0.00>
ST_1 : Operation 23 [1/1] (0.00ns)   --->   "%a_V_7 = partselect i8 @_ssdm_op_PartSelect.i8.i256.i32.i32, i256 %layer2_out_read, i32 144, i32 151" [firmware/nnet_utils/nnet_batchnorm_stream.h:28]   --->   Operation 23 'partselect' 'a_V_7' <Predicate = true> <Delay = 0.00>
ST_1 : Operation 24 [1/1] (0.00ns)   --->   "%a_V_8 = partselect i8 @_ssdm_op_PartSelect.i8.i256.i32.i32, i256 %layer2_out_read, i32 152, i32 159" [firmware/nnet_utils/nnet_batchnorm_stream.h:28]   --->   Operation 24 'partselect' 'a_V_8' <Predicate = true> <Delay = 0.00>
ST_1 : Operation 25 [1/1] (0.00ns)   --->   "%a_V_9 = partselect i8 @_ssdm_op_PartSelect.i8.i256.i32.i32, i256 %layer2_out_read, i32 176, i32 183" [firmware/nnet_utils/nnet_batchnorm_stream.h:28]   --->   Operation 25 'partselect' 'a_V_9' <Predicate = true> <Delay = 0.00>
ST_1 : Operation 26 [1/1] (0.00ns)   --->   "%a_V_10 = partselect i8 @_ssdm_op_PartSelect.i8.i256.i32.i32, i256 %layer2_out_read, i32 184, i32 191" [firmware/nnet_utils/nnet_batchnorm_stream.h:28]   --->   Operation 26 'partselect' 'a_V_10' <Predicate = true> <Delay = 0.00>
ST_1 : Operation 27 [1/1] (0.00ns)   --->   "%a_V_11 = partselect i8 @_ssdm_op_PartSelect.i8.i256.i32.i32, i256 %layer2_out_read, i32 192, i32 199" [firmware/nnet_utils/nnet_batchnorm_stream.h:28]   --->   Operation 27 'partselect' 'a_V_11' <Predicate = true> <Delay = 0.00>
ST_1 : Operation 28 [1/1] (0.00ns)   --->   "%a_V_12 = partselect i8 @_ssdm_op_PartSelect.i8.i256.i32.i32, i256 %layer2_out_read, i32 216, i32 223" [firmware/nnet_utils/nnet_batchnorm_stream.h:28]   --->   Operation 28 'partselect' 'a_V_12' <Predicate = true> <Delay = 0.00>
ST_1 : Operation 29 [1/1] (0.00ns)   --->   "%tmp = partselect i8 @_ssdm_op_PartSelect.i8.i256.i32.i32, i256 %layer2_out_read, i32 8, i32 15"   --->   Operation 29 'partselect' 'tmp' <Predicate = true> <Delay = 0.00>
ST_1 : Operation 30 [1/1] (0.00ns)   --->   "%tmp_2 = partselect i8 @_ssdm_op_PartSelect.i8.i256.i32.i32, i256 %layer2_out_read, i32 24, i32 31"   --->   Operation 30 'partselect' 'tmp_2' <Predicate = true> <Delay = 0.00>
ST_1 : Operation 31 [1/1] (0.00ns)   --->   "%tmp_4 = partselect i8 @_ssdm_op_PartSelect.i8.i256.i32.i32, i256 %layer2_out_read, i32 40, i32 47"   --->   Operation 31 'partselect' 'tmp_4' <Predicate = true> <Delay = 0.00>
ST_1 : Operation 32 [1/1] (0.00ns)   --->   "%tmp_6 = partselect i8 @_ssdm_op_PartSelect.i8.i256.i32.i32, i256 %layer2_out_read, i32 56, i32 63"   --->   Operation 32 'partselect' 'tmp_6' <Predicate = true> <Delay = 0.00>
ST_1 : Operation 33 [1/1] (0.00ns)   --->   "%tmp_8 = partselect i8 @_ssdm_op_PartSelect.i8.i256.i32.i32, i256 %layer2_out_read, i32 64, i32 71"   --->   Operation 33 'partselect' 'tmp_8' <Predicate = true> <Delay = 0.00>
ST_1 : Operation 34 [1/1] (0.00ns)   --->   "%tmp_10 = partselect i8 @_ssdm_op_PartSelect.i8.i256.i32.i32, i256 %layer2_out_read, i32 72, i32 79"   --->   Operation 34 'partselect' 'tmp_10' <Predicate = true> <Delay = 0.00>
ST_1 : Operation 35 [1/1] (0.00ns)   --->   "%tmp_13 = partselect i8 @_ssdm_op_PartSelect.i8.i256.i32.i32, i256 %layer2_out_read, i32 88, i32 95"   --->   Operation 35 'partselect' 'tmp_13' <Predicate = true> <Delay = 0.00>
ST_1 : Operation 36 [1/1] (0.00ns)   --->   "%tmp_15 = partselect i8 @_ssdm_op_PartSelect.i8.i256.i32.i32, i256 %layer2_out_read, i32 96, i32 103"   --->   Operation 36 'partselect' 'tmp_15' <Predicate = true> <Delay = 0.00>
ST_1 : Operation 37 [1/1] (0.00ns)   --->   "%tmp_17 = partselect i8 @_ssdm_op_PartSelect.i8.i256.i32.i32, i256 %layer2_out_read, i32 104, i32 111"   --->   Operation 37 'partselect' 'tmp_17' <Predicate = true> <Delay = 0.00>
ST_1 : Operation 38 [1/1] (0.00ns)   --->   "%tmp_19 = partselect i8 @_ssdm_op_PartSelect.i8.i256.i32.i32, i256 %layer2_out_read, i32 120, i32 127"   --->   Operation 38 'partselect' 'tmp_19' <Predicate = true> <Delay = 0.00>
ST_1 : Operation 39 [1/1] (0.00ns)   --->   "%r_V_17 = bitconcatenate i10 @_ssdm_op_BitConcatenate.i10.i8.i2, i8 %tmp_19, i2 0"   --->   Operation 39 'bitconcatenate' 'r_V_17' <Predicate = true> <Delay = 0.00>
ST_1 : Operation 40 [1/1] (0.00ns)   --->   "%sext_ln1270_5 = sext i10 %r_V_17"   --->   Operation 40 'sext' 'sext_ln1270_5' <Predicate = true> <Delay = 0.00>
ST_1 : Operation 41 [1/1] (1.73ns)   --->   "%add_ln1347 = add i11 %sext_ln1270_5, i11 1920"   --->   Operation 41 'add' 'add_ln1347' <Predicate = true> <Delay = 1.73> <CoreInst = "Adder">   --->   Core 1 'Adder' <Latency = 0> <II = 1> <Delay = 1.63> <FuncUnit> <Opcode : 'add' 'sub'> <InPorts = 2> <OutPorts = 1>
ST_1 : Operation 42 [1/1] (0.00ns)   --->   "%trunc_ln818_8 = partselect i5 @_ssdm_op_PartSelect.i5.i11.i32.i32, i11 %add_ln1347, i32 6, i32 10"   --->   Operation 42 'partselect' 'trunc_ln818_8' <Predicate = true> <Delay = 0.00>
ST_1 : Operation 43 [1/1] (0.00ns)   --->   "%tmp_20 = partselect i8 @_ssdm_op_PartSelect.i8.i256.i32.i32, i256 %layer2_out_read, i32 136, i32 143"   --->   Operation 43 'partselect' 'tmp_20' <Predicate = true> <Delay = 0.00>
ST_1 : Operation 44 [1/1] (0.00ns)   --->   "%tmp_23 = partselect i8 @_ssdm_op_PartSelect.i8.i256.i32.i32, i256 %layer2_out_read, i32 160, i32 167"   --->   Operation 44 'partselect' 'tmp_23' <Predicate = true> <Delay = 0.00>
ST_1 : Operation 45 [1/1] (0.00ns)   --->   "%tmp_25 = partselect i8 @_ssdm_op_PartSelect.i8.i256.i32.i32, i256 %layer2_out_read, i32 168, i32 175"   --->   Operation 45 'partselect' 'tmp_25' <Predicate = true> <Delay = 0.00>
ST_1 : Operation 46 [1/1] (0.00ns)   --->   "%tmp_26 = partselect i8 @_ssdm_op_PartSelect.i8.i256.i32.i32, i256 %layer2_out_read, i32 200, i32 207"   --->   Operation 46 'partselect' 'tmp_26' <Predicate = true> <Delay = 0.00>
ST_1 : Operation 47 [1/1] (0.00ns)   --->   "%tmp_27 = partselect i8 @_ssdm_op_PartSelect.i8.i256.i32.i32, i256 %layer2_out_read, i32 208, i32 215"   --->   Operation 47 'partselect' 'tmp_27' <Predicate = true> <Delay = 0.00>
ST_1 : Operation 48 [1/1] (0.00ns)   --->   "%tmp_28 = partselect i8 @_ssdm_op_PartSelect.i8.i256.i32.i32, i256 %layer2_out_read, i32 224, i32 231"   --->   Operation 48 'partselect' 'tmp_28' <Predicate = true> <Delay = 0.00>
ST_1 : Operation 49 [1/1] (0.00ns)   --->   "%tmp_29 = partselect i8 @_ssdm_op_PartSelect.i8.i256.i32.i32, i256 %layer2_out_read, i32 232, i32 239"   --->   Operation 49 'partselect' 'tmp_29' <Predicate = true> <Delay = 0.00>
ST_1 : Operation 50 [1/1] (0.00ns)   --->   "%r_V_32 = bitconcatenate i12 @_ssdm_op_BitConcatenate.i12.i8.i4, i8 %tmp_29, i4 0"   --->   Operation 50 'bitconcatenate' 'r_V_32' <Predicate = true> <Delay = 0.00>
ST_1 : Operation 51 [1/1] (0.00ns)   --->   "%sext_ln1270_11 = sext i12 %r_V_32"   --->   Operation 51 'sext' 'sext_ln1270_11' <Predicate = true> <Delay = 0.00>
ST_1 : Operation 52 [1/1] (1.54ns)   --->   "%add_ln1347_14 = add i13 %sext_ln1270_11, i13 7616"   --->   Operation 52 'add' 'add_ln1347_14' <Predicate = true> <Delay = 1.54> <CoreInst = "Adder">   --->   Core 1 'Adder' <Latency = 0> <II = 1> <Delay = 1.67> <FuncUnit> <Opcode : 'add' 'sub'> <InPorts = 2> <OutPorts = 1>
ST_1 : Operation 53 [1/1] (0.00ns)   --->   "%trunc_ln818_16 = partselect i7 @_ssdm_op_PartSelect.i7.i13.i32.i32, i13 %add_ln1347_14, i32 6, i32 12"   --->   Operation 53 'partselect' 'trunc_ln818_16' <Predicate = true> <Delay = 0.00>
ST_1 : Operation 54 [1/1] (0.00ns)   --->   "%tmp_30 = partselect i8 @_ssdm_op_PartSelect.i8.i256.i32.i32, i256 %layer2_out_read, i32 240, i32 247"   --->   Operation 54 'partselect' 'tmp_30' <Predicate = true> <Delay = 0.00>

State 2 <SV = 1> <Delay = 4.17>
ST_2 : Operation 55 [1/1] (0.00ns)   --->   "%sext_ln1270 = sext i8 %a_V"   --->   Operation 55 'sext' 'sext_ln1270' <Predicate = true> <Delay = 0.00>
ST_2 : Operation 56 [1/1] (4.17ns)   --->   "%r_V_1 = mul i13 %sext_ln1270, i13 13"   --->   Operation 56 'mul' 'r_V_1' <Predicate = true> <Delay = 4.17> <CoreInst = "Multiplier">   --->   Core 3 'Multiplier' <Latency = 0> <II = 1> <Delay = 4.17> <FuncUnit> <Opcode : 'mul'> <InPorts = 2> <OutPorts = 1>
ST_2 : Operation 57 [1/1] (0.00ns)   --->   "%shl_ln1273_2 = bitconcatenate i11 @_ssdm_op_BitConcatenate.i11.i8.i3, i8 %tmp_2, i3 0"   --->   Operation 57 'bitconcatenate' 'shl_ln1273_2' <Predicate = true> <Delay = 0.00>
ST_2 : Operation 58 [1/1] (0.00ns)   --->   "%sext_ln1273_2 = sext i11 %shl_ln1273_2"   --->   Operation 58 'sext' 'sext_ln1273_2' <Predicate = true> <Delay = 0.00>
ST_2 : Operation 59 [1/1] (0.00ns)   --->   "%shl_ln1273_3 = bitconcatenate i9 @_ssdm_op_BitConcatenate.i9.i8.i1, i8 %tmp_2, i1 0"   --->   Operation 59 'bitconcatenate' 'shl_ln1273_3' <Predicate = true> <Delay = 0.00>
ST_2 : Operation 60 [1/1] (0.00ns)   --->   "%sext_ln1273_3 = sext i9 %shl_ln1273_3"   --->   Operation 60 'sext' 'sext_ln1273_3' <Predicate = true> <Delay = 0.00>
ST_2 : Operation 61 [1/1] (1.63ns)   --->   "%r_V_5 = sub i12 %sext_ln1273_2, i12 %sext_ln1273_3"   --->   Operation 61 'sub' 'r_V_5' <Predicate = true> <Delay = 1.63> <CoreInst = "Adder">   --->   Core 1 'Adder' <Latency = 0> <II = 1> <Delay = 1.54> <FuncUnit> <Opcode : 'add' 'sub'> <InPorts = 2> <OutPorts = 1>
ST_2 : Operation 62 [1/1] (1.54ns)   --->   "%ret_V_2 = add i12 %r_V_5, i12 3712"   --->   Operation 62 'add' 'ret_V_2' <Predicate = true> <Delay = 1.54> <CoreInst = "Adder">   --->   Core 1 'Adder' <Latency = 0> <II = 1> <Delay = 1.54> <FuncUnit> <Opcode : 'add' 'sub'> <InPorts = 2> <OutPorts = 1>
ST_2 : Operation 63 [1/1] (0.00ns)   --->   "%shl_ln1273_4 = bitconcatenate i12 @_ssdm_op_BitConcatenate.i12.i8.i4, i8 %tmp_4, i4 0"   --->   Operation 63 'bitconcatenate' 'shl_ln1273_4' <Predicate = true> <Delay = 0.00>
ST_2 : Operation 64 [1/1] (0.00ns)   --->   "%sext_ln1273_4 = sext i12 %shl_ln1273_4"   --->   Operation 64 'sext' 'sext_ln1273_4' <Predicate = true> <Delay = 0.00>
ST_2 : Operation 65 [1/1] (0.00ns)   --->   "%shl_ln1273_5 = bitconcatenate i10 @_ssdm_op_BitConcatenate.i10.i8.i2, i8 %tmp_4, i2 0"   --->   Operation 65 'bitconcatenate' 'shl_ln1273_5' <Predicate = true> <Delay = 0.00>
ST_2 : Operation 66 [1/1] (0.00ns)   --->   "%sext_ln1273_5 = sext i10 %shl_ln1273_5"   --->   Operation 66 'sext' 'sext_ln1273_5' <Predicate = true> <Delay = 0.00>
ST_2 : Operation 67 [1/1] (0.00ns) (grouped into TernaryAdder)   --->   "%r_V_7 = sub i13 %sext_ln1273_4, i13 %sext_ln1273_5"   --->   Operation 67 'sub' 'r_V_7' <Predicate = true> <Delay = 0.00> <CoreInst = "TAddSub">   --->   Core 10 'TAddSub' <Latency = 0> <II = 1> <Delay = 1.92> <IPBlock> <Opcode : 'add' 'sub'> <InPorts = 3> <OutPorts = 1> <Sync> <CReg>
ST_2 : Operation 68 [1/1] (3.81ns) (root node of TernaryAdder)   --->   "%ret_V_4 = add i13 %r_V_7, i13 7232"   --->   Operation 68 'add' 'ret_V_4' <Predicate = true> <Delay = 3.81> <CoreInst = "TAddSub">   --->   Core 10 'TAddSub' <Latency = 0> <II = 1> <Delay = 1.92> <IPBlock> <Opcode : 'add' 'sub'> <InPorts = 3> <OutPorts = 1> <Sync> <CReg>
ST_2 : Operation 69 [1/1] (0.00ns)   --->   "%trunc_ln818_3 = partselect i7 @_ssdm_op_PartSelect.i7.i13.i32.i32, i13 %ret_V_4, i32 6, i32 12"   --->   Operation 69 'partselect' 'trunc_ln818_3' <Predicate = true> <Delay = 0.00>
ST_2 : Operation 70 [1/1] (0.00ns)   --->   "%shl_ln1273_6 = bitconcatenate i11 @_ssdm_op_BitConcatenate.i11.i8.i3, i8 %tmp_6, i3 0"   --->   Operation 70 'bitconcatenate' 'shl_ln1273_6' <Predicate = true> <Delay = 0.00>
ST_2 : Operation 71 [1/1] (0.00ns)   --->   "%sext_ln1273_6 = sext i11 %shl_ln1273_6"   --->   Operation 71 'sext' 'sext_ln1273_6' <Predicate = true> <Delay = 0.00>
ST_2 : Operation 72 [1/1] (0.00ns)   --->   "%shl_ln1273_7 = bitconcatenate i9 @_ssdm_op_BitConcatenate.i9.i8.i1, i8 %tmp_6, i1 0"   --->   Operation 72 'bitconcatenate' 'shl_ln1273_7' <Predicate = true> <Delay = 0.00>
ST_2 : Operation 73 [1/1] (0.00ns)   --->   "%sext_ln1273_7 = sext i9 %shl_ln1273_7"   --->   Operation 73 'sext' 'sext_ln1273_7' <Predicate = true> <Delay = 0.00>
ST_2 : Operation 74 [1/1] (0.00ns) (grouped into TernaryAdder)   --->   "%r_V_9 = sub i12 %sext_ln1273_6, i12 %sext_ln1273_7"   --->   Operation 74 'sub' 'r_V_9' <Predicate = true> <Delay = 0.00> <CoreInst = "TAddSub">   --->   Core 10 'TAddSub' <Latency = 0> <II = 1> <Delay = 1.92> <IPBlock> <Opcode : 'add' 'sub'> <InPorts = 3> <OutPorts = 1> <Sync> <CReg>
ST_2 : Operation 75 [1/1] (3.78ns) (root node of TernaryAdder)   --->   "%ret_V_6 = add i12 %r_V_9, i12 3648"   --->   Operation 75 'add' 'ret_V_6' <Predicate = true> <Delay = 3.78> <CoreInst = "TAddSub">   --->   Core 10 'TAddSub' <Latency = 0> <II = 1> <Delay = 1.92> <IPBlock> <Opcode : 'add' 'sub'> <InPorts = 3> <OutPorts = 1> <Sync> <CReg>
ST_2 : Operation 76 [1/1] (0.00ns)   --->   "%trunc_ln818_5 = partselect i6 @_ssdm_op_PartSelect.i6.i12.i32.i32, i12 %ret_V_6, i32 6, i32 11"   --->   Operation 76 'partselect' 'trunc_ln818_5' <Predicate = true> <Delay = 0.00>
ST_2 : Operation 77 [1/1] (0.00ns)   --->   "%shl_ln1273_16 = bitconcatenate i12 @_ssdm_op_BitConcatenate.i12.i8.i4, i8 %tmp_17, i4 0"   --->   Operation 77 'bitconcatenate' 'shl_ln1273_16' <Predicate = true> <Delay = 0.00>
ST_2 : Operation 78 [1/1] (0.00ns)   --->   "%sext_ln1273_17 = sext i12 %shl_ln1273_16"   --->   Operation 78 'sext' 'sext_ln1273_17' <Predicate = true> <Delay = 0.00>
ST_2 : Operation 79 [1/1] (0.00ns)   --->   "%shl_ln1273_17 = bitconcatenate i10 @_ssdm_op_BitConcatenate.i10.i8.i2, i8 %tmp_17, i2 0"   --->   Operation 79 'bitconcatenate' 'shl_ln1273_17' <Predicate = true> <Delay = 0.00>
ST_2 : Operation 80 [1/1] (0.00ns)   --->   "%sext_ln1273_18 = sext i10 %shl_ln1273_17"   --->   Operation 80 'sext' 'sext_ln1273_18' <Predicate = true> <Delay = 0.00>
ST_2 : Operation 81 [1/1] (0.00ns) (grouped into TernaryAdder)   --->   "%r_V_15 = sub i13 %sext_ln1273_17, i13 %sext_ln1273_18"   --->   Operation 81 'sub' 'r_V_15' <Predicate = true> <Delay = 0.00> <CoreInst = "TAddSub">   --->   Core 10 'TAddSub' <Latency = 0> <II = 1> <Delay = 1.92> <IPBlock> <Opcode : 'add' 'sub'> <InPorts = 3> <OutPorts = 1> <Sync> <CReg>
ST_2 : Operation 82 [1/1] (3.81ns) (root node of TernaryAdder)   --->   "%ret_V_12 = add i13 %r_V_15, i13 320"   --->   Operation 82 'add' 'ret_V_12' <Predicate = true> <Delay = 3.81> <CoreInst = "TAddSub">   --->   Core 10 'TAddSub' <Latency = 0> <II = 1> <Delay = 1.92> <IPBlock> <Opcode : 'add' 'sub'> <InPorts = 3> <OutPorts = 1> <Sync> <CReg>
ST_2 : Operation 83 [1/1] (0.00ns)   --->   "%trunc_ln818_6 = partselect i7 @_ssdm_op_PartSelect.i7.i13.i32.i32, i13 %ret_V_12, i32 6, i32 12"   --->   Operation 83 'partselect' 'trunc_ln818_6' <Predicate = true> <Delay = 0.00>
ST_2 : Operation 84 [1/1] (0.00ns)   --->   "%shl_ln1273_18 = bitconcatenate i11 @_ssdm_op_BitConcatenate.i11.i8.i3, i8 %tmp_20, i3 0"   --->   Operation 84 'bitconcatenate' 'shl_ln1273_18' <Predicate = true> <Delay = 0.00>
ST_2 : Operation 85 [1/1] (0.00ns)   --->   "%sext_ln1273_19 = sext i11 %shl_ln1273_18"   --->   Operation 85 'sext' 'sext_ln1273_19' <Predicate = true> <Delay = 0.00>
ST_2 : Operation 86 [1/1] (0.00ns)   --->   "%shl_ln1273_19 = bitconcatenate i9 @_ssdm_op_BitConcatenate.i9.i8.i1, i8 %tmp_20, i1 0"   --->   Operation 86 'bitconcatenate' 'shl_ln1273_19' <Predicate = true> <Delay = 0.00>
ST_2 : Operation 87 [1/1] (0.00ns)   --->   "%sext_ln1347_1 = sext i9 %shl_ln1273_19"   --->   Operation 87 'sext' 'sext_ln1347_1' <Predicate = true> <Delay = 0.00>
ST_2 : Operation 88 [1/1] (1.82ns)   --->   "%add_ln1347_18 = add i10 %sext_ln1347_1, i10 768"   --->   Operation 88 'add' 'add_ln1347_18' <Predicate = true> <Delay = 1.82> <CoreInst = "Adder">   --->   Core 1 'Adder' <Latency = 0> <II = 1> <Delay = 1.73> <FuncUnit> <Opcode : 'add' 'sub'> <InPorts = 2> <OutPorts = 1>
ST_2 : Operation 89 [1/1] (0.00ns)   --->   "%sext_ln1347_2 = sext i10 %add_ln1347_18"   --->   Operation 89 'sext' 'sext_ln1347_2' <Predicate = true> <Delay = 0.00>
ST_2 : Operation 90 [1/1] (1.63ns)   --->   "%ret_V_15 = add i12 %sext_ln1347_2, i12 %sext_ln1273_19"   --->   Operation 90 'add' 'ret_V_15' <Predicate = true> <Delay = 1.63> <CoreInst = "Adder">   --->   Core 1 'Adder' <Latency = 0> <II = 1> <Delay = 1.54> <FuncUnit> <Opcode : 'add' 'sub'> <InPorts = 2> <OutPorts = 1>
ST_2 : Operation 91 [1/1] (0.00ns)   --->   "%trunc_ln818_s = partselect i6 @_ssdm_op_PartSelect.i6.i12.i32.i32, i12 %ret_V_15, i32 6, i32 11"   --->   Operation 91 'partselect' 'trunc_ln818_s' <Predicate = true> <Delay = 0.00>
ST_2 : Operation 92 [1/1] (0.00ns)   --->   "%sext_ln1270_7 = sext i8 %a_V_7"   --->   Operation 92 'sext' 'sext_ln1270_7' <Predicate = true> <Delay = 0.00>
ST_2 : Operation 93 [1/1] (0.00ns)   --->   "%shl_ln1273_20 = bitconcatenate i11 @_ssdm_op_BitConcatenate.i11.i8.i3, i8 %a_V_7, i3 0"   --->   Operation 93 'bitconcatenate' 'shl_ln1273_20' <Predicate = true> <Delay = 0.00>
ST_2 : Operation 94 [1/1] (0.00ns)   --->   "%sext_ln1273_20 = sext i11 %shl_ln1273_20"   --->   Operation 94 'sext' 'sext_ln1273_20' <Predicate = true> <Delay = 0.00>
ST_2 : Operation 95 [1/1] (1.82ns)   --->   "%add_ln1347_20 = add i9 %sext_ln1270_7, i9 320"   --->   Operation 95 'add' 'add_ln1347_20' <Predicate = true> <Delay = 1.82> <CoreInst = "Adder">   --->   Core 1 'Adder' <Latency = 0> <II = 1> <Delay = 1.82> <FuncUnit> <Opcode : 'add' 'sub'> <InPorts = 2> <OutPorts = 1>
ST_2 : Operation 96 [1/1] (0.00ns)   --->   "%zext_ln1347 = zext i9 %add_ln1347_20"   --->   Operation 96 'zext' 'zext_ln1347' <Predicate = true> <Delay = 0.00>
ST_2 : Operation 97 [1/1] (1.63ns)   --->   "%ret_V_16 = add i12 %zext_ln1347, i12 %sext_ln1273_20"   --->   Operation 97 'add' 'ret_V_16' <Predicate = true> <Delay = 1.63> <CoreInst = "Adder">   --->   Core 1 'Adder' <Latency = 0> <II = 1> <Delay = 1.54> <FuncUnit> <Opcode : 'add' 'sub'> <InPorts = 2> <OutPorts = 1>
ST_2 : Operation 98 [1/1] (0.00ns)   --->   "%trunc_ln818_10 = partselect i6 @_ssdm_op_PartSelect.i6.i12.i32.i32, i12 %ret_V_16, i32 6, i32 11"   --->   Operation 98 'partselect' 'trunc_ln818_10' <Predicate = true> <Delay = 0.00>
ST_2 : Operation 99 [1/1] (0.00ns)   --->   "%shl_ln1273_21 = bitconcatenate i12 @_ssdm_op_BitConcatenate.i12.i8.i4, i8 %tmp_23, i4 0"   --->   Operation 99 'bitconcatenate' 'shl_ln1273_21' <Predicate = true> <Delay = 0.00>
ST_2 : Operation 100 [1/1] (0.00ns)   --->   "%sext_ln1273_21 = sext i12 %shl_ln1273_21"   --->   Operation 100 'sext' 'sext_ln1273_21' <Predicate = true> <Delay = 0.00>
ST_2 : Operation 101 [1/1] (0.00ns)   --->   "%shl_ln1273_22 = bitconcatenate i9 @_ssdm_op_BitConcatenate.i9.i8.i1, i8 %tmp_23, i1 0"   --->   Operation 101 'bitconcatenate' 'shl_ln1273_22' <Predicate = true> <Delay = 0.00>
ST_2 : Operation 102 [1/1] (0.00ns)   --->   "%sext_ln1273_22 = sext i9 %shl_ln1273_22"   --->   Operation 102 'sext' 'sext_ln1273_22' <Predicate = true> <Delay = 0.00>
ST_2 : Operation 103 [1/1] (0.00ns) (grouped into TernaryAdder)   --->   "%r_V_22 = sub i13 %sext_ln1273_21, i13 %sext_ln1273_22"   --->   Operation 103 'sub' 'r_V_22' <Predicate = true> <Delay = 0.00> <CoreInst = "TAddSub">   --->   Core 10 'TAddSub' <Latency = 0> <II = 1> <Delay = 1.92> <IPBlock> <Opcode : 'add' 'sub'> <InPorts = 3> <OutPorts = 1> <Sync> <CReg>
ST_2 : Operation 104 [1/1] (3.81ns) (root node of TernaryAdder)   --->   "%ret_V_18 = add i13 %r_V_22, i13 256"   --->   Operation 104 'add' 'ret_V_18' <Predicate = true> <Delay = 3.81> <CoreInst = "TAddSub">   --->   Core 10 'TAddSub' <Latency = 0> <II = 1> <Delay = 1.92> <IPBlock> <Opcode : 'add' 'sub'> <InPorts = 3> <OutPorts = 1> <Sync> <CReg>
ST_2 : Operation 105 [1/1] (0.00ns)   --->   "%trunc_ln818_11 = partselect i7 @_ssdm_op_PartSelect.i7.i13.i32.i32, i13 %ret_V_18, i32 6, i32 12"   --->   Operation 105 'partselect' 'trunc_ln818_11' <Predicate = true> <Delay = 0.00>
ST_2 : Operation 106 [1/1] (0.00ns)   --->   "%sext_ln1270_8 = sext i8 %a_V_9"   --->   Operation 106 'sext' 'sext_ln1270_8' <Predicate = true> <Delay = 0.00>
ST_2 : Operation 107 [1/1] (0.00ns)   --->   "%shl_ln1273_25 = bitconcatenate i12 @_ssdm_op_BitConcatenate.i12.i8.i4, i8 %a_V_9, i4 0"   --->   Operation 107 'bitconcatenate' 'shl_ln1273_25' <Predicate = true> <Delay = 0.00>
ST_2 : Operation 108 [1/1] (0.00ns)   --->   "%sext_ln1273_25 = sext i12 %shl_ln1273_25"   --->   Operation 108 'sext' 'sext_ln1273_25' <Predicate = true> <Delay = 0.00>
ST_2 : Operation 109 [1/1] (1.63ns)   --->   "%add_ln1347_25 = add i11 %sext_ln1270_8, i11 1344"   --->   Operation 109 'add' 'add_ln1347_25' <Predicate = true> <Delay = 1.63> <CoreInst = "Adder">   --->   Core 1 'Adder' <Latency = 0> <II = 1> <Delay = 1.63> <FuncUnit> <Opcode : 'add' 'sub'> <InPorts = 2> <OutPorts = 1>
ST_2 : Operation 110 [1/1] (0.00ns)   --->   "%sext_ln1347_4 = sext i11 %add_ln1347_25"   --->   Operation 110 'sext' 'sext_ln1347_4' <Predicate = true> <Delay = 0.00>
ST_2 : Operation 111 [1/1] (1.54ns)   --->   "%ret_V_20 = add i13 %sext_ln1347_4, i13 %sext_ln1273_25"   --->   Operation 111 'add' 'ret_V_20' <Predicate = true> <Delay = 1.54> <CoreInst = "Adder">   --->   Core 1 'Adder' <Latency = 0> <II = 1> <Delay = 1.67> <FuncUnit> <Opcode : 'add' 'sub'> <InPorts = 2> <OutPorts = 1>
ST_2 : Operation 112 [1/1] (0.00ns)   --->   "%trunc_ln818_12 = partselect i7 @_ssdm_op_PartSelect.i7.i13.i32.i32, i13 %ret_V_20, i32 6, i32 12"   --->   Operation 112 'partselect' 'trunc_ln818_12' <Predicate = true> <Delay = 0.00>
ST_2 : Operation 113 [1/1] (0.00ns)   --->   "%shl_ln1273_26 = bitconcatenate i12 @_ssdm_op_BitConcatenate.i12.i8.i4, i8 %tmp_26, i4 0"   --->   Operation 113 'bitconcatenate' 'shl_ln1273_26' <Predicate = true> <Delay = 0.00>
ST_2 : Operation 114 [1/1] (0.00ns)   --->   "%sext_ln1273_26 = sext i12 %shl_ln1273_26"   --->   Operation 114 'sext' 'sext_ln1273_26' <Predicate = true> <Delay = 0.00>
ST_2 : Operation 115 [1/1] (0.00ns)   --->   "%shl_ln1273_27 = bitconcatenate i10 @_ssdm_op_BitConcatenate.i10.i8.i2, i8 %tmp_26, i2 0"   --->   Operation 115 'bitconcatenate' 'shl_ln1273_27' <Predicate = true> <Delay = 0.00>
ST_2 : Operation 116 [1/1] (0.00ns)   --->   "%sext_ln1273_27 = sext i10 %shl_ln1273_27"   --->   Operation 116 'sext' 'sext_ln1273_27' <Predicate = true> <Delay = 0.00>
ST_2 : Operation 117 [1/1] (0.00ns) (grouped into TernaryAdder)   --->   "%r_V_28 = sub i13 %sext_ln1273_26, i13 %sext_ln1273_27"   --->   Operation 117 'sub' 'r_V_28' <Predicate = true> <Delay = 0.00> <CoreInst = "TAddSub">   --->   Core 10 'TAddSub' <Latency = 0> <II = 1> <Delay = 1.92> <IPBlock> <Opcode : 'add' 'sub'> <InPorts = 3> <OutPorts = 1> <Sync> <CReg>
ST_2 : Operation 118 [1/1] (3.81ns) (root node of TernaryAdder)   --->   "%ret_V_23 = add i13 %r_V_28, i13 7552"   --->   Operation 118 'add' 'ret_V_23' <Predicate = true> <Delay = 3.81> <CoreInst = "TAddSub">   --->   Core 10 'TAddSub' <Latency = 0> <II = 1> <Delay = 1.92> <IPBlock> <Opcode : 'add' 'sub'> <InPorts = 3> <OutPorts = 1> <Sync> <CReg>
ST_2 : Operation 119 [1/1] (0.00ns)   --->   "%trunc_ln818_14 = partselect i7 @_ssdm_op_PartSelect.i7.i13.i32.i32, i13 %ret_V_23, i32 6, i32 12"   --->   Operation 119 'partselect' 'trunc_ln818_14' <Predicate = true> <Delay = 0.00>
ST_2 : Operation 120 [1/1] (0.00ns)   --->   "%tmp_1 = bitselect i1 @_ssdm_op_BitSelect.i1.i12.i32, i12 %r_V_5, i32 6" [firmware/nnet_utils/nnet_batchnorm_stream.h:46]   --->   Operation 120 'bitselect' 'tmp_1' <Predicate = true> <Delay = 0.00>
ST_2 : Operation 121 [1/1] (0.00ns)   --->   "%tmp_s = partselect i5 @_ssdm_op_PartSelect.i5.i12.i32.i32, i12 %ret_V_2, i32 7, i32 11" [firmware/nnet_utils/nnet_batchnorm_stream.h:46]   --->   Operation 121 'partselect' 'tmp_s' <Predicate = true> <Delay = 0.00>

State 3 <SV = 2> <Delay = 4.17>
ST_3 : Operation 122 [1/1] (1.67ns)   --->   "%ret_V = add i13 %r_V_1, i13 6656"   --->   Operation 122 'add' 'ret_V' <Predicate = true> <Delay = 1.67> <CoreInst = "Adder">   --->   Core 1 'Adder' <Latency = 0> <II = 1> <Delay = 1.67> <FuncUnit> <Opcode : 'add' 'sub'> <InPorts = 2> <OutPorts = 1>
ST_3 : Operation 123 [1/1] (0.00ns)   --->   "%trunc_ln = partselect i7 @_ssdm_op_PartSelect.i7.i13.i32.i32, i13 %ret_V, i32 6, i32 12"   --->   Operation 123 'partselect' 'trunc_ln' <Predicate = true> <Delay = 0.00>
ST_3 : Operation 124 [1/1] (0.00ns)   --->   "%sext_ln1270_1 = sext i8 %a_V_1"   --->   Operation 124 'sext' 'sext_ln1270_1' <Predicate = true> <Delay = 0.00>
ST_3 : Operation 125 [1/1] (4.17ns)   --->   "%r_V_4 = mul i14 %sext_ln1270_1, i14 26"   --->   Operation 125 'mul' 'r_V_4' <Predicate = true> <Delay = 4.17> <CoreInst = "Multiplier">   --->   Core 3 'Multiplier' <Latency = 0> <II = 1> <Delay = 4.17> <FuncUnit> <Opcode : 'mul'> <InPorts = 2> <OutPorts = 1>
ST_3 : Operation 126 [1/1] (0.00ns)   --->   "%trunc_ln818_1 = partselect i8 @_ssdm_op_PartSelect.i8.i14.i32.i32, i14 %r_V_4, i32 6, i32 13"   --->   Operation 126 'partselect' 'trunc_ln818_1' <Predicate = true> <Delay = 0.00>

State 4 <SV = 3> <Delay = 4.17>
ST_4 : Operation 127 [1/1] (0.00ns)   --->   "%sext_ln1270_2 = sext i8 %a_V_2"   --->   Operation 127 'sext' 'sext_ln1270_2' <Predicate = true> <Delay = 0.00>
ST_4 : Operation 128 [1/1] (4.17ns)   --->   "%mul_ln1270 = mul i13 %sext_ln1270_2, i13 23"   --->   Operation 128 'mul' 'mul_ln1270' <Predicate = true> <Delay = 4.17> <CoreInst = "Multiplier">   --->   Core 3 'Multiplier' <Latency = 0> <II = 1> <Delay = 4.17> <FuncUnit> <Opcode : 'mul'> <InPorts = 2> <OutPorts = 1>

State 5 <SV = 4> <Delay = 4.17>
ST_5 : Operation 129 [1/1] (1.67ns)   --->   "%ret_V_3 = add i13 %mul_ln1270, i13 7232"   --->   Operation 129 'add' 'ret_V_3' <Predicate = true> <Delay = 1.67> <CoreInst = "Adder">   --->   Core 1 'Adder' <Latency = 0> <II = 1> <Delay = 1.67> <FuncUnit> <Opcode : 'add' 'sub'> <InPorts = 2> <OutPorts = 1>
ST_5 : Operation 130 [1/1] (0.00ns)   --->   "%trunc_ln818_2 = partselect i7 @_ssdm_op_PartSelect.i7.i13.i32.i32, i13 %ret_V_3, i32 6, i32 12"   --->   Operation 130 'partselect' 'trunc_ln818_2' <Predicate = true> <Delay = 0.00>
ST_5 : Operation 131 [1/1] (0.00ns)   --->   "%sext_ln1347 = sext i8 %a_V_3"   --->   Operation 131 'sext' 'sext_ln1347' <Predicate = true> <Delay = 0.00>
ST_5 : Operation 132 [1/1] (4.17ns)   --->   "%mul_ln1347 = mul i12 %sext_ln1347, i12 13"   --->   Operation 132 'mul' 'mul_ln1347' <Predicate = true> <Delay = 4.17> <CoreInst = "Multiplier">   --->   Core 3 'Multiplier' <Latency = 0> <II = 1> <Delay = 4.17> <FuncUnit> <Opcode : 'mul'> <InPorts = 2> <OutPorts = 1>

State 6 <SV = 5> <Delay = 4.17>
ST_6 : Operation 133 [1/1] (1.54ns)   --->   "%ret_V_5 = add i12 %mul_ln1347, i12 128"   --->   Operation 133 'add' 'ret_V_5' <Predicate = true> <Delay = 1.54> <CoreInst = "Adder">   --->   Core 1 'Adder' <Latency = 0> <II = 1> <Delay = 1.54> <FuncUnit> <Opcode : 'add' 'sub'> <InPorts = 2> <OutPorts = 1>
ST_6 : Operation 134 [1/1] (0.00ns)   --->   "%trunc_ln818_4 = partselect i6 @_ssdm_op_PartSelect.i6.i12.i32.i32, i12 %ret_V_5, i32 6, i32 11"   --->   Operation 134 'partselect' 'trunc_ln818_4' <Predicate = true> <Delay = 0.00>
ST_6 : Operation 135 [1/1] (0.00ns)   --->   "%sext_ln1270_4 = sext i8 %a_V_5"   --->   Operation 135 'sext' 'sext_ln1270_4' <Predicate = true> <Delay = 0.00>
ST_6 : Operation 136 [1/1] (4.17ns)   --->   "%mul_ln1270_1 = mul i13 %sext_ln1270_4, i13 27"   --->   Operation 136 'mul' 'mul_ln1270_1' <Predicate = true> <Delay = 4.17> <CoreInst = "Multiplier">   --->   Core 3 'Multiplier' <Latency = 0> <II = 1> <Delay = 4.17> <FuncUnit> <Opcode : 'mul'> <InPorts = 2> <OutPorts = 1>

State 7 <SV = 6> <Delay = 4.17>
ST_7 : Operation 137 [1/1] (1.67ns)   --->   "%ret_V_13 = add i13 %mul_ln1270_1, i13 7808"   --->   Operation 137 'add' 'ret_V_13' <Predicate = true> <Delay = 1.67> <CoreInst = "Adder">   --->   Core 1 'Adder' <Latency = 0> <II = 1> <Delay = 1.67> <FuncUnit> <Opcode : 'add' 'sub'> <InPorts = 2> <OutPorts = 1>
ST_7 : Operation 138 [1/1] (0.00ns)   --->   "%trunc_ln818_7 = partselect i7 @_ssdm_op_PartSelect.i7.i13.i32.i32, i13 %ret_V_13, i32 6, i32 12"   --->   Operation 138 'partselect' 'trunc_ln818_7' <Predicate = true> <Delay = 0.00>
ST_7 : Operation 139 [1/1] (0.00ns)   --->   "%sext_ln1270_6 = sext i8 %a_V_6"   --->   Operation 139 'sext' 'sext_ln1270_6' <Predicate = true> <Delay = 0.00>
ST_7 : Operation 140 [1/1] (4.17ns)   --->   "%r_V_19 = mul i13 %sext_ln1270_6, i13 13"   --->   Operation 140 'mul' 'r_V_19' <Predicate = true> <Delay = 4.17> <CoreInst = "Multiplier">   --->   Core 3 'Multiplier' <Latency = 0> <II = 1> <Delay = 4.17> <FuncUnit> <Opcode : 'mul'> <InPorts = 2> <OutPorts = 1>

State 8 <SV = 7> <Delay = 4.17>
ST_8 : Operation 141 [1/1] (1.67ns)   --->   "%ret_V_14 = add i13 %r_V_19, i13 7104"   --->   Operation 141 'add' 'ret_V_14' <Predicate = true> <Delay = 1.67> <CoreInst = "Adder">   --->   Core 1 'Adder' <Latency = 0> <II = 1> <Delay = 1.67> <FuncUnit> <Opcode : 'add' 'sub'> <InPorts = 2> <OutPorts = 1>
ST_8 : Operation 142 [1/1] (0.00ns)   --->   "%trunc_ln818_9 = partselect i7 @_ssdm_op_PartSelect.i7.i13.i32.i32, i13 %ret_V_14, i32 6, i32 12"   --->   Operation 142 'partselect' 'trunc_ln818_9' <Predicate = true> <Delay = 0.00>
ST_8 : Operation 143 [1/1] (0.00ns)   --->   "%sext_ln1347_3 = sext i8 %a_V_8"   --->   Operation 143 'sext' 'sext_ln1347_3' <Predicate = true> <Delay = 0.00>
ST_8 : Operation 144 [1/1] (4.17ns)   --->   "%mul_ln1347_1 = mul i14 %sext_ln1347_3, i14 39"   --->   Operation 144 'mul' 'mul_ln1347_1' <Predicate = true> <Delay = 4.17> <CoreInst = "Multiplier">   --->   Core 3 'Multiplier' <Latency = 0> <II = 1> <Delay = 4.17> <FuncUnit> <Opcode : 'mul'> <InPorts = 2> <OutPorts = 1>

State 9 <SV = 8> <Delay = 4.17>
ST_9 : Operation 145 [1/1] (1.81ns)   --->   "%ret_V_17 = add i14 %mul_ln1347_1, i14 128"   --->   Operation 145 'add' 'ret_V_17' <Predicate = true> <Delay = 1.81> <CoreInst = "Adder">   --->   Core 1 'Adder' <Latency = 0> <II = 1> <Delay = 1.81> <FuncUnit> <Opcode : 'add' 'sub'> <InPorts = 2> <OutPorts = 1>
ST_9 : Operation 146 [1/1] (0.00ns)   --->   "%sext_ln1347_5 = sext i8 %a_V_10"   --->   Operation 146 'sext' 'sext_ln1347_5' <Predicate = true> <Delay = 0.00>
ST_9 : Operation 147 [1/1] (4.17ns)   --->   "%mul_ln1347_2 = mul i14 %sext_ln1347_5, i14 41"   --->   Operation 147 'mul' 'mul_ln1347_2' <Predicate = true> <Delay = 4.17> <CoreInst = "Multiplier">   --->   Core 3 'Multiplier' <Latency = 0> <II = 1> <Delay = 4.17> <FuncUnit> <Opcode : 'mul'> <InPorts = 2> <OutPorts = 1>
ST_9 : Operation 148 [1/1] (0.00ns)   --->   "%trunc_ln46_7 = partselect i8 @_ssdm_op_PartSelect.i8.i14.i32.i32, i14 %ret_V_17, i32 6, i32 13" [firmware/nnet_utils/nnet_batchnorm_stream.h:46]   --->   Operation 148 'partselect' 'trunc_ln46_7' <Predicate = true> <Delay = 0.00>

State 10 <SV = 9> <Delay = 4.17>
ST_10 : Operation 149 [1/1] (1.81ns)   --->   "%ret_V_21 = add i14 %mul_ln1347_2, i14 13440"   --->   Operation 149 'add' 'ret_V_21' <Predicate = true> <Delay = 1.81> <CoreInst = "Adder">   --->   Core 1 'Adder' <Latency = 0> <II = 1> <Delay = 1.81> <FuncUnit> <Opcode : 'add' 'sub'> <InPorts = 2> <OutPorts = 1>
ST_10 : Operation 150 [1/1] (0.00ns)   --->   "%sext_ln1270_9 = sext i8 %a_V_11"   --->   Operation 150 'sext' 'sext_ln1270_9' <Predicate = true> <Delay = 0.00>
ST_10 : Operation 151 [1/1] (4.17ns)   --->   "%r_V_27 = mul i13 %sext_ln1270_9, i13 13"   --->   Operation 151 'mul' 'r_V_27' <Predicate = true> <Delay = 4.17> <CoreInst = "Multiplier">   --->   Core 3 'Multiplier' <Latency = 0> <II = 1> <Delay = 4.17> <FuncUnit> <Opcode : 'mul'> <InPorts = 2> <OutPorts = 1>
ST_10 : Operation 152 [1/1] (0.00ns)   --->   "%trunc_ln46_9 = partselect i8 @_ssdm_op_PartSelect.i8.i14.i32.i32, i14 %ret_V_21, i32 6, i32 13" [firmware/nnet_utils/nnet_batchnorm_stream.h:46]   --->   Operation 152 'partselect' 'trunc_ln46_9' <Predicate = true> <Delay = 0.00>

State 11 <SV = 10> <Delay = 4.17>
ST_11 : Operation 153 [1/1] (1.67ns)   --->   "%ret_V_22 = add i13 %r_V_27, i13 7552"   --->   Operation 153 'add' 'ret_V_22' <Predicate = true> <Delay = 1.67> <CoreInst = "Adder">   --->   Core 1 'Adder' <Latency = 0> <II = 1> <Delay = 1.67> <FuncUnit> <Opcode : 'add' 'sub'> <InPorts = 2> <OutPorts = 1>
ST_11 : Operation 154 [1/1] (0.00ns)   --->   "%trunc_ln818_13 = partselect i7 @_ssdm_op_PartSelect.i7.i13.i32.i32, i13 %ret_V_22, i32 6, i32 12"   --->   Operation 154 'partselect' 'trunc_ln818_13' <Predicate = true> <Delay = 0.00>
ST_11 : Operation 155 [1/1] (0.00ns)   --->   "%sext_ln1270_10 = sext i8 %a_V_12"   --->   Operation 155 'sext' 'sext_ln1270_10' <Predicate = true> <Delay = 0.00>
ST_11 : Operation 156 [1/1] (4.17ns)   --->   "%mul_ln1270_2 = mul i13 %sext_ln1270_10, i13 23"   --->   Operation 156 'mul' 'mul_ln1270_2' <Predicate = true> <Delay = 4.17> <CoreInst = "Multiplier">   --->   Core 3 'Multiplier' <Latency = 0> <II = 1> <Delay = 4.17> <FuncUnit> <Opcode : 'mul'> <InPorts = 2> <OutPorts = 1>

State 12 <SV = 11> <Delay = 4.17>
ST_12 : Operation 157 [1/1] (0.00ns)   --->   "%shl_ln = bitconcatenate i13 @_ssdm_op_BitConcatenate.i13.i8.i5, i8 %tmp, i5 0"   --->   Operation 157 'bitconcatenate' 'shl_ln' <Predicate = true> <Delay = 0.00>
ST_12 : Operation 158 [1/1] (0.00ns)   --->   "%sext_ln1273 = sext i13 %shl_ln"   --->   Operation 158 'sext' 'sext_ln1273' <Predicate = true> <Delay = 0.00>
ST_12 : Operation 159 [1/1] (0.00ns)   --->   "%shl_ln1273_1 = bitconcatenate i9 @_ssdm_op_BitConcatenate.i9.i8.i1, i8 %tmp, i1 0"   --->   Operation 159 'bitconcatenate' 'shl_ln1273_1' <Predicate = true> <Delay = 0.00>
ST_12 : Operation 160 [1/1] (0.00ns)   --->   "%sext_ln1273_1 = sext i9 %shl_ln1273_1"   --->   Operation 160 'sext' 'sext_ln1273_1' <Predicate = true> <Delay = 0.00>
ST_12 : Operation 161 [1/1] (0.00ns) (grouped into TernaryAdder)   --->   "%r_V_2 = sub i14 %sext_ln1273, i14 %sext_ln1273_1"   --->   Operation 161 'sub' 'r_V_2' <Predicate = true> <Delay = 0.00> <CoreInst = "TAddSub">   --->   Core 10 'TAddSub' <Latency = 0> <II = 1> <Delay = 1.92> <IPBlock> <Opcode : 'add' 'sub'> <InPorts = 3> <OutPorts = 1> <Sync> <CReg>
ST_12 : Operation 162 [1/1] (3.84ns) (root node of TernaryAdder)   --->   "%ret_V_1 = add i14 %r_V_2, i14 15296"   --->   Operation 162 'add' 'ret_V_1' <Predicate = true> <Delay = 3.84> <CoreInst = "TAddSub">   --->   Core 10 'TAddSub' <Latency = 0> <II = 1> <Delay = 1.92> <IPBlock> <Opcode : 'add' 'sub'> <InPorts = 3> <OutPorts = 1> <Sync> <CReg>
ST_12 : Operation 163 [1/1] (0.00ns)   --->   "%shl_ln1273_8 = bitconcatenate i11 @_ssdm_op_BitConcatenate.i11.i8.i3, i8 %tmp_8, i3 0"   --->   Operation 163 'bitconcatenate' 'shl_ln1273_8' <Predicate = true> <Delay = 0.00>
ST_12 : Operation 164 [1/1] (0.00ns)   --->   "%sext_ln1273_8 = sext i11 %shl_ln1273_8"   --->   Operation 164 'sext' 'sext_ln1273_8' <Predicate = true> <Delay = 0.00>
ST_12 : Operation 165 [1/1] (0.00ns)   --->   "%shl_ln1273_9 = bitconcatenate i9 @_ssdm_op_BitConcatenate.i9.i8.i1, i8 %tmp_8, i1 0"   --->   Operation 165 'bitconcatenate' 'shl_ln1273_9' <Predicate = true> <Delay = 0.00>
ST_12 : Operation 166 [1/1] (0.00ns)   --->   "%sext_ln1273_9 = sext i9 %shl_ln1273_9"   --->   Operation 166 'sext' 'sext_ln1273_9' <Predicate = true> <Delay = 0.00>
ST_12 : Operation 167 [1/1] (1.63ns)   --->   "%r_V_10 = add i12 %sext_ln1273_8, i12 %sext_ln1273_9"   --->   Operation 167 'add' 'r_V_10' <Predicate = true> <Delay = 1.63> <CoreInst = "Adder">   --->   Core 1 'Adder' <Latency = 0> <II = 1> <Delay = 1.54> <FuncUnit> <Opcode : 'add' 'sub'> <InPorts = 2> <OutPorts = 1>
ST_12 : Operation 168 [1/1] (0.00ns)   --->   "%sext_ln813 = sext i12 %r_V_10"   --->   Operation 168 'sext' 'sext_ln813' <Predicate = true> <Delay = 0.00>
ST_12 : Operation 169 [1/1] (1.67ns)   --->   "%ret_V_7 = add i14 %sext_ln813, i14 13184"   --->   Operation 169 'add' 'ret_V_7' <Predicate = true> <Delay = 1.67> <CoreInst = "Adder">   --->   Core 1 'Adder' <Latency = 0> <II = 1> <Delay = 1.81> <FuncUnit> <Opcode : 'add' 'sub'> <InPorts = 2> <OutPorts = 1>
ST_12 : Operation 170 [1/1] (0.00ns)   --->   "%shl_ln1273_s = bitconcatenate i11 @_ssdm_op_BitConcatenate.i11.i8.i3, i8 %tmp_10, i3 0"   --->   Operation 170 'bitconcatenate' 'shl_ln1273_s' <Predicate = true> <Delay = 0.00>
ST_12 : Operation 171 [1/1] (0.00ns)   --->   "%sext_ln1273_10 = sext i11 %shl_ln1273_s"   --->   Operation 171 'sext' 'sext_ln1273_10' <Predicate = true> <Delay = 0.00>
ST_12 : Operation 172 [1/1] (0.00ns)   --->   "%shl_ln1273_10 = bitconcatenate i9 @_ssdm_op_BitConcatenate.i9.i8.i1, i8 %tmp_10, i1 0"   --->   Operation 172 'bitconcatenate' 'shl_ln1273_10' <Predicate = true> <Delay = 0.00>
ST_12 : Operation 173 [1/1] (0.00ns)   --->   "%sext_ln1273_11 = sext i9 %shl_ln1273_10"   --->   Operation 173 'sext' 'sext_ln1273_11' <Predicate = true> <Delay = 0.00>
ST_12 : Operation 174 [1/1] (1.63ns)   --->   "%r_V_11 = add i12 %sext_ln1273_10, i12 %sext_ln1273_11"   --->   Operation 174 'add' 'r_V_11' <Predicate = true> <Delay = 1.63> <CoreInst = "Adder">   --->   Core 1 'Adder' <Latency = 0> <II = 1> <Delay = 1.54> <FuncUnit> <Opcode : 'add' 'sub'> <InPorts = 2> <OutPorts = 1>
ST_12 : Operation 175 [1/1] (0.00ns)   --->   "%sext_ln813_1 = sext i12 %r_V_11"   --->   Operation 175 'sext' 'sext_ln813_1' <Predicate = true> <Delay = 0.00>
ST_12 : Operation 176 [1/1] (1.67ns)   --->   "%ret_V_8 = add i14 %sext_ln813_1, i14 12352"   --->   Operation 176 'add' 'ret_V_8' <Predicate = true> <Delay = 1.67> <CoreInst = "Adder">   --->   Core 1 'Adder' <Latency = 0> <II = 1> <Delay = 1.81> <FuncUnit> <Opcode : 'add' 'sub'> <InPorts = 2> <OutPorts = 1>
ST_12 : Operation 177 [1/1] (0.00ns)   --->   "%sext_ln1270_3 = sext i8 %a_V_4"   --->   Operation 177 'sext' 'sext_ln1270_3' <Predicate = true> <Delay = 0.00>
ST_12 : Operation 178 [1/1] (0.00ns)   --->   "%shl_ln1273_11 = bitconcatenate i13 @_ssdm_op_BitConcatenate.i13.i8.i5, i8 %a_V_4, i5 0"   --->   Operation 178 'bitconcatenate' 'shl_ln1273_11' <Predicate = true> <Delay = 0.00>
ST_12 : Operation 179 [1/1] (0.00ns)   --->   "%sext_ln1273_12 = sext i13 %shl_ln1273_11"   --->   Operation 179 'sext' 'sext_ln1273_12' <Predicate = true> <Delay = 0.00>
ST_12 : Operation 180 [1/1] (0.00ns) (grouped into TernaryAdder)   --->   "%add_ln1347_10 = add i14 %sext_ln1273_12, i14 %sext_ln1270_3"   --->   Operation 180 'add' 'add_ln1347_10' <Predicate = true> <Delay = 0.00> <CoreInst = "TAddSub">   --->   Core 10 'TAddSub' <Latency = 0> <II = 1> <Delay = 1.92> <IPBlock> <Opcode : 'add' 'sub'> <InPorts = 3> <OutPorts = 1> <Sync> <CReg>
ST_12 : Operation 181 [1/1] (3.84ns) (root node of TernaryAdder)   --->   "%ret_V_9 = add i14 %add_ln1347_10, i14 13696"   --->   Operation 181 'add' 'ret_V_9' <Predicate = true> <Delay = 3.84> <CoreInst = "TAddSub">   --->   Core 10 'TAddSub' <Latency = 0> <II = 1> <Delay = 1.92> <IPBlock> <Opcode : 'add' 'sub'> <InPorts = 3> <OutPorts = 1> <Sync> <CReg>
ST_12 : Operation 182 [1/1] (0.00ns)   --->   "%shl_ln1273_12 = bitconcatenate i13 @_ssdm_op_BitConcatenate.i13.i8.i5, i8 %tmp_13, i5 0"   --->   Operation 182 'bitconcatenate' 'shl_ln1273_12' <Predicate = true> <Delay = 0.00>
ST_12 : Operation 183 [1/1] (0.00ns)   --->   "%sext_ln1273_13 = sext i13 %shl_ln1273_12"   --->   Operation 183 'sext' 'sext_ln1273_13' <Predicate = true> <Delay = 0.00>
ST_12 : Operation 184 [1/1] (0.00ns)   --->   "%shl_ln1273_13 = bitconcatenate i11 @_ssdm_op_BitConcatenate.i11.i8.i3, i8 %tmp_13, i3 0"   --->   Operation 184 'bitconcatenate' 'shl_ln1273_13' <Predicate = true> <Delay = 0.00>
ST_12 : Operation 185 [1/1] (0.00ns)   --->   "%sext_ln1273_14 = sext i11 %shl_ln1273_13"   --->   Operation 185 'sext' 'sext_ln1273_14' <Predicate = true> <Delay = 0.00>
ST_12 : Operation 186 [1/1] (0.00ns) (grouped into TernaryAdder)   --->   "%r_V_13 = sub i14 %sext_ln1273_13, i14 %sext_ln1273_14"   --->   Operation 186 'sub' 'r_V_13' <Predicate = true> <Delay = 0.00> <CoreInst = "TAddSub">   --->   Core 10 'TAddSub' <Latency = 0> <II = 1> <Delay = 1.92> <IPBlock> <Opcode : 'add' 'sub'> <InPorts = 3> <OutPorts = 1> <Sync> <CReg>
ST_12 : Operation 187 [1/1] (3.84ns) (root node of TernaryAdder)   --->   "%ret_V_10 = add i14 %r_V_13, i14 15232"   --->   Operation 187 'add' 'ret_V_10' <Predicate = true> <Delay = 3.84> <CoreInst = "TAddSub">   --->   Core 10 'TAddSub' <Latency = 0> <II = 1> <Delay = 1.92> <IPBlock> <Opcode : 'add' 'sub'> <InPorts = 3> <OutPorts = 1> <Sync> <CReg>
ST_12 : Operation 188 [1/1] (0.00ns)   --->   "%shl_ln1273_14 = bitconcatenate i13 @_ssdm_op_BitConcatenate.i13.i8.i5, i8 %tmp_15, i5 0"   --->   Operation 188 'bitconcatenate' 'shl_ln1273_14' <Predicate = true> <Delay = 0.00>
ST_12 : Operation 189 [1/1] (0.00ns)   --->   "%sext_ln1273_15 = sext i13 %shl_ln1273_14"   --->   Operation 189 'sext' 'sext_ln1273_15' <Predicate = true> <Delay = 0.00>
ST_12 : Operation 190 [1/1] (0.00ns)   --->   "%shl_ln1273_15 = bitconcatenate i11 @_ssdm_op_BitConcatenate.i11.i8.i3, i8 %tmp_15, i3 0"   --->   Operation 190 'bitconcatenate' 'shl_ln1273_15' <Predicate = true> <Delay = 0.00>
ST_12 : Operation 191 [1/1] (0.00ns)   --->   "%sext_ln1273_16 = sext i11 %shl_ln1273_15"   --->   Operation 191 'sext' 'sext_ln1273_16' <Predicate = true> <Delay = 0.00>
ST_12 : Operation 192 [1/1] (0.00ns) (grouped into TernaryAdder)   --->   "%r_V_14 = sub i14 %sext_ln1273_15, i14 %sext_ln1273_16"   --->   Operation 192 'sub' 'r_V_14' <Predicate = true> <Delay = 0.00> <CoreInst = "TAddSub">   --->   Core 10 'TAddSub' <Latency = 0> <II = 1> <Delay = 1.92> <IPBlock> <Opcode : 'add' 'sub'> <InPorts = 3> <OutPorts = 1> <Sync> <CReg>
ST_12 : Operation 193 [1/1] (3.84ns) (root node of TernaryAdder)   --->   "%ret_V_11 = add i14 %r_V_14, i14 14656"   --->   Operation 193 'add' 'ret_V_11' <Predicate = true> <Delay = 3.84> <CoreInst = "TAddSub">   --->   Core 10 'TAddSub' <Latency = 0> <II = 1> <Delay = 1.92> <IPBlock> <Opcode : 'add' 'sub'> <InPorts = 3> <OutPorts = 1> <Sync> <CReg>
ST_12 : Operation 194 [1/1] (0.00ns)   --->   "%shl_ln1273_23 = bitconcatenate i13 @_ssdm_op_BitConcatenate.i13.i8.i5, i8 %tmp_25, i5 0"   --->   Operation 194 'bitconcatenate' 'shl_ln1273_23' <Predicate = true> <Delay = 0.00>
ST_12 : Operation 195 [1/1] (0.00ns)   --->   "%sext_ln1273_23 = sext i13 %shl_ln1273_23"   --->   Operation 195 'sext' 'sext_ln1273_23' <Predicate = true> <Delay = 0.00>
ST_12 : Operation 196 [1/1] (0.00ns)   --->   "%shl_ln1273_24 = bitconcatenate i9 @_ssdm_op_BitConcatenate.i9.i8.i1, i8 %tmp_25, i1 0"   --->   Operation 196 'bitconcatenate' 'shl_ln1273_24' <Predicate = true> <Delay = 0.00>
ST_12 : Operation 197 [1/1] (0.00ns)   --->   "%sext_ln1273_24 = sext i9 %shl_ln1273_24"   --->   Operation 197 'sext' 'sext_ln1273_24' <Predicate = true> <Delay = 0.00>
ST_12 : Operation 198 [1/1] (0.00ns) (grouped into TernaryAdder)   --->   "%r_V_23 = sub i14 %sext_ln1273_23, i14 %sext_ln1273_24"   --->   Operation 198 'sub' 'r_V_23' <Predicate = true> <Delay = 0.00> <CoreInst = "TAddSub">   --->   Core 10 'TAddSub' <Latency = 0> <II = 1> <Delay = 1.92> <IPBlock> <Opcode : 'add' 'sub'> <InPorts = 3> <OutPorts = 1> <Sync> <CReg>
ST_12 : Operation 199 [1/1] (3.84ns) (root node of TernaryAdder)   --->   "%ret_V_19 = add i14 %r_V_23, i14 15040"   --->   Operation 199 'add' 'ret_V_19' <Predicate = true> <Delay = 3.84> <CoreInst = "TAddSub">   --->   Core 10 'TAddSub' <Latency = 0> <II = 1> <Delay = 1.92> <IPBlock> <Opcode : 'add' 'sub'> <InPorts = 3> <OutPorts = 1> <Sync> <CReg>
ST_12 : Operation 200 [1/1] (0.00ns)   --->   "%shl_ln1273_28 = bitconcatenate i13 @_ssdm_op_BitConcatenate.i13.i8.i5, i8 %tmp_27, i5 0"   --->   Operation 200 'bitconcatenate' 'shl_ln1273_28' <Predicate = true> <Delay = 0.00>
ST_12 : Operation 201 [1/1] (0.00ns)   --->   "%sext_ln1273_28 = sext i13 %shl_ln1273_28"   --->   Operation 201 'sext' 'sext_ln1273_28' <Predicate = true> <Delay = 0.00>
ST_12 : Operation 202 [1/1] (0.00ns)   --->   "%shl_ln1273_29 = bitconcatenate i11 @_ssdm_op_BitConcatenate.i11.i8.i3, i8 %tmp_27, i3 0"   --->   Operation 202 'bitconcatenate' 'shl_ln1273_29' <Predicate = true> <Delay = 0.00>
ST_12 : Operation 203 [1/1] (0.00ns)   --->   "%sext_ln1273_29 = sext i11 %shl_ln1273_29"   --->   Operation 203 'sext' 'sext_ln1273_29' <Predicate = true> <Delay = 0.00>
ST_12 : Operation 204 [1/1] (0.00ns) (grouped into TernaryAdder)   --->   "%r_V_29 = sub i14 %sext_ln1273_28, i14 %sext_ln1273_29"   --->   Operation 204 'sub' 'r_V_29' <Predicate = true> <Delay = 0.00> <CoreInst = "TAddSub">   --->   Core 10 'TAddSub' <Latency = 0> <II = 1> <Delay = 1.92> <IPBlock> <Opcode : 'add' 'sub'> <InPorts = 3> <OutPorts = 1> <Sync> <CReg>
ST_12 : Operation 205 [1/1] (3.84ns) (root node of TernaryAdder)   --->   "%ret_V_24 = add i14 %r_V_29, i14 256"   --->   Operation 205 'add' 'ret_V_24' <Predicate = true> <Delay = 3.84> <CoreInst = "TAddSub">   --->   Core 10 'TAddSub' <Latency = 0> <II = 1> <Delay = 1.92> <IPBlock> <Opcode : 'add' 'sub'> <InPorts = 3> <OutPorts = 1> <Sync> <CReg>
ST_12 : Operation 206 [1/1] (1.67ns)   --->   "%ret_V_25 = add i13 %mul_ln1270_2, i13 7296"   --->   Operation 206 'add' 'ret_V_25' <Predicate = true> <Delay = 1.67> <CoreInst = "Adder">   --->   Core 1 'Adder' <Latency = 0> <II = 1> <Delay = 1.67> <FuncUnit> <Opcode : 'add' 'sub'> <InPorts = 2> <OutPorts = 1>
ST_12 : Operation 207 [1/1] (0.00ns)   --->   "%trunc_ln818_15 = partselect i7 @_ssdm_op_PartSelect.i7.i13.i32.i32, i13 %ret_V_25, i32 6, i32 12"   --->   Operation 207 'partselect' 'trunc_ln818_15' <Predicate = true> <Delay = 0.00>
ST_12 : Operation 208 [1/1] (0.00ns)   --->   "%shl_ln1273_30 = bitconcatenate i13 @_ssdm_op_BitConcatenate.i13.i8.i5, i8 %tmp_28, i5 0"   --->   Operation 208 'bitconcatenate' 'shl_ln1273_30' <Predicate = true> <Delay = 0.00>
ST_12 : Operation 209 [1/1] (0.00ns)   --->   "%sext_ln1273_30 = sext i13 %shl_ln1273_30"   --->   Operation 209 'sext' 'sext_ln1273_30' <Predicate = true> <Delay = 0.00>
ST_12 : Operation 210 [1/1] (0.00ns)   --->   "%shl_ln1273_31 = bitconcatenate i10 @_ssdm_op_BitConcatenate.i10.i8.i2, i8 %tmp_28, i2 0"   --->   Operation 210 'bitconcatenate' 'shl_ln1273_31' <Predicate = true> <Delay = 0.00>
ST_12 : Operation 211 [1/1] (0.00ns)   --->   "%sext_ln1273_31 = sext i10 %shl_ln1273_31"   --->   Operation 211 'sext' 'sext_ln1273_31' <Predicate = true> <Delay = 0.00>
ST_12 : Operation 212 [1/1] (0.00ns) (grouped into TernaryAdder)   --->   "%r_V_31 = sub i14 %sext_ln1273_30, i14 %sext_ln1273_31"   --->   Operation 212 'sub' 'r_V_31' <Predicate = true> <Delay = 0.00> <CoreInst = "TAddSub">   --->   Core 10 'TAddSub' <Latency = 0> <II = 1> <Delay = 1.92> <IPBlock> <Opcode : 'add' 'sub'> <InPorts = 3> <OutPorts = 1> <Sync> <CReg>
ST_12 : Operation 213 [1/1] (3.84ns) (root node of TernaryAdder)   --->   "%ret_V_26 = add i14 %r_V_31, i14 13888"   --->   Operation 213 'add' 'ret_V_26' <Predicate = true> <Delay = 3.84> <CoreInst = "TAddSub">   --->   Core 10 'TAddSub' <Latency = 0> <II = 1> <Delay = 1.92> <IPBlock> <Opcode : 'add' 'sub'> <InPorts = 3> <OutPorts = 1> <Sync> <CReg>
ST_12 : Operation 214 [1/1] (0.00ns)   --->   "%shl_ln1273_32 = bitconcatenate i13 @_ssdm_op_BitConcatenate.i13.i8.i5, i8 %tmp_30, i5 0"   --->   Operation 214 'bitconcatenate' 'shl_ln1273_32' <Predicate = true> <Delay = 0.00>
ST_12 : Operation 215 [1/1] (0.00ns)   --->   "%sext_ln1273_32 = sext i13 %shl_ln1273_32"   --->   Operation 215 'sext' 'sext_ln1273_32' <Predicate = true> <Delay = 0.00>
ST_12 : Operation 216 [1/1] (0.00ns)   --->   "%shl_ln1273_33 = bitconcatenate i10 @_ssdm_op_BitConcatenate.i10.i8.i2, i8 %tmp_30, i2 0"   --->   Operation 216 'bitconcatenate' 'shl_ln1273_33' <Predicate = true> <Delay = 0.00>
ST_12 : Operation 217 [1/1] (0.00ns)   --->   "%sext_ln1273_33 = sext i10 %shl_ln1273_33"   --->   Operation 217 'sext' 'sext_ln1273_33' <Predicate = true> <Delay = 0.00>
ST_12 : Operation 218 [1/1] (0.00ns) (grouped into TernaryAdder)   --->   "%r_V_33 = sub i14 %sext_ln1273_32, i14 %sext_ln1273_33"   --->   Operation 218 'sub' 'r_V_33' <Predicate = true> <Delay = 0.00> <CoreInst = "TAddSub">   --->   Core 10 'TAddSub' <Latency = 0> <II = 1> <Delay = 1.92> <IPBlock> <Opcode : 'add' 'sub'> <InPorts = 3> <OutPorts = 1> <Sync> <CReg>
ST_12 : Operation 219 [1/1] (3.84ns) (root node of TernaryAdder)   --->   "%ret_V_27 = add i14 %r_V_33, i14 12672"   --->   Operation 219 'add' 'ret_V_27' <Predicate = true> <Delay = 3.84> <CoreInst = "TAddSub">   --->   Core 10 'TAddSub' <Latency = 0> <II = 1> <Delay = 1.92> <IPBlock> <Opcode : 'add' 'sub'> <InPorts = 3> <OutPorts = 1> <Sync> <CReg>
ST_12 : Operation 220 [1/1] (0.00ns)   --->   "%sext_ln1347_6 = sext i8 %a_V_13"   --->   Operation 220 'sext' 'sext_ln1347_6' <Predicate = true> <Delay = 0.00>
ST_12 : Operation 221 [1/1] (4.17ns)   --->   "%mul_ln1347_3 = mul i14 %sext_ln1347_6, i14 54"   --->   Operation 221 'mul' 'mul_ln1347_3' <Predicate = true> <Delay = 4.17> <CoreInst = "Multiplier">   --->   Core 3 'Multiplier' <Latency = 0> <II = 1> <Delay = 4.17> <FuncUnit> <Opcode : 'mul'> <InPorts = 2> <OutPorts = 1>
ST_12 : Operation 222 [1/1] (0.00ns)   --->   "%trunc_ln46_2 = partselect i8 @_ssdm_op_PartSelect.i8.i14.i32.i32, i14 %ret_V_7, i32 6, i32 13" [firmware/nnet_utils/nnet_batchnorm_stream.h:46]   --->   Operation 222 'partselect' 'trunc_ln46_2' <Predicate = true> <Delay = 0.00>
ST_12 : Operation 223 [1/1] (0.00ns)   --->   "%trunc_ln46_3 = partselect i8 @_ssdm_op_PartSelect.i8.i14.i32.i32, i14 %ret_V_8, i32 6, i32 13" [firmware/nnet_utils/nnet_batchnorm_stream.h:46]   --->   Operation 223 'partselect' 'trunc_ln46_3' <Predicate = true> <Delay = 0.00>
ST_12 : Operation 224 [1/1] (0.00ns)   --->   "%trunc_ln46_4 = partselect i8 @_ssdm_op_PartSelect.i8.i14.i32.i32, i14 %ret_V_9, i32 6, i32 13" [firmware/nnet_utils/nnet_batchnorm_stream.h:46]   --->   Operation 224 'partselect' 'trunc_ln46_4' <Predicate = true> <Delay = 0.00>
ST_12 : Operation 225 [1/1] (0.00ns)   --->   "%trunc_ln46_5 = partselect i8 @_ssdm_op_PartSelect.i8.i14.i32.i32, i14 %ret_V_10, i32 6, i32 13" [firmware/nnet_utils/nnet_batchnorm_stream.h:46]   --->   Operation 225 'partselect' 'trunc_ln46_5' <Predicate = true> <Delay = 0.00>
ST_12 : Operation 226 [1/1] (0.00ns)   --->   "%trunc_ln46_6 = partselect i8 @_ssdm_op_PartSelect.i8.i14.i32.i32, i14 %ret_V_11, i32 6, i32 13" [firmware/nnet_utils/nnet_batchnorm_stream.h:46]   --->   Operation 226 'partselect' 'trunc_ln46_6' <Predicate = true> <Delay = 0.00>
ST_12 : Operation 227 [1/1] (0.00ns)   --->   "%trunc_ln46_8 = partselect i8 @_ssdm_op_PartSelect.i8.i14.i32.i32, i14 %ret_V_19, i32 6, i32 13" [firmware/nnet_utils/nnet_batchnorm_stream.h:46]   --->   Operation 227 'partselect' 'trunc_ln46_8' <Predicate = true> <Delay = 0.00>
ST_12 : Operation 228 [1/1] (0.00ns)   --->   "%trunc_ln46_s = partselect i8 @_ssdm_op_PartSelect.i8.i14.i32.i32, i14 %ret_V_24, i32 6, i32 13" [firmware/nnet_utils/nnet_batchnorm_stream.h:46]   --->   Operation 228 'partselect' 'trunc_ln46_s' <Predicate = true> <Delay = 0.00>
ST_12 : Operation 229 [1/1] (0.00ns)   --->   "%trunc_ln46_1 = partselect i8 @_ssdm_op_PartSelect.i8.i14.i32.i32, i14 %ret_V_26, i32 6, i32 13" [firmware/nnet_utils/nnet_batchnorm_stream.h:46]   --->   Operation 229 'partselect' 'trunc_ln46_1' <Predicate = true> <Delay = 0.00>
ST_12 : Operation 230 [1/1] (0.00ns)   --->   "%trunc_ln46_10 = partselect i8 @_ssdm_op_PartSelect.i8.i14.i32.i32, i14 %ret_V_27, i32 6, i32 13" [firmware/nnet_utils/nnet_batchnorm_stream.h:46]   --->   Operation 230 'partselect' 'trunc_ln46_10' <Predicate = true> <Delay = 0.00>
ST_12 : Operation 231 [1/1] (0.00ns)   --->   "%tmp_31 = partselect i8 @_ssdm_op_PartSelect.i8.i14.i32.i32, i14 %ret_V_1, i32 6, i32 13" [firmware/nnet_utils/nnet_batchnorm_stream.h:46]   --->   Operation 231 'partselect' 'tmp_31' <Predicate = true> <Delay = 0.00>

State 13 <SV = 12> <Delay = 3.99>
ST_13 : Operation 232 [1/1] (0.00ns)   --->   "%specinterface_ln0 = specinterface void @_ssdm_op_SpecInterface, i256 %layer4_out, void @empty_2, i32 0, i32 0, void @empty_0, i32 0, i32 0, void @empty_0, void @empty_0, void @empty_0, i32 0, i32 0, i32 0, i32 0, void @empty_0, void @empty_0, i32 4294967295, i32 0"   --->   Operation 232 'specinterface' 'specinterface_ln0' <Predicate = true> <Delay = 0.00>
ST_13 : Operation 233 [1/1] (0.00ns)   --->   "%specinterface_ln0 = specinterface void @_ssdm_op_SpecInterface, i256 %layer2_out, void @empty_2, i32 0, i32 0, void @empty_0, i32 0, i32 0, void @empty_0, void @empty_0, void @empty_0, i32 0, i32 0, i32 0, i32 0, void @empty_0, void @empty_0, i32 4294967295, i32 0"   --->   Operation 233 'specinterface' 'specinterface_ln0' <Predicate = true> <Delay = 0.00>
ST_13 : Operation 234 [1/1] (0.00ns)   --->   "%specresourcelimit_ln22 = specresourcelimit void @_ssdm_op_SpecResourceLimit, i64 1, void @empty_5, void @empty_0, void @empty_0, void @empty_0" [firmware/nnet_utils/nnet_batchnorm_stream.h:22]   --->   Operation 234 'specresourcelimit' 'specresourcelimit_ln22' <Predicate = true> <Delay = 0.00>
ST_13 : Operation 235 [1/1] (0.00ns)   --->   "%sext_ln818 = sext i7 %trunc_ln"   --->   Operation 235 'sext' 'sext_ln818' <Predicate = true> <Delay = 0.00>
ST_13 : Operation 236 [1/1] (1.81ns)   --->   "%ret_V_28 = add i14 %mul_ln1347_3, i14 15424"   --->   Operation 236 'add' 'ret_V_28' <Predicate = true> <Delay = 1.81> <CoreInst = "Adder">   --->   Core 1 'Adder' <Latency = 0> <II = 1> <Delay = 1.81> <FuncUnit> <Opcode : 'add' 'sub'> <InPorts = 2> <OutPorts = 1>
ST_13 : Operation 237 [1/1] (0.00ns)   --->   "%trunc_ln46_11 = partselect i8 @_ssdm_op_PartSelect.i8.i14.i32.i32, i14 %ret_V_28, i32 6, i32 13" [firmware/nnet_utils/nnet_batchnorm_stream.h:46]   --->   Operation 237 'partselect' 'trunc_ln46_11' <Predicate = true> <Delay = 0.00>
ST_13 : Operation 238 [1/1] (0.00ns)   --->   "%tmp_32 = bitconcatenate i22 @_ssdm_op_BitConcatenate.i22.i5.i1.i8.i8, i5 %tmp_s, i1 %tmp_1, i8 %trunc_ln818_1, i8 %tmp_31" [firmware/nnet_utils/nnet_batchnorm_stream.h:46]   --->   Operation 238 'bitconcatenate' 'tmp_32' <Predicate = true> <Delay = 0.00>
ST_13 : Operation 239 [1/1] (0.00ns)   --->   "%sext_ln46 = sext i22 %tmp_32" [firmware/nnet_utils/nnet_batchnorm_stream.h:46]   --->   Operation 239 'sext' 'sext_ln46' <Predicate = true> <Delay = 0.00>
ST_13 : Operation 240 [1/1] (0.00ns)   --->   "%tmp_33 = bitconcatenate i31 @_ssdm_op_BitConcatenate.i31.i7.i24, i7 %trunc_ln818_2, i24 %sext_ln46" [firmware/nnet_utils/nnet_batchnorm_stream.h:46]   --->   Operation 240 'bitconcatenate' 'tmp_33' <Predicate = true> <Delay = 0.00>
ST_13 : Operation 241 [1/1] (0.00ns)   --->   "%sext_ln46_1 = sext i31 %tmp_33" [firmware/nnet_utils/nnet_batchnorm_stream.h:46]   --->   Operation 241 'sext' 'sext_ln46_1' <Predicate = true> <Delay = 0.00>
ST_13 : Operation 242 [1/1] (0.00ns)   --->   "%tmp_34 = bitconcatenate i39 @_ssdm_op_BitConcatenate.i39.i7.i32, i7 %trunc_ln818_3, i32 %sext_ln46_1" [firmware/nnet_utils/nnet_batchnorm_stream.h:46]   --->   Operation 242 'bitconcatenate' 'tmp_34' <Predicate = true> <Delay = 0.00>
ST_13 : Operation 243 [1/1] (0.00ns)   --->   "%sext_ln46_2 = sext i39 %tmp_34" [firmware/nnet_utils/nnet_batchnorm_stream.h:46]   --->   Operation 243 'sext' 'sext_ln46_2' <Predicate = true> <Delay = 0.00>
ST_13 : Operation 244 [1/1] (0.00ns)   --->   "%tmp_35 = bitconcatenate i46 @_ssdm_op_BitConcatenate.i46.i6.i40, i6 %trunc_ln818_4, i40 %sext_ln46_2" [firmware/nnet_utils/nnet_batchnorm_stream.h:46]   --->   Operation 244 'bitconcatenate' 'tmp_35' <Predicate = true> <Delay = 0.00>
ST_13 : Operation 245 [1/1] (0.00ns)   --->   "%sext_ln46_3 = sext i46 %tmp_35" [firmware/nnet_utils/nnet_batchnorm_stream.h:46]   --->   Operation 245 'sext' 'sext_ln46_3' <Predicate = true> <Delay = 0.00>
ST_13 : Operation 246 [1/1] (0.00ns)   --->   "%tmp_36 = bitconcatenate i54 @_ssdm_op_BitConcatenate.i54.i6.i48, i6 %trunc_ln818_5, i48 %sext_ln46_3" [firmware/nnet_utils/nnet_batchnorm_stream.h:46]   --->   Operation 246 'bitconcatenate' 'tmp_36' <Predicate = true> <Delay = 0.00>
ST_13 : Operation 247 [1/1] (0.00ns)   --->   "%sext_ln46_4 = sext i54 %tmp_36" [firmware/nnet_utils/nnet_batchnorm_stream.h:46]   --->   Operation 247 'sext' 'sext_ln46_4' <Predicate = true> <Delay = 0.00>
ST_13 : Operation 248 [1/1] (0.00ns)   --->   "%tmp_37 = bitconcatenate i103 @_ssdm_op_BitConcatenate.i103.i7.i8.i8.i8.i8.i8.i56, i7 %trunc_ln818_6, i8 %trunc_ln46_6, i8 %trunc_ln46_5, i8 %trunc_ln46_4, i8 %trunc_ln46_3, i8 %trunc_ln46_2, i56 %sext_ln46_4" [firmware/nnet_utils/nnet_batchnorm_stream.h:46]   --->   Operation 248 'bitconcatenate' 'tmp_37' <Predicate = true> <Delay = 0.00>
ST_13 : Operation 249 [1/1] (0.00ns)   --->   "%sext_ln46_5 = sext i103 %tmp_37" [firmware/nnet_utils/nnet_batchnorm_stream.h:46]   --->   Operation 249 'sext' 'sext_ln46_5' <Predicate = true> <Delay = 0.00>
ST_13 : Operation 250 [1/1] (0.00ns)   --->   "%tmp_38 = bitconcatenate i111 @_ssdm_op_BitConcatenate.i111.i7.i104, i7 %trunc_ln818_7, i104 %sext_ln46_5" [firmware/nnet_utils/nnet_batchnorm_stream.h:46]   --->   Operation 250 'bitconcatenate' 'tmp_38' <Predicate = true> <Delay = 0.00>
ST_13 : Operation 251 [1/1] (0.00ns)   --->   "%sext_ln46_6 = sext i111 %tmp_38" [firmware/nnet_utils/nnet_batchnorm_stream.h:46]   --->   Operation 251 'sext' 'sext_ln46_6' <Predicate = true> <Delay = 0.00>
ST_13 : Operation 252 [1/1] (0.00ns)   --->   "%tmp_39 = bitconcatenate i117 @_ssdm_op_BitConcatenate.i117.i5.i112, i5 %trunc_ln818_8, i112 %sext_ln46_6" [firmware/nnet_utils/nnet_batchnorm_stream.h:46]   --->   Operation 252 'bitconcatenate' 'tmp_39' <Predicate = true> <Delay = 0.00>
ST_13 : Operation 253 [1/1] (0.00ns)   --->   "%sext_ln46_7 = sext i117 %tmp_39" [firmware/nnet_utils/nnet_batchnorm_stream.h:46]   --->   Operation 253 'sext' 'sext_ln46_7' <Predicate = true> <Delay = 0.00>
ST_13 : Operation 254 [1/1] (0.00ns)   --->   "%tmp_40 = bitconcatenate i127 @_ssdm_op_BitConcatenate.i127.i7.i120, i7 %trunc_ln818_9, i120 %sext_ln46_7" [firmware/nnet_utils/nnet_batchnorm_stream.h:46]   --->   Operation 254 'bitconcatenate' 'tmp_40' <Predicate = true> <Delay = 0.00>
ST_13 : Operation 255 [1/1] (0.00ns)   --->   "%sext_ln46_8 = sext i127 %tmp_40" [firmware/nnet_utils/nnet_batchnorm_stream.h:46]   --->   Operation 255 'sext' 'sext_ln46_8' <Predicate = true> <Delay = 0.00>
ST_13 : Operation 256 [1/1] (0.00ns)   --->   "%tmp_41 = bitconcatenate i134 @_ssdm_op_BitConcatenate.i134.i6.i128, i6 %trunc_ln818_s, i128 %sext_ln46_8" [firmware/nnet_utils/nnet_batchnorm_stream.h:46]   --->   Operation 256 'bitconcatenate' 'tmp_41' <Predicate = true> <Delay = 0.00>
ST_13 : Operation 257 [1/1] (0.00ns)   --->   "%sext_ln46_9 = sext i134 %tmp_41" [firmware/nnet_utils/nnet_batchnorm_stream.h:46]   --->   Operation 257 'sext' 'sext_ln46_9' <Predicate = true> <Delay = 0.00>
ST_13 : Operation 258 [1/1] (0.00ns)   --->   "%tmp_42 = bitconcatenate i142 @_ssdm_op_BitConcatenate.i142.i6.i136, i6 %trunc_ln818_10, i136 %sext_ln46_9" [firmware/nnet_utils/nnet_batchnorm_stream.h:46]   --->   Operation 258 'bitconcatenate' 'tmp_42' <Predicate = true> <Delay = 0.00>
ST_13 : Operation 259 [1/1] (0.00ns)   --->   "%sext_ln46_10 = sext i142 %tmp_42" [firmware/nnet_utils/nnet_batchnorm_stream.h:46]   --->   Operation 259 'sext' 'sext_ln46_10' <Predicate = true> <Delay = 0.00>
ST_13 : Operation 260 [1/1] (0.00ns)   --->   "%tmp_43 = bitconcatenate i159 @_ssdm_op_BitConcatenate.i159.i7.i8.i144, i7 %trunc_ln818_11, i8 %trunc_ln46_7, i144 %sext_ln46_10" [firmware/nnet_utils/nnet_batchnorm_stream.h:46]   --->   Operation 260 'bitconcatenate' 'tmp_43' <Predicate = true> <Delay = 0.00>
ST_13 : Operation 261 [1/1] (0.00ns)   --->   "%sext_ln46_11 = sext i159 %tmp_43" [firmware/nnet_utils/nnet_batchnorm_stream.h:46]   --->   Operation 261 'sext' 'sext_ln46_11' <Predicate = true> <Delay = 0.00>
ST_13 : Operation 262 [1/1] (0.00ns)   --->   "%tmp_44 = bitconcatenate i175 @_ssdm_op_BitConcatenate.i175.i7.i8.i160, i7 %trunc_ln818_12, i8 %trunc_ln46_8, i160 %sext_ln46_11" [firmware/nnet_utils/nnet_batchnorm_stream.h:46]   --->   Operation 262 'bitconcatenate' 'tmp_44' <Predicate = true> <Delay = 0.00>
ST_13 : Operation 263 [1/1] (0.00ns)   --->   "%sext_ln46_12 = sext i175 %tmp_44" [firmware/nnet_utils/nnet_batchnorm_stream.h:46]   --->   Operation 263 'sext' 'sext_ln46_12' <Predicate = true> <Delay = 0.00>
ST_13 : Operation 264 [1/1] (0.00ns)   --->   "%tmp_45 = bitconcatenate i191 @_ssdm_op_BitConcatenate.i191.i7.i8.i176, i7 %trunc_ln818_13, i8 %trunc_ln46_9, i176 %sext_ln46_12" [firmware/nnet_utils/nnet_batchnorm_stream.h:46]   --->   Operation 264 'bitconcatenate' 'tmp_45' <Predicate = true> <Delay = 0.00>
ST_13 : Operation 265 [1/1] (0.00ns)   --->   "%sext_ln46_13 = sext i191 %tmp_45" [firmware/nnet_utils/nnet_batchnorm_stream.h:46]   --->   Operation 265 'sext' 'sext_ln46_13' <Predicate = true> <Delay = 0.00>
ST_13 : Operation 266 [1/1] (0.00ns)   --->   "%tmp_46 = bitconcatenate i199 @_ssdm_op_BitConcatenate.i199.i7.i192, i7 %trunc_ln818_14, i192 %sext_ln46_13" [firmware/nnet_utils/nnet_batchnorm_stream.h:46]   --->   Operation 266 'bitconcatenate' 'tmp_46' <Predicate = true> <Delay = 0.00>
ST_13 : Operation 267 [1/1] (0.00ns)   --->   "%sext_ln46_14 = sext i199 %tmp_46" [firmware/nnet_utils/nnet_batchnorm_stream.h:46]   --->   Operation 267 'sext' 'sext_ln46_14' <Predicate = true> <Delay = 0.00>
ST_13 : Operation 268 [1/1] (0.00ns)   --->   "%tmp_47 = bitconcatenate i215 @_ssdm_op_BitConcatenate.i215.i7.i8.i200, i7 %trunc_ln818_15, i8 %trunc_ln46_s, i200 %sext_ln46_14" [firmware/nnet_utils/nnet_batchnorm_stream.h:46]   --->   Operation 268 'bitconcatenate' 'tmp_47' <Predicate = true> <Delay = 0.00>
ST_13 : Operation 269 [1/1] (0.00ns)   --->   "%sext_ln46_15 = sext i215 %tmp_47" [firmware/nnet_utils/nnet_batchnorm_stream.h:46]   --->   Operation 269 'sext' 'sext_ln46_15' <Predicate = true> <Delay = 0.00>
ST_13 : Operation 270 [1/1] (0.00ns)   --->   "%tmp_48 = bitconcatenate i231 @_ssdm_op_BitConcatenate.i231.i7.i8.i216, i7 %trunc_ln818_16, i8 %trunc_ln46_1, i216 %sext_ln46_15" [firmware/nnet_utils/nnet_batchnorm_stream.h:46]   --->   Operation 270 'bitconcatenate' 'tmp_48' <Predicate = true> <Delay = 0.00>
ST_13 : Operation 271 [1/1] (0.00ns)   --->   "%sext_ln46_16 = sext i231 %tmp_48" [firmware/nnet_utils/nnet_batchnorm_stream.h:46]   --->   Operation 271 'sext' 'sext_ln46_16' <Predicate = true> <Delay = 0.00>
ST_13 : Operation 272 [1/1] (0.00ns)   --->   "%p_0 = bitconcatenate i256 @_ssdm_op_BitConcatenate.i256.i8.i8.i232.i8, i8 %trunc_ln46_11, i8 %trunc_ln46_10, i232 %sext_ln46_16, i8 %sext_ln818" [firmware/nnet_utils/nnet_batchnorm_stream.h:46]   --->   Operation 272 'bitconcatenate' 'p_0' <Predicate = true> <Delay = 0.00>
ST_13 : Operation 273 [1/1] (2.18ns)   --->   "%write_ln46 = write void @_ssdm_op_Write.ap_fifo.volatile.i256P0A, i256 %layer4_out, i256 %p_0" [firmware/nnet_utils/nnet_batchnorm_stream.h:46]   --->   Operation 273 'write' 'write_ln46' <Predicate = true> <Delay = 2.18> <CoreInst = "FIFO_SRL">   --->   Core 81 'FIFO_SRL' <Latency = 0> <II = 1> <Delay = 3.63> <Storage> <Opcode : 'read' 'write' 'nbread' 'nbwrite'> <Ports = 0> <Width = 256> <Depth = 1> <FIFO>
ST_13 : Operation 274 [1/1] (0.00ns)   --->   "%ret_ln48 = ret" [firmware/nnet_utils/nnet_batchnorm_stream.h:48]   --->   Operation 274 'ret' 'ret_ln48' <Predicate = true> <Delay = 0.00>


============================================================
+ Verbose Summary: Binding
============================================================
STG Binding: 
---------------- STG Properties BEGIN ----------------
- Is combinational: 0
- Is one-state seq: 0
- Is datapath-only: 0
- Is pipelined: 0
- Is top level: 0
Port [ Return ] is wired: 1; IO mode=ap_ctrl_hs:ce=0
Port [ layer2_out]:  wired=1; compound=1; hidden=0; nouse=0; global=0; static=0; extern=0; dir=0; type=3; pingpong=0; private_global=0; IO mode=ap_fifo:ce=0
Port [ layer4_out]:  wired=1; compound=1; hidden=0; nouse=0; global=0; static=0; extern=0; dir=1; type=3; pingpong=0; private_global=0; IO mode=ap_fifo:ce=0
---------------- STG Properties END ------------------

---------------- Datapath Model BEGIN ----------------

<LifeTime>
<method=bitvector/>
layer2_out_read        (read             ) [ 00000000000000]
a_V                    (trunc            ) [ 00100000000000]
a_V_13                 (partselect       ) [ 00111111111110]
a_V_1                  (partselect       ) [ 00110000000000]
a_V_2                  (partselect       ) [ 00111000000000]
a_V_3                  (partselect       ) [ 00111100000000]
a_V_4                  (partselect       ) [ 00111111111110]
a_V_5                  (partselect       ) [ 00111110000000]
a_V_6                  (partselect       ) [ 00111111000000]
a_V_7                  (partselect       ) [ 00100000000000]
a_V_8                  (partselect       ) [ 00111111100000]
a_V_9                  (partselect       ) [ 00100000000000]
a_V_10                 (partselect       ) [ 00111111110000]
a_V_11                 (partselect       ) [ 00111111111000]
a_V_12                 (partselect       ) [ 00111111111100]
tmp                    (partselect       ) [ 00111111111110]
tmp_2                  (partselect       ) [ 00100000000000]
tmp_4                  (partselect       ) [ 00100000000000]
tmp_6                  (partselect       ) [ 00100000000000]
tmp_8                  (partselect       ) [ 00111111111110]
tmp_10                 (partselect       ) [ 00111111111110]
tmp_13                 (partselect       ) [ 00111111111110]
tmp_15                 (partselect       ) [ 00111111111110]
tmp_17                 (partselect       ) [ 00100000000000]
tmp_19                 (partselect       ) [ 00000000000000]
r_V_17                 (bitconcatenate   ) [ 00000000000000]
sext_ln1270_5          (sext             ) [ 00000000000000]
add_ln1347             (add              ) [ 00000000000000]
trunc_ln818_8          (partselect       ) [ 00111111111111]
tmp_20                 (partselect       ) [ 00100000000000]
tmp_23                 (partselect       ) [ 00100000000000]
tmp_25                 (partselect       ) [ 00111111111110]
tmp_26                 (partselect       ) [ 00100000000000]
tmp_27                 (partselect       ) [ 00111111111110]
tmp_28                 (partselect       ) [ 00111111111110]
tmp_29                 (partselect       ) [ 00000000000000]
r_V_32                 (bitconcatenate   ) [ 00000000000000]
sext_ln1270_11         (sext             ) [ 00000000000000]
add_ln1347_14          (add              ) [ 00000000000000]
trunc_ln818_16         (partselect       ) [ 00111111111111]
tmp_30                 (partselect       ) [ 00111111111110]
sext_ln1270            (sext             ) [ 00000000000000]
r_V_1                  (mul              ) [ 00010000000000]
shl_ln1273_2           (bitconcatenate   ) [ 00000000000000]
sext_ln1273_2          (sext             ) [ 00000000000000]
shl_ln1273_3           (bitconcatenate   ) [ 00000000000000]
sext_ln1273_3          (sext             ) [ 00000000000000]
r_V_5                  (sub              ) [ 00000000000000]
ret_V_2                (add              ) [ 00000000000000]
shl_ln1273_4           (bitconcatenate   ) [ 00000000000000]
sext_ln1273_4          (sext             ) [ 00000000000000]
shl_ln1273_5           (bitconcatenate   ) [ 00000000000000]
sext_ln1273_5          (sext             ) [ 00000000000000]
r_V_7                  (sub              ) [ 00000000000000]
ret_V_4                (add              ) [ 00000000000000]
trunc_ln818_3          (partselect       ) [ 00011111111111]
shl_ln1273_6           (bitconcatenate   ) [ 00000000000000]
sext_ln1273_6          (sext             ) [ 00000000000000]
shl_ln1273_7           (bitconcatenate   ) [ 00000000000000]
sext_ln1273_7          (sext             ) [ 00000000000000]
r_V_9                  (sub              ) [ 00000000000000]
ret_V_6                (add              ) [ 00000000000000]
trunc_ln818_5          (partselect       ) [ 00011111111111]
shl_ln1273_16          (bitconcatenate   ) [ 00000000000000]
sext_ln1273_17         (sext             ) [ 00000000000000]
shl_ln1273_17          (bitconcatenate   ) [ 00000000000000]
sext_ln1273_18         (sext             ) [ 00000000000000]
r_V_15                 (sub              ) [ 00000000000000]
ret_V_12               (add              ) [ 00000000000000]
trunc_ln818_6          (partselect       ) [ 00011111111111]
shl_ln1273_18          (bitconcatenate   ) [ 00000000000000]
sext_ln1273_19         (sext             ) [ 00000000000000]
shl_ln1273_19          (bitconcatenate   ) [ 00000000000000]
sext_ln1347_1          (sext             ) [ 00000000000000]
add_ln1347_18          (add              ) [ 00000000000000]
sext_ln1347_2          (sext             ) [ 00000000000000]
ret_V_15               (add              ) [ 00000000000000]
trunc_ln818_s          (partselect       ) [ 00011111111111]
sext_ln1270_7          (sext             ) [ 00000000000000]
shl_ln1273_20          (bitconcatenate   ) [ 00000000000000]
sext_ln1273_20         (sext             ) [ 00000000000000]
add_ln1347_20          (add              ) [ 00000000000000]
zext_ln1347            (zext             ) [ 00000000000000]
ret_V_16               (add              ) [ 00000000000000]
trunc_ln818_10         (partselect       ) [ 00011111111111]
shl_ln1273_21          (bitconcatenate   ) [ 00000000000000]
sext_ln1273_21         (sext             ) [ 00000000000000]
shl_ln1273_22          (bitconcatenate   ) [ 00000000000000]
sext_ln1273_22         (sext             ) [ 00000000000000]
r_V_22                 (sub              ) [ 00000000000000]
ret_V_18               (add              ) [ 00000000000000]
trunc_ln818_11         (partselect       ) [ 00011111111111]
sext_ln1270_8          (sext             ) [ 00000000000000]
shl_ln1273_25          (bitconcatenate   ) [ 00000000000000]
sext_ln1273_25         (sext             ) [ 00000000000000]
add_ln1347_25          (add              ) [ 00000000000000]
sext_ln1347_4          (sext             ) [ 00000000000000]
ret_V_20               (add              ) [ 00000000000000]
trunc_ln818_12         (partselect       ) [ 00011111111111]
shl_ln1273_26          (bitconcatenate   ) [ 00000000000000]
sext_ln1273_26         (sext             ) [ 00000000000000]
shl_ln1273_27          (bitconcatenate   ) [ 00000000000000]
sext_ln1273_27         (sext             ) [ 00000000000000]
r_V_28                 (sub              ) [ 00000000000000]
ret_V_23               (add              ) [ 00000000000000]
trunc_ln818_14         (partselect       ) [ 00011111111111]
tmp_1                  (bitselect        ) [ 00011111111111]
tmp_s                  (partselect       ) [ 00011111111111]
ret_V                  (add              ) [ 00000000000000]
trunc_ln               (partselect       ) [ 00001111111111]
sext_ln1270_1          (sext             ) [ 00000000000000]
r_V_4                  (mul              ) [ 00000000000000]
trunc_ln818_1          (partselect       ) [ 00001111111111]
sext_ln1270_2          (sext             ) [ 00000000000000]
mul_ln1270             (mul              ) [ 00000100000000]
ret_V_3                (add              ) [ 00000000000000]
trunc_ln818_2          (partselect       ) [ 00000011111111]
sext_ln1347            (sext             ) [ 00000000000000]
mul_ln1347             (mul              ) [ 00000010000000]
ret_V_5                (add              ) [ 00000000000000]
trunc_ln818_4          (partselect       ) [ 00000001111111]
sext_ln1270_4          (sext             ) [ 00000000000000]
mul_ln1270_1           (mul              ) [ 00000001000000]
ret_V_13               (add              ) [ 00000000000000]
trunc_ln818_7          (partselect       ) [ 00000000111111]
sext_ln1270_6          (sext             ) [ 00000000000000]
r_V_19                 (mul              ) [ 00000000100000]
ret_V_14               (add              ) [ 00000000000000]
trunc_ln818_9          (partselect       ) [ 00000000011111]
sext_ln1347_3          (sext             ) [ 00000000000000]
mul_ln1347_1           (mul              ) [ 00000000010000]
ret_V_17               (add              ) [ 00000000000000]
sext_ln1347_5          (sext             ) [ 00000000000000]
mul_ln1347_2           (mul              ) [ 00000000001000]
trunc_ln46_7           (partselect       ) [ 00000000001111]
ret_V_21               (add              ) [ 00000000000000]
sext_ln1270_9          (sext             ) [ 00000000000000]
r_V_27                 (mul              ) [ 00000000000100]
trunc_ln46_9           (partselect       ) [ 00000000000111]
ret_V_22               (add              ) [ 00000000000000]
trunc_ln818_13         (partselect       ) [ 00000000000011]
sext_ln1270_10         (sext             ) [ 00000000000000]
mul_ln1270_2           (mul              ) [ 00000000000010]
shl_ln                 (bitconcatenate   ) [ 00000000000000]
sext_ln1273            (sext             ) [ 00000000000000]
shl_ln1273_1           (bitconcatenate   ) [ 00000000000000]
sext_ln1273_1          (sext             ) [ 00000000000000]
r_V_2                  (sub              ) [ 00000000000000]
ret_V_1                (add              ) [ 00000000000000]
shl_ln1273_8           (bitconcatenate   ) [ 00000000000000]
sext_ln1273_8          (sext             ) [ 00000000000000]
shl_ln1273_9           (bitconcatenate   ) [ 00000000000000]
sext_ln1273_9          (sext             ) [ 00000000000000]
r_V_10                 (add              ) [ 00000000000000]
sext_ln813             (sext             ) [ 00000000000000]
ret_V_7                (add              ) [ 00000000000000]
shl_ln1273_s           (bitconcatenate   ) [ 00000000000000]
sext_ln1273_10         (sext             ) [ 00000000000000]
shl_ln1273_10          (bitconcatenate   ) [ 00000000000000]
sext_ln1273_11         (sext             ) [ 00000000000000]
r_V_11                 (add              ) [ 00000000000000]
sext_ln813_1           (sext             ) [ 00000000000000]
ret_V_8                (add              ) [ 00000000000000]
sext_ln1270_3          (sext             ) [ 00000000000000]
shl_ln1273_11          (bitconcatenate   ) [ 00000000000000]
sext_ln1273_12         (sext             ) [ 00000000000000]
add_ln1347_10          (add              ) [ 00000000000000]
ret_V_9                (add              ) [ 00000000000000]
shl_ln1273_12          (bitconcatenate   ) [ 00000000000000]
sext_ln1273_13         (sext             ) [ 00000000000000]
shl_ln1273_13          (bitconcatenate   ) [ 00000000000000]
sext_ln1273_14         (sext             ) [ 00000000000000]
r_V_13                 (sub              ) [ 00000000000000]
ret_V_10               (add              ) [ 00000000000000]
shl_ln1273_14          (bitconcatenate   ) [ 00000000000000]
sext_ln1273_15         (sext             ) [ 00000000000000]
shl_ln1273_15          (bitconcatenate   ) [ 00000000000000]
sext_ln1273_16         (sext             ) [ 00000000000000]
r_V_14                 (sub              ) [ 00000000000000]
ret_V_11               (add              ) [ 00000000000000]
shl_ln1273_23          (bitconcatenate   ) [ 00000000000000]
sext_ln1273_23         (sext             ) [ 00000000000000]
shl_ln1273_24          (bitconcatenate   ) [ 00000000000000]
sext_ln1273_24         (sext             ) [ 00000000000000]
r_V_23                 (sub              ) [ 00000000000000]
ret_V_19               (add              ) [ 00000000000000]
shl_ln1273_28          (bitconcatenate   ) [ 00000000000000]
sext_ln1273_28         (sext             ) [ 00000000000000]
shl_ln1273_29          (bitconcatenate   ) [ 00000000000000]
sext_ln1273_29         (sext             ) [ 00000000000000]
r_V_29                 (sub              ) [ 00000000000000]
ret_V_24               (add              ) [ 00000000000000]
ret_V_25               (add              ) [ 00000000000000]
trunc_ln818_15         (partselect       ) [ 00000000000001]
shl_ln1273_30          (bitconcatenate   ) [ 00000000000000]
sext_ln1273_30         (sext             ) [ 00000000000000]
shl_ln1273_31          (bitconcatenate   ) [ 00000000000000]
sext_ln1273_31         (sext             ) [ 00000000000000]
r_V_31                 (sub              ) [ 00000000000000]
ret_V_26               (add              ) [ 00000000000000]
shl_ln1273_32          (bitconcatenate   ) [ 00000000000000]
sext_ln1273_32         (sext             ) [ 00000000000000]
shl_ln1273_33          (bitconcatenate   ) [ 00000000000000]
sext_ln1273_33         (sext             ) [ 00000000000000]
r_V_33                 (sub              ) [ 00000000000000]
ret_V_27               (add              ) [ 00000000000000]
sext_ln1347_6          (sext             ) [ 00000000000000]
mul_ln1347_3           (mul              ) [ 00000000000001]
trunc_ln46_2           (partselect       ) [ 00000000000001]
trunc_ln46_3           (partselect       ) [ 00000000000001]
trunc_ln46_4           (partselect       ) [ 00000000000001]
trunc_ln46_5           (partselect       ) [ 00000000000001]
trunc_ln46_6           (partselect       ) [ 00000000000001]
trunc_ln46_8           (partselect       ) [ 00000000000001]
trunc_ln46_s           (partselect       ) [ 00000000000001]
trunc_ln46_1           (partselect       ) [ 00000000000001]
trunc_ln46_10          (partselect       ) [ 00000000000001]
tmp_31                 (partselect       ) [ 00000000000001]
specinterface_ln0      (specinterface    ) [ 00000000000000]
specinterface_ln0      (specinterface    ) [ 00000000000000]
specresourcelimit_ln22 (specresourcelimit) [ 00000000000000]
sext_ln818             (sext             ) [ 00000000000000]
ret_V_28               (add              ) [ 00000000000000]
trunc_ln46_11          (partselect       ) [ 00000000000000]
tmp_32                 (bitconcatenate   ) [ 00000000000000]
sext_ln46              (sext             ) [ 00000000000000]
tmp_33                 (bitconcatenate   ) [ 00000000000000]
sext_ln46_1            (sext             ) [ 00000000000000]
tmp_34                 (bitconcatenate   ) [ 00000000000000]
sext_ln46_2            (sext             ) [ 00000000000000]
tmp_35                 (bitconcatenate   ) [ 00000000000000]
sext_ln46_3            (sext             ) [ 00000000000000]
tmp_36                 (bitconcatenate   ) [ 00000000000000]
sext_ln46_4            (sext             ) [ 00000000000000]
tmp_37                 (bitconcatenate   ) [ 00000000000000]
sext_ln46_5            (sext             ) [ 00000000000000]
tmp_38                 (bitconcatenate   ) [ 00000000000000]
sext_ln46_6            (sext             ) [ 00000000000000]
tmp_39                 (bitconcatenate   ) [ 00000000000000]
sext_ln46_7            (sext             ) [ 00000000000000]
tmp_40                 (bitconcatenate   ) [ 00000000000000]
sext_ln46_8            (sext             ) [ 00000000000000]
tmp_41                 (bitconcatenate   ) [ 00000000000000]
sext_ln46_9            (sext             ) [ 00000000000000]
tmp_42                 (bitconcatenate   ) [ 00000000000000]
sext_ln46_10           (sext             ) [ 00000000000000]
tmp_43                 (bitconcatenate   ) [ 00000000000000]
sext_ln46_11           (sext             ) [ 00000000000000]
tmp_44                 (bitconcatenate   ) [ 00000000000000]
sext_ln46_12           (sext             ) [ 00000000000000]
tmp_45                 (bitconcatenate   ) [ 00000000000000]
sext_ln46_13           (sext             ) [ 00000000000000]
tmp_46                 (bitconcatenate   ) [ 00000000000000]
sext_ln46_14           (sext             ) [ 00000000000000]
tmp_47                 (bitconcatenate   ) [ 00000000000000]
sext_ln46_15           (sext             ) [ 00000000000000]
tmp_48                 (bitconcatenate   ) [ 00000000000000]
sext_ln46_16           (sext             ) [ 00000000000000]
p_0                    (bitconcatenate   ) [ 00000000000000]
write_ln46             (write            ) [ 00000000000000]
ret_ln48               (ret              ) [ 00000000000000]
</LifeTime>

<model>

<comp_list>
<comp id="0" class="1000" name="layer2_out">
<pin_list>
<pin id="1" dir="1" index="0" bw="1" slack="0"/>
</pin_list>
<bind>
<StgValue><ssdm name="layer2_out"/></StgValue>
</bind>
</comp>

<comp id="2" class="1000" name="layer4_out">
<pin_list>
<pin id="3" dir="1" index="0" bw="1" slack="0"/>
</pin_list>
<bind>
<StgValue><ssdm name="layer4_out"/></StgValue>
</bind>
</comp>

<comp id="4" class="1001" name="const_4">
<pin_list>
<pin id="5" dir="1" index="0" bw="1" slack="0"/>
</pin_list>
<bind>
<StgValue><ssdm name="_ssdm_op_Read.ap_fifo.volatile.i256P0A"/></StgValue>
</bind>
</comp>

<comp id="6" class="1001" name="const_6">
<pin_list>
<pin id="7" dir="1" index="0" bw="1" slack="0"/>
</pin_list>
<bind>
<StgValue><ssdm name="_ssdm_op_PartSelect.i8.i256.i32.i32"/></StgValue>
</bind>
</comp>

<comp id="8" class="1001" name="const_8">
<pin_list>
<pin id="9" dir="1" index="0" bw="1" slack="0"/>
</pin_list>
<bind>
<StgValue><ssdm name=""/></StgValue>
</bind>
</comp>

<comp id="10" class="1001" name="const_10">
<pin_list>
<pin id="11" dir="1" index="0" bw="1" slack="0"/>
</pin_list>
<bind>
<StgValue><ssdm name=""/></StgValue>
</bind>
</comp>

<comp id="12" class="1001" name="const_12">
<pin_list>
<pin id="13" dir="1" index="0" bw="1" slack="0"/>
</pin_list>
<bind>
<StgValue><ssdm name=""/></StgValue>
</bind>
</comp>

<comp id="14" class="1001" name="const_14">
<pin_list>
<pin id="15" dir="1" index="0" bw="1" slack="0"/>
</pin_list>
<bind>
<StgValue><ssdm name=""/></StgValue>
</bind>
</comp>

<comp id="16" class="1001" name="const_16">
<pin_list>
<pin id="17" dir="1" index="0" bw="1" slack="0"/>
</pin_list>
<bind>
<StgValue><ssdm name=""/></StgValue>
</bind>
</comp>

<comp id="18" class="1001" name="const_18">
<pin_list>
<pin id="19" dir="1" index="0" bw="1" slack="0"/>
</pin_list>
<bind>
<StgValue><ssdm name=""/></StgValue>
</bind>
</comp>

<comp id="20" class="1001" name="const_20">
<pin_list>
<pin id="21" dir="1" index="0" bw="1" slack="0"/>
</pin_list>
<bind>
<StgValue><ssdm name=""/></StgValue>
</bind>
</comp>

<comp id="22" class="1001" name="const_22">
<pin_list>
<pin id="23" dir="1" index="0" bw="1" slack="0"/>
</pin_list>
<bind>
<StgValue><ssdm name=""/></StgValue>
</bind>
</comp>

<comp id="24" class="1001" name="const_24">
<pin_list>
<pin id="25" dir="1" index="0" bw="1" slack="0"/>
</pin_list>
<bind>
<StgValue><ssdm name=""/></StgValue>
</bind>
</comp>

<comp id="26" class="1001" name="const_26">
<pin_list>
<pin id="27" dir="1" index="0" bw="1" slack="0"/>
</pin_list>
<bind>
<StgValue><ssdm name=""/></StgValue>
</bind>
</comp>

<comp id="28" class="1001" name="const_28">
<pin_list>
<pin id="29" dir="1" index="0" bw="1" slack="0"/>
</pin_list>
<bind>
<StgValue><ssdm name=""/></StgValue>
</bind>
</comp>

<comp id="30" class="1001" name="const_30">
<pin_list>
<pin id="31" dir="1" index="0" bw="1" slack="0"/>
</pin_list>
<bind>
<StgValue><ssdm name=""/></StgValue>
</bind>
</comp>

<comp id="32" class="1001" name="const_32">
<pin_list>
<pin id="33" dir="1" index="0" bw="1" slack="0"/>
</pin_list>
<bind>
<StgValue><ssdm name=""/></StgValue>
</bind>
</comp>

<comp id="34" class="1001" name="const_34">
<pin_list>
<pin id="35" dir="1" index="0" bw="1" slack="0"/>
</pin_list>
<bind>
<StgValue><ssdm name=""/></StgValue>
</bind>
</comp>

<comp id="36" class="1001" name="const_36">
<pin_list>
<pin id="37" dir="1" index="0" bw="1" slack="0"/>
</pin_list>
<bind>
<StgValue><ssdm name=""/></StgValue>
</bind>
</comp>

<comp id="38" class="1001" name="const_38">
<pin_list>
<pin id="39" dir="1" index="0" bw="1" slack="0"/>
</pin_list>
<bind>
<StgValue><ssdm name=""/></StgValue>
</bind>
</comp>

<comp id="40" class="1001" name="const_40">
<pin_list>
<pin id="41" dir="1" index="0" bw="1" slack="0"/>
</pin_list>
<bind>
<StgValue><ssdm name=""/></StgValue>
</bind>
</comp>

<comp id="42" class="1001" name="const_42">
<pin_list>
<pin id="43" dir="1" index="0" bw="1" slack="0"/>
</pin_list>
<bind>
<StgValue><ssdm name=""/></StgValue>
</bind>
</comp>

<comp id="44" class="1001" name="const_44">
<pin_list>
<pin id="45" dir="1" index="0" bw="1" slack="0"/>
</pin_list>
<bind>
<StgValue><ssdm name=""/></StgValue>
</bind>
</comp>

<comp id="46" class="1001" name="const_46">
<pin_list>
<pin id="47" dir="1" index="0" bw="1" slack="0"/>
</pin_list>
<bind>
<StgValue><ssdm name=""/></StgValue>
</bind>
</comp>

<comp id="48" class="1001" name="const_48">
<pin_list>
<pin id="49" dir="1" index="0" bw="1" slack="0"/>
</pin_list>
<bind>
<StgValue><ssdm name=""/></StgValue>
</bind>
</comp>

<comp id="50" class="1001" name="const_50">
<pin_list>
<pin id="51" dir="1" index="0" bw="1" slack="0"/>
</pin_list>
<bind>
<StgValue><ssdm name=""/></StgValue>
</bind>
</comp>

<comp id="52" class="1001" name="const_52">
<pin_list>
<pin id="53" dir="1" index="0" bw="1" slack="0"/>
</pin_list>
<bind>
<StgValue><ssdm name=""/></StgValue>
</bind>
</comp>

<comp id="54" class="1001" name="const_54">
<pin_list>
<pin id="55" dir="1" index="0" bw="1" slack="0"/>
</pin_list>
<bind>
<StgValue><ssdm name=""/></StgValue>
</bind>
</comp>

<comp id="56" class="1001" name="const_56">
<pin_list>
<pin id="57" dir="1" index="0" bw="1" slack="0"/>
</pin_list>
<bind>
<StgValue><ssdm name=""/></StgValue>
</bind>
</comp>

<comp id="58" class="1001" name="const_58">
<pin_list>
<pin id="59" dir="1" index="0" bw="1" slack="0"/>
</pin_list>
<bind>
<StgValue><ssdm name=""/></StgValue>
</bind>
</comp>

<comp id="60" class="1001" name="const_60">
<pin_list>
<pin id="61" dir="1" index="0" bw="1" slack="0"/>
</pin_list>
<bind>
<StgValue><ssdm name=""/></StgValue>
</bind>
</comp>

<comp id="62" class="1001" name="const_62">
<pin_list>
<pin id="63" dir="1" index="0" bw="1" slack="0"/>
</pin_list>
<bind>
<StgValue><ssdm name=""/></StgValue>
</bind>
</comp>

<comp id="64" class="1001" name="const_64">
<pin_list>
<pin id="65" dir="1" index="0" bw="1" slack="0"/>
</pin_list>
<bind>
<StgValue><ssdm name=""/></StgValue>
</bind>
</comp>

<comp id="66" class="1001" name="const_66">
<pin_list>
<pin id="67" dir="1" index="0" bw="1" slack="0"/>
</pin_list>
<bind>
<StgValue><ssdm name=""/></StgValue>
</bind>
</comp>

<comp id="68" class="1001" name="const_68">
<pin_list>
<pin id="69" dir="1" index="0" bw="1" slack="0"/>
</pin_list>
<bind>
<StgValue><ssdm name=""/></StgValue>
</bind>
</comp>

<comp id="70" class="1001" name="const_70">
<pin_list>
<pin id="71" dir="1" index="0" bw="1" slack="0"/>
</pin_list>
<bind>
<StgValue><ssdm name=""/></StgValue>
</bind>
</comp>

<comp id="72" class="1001" name="const_72">
<pin_list>
<pin id="73" dir="1" index="0" bw="1" slack="0"/>
</pin_list>
<bind>
<StgValue><ssdm name=""/></StgValue>
</bind>
</comp>

<comp id="74" class="1001" name="const_74">
<pin_list>
<pin id="75" dir="1" index="0" bw="1" slack="0"/>
</pin_list>
<bind>
<StgValue><ssdm name=""/></StgValue>
</bind>
</comp>

<comp id="76" class="1001" name="const_76">
<pin_list>
<pin id="77" dir="1" index="0" bw="1" slack="0"/>
</pin_list>
<bind>
<StgValue><ssdm name=""/></StgValue>
</bind>
</comp>

<comp id="78" class="1001" name="const_78">
<pin_list>
<pin id="79" dir="1" index="0" bw="1" slack="0"/>
</pin_list>
<bind>
<StgValue><ssdm name=""/></StgValue>
</bind>
</comp>

<comp id="80" class="1001" name="const_80">
<pin_list>
<pin id="81" dir="1" index="0" bw="1" slack="0"/>
</pin_list>
<bind>
<StgValue><ssdm name=""/></StgValue>
</bind>
</comp>

<comp id="82" class="1001" name="const_82">
<pin_list>
<pin id="83" dir="1" index="0" bw="1" slack="0"/>
</pin_list>
<bind>
<StgValue><ssdm name=""/></StgValue>
</bind>
</comp>

<comp id="84" class="1001" name="const_84">
<pin_list>
<pin id="85" dir="1" index="0" bw="1" slack="0"/>
</pin_list>
<bind>
<StgValue><ssdm name=""/></StgValue>
</bind>
</comp>

<comp id="86" class="1001" name="const_86">
<pin_list>
<pin id="87" dir="1" index="0" bw="1" slack="0"/>
</pin_list>
<bind>
<StgValue><ssdm name=""/></StgValue>
</bind>
</comp>

<comp id="88" class="1001" name="const_88">
<pin_list>
<pin id="89" dir="1" index="0" bw="1" slack="0"/>
</pin_list>
<bind>
<StgValue><ssdm name=""/></StgValue>
</bind>
</comp>

<comp id="90" class="1001" name="const_90">
<pin_list>
<pin id="91" dir="1" index="0" bw="1" slack="0"/>
</pin_list>
<bind>
<StgValue><ssdm name=""/></StgValue>
</bind>
</comp>

<comp id="92" class="1001" name="const_92">
<pin_list>
<pin id="93" dir="1" index="0" bw="1" slack="0"/>
</pin_list>
<bind>
<StgValue><ssdm name=""/></StgValue>
</bind>
</comp>

<comp id="94" class="1001" name="const_94">
<pin_list>
<pin id="95" dir="1" index="0" bw="1" slack="0"/>
</pin_list>
<bind>
<StgValue><ssdm name=""/></StgValue>
</bind>
</comp>

<comp id="96" class="1001" name="const_96">
<pin_list>
<pin id="97" dir="1" index="0" bw="1" slack="0"/>
</pin_list>
<bind>
<StgValue><ssdm name=""/></StgValue>
</bind>
</comp>

<comp id="98" class="1001" name="const_98">
<pin_list>
<pin id="99" dir="1" index="0" bw="1" slack="0"/>
</pin_list>
<bind>
<StgValue><ssdm name=""/></StgValue>
</bind>
</comp>

<comp id="100" class="1001" name="const_100">
<pin_list>
<pin id="101" dir="1" index="0" bw="1" slack="0"/>
</pin_list>
<bind>
<StgValue><ssdm name="_ssdm_op_BitConcatenate.i10.i8.i2"/></StgValue>
</bind>
</comp>

<comp id="102" class="1001" name="const_102">
<pin_list>
<pin id="103" dir="1" index="0" bw="1" slack="0"/>
</pin_list>
<bind>
<StgValue><ssdm name=""/></StgValue>
</bind>
</comp>

<comp id="104" class="1001" name="const_104">
<pin_list>
<pin id="105" dir="1" index="0" bw="1" slack="0"/>
</pin_list>
<bind>
<StgValue><ssdm name=""/></StgValue>
</bind>
</comp>

<comp id="106" class="1001" name="const_106">
<pin_list>
<pin id="107" dir="1" index="0" bw="1" slack="0"/>
</pin_list>
<bind>
<StgValue><ssdm name="_ssdm_op_PartSelect.i5.i11.i32.i32"/></StgValue>
</bind>
</comp>

<comp id="108" class="1001" name="const_108">
<pin_list>
<pin id="109" dir="1" index="0" bw="1" slack="0"/>
</pin_list>
<bind>
<StgValue><ssdm name=""/></StgValue>
</bind>
</comp>

<comp id="110" class="1001" name="const_110">
<pin_list>
<pin id="111" dir="1" index="0" bw="1" slack="0"/>
</pin_list>
<bind>
<StgValue><ssdm name=""/></StgValue>
</bind>
</comp>

<comp id="112" class="1001" name="const_112">
<pin_list>
<pin id="113" dir="1" index="0" bw="1" slack="0"/>
</pin_list>
<bind>
<StgValue><ssdm name=""/></StgValue>
</bind>
</comp>

<comp id="114" class="1001" name="const_114">
<pin_list>
<pin id="115" dir="1" index="0" bw="1" slack="0"/>
</pin_list>
<bind>
<StgValue><ssdm name=""/></StgValue>
</bind>
</comp>

<comp id="116" class="1001" name="const_116">
<pin_list>
<pin id="117" dir="1" index="0" bw="1" slack="0"/>
</pin_list>
<bind>
<StgValue><ssdm name=""/></StgValue>
</bind>
</comp>

<comp id="118" class="1001" name="const_118">
<pin_list>
<pin id="119" dir="1" index="0" bw="1" slack="0"/>
</pin_list>
<bind>
<StgValue><ssdm name=""/></StgValue>
</bind>
</comp>

<comp id="120" class="1001" name="const_120">
<pin_list>
<pin id="121" dir="1" index="0" bw="1" slack="0"/>
</pin_list>
<bind>
<StgValue><ssdm name=""/></StgValue>
</bind>
</comp>

<comp id="122" class="1001" name="const_122">
<pin_list>
<pin id="123" dir="1" index="0" bw="1" slack="0"/>
</pin_list>
<bind>
<StgValue><ssdm name=""/></StgValue>
</bind>
</comp>

<comp id="124" class="1001" name="const_124">
<pin_list>
<pin id="125" dir="1" index="0" bw="1" slack="0"/>
</pin_list>
<bind>
<StgValue><ssdm name=""/></StgValue>
</bind>
</comp>

<comp id="126" class="1001" name="const_126">
<pin_list>
<pin id="127" dir="1" index="0" bw="1" slack="0"/>
</pin_list>
<bind>
<StgValue><ssdm name=""/></StgValue>
</bind>
</comp>

<comp id="128" class="1001" name="const_128">
<pin_list>
<pin id="129" dir="1" index="0" bw="1" slack="0"/>
</pin_list>
<bind>
<StgValue><ssdm name=""/></StgValue>
</bind>
</comp>

<comp id="130" class="1001" name="const_130">
<pin_list>
<pin id="131" dir="1" index="0" bw="1" slack="0"/>
</pin_list>
<bind>
<StgValue><ssdm name=""/></StgValue>
</bind>
</comp>

<comp id="132" class="1001" name="const_132">
<pin_list>
<pin id="133" dir="1" index="0" bw="1" slack="0"/>
</pin_list>
<bind>
<StgValue><ssdm name=""/></StgValue>
</bind>
</comp>

<comp id="134" class="1001" name="const_134">
<pin_list>
<pin id="135" dir="1" index="0" bw="1" slack="0"/>
</pin_list>
<bind>
<StgValue><ssdm name=""/></StgValue>
</bind>
</comp>

<comp id="136" class="1001" name="const_136">
<pin_list>
<pin id="137" dir="1" index="0" bw="1" slack="0"/>
</pin_list>
<bind>
<StgValue><ssdm name=""/></StgValue>
</bind>
</comp>

<comp id="138" class="1001" name="const_138">
<pin_list>
<pin id="139" dir="1" index="0" bw="1" slack="0"/>
</pin_list>
<bind>
<StgValue><ssdm name=""/></StgValue>
</bind>
</comp>

<comp id="140" class="1001" name="const_140">
<pin_list>
<pin id="141" dir="1" index="0" bw="1" slack="0"/>
</pin_list>
<bind>
<StgValue><ssdm name="_ssdm_op_BitConcatenate.i12.i8.i4"/></StgValue>
</bind>
</comp>

<comp id="142" class="1001" name="const_142">
<pin_list>
<pin id="143" dir="1" index="0" bw="1" slack="0"/>
</pin_list>
<bind>
<StgValue><ssdm name=""/></StgValue>
</bind>
</comp>

<comp id="144" class="1001" name="const_144">
<pin_list>
<pin id="145" dir="1" index="0" bw="1" slack="0"/>
</pin_list>
<bind>
<StgValue><ssdm name=""/></StgValue>
</bind>
</comp>

<comp id="146" class="1001" name="const_146">
<pin_list>
<pin id="147" dir="1" index="0" bw="1" slack="0"/>
</pin_list>
<bind>
<StgValue><ssdm name="_ssdm_op_PartSelect.i7.i13.i32.i32"/></StgValue>
</bind>
</comp>

<comp id="148" class="1001" name="const_148">
<pin_list>
<pin id="149" dir="1" index="0" bw="1" slack="0"/>
</pin_list>
<bind>
<StgValue><ssdm name=""/></StgValue>
</bind>
</comp>

<comp id="150" class="1001" name="const_150">
<pin_list>
<pin id="151" dir="1" index="0" bw="1" slack="0"/>
</pin_list>
<bind>
<StgValue><ssdm name=""/></StgValue>
</bind>
</comp>

<comp id="152" class="1001" name="const_152">
<pin_list>
<pin id="153" dir="1" index="0" bw="1" slack="0"/>
</pin_list>
<bind>
<StgValue><ssdm name=""/></StgValue>
</bind>
</comp>

<comp id="154" class="1001" name="const_154">
<pin_list>
<pin id="155" dir="1" index="0" bw="1" slack="0"/>
</pin_list>
<bind>
<StgValue><ssdm name=""/></StgValue>
</bind>
</comp>

<comp id="156" class="1001" name="const_156">
<pin_list>
<pin id="157" dir="1" index="0" bw="1" slack="0"/>
</pin_list>
<bind>
<StgValue><ssdm name="_ssdm_op_BitConcatenate.i11.i8.i3"/></StgValue>
</bind>
</comp>

<comp id="158" class="1001" name="const_158">
<pin_list>
<pin id="159" dir="1" index="0" bw="1" slack="0"/>
</pin_list>
<bind>
<StgValue><ssdm name=""/></StgValue>
</bind>
</comp>

<comp id="160" class="1001" name="const_160">
<pin_list>
<pin id="161" dir="1" index="0" bw="1" slack="0"/>
</pin_list>
<bind>
<StgValue><ssdm name="_ssdm_op_BitConcatenate.i9.i8.i1"/></StgValue>
</bind>
</comp>

<comp id="162" class="1001" name="const_162">
<pin_list>
<pin id="163" dir="1" index="0" bw="1" slack="0"/>
</pin_list>
<bind>
<StgValue><ssdm name=""/></StgValue>
</bind>
</comp>

<comp id="164" class="1001" name="const_164">
<pin_list>
<pin id="165" dir="1" index="0" bw="1" slack="0"/>
</pin_list>
<bind>
<StgValue><ssdm name=""/></StgValue>
</bind>
</comp>

<comp id="166" class="1001" name="const_166">
<pin_list>
<pin id="167" dir="1" index="0" bw="1" slack="0"/>
</pin_list>
<bind>
<StgValue><ssdm name=""/></StgValue>
</bind>
</comp>

<comp id="168" class="1001" name="const_168">
<pin_list>
<pin id="169" dir="1" index="0" bw="1" slack="0"/>
</pin_list>
<bind>
<StgValue><ssdm name=""/></StgValue>
</bind>
</comp>

<comp id="170" class="1001" name="const_170">
<pin_list>
<pin id="171" dir="1" index="0" bw="1" slack="0"/>
</pin_list>
<bind>
<StgValue><ssdm name="_ssdm_op_PartSelect.i6.i12.i32.i32"/></StgValue>
</bind>
</comp>

<comp id="172" class="1001" name="const_172">
<pin_list>
<pin id="173" dir="1" index="0" bw="1" slack="0"/>
</pin_list>
<bind>
<StgValue><ssdm name=""/></StgValue>
</bind>
</comp>

<comp id="174" class="1001" name="const_174">
<pin_list>
<pin id="175" dir="1" index="0" bw="1" slack="0"/>
</pin_list>
<bind>
<StgValue><ssdm name=""/></StgValue>
</bind>
</comp>

<comp id="176" class="1001" name="const_176">
<pin_list>
<pin id="177" dir="1" index="0" bw="1" slack="0"/>
</pin_list>
<bind>
<StgValue><ssdm name=""/></StgValue>
</bind>
</comp>

<comp id="178" class="1001" name="const_178">
<pin_list>
<pin id="179" dir="1" index="0" bw="1" slack="0"/>
</pin_list>
<bind>
<StgValue><ssdm name=""/></StgValue>
</bind>
</comp>

<comp id="180" class="1001" name="const_180">
<pin_list>
<pin id="181" dir="1" index="0" bw="1" slack="0"/>
</pin_list>
<bind>
<StgValue><ssdm name=""/></StgValue>
</bind>
</comp>

<comp id="182" class="1001" name="const_182">
<pin_list>
<pin id="183" dir="1" index="0" bw="1" slack="0"/>
</pin_list>
<bind>
<StgValue><ssdm name=""/></StgValue>
</bind>
</comp>

<comp id="184" class="1001" name="const_184">
<pin_list>
<pin id="185" dir="1" index="0" bw="1" slack="0"/>
</pin_list>
<bind>
<StgValue><ssdm name=""/></StgValue>
</bind>
</comp>

<comp id="186" class="1001" name="const_186">
<pin_list>
<pin id="187" dir="1" index="0" bw="1" slack="0"/>
</pin_list>
<bind>
<StgValue><ssdm name="_ssdm_op_BitSelect.i1.i12.i32"/></StgValue>
</bind>
</comp>

<comp id="188" class="1001" name="const_188">
<pin_list>
<pin id="189" dir="1" index="0" bw="1" slack="0"/>
</pin_list>
<bind>
<StgValue><ssdm name="_ssdm_op_PartSelect.i5.i12.i32.i32"/></StgValue>
</bind>
</comp>

<comp id="190" class="1001" name="const_190">
<pin_list>
<pin id="191" dir="1" index="0" bw="1" slack="0"/>
</pin_list>
<bind>
<StgValue><ssdm name=""/></StgValue>
</bind>
</comp>

<comp id="192" class="1001" name="const_192">
<pin_list>
<pin id="193" dir="1" index="0" bw="1" slack="0"/>
</pin_list>
<bind>
<StgValue><ssdm name=""/></StgValue>
</bind>
</comp>

<comp id="194" class="1001" name="const_194">
<pin_list>
<pin id="195" dir="1" index="0" bw="1" slack="0"/>
</pin_list>
<bind>
<StgValue><ssdm name=""/></StgValue>
</bind>
</comp>

<comp id="196" class="1001" name="const_196">
<pin_list>
<pin id="197" dir="1" index="0" bw="1" slack="0"/>
</pin_list>
<bind>
<StgValue><ssdm name="_ssdm_op_PartSelect.i8.i14.i32.i32"/></StgValue>
</bind>
</comp>

<comp id="198" class="1001" name="const_198">
<pin_list>
<pin id="199" dir="1" index="0" bw="1" slack="0"/>
</pin_list>
<bind>
<StgValue><ssdm name=""/></StgValue>
</bind>
</comp>

<comp id="200" class="1001" name="const_200">
<pin_list>
<pin id="201" dir="1" index="0" bw="1" slack="0"/>
</pin_list>
<bind>
<StgValue><ssdm name=""/></StgValue>
</bind>
</comp>

<comp id="202" class="1001" name="const_202">
<pin_list>
<pin id="203" dir="1" index="0" bw="1" slack="0"/>
</pin_list>
<bind>
<StgValue><ssdm name=""/></StgValue>
</bind>
</comp>

<comp id="204" class="1001" name="const_204">
<pin_list>
<pin id="205" dir="1" index="0" bw="1" slack="0"/>
</pin_list>
<bind>
<StgValue><ssdm name=""/></StgValue>
</bind>
</comp>

<comp id="206" class="1001" name="const_206">
<pin_list>
<pin id="207" dir="1" index="0" bw="1" slack="0"/>
</pin_list>
<bind>
<StgValue><ssdm name=""/></StgValue>
</bind>
</comp>

<comp id="208" class="1001" name="const_208">
<pin_list>
<pin id="209" dir="1" index="0" bw="1" slack="0"/>
</pin_list>
<bind>
<StgValue><ssdm name=""/></StgValue>
</bind>
</comp>

<comp id="210" class="1001" name="const_210">
<pin_list>
<pin id="211" dir="1" index="0" bw="1" slack="0"/>
</pin_list>
<bind>
<StgValue><ssdm name=""/></StgValue>
</bind>
</comp>

<comp id="212" class="1001" name="const_212">
<pin_list>
<pin id="213" dir="1" index="0" bw="1" slack="0"/>
</pin_list>
<bind>
<StgValue><ssdm name=""/></StgValue>
</bind>
</comp>

<comp id="214" class="1001" name="const_214">
<pin_list>
<pin id="215" dir="1" index="0" bw="1" slack="0"/>
</pin_list>
<bind>
<StgValue><ssdm name=""/></StgValue>
</bind>
</comp>

<comp id="216" class="1001" name="const_216">
<pin_list>
<pin id="217" dir="1" index="0" bw="1" slack="0"/>
</pin_list>
<bind>
<StgValue><ssdm name=""/></StgValue>
</bind>
</comp>

<comp id="218" class="1001" name="const_218">
<pin_list>
<pin id="219" dir="1" index="0" bw="1" slack="0"/>
</pin_list>
<bind>
<StgValue><ssdm name=""/></StgValue>
</bind>
</comp>

<comp id="220" class="1001" name="const_220">
<pin_list>
<pin id="221" dir="1" index="0" bw="1" slack="0"/>
</pin_list>
<bind>
<StgValue><ssdm name="_ssdm_op_BitConcatenate.i13.i8.i5"/></StgValue>
</bind>
</comp>

<comp id="222" class="1001" name="const_222">
<pin_list>
<pin id="223" dir="1" index="0" bw="1" slack="0"/>
</pin_list>
<bind>
<StgValue><ssdm name=""/></StgValue>
</bind>
</comp>

<comp id="224" class="1001" name="const_224">
<pin_list>
<pin id="225" dir="1" index="0" bw="1" slack="0"/>
</pin_list>
<bind>
<StgValue><ssdm name=""/></StgValue>
</bind>
</comp>

<comp id="226" class="1001" name="const_226">
<pin_list>
<pin id="227" dir="1" index="0" bw="1" slack="0"/>
</pin_list>
<bind>
<StgValue><ssdm name=""/></StgValue>
</bind>
</comp>

<comp id="228" class="1001" name="const_228">
<pin_list>
<pin id="229" dir="1" index="0" bw="1" slack="0"/>
</pin_list>
<bind>
<StgValue><ssdm name=""/></StgValue>
</bind>
</comp>

<comp id="230" class="1001" name="const_230">
<pin_list>
<pin id="231" dir="1" index="0" bw="1" slack="0"/>
</pin_list>
<bind>
<StgValue><ssdm name=""/></StgValue>
</bind>
</comp>

<comp id="232" class="1001" name="const_232">
<pin_list>
<pin id="233" dir="1" index="0" bw="1" slack="0"/>
</pin_list>
<bind>
<StgValue><ssdm name=""/></StgValue>
</bind>
</comp>

<comp id="234" class="1001" name="const_234">
<pin_list>
<pin id="235" dir="1" index="0" bw="1" slack="0"/>
</pin_list>
<bind>
<StgValue><ssdm name=""/></StgValue>
</bind>
</comp>

<comp id="236" class="1001" name="const_236">
<pin_list>
<pin id="237" dir="1" index="0" bw="1" slack="0"/>
</pin_list>
<bind>
<StgValue><ssdm name=""/></StgValue>
</bind>
</comp>

<comp id="238" class="1001" name="const_238">
<pin_list>
<pin id="239" dir="1" index="0" bw="1" slack="0"/>
</pin_list>
<bind>
<StgValue><ssdm name=""/></StgValue>
</bind>
</comp>

<comp id="240" class="1001" name="const_240">
<pin_list>
<pin id="241" dir="1" index="0" bw="1" slack="0"/>
</pin_list>
<bind>
<StgValue><ssdm name=""/></StgValue>
</bind>
</comp>

<comp id="242" class="1001" name="const_242">
<pin_list>
<pin id="243" dir="1" index="0" bw="1" slack="0"/>
</pin_list>
<bind>
<StgValue><ssdm name=""/></StgValue>
</bind>
</comp>

<comp id="244" class="1001" name="const_244">
<pin_list>
<pin id="245" dir="1" index="0" bw="1" slack="0"/>
</pin_list>
<bind>
<StgValue><ssdm name=""/></StgValue>
</bind>
</comp>

<comp id="246" class="1001" name="const_246">
<pin_list>
<pin id="247" dir="1" index="0" bw="1" slack="0"/>
</pin_list>
<bind>
<StgValue><ssdm name=""/></StgValue>
</bind>
</comp>

<comp id="248" class="1001" name="const_248">
<pin_list>
<pin id="249" dir="1" index="0" bw="1" slack="2147483647"/>
</pin_list>
<bind>
<StgValue><ssdm name="_ssdm_op_SpecInterface"/></StgValue>
</bind>
</comp>

<comp id="250" class="1001" name="const_250">
<pin_list>
<pin id="251" dir="1" index="0" bw="1" slack="2147483647"/>
</pin_list>
<bind>
<StgValue><ssdm name="empty_2"/></StgValue>
</bind>
</comp>

<comp id="252" class="1001" name="const_252">
<pin_list>
<pin id="253" dir="1" index="0" bw="1" slack="2147483647"/>
</pin_list>
<bind>
<StgValue><ssdm name=""/></StgValue>
</bind>
</comp>

<comp id="254" class="1001" name="const_254">
<pin_list>
<pin id="255" dir="1" index="0" bw="1" slack="2147483647"/>
</pin_list>
<bind>
<StgValue><ssdm name="empty_0"/></StgValue>
</bind>
</comp>

<comp id="256" class="1001" name="const_256">
<pin_list>
<pin id="257" dir="1" index="0" bw="1" slack="2147483647"/>
</pin_list>
<bind>
<StgValue><ssdm name=""/></StgValue>
</bind>
</comp>

<comp id="258" class="1001" name="const_258">
<pin_list>
<pin id="259" dir="1" index="0" bw="1" slack="2147483647"/>
</pin_list>
<bind>
<StgValue><ssdm name="_ssdm_op_SpecResourceLimit"/></StgValue>
</bind>
</comp>

<comp id="260" class="1001" name="const_260">
<pin_list>
<pin id="261" dir="1" index="0" bw="1" slack="2147483647"/>
</pin_list>
<bind>
<StgValue><ssdm name=""/></StgValue>
</bind>
</comp>

<comp id="262" class="1001" name="const_262">
<pin_list>
<pin id="263" dir="1" index="0" bw="1" slack="2147483647"/>
</pin_list>
<bind>
<StgValue><ssdm name="empty_5"/></StgValue>
</bind>
</comp>

<comp id="264" class="1001" name="const_264">
<pin_list>
<pin id="265" dir="1" index="0" bw="1" slack="0"/>
</pin_list>
<bind>
<StgValue><ssdm name=""/></StgValue>
</bind>
</comp>

<comp id="266" class="1001" name="const_266">
<pin_list>
<pin id="267" dir="1" index="0" bw="1" slack="0"/>
</pin_list>
<bind>
<StgValue><ssdm name="_ssdm_op_BitConcatenate.i22.i5.i1.i8.i8"/></StgValue>
</bind>
</comp>

<comp id="268" class="1001" name="const_268">
<pin_list>
<pin id="269" dir="1" index="0" bw="1" slack="0"/>
</pin_list>
<bind>
<StgValue><ssdm name="_ssdm_op_BitConcatenate.i31.i7.i24"/></StgValue>
</bind>
</comp>

<comp id="270" class="1001" name="const_270">
<pin_list>
<pin id="271" dir="1" index="0" bw="1" slack="0"/>
</pin_list>
<bind>
<StgValue><ssdm name="_ssdm_op_BitConcatenate.i39.i7.i32"/></StgValue>
</bind>
</comp>

<comp id="272" class="1001" name="const_272">
<pin_list>
<pin id="273" dir="1" index="0" bw="1" slack="0"/>
</pin_list>
<bind>
<StgValue><ssdm name="_ssdm_op_BitConcatenate.i46.i6.i40"/></StgValue>
</bind>
</comp>

<comp id="274" class="1001" name="const_274">
<pin_list>
<pin id="275" dir="1" index="0" bw="1" slack="0"/>
</pin_list>
<bind>
<StgValue><ssdm name="_ssdm_op_BitConcatenate.i54.i6.i48"/></StgValue>
</bind>
</comp>

<comp id="276" class="1001" name="const_276">
<pin_list>
<pin id="277" dir="1" index="0" bw="1" slack="0"/>
</pin_list>
<bind>
<StgValue><ssdm name="_ssdm_op_BitConcatenate.i103.i7.i8.i8.i8.i8.i8.i56"/></StgValue>
</bind>
</comp>

<comp id="278" class="1001" name="const_278">
<pin_list>
<pin id="279" dir="1" index="0" bw="1" slack="0"/>
</pin_list>
<bind>
<StgValue><ssdm name="_ssdm_op_BitConcatenate.i111.i7.i104"/></StgValue>
</bind>
</comp>

<comp id="280" class="1001" name="const_280">
<pin_list>
<pin id="281" dir="1" index="0" bw="1" slack="0"/>
</pin_list>
<bind>
<StgValue><ssdm name="_ssdm_op_BitConcatenate.i117.i5.i112"/></StgValue>
</bind>
</comp>

<comp id="282" class="1001" name="const_282">
<pin_list>
<pin id="283" dir="1" index="0" bw="1" slack="0"/>
</pin_list>
<bind>
<StgValue><ssdm name="_ssdm_op_BitConcatenate.i127.i7.i120"/></StgValue>
</bind>
</comp>

<comp id="284" class="1001" name="const_284">
<pin_list>
<pin id="285" dir="1" index="0" bw="1" slack="0"/>
</pin_list>
<bind>
<StgValue><ssdm name="_ssdm_op_BitConcatenate.i134.i6.i128"/></StgValue>
</bind>
</comp>

<comp id="286" class="1001" name="const_286">
<pin_list>
<pin id="287" dir="1" index="0" bw="1" slack="0"/>
</pin_list>
<bind>
<StgValue><ssdm name="_ssdm_op_BitConcatenate.i142.i6.i136"/></StgValue>
</bind>
</comp>

<comp id="288" class="1001" name="const_288">
<pin_list>
<pin id="289" dir="1" index="0" bw="1" slack="0"/>
</pin_list>
<bind>
<StgValue><ssdm name="_ssdm_op_BitConcatenate.i159.i7.i8.i144"/></StgValue>
</bind>
</comp>

<comp id="290" class="1001" name="const_290">
<pin_list>
<pin id="291" dir="1" index="0" bw="1" slack="0"/>
</pin_list>
<bind>
<StgValue><ssdm name="_ssdm_op_BitConcatenate.i175.i7.i8.i160"/></StgValue>
</bind>
</comp>

<comp id="292" class="1001" name="const_292">
<pin_list>
<pin id="293" dir="1" index="0" bw="1" slack="0"/>
</pin_list>
<bind>
<StgValue><ssdm name="_ssdm_op_BitConcatenate.i191.i7.i8.i176"/></StgValue>
</bind>
</comp>

<comp id="294" class="1001" name="const_294">
<pin_list>
<pin id="295" dir="1" index="0" bw="1" slack="0"/>
</pin_list>
<bind>
<StgValue><ssdm name="_ssdm_op_BitConcatenate.i199.i7.i192"/></StgValue>
</bind>
</comp>

<comp id="296" class="1001" name="const_296">
<pin_list>
<pin id="297" dir="1" index="0" bw="1" slack="0"/>
</pin_list>
<bind>
<StgValue><ssdm name="_ssdm_op_BitConcatenate.i215.i7.i8.i200"/></StgValue>
</bind>
</comp>

<comp id="298" class="1001" name="const_298">
<pin_list>
<pin id="299" dir="1" index="0" bw="1" slack="0"/>
</pin_list>
<bind>
<StgValue><ssdm name="_ssdm_op_BitConcatenate.i231.i7.i8.i216"/></StgValue>
</bind>
</comp>

<comp id="300" class="1001" name="const_300">
<pin_list>
<pin id="301" dir="1" index="0" bw="1" slack="0"/>
</pin_list>
<bind>
<StgValue><ssdm name="_ssdm_op_BitConcatenate.i256.i8.i8.i232.i8"/></StgValue>
</bind>
</comp>

<comp id="302" class="1001" name="const_302">
<pin_list>
<pin id="303" dir="1" index="0" bw="1" slack="0"/>
</pin_list>
<bind>
<StgValue><ssdm name="_ssdm_op_Write.ap_fifo.volatile.i256P0A"/></StgValue>
</bind>
</comp>

<comp id="304" class="1004" name="layer2_out_read_read_fu_304">
<pin_list>
<pin id="305" dir="0" index="0" bw="256" slack="0"/>
<pin id="306" dir="0" index="1" bw="256" slack="0"/>
<pin id="307" dir="1" index="2" bw="256" slack="0"/>
</pin_list>
<bind>
<opcode="read(1150) " fcode="read"/>
<opset="layer2_out_read/1 "/>
</bind>
</comp>

<comp id="310" class="1004" name="write_ln46_write_fu_310">
<pin_list>
<pin id="311" dir="0" index="0" bw="0" slack="0"/>
<pin id="312" dir="0" index="1" bw="256" slack="0"/>
<pin id="313" dir="0" index="2" bw="256" slack="0"/>
<pin id="314" dir="1" index="3" bw="0" slack="2147483647"/>
</pin_list>
<bind>
<opcode="write(1151) " fcode="write"/>
<opset="write_ln46/13 "/>
</bind>
</comp>

<comp id="317" class="1004" name="grp_fu_317">
<pin_list>
<pin id="322" dir="0" index="0" bw="8" slack="0"/>
<pin id="323" dir="0" index="1" bw="7" slack="0"/>
<pin id="324" dir="1" index="2" bw="14" slack="0"/>
</pin_list>
<bind>
<opcode="mul(12) " fcode="mul"/>
<opset="r_V_1/2 r_V_4/3 mul_ln1270/4 mul_ln1347/5 mul_ln1270_1/6 r_V_19/7 mul_ln1347_1/8 mul_ln1347_2/9 r_V_27/10 mul_ln1270_2/11 mul_ln1347_3/12 "/>
</bind>
</comp>

<comp id="326" class="1005" name="reg_326">
<pin_list>
<pin id="327" dir="0" index="0" bw="13" slack="1"/>
<pin id="328" dir="1" index="1" bw="13" slack="1"/>
</pin_list>
<bind>
<opset="r_V_1 mul_ln1270 mul_ln1347 mul_ln1270_1 r_V_19 r_V_27 mul_ln1270_2 "/>
</bind>
</comp>

<comp id="332" class="1005" name="reg_332">
<pin_list>
<pin id="333" dir="0" index="0" bw="14" slack="1"/>
<pin id="334" dir="1" index="1" bw="14" slack="1"/>
</pin_list>
<bind>
<opset="mul_ln1347_1 mul_ln1347_2 mul_ln1347_3 "/>
</bind>
</comp>

<comp id="354" class="1004" name="a_V_fu_354">
<pin_list>
<pin id="355" dir="0" index="0" bw="256" slack="0"/>
<pin id="356" dir="1" index="1" bw="8" slack="1"/>
</pin_list>
<bind>
<opcode="trunc(33) " fcode="trunc"/>
<opset="a_V/1 "/>
</bind>
</comp>

<comp id="358" class="1004" name="a_V_13_fu_358">
<pin_list>
<pin id="359" dir="0" index="0" bw="8" slack="0"/>
<pin id="360" dir="0" index="1" bw="256" slack="0"/>
<pin id="361" dir="0" index="2" bw="9" slack="0"/>
<pin id="362" dir="0" index="3" bw="9" slack="0"/>
<pin id="363" dir="1" index="4" bw="8" slack="11"/>
</pin_list>
<bind>
<opcode="partselect(1002) " fcode="partselect"/>
<opset="a_V_13/1 "/>
</bind>
</comp>

<comp id="368" class="1004" name="a_V_1_fu_368">
<pin_list>
<pin id="369" dir="0" index="0" bw="8" slack="0"/>
<pin id="370" dir="0" index="1" bw="256" slack="0"/>
<pin id="371" dir="0" index="2" bw="6" slack="0"/>
<pin id="372" dir="0" index="3" bw="6" slack="0"/>
<pin id="373" dir="1" index="4" bw="8" slack="2"/>
</pin_list>
<bind>
<opcode="partselect(1002) " fcode="partselect"/>
<opset="a_V_1/1 "/>
</bind>
</comp>

<comp id="378" class="1004" name="a_V_2_fu_378">
<pin_list>
<pin id="379" dir="0" index="0" bw="8" slack="0"/>
<pin id="380" dir="0" index="1" bw="256" slack="0"/>
<pin id="381" dir="0" index="2" bw="7" slack="0"/>
<pin id="382" dir="0" index="3" bw="7" slack="0"/>
<pin id="383" dir="1" index="4" bw="8" slack="3"/>
</pin_list>
<bind>
<opcode="partselect(1002) " fcode="partselect"/>
<opset="a_V_2/1 "/>
</bind>
</comp>

<comp id="388" class="1004" name="a_V_3_fu_388">
<pin_list>
<pin id="389" dir="0" index="0" bw="8" slack="0"/>
<pin id="390" dir="0" index="1" bw="256" slack="0"/>
<pin id="391" dir="0" index="2" bw="7" slack="0"/>
<pin id="392" dir="0" index="3" bw="7" slack="0"/>
<pin id="393" dir="1" index="4" bw="8" slack="4"/>
</pin_list>
<bind>
<opcode="partselect(1002) " fcode="partselect"/>
<opset="a_V_3/1 "/>
</bind>
</comp>

<comp id="398" class="1004" name="a_V_4_fu_398">
<pin_list>
<pin id="399" dir="0" index="0" bw="8" slack="0"/>
<pin id="400" dir="0" index="1" bw="256" slack="0"/>
<pin id="401" dir="0" index="2" bw="8" slack="0"/>
<pin id="402" dir="0" index="3" bw="8" slack="0"/>
<pin id="403" dir="1" index="4" bw="8" slack="11"/>
</pin_list>
<bind>
<opcode="partselect(1002) " fcode="partselect"/>
<opset="a_V_4/1 "/>
</bind>
</comp>

<comp id="408" class="1004" name="a_V_5_fu_408">
<pin_list>
<pin id="409" dir="0" index="0" bw="8" slack="0"/>
<pin id="410" dir="0" index="1" bw="256" slack="0"/>
<pin id="411" dir="0" index="2" bw="8" slack="0"/>
<pin id="412" dir="0" index="3" bw="8" slack="0"/>
<pin id="413" dir="1" index="4" bw="8" slack="5"/>
</pin_list>
<bind>
<opcode="partselect(1002) " fcode="partselect"/>
<opset="a_V_5/1 "/>
</bind>
</comp>

<comp id="418" class="1004" name="a_V_6_fu_418">
<pin_list>
<pin id="419" dir="0" index="0" bw="8" slack="0"/>
<pin id="420" dir="0" index="1" bw="256" slack="0"/>
<pin id="421" dir="0" index="2" bw="9" slack="0"/>
<pin id="422" dir="0" index="3" bw="9" slack="0"/>
<pin id="423" dir="1" index="4" bw="8" slack="6"/>
</pin_list>
<bind>
<opcode="partselect(1002) " fcode="partselect"/>
<opset="a_V_6/1 "/>
</bind>
</comp>

<comp id="428" class="1004" name="a_V_7_fu_428">
<pin_list>
<pin id="429" dir="0" index="0" bw="8" slack="0"/>
<pin id="430" dir="0" index="1" bw="256" slack="0"/>
<pin id="431" dir="0" index="2" bw="9" slack="0"/>
<pin id="432" dir="0" index="3" bw="9" slack="0"/>
<pin id="433" dir="1" index="4" bw="8" slack="1"/>
</pin_list>
<bind>
<opcode="partselect(1002) " fcode="partselect"/>
<opset="a_V_7/1 "/>
</bind>
</comp>

<comp id="438" class="1004" name="a_V_8_fu_438">
<pin_list>
<pin id="439" dir="0" index="0" bw="8" slack="0"/>
<pin id="440" dir="0" index="1" bw="256" slack="0"/>
<pin id="441" dir="0" index="2" bw="9" slack="0"/>
<pin id="442" dir="0" index="3" bw="9" slack="0"/>
<pin id="443" dir="1" index="4" bw="8" slack="7"/>
</pin_list>
<bind>
<opcode="partselect(1002) " fcode="partselect"/>
<opset="a_V_8/1 "/>
</bind>
</comp>

<comp id="448" class="1004" name="a_V_9_fu_448">
<pin_list>
<pin id="449" dir="0" index="0" bw="8" slack="0"/>
<pin id="450" dir="0" index="1" bw="256" slack="0"/>
<pin id="451" dir="0" index="2" bw="9" slack="0"/>
<pin id="452" dir="0" index="3" bw="9" slack="0"/>
<pin id="453" dir="1" index="4" bw="8" slack="1"/>
</pin_list>
<bind>
<opcode="partselect(1002) " fcode="partselect"/>
<opset="a_V_9/1 "/>
</bind>
</comp>

<comp id="458" class="1004" name="a_V_10_fu_458">
<pin_list>
<pin id="459" dir="0" index="0" bw="8" slack="0"/>
<pin id="460" dir="0" index="1" bw="256" slack="0"/>
<pin id="461" dir="0" index="2" bw="9" slack="0"/>
<pin id="462" dir="0" index="3" bw="9" slack="0"/>
<pin id="463" dir="1" index="4" bw="8" slack="8"/>
</pin_list>
<bind>
<opcode="partselect(1002) " fcode="partselect"/>
<opset="a_V_10/1 "/>
</bind>
</comp>

<comp id="468" class="1004" name="a_V_11_fu_468">
<pin_list>
<pin id="469" dir="0" index="0" bw="8" slack="0"/>
<pin id="470" dir="0" index="1" bw="256" slack="0"/>
<pin id="471" dir="0" index="2" bw="9" slack="0"/>
<pin id="472" dir="0" index="3" bw="9" slack="0"/>
<pin id="473" dir="1" index="4" bw="8" slack="9"/>
</pin_list>
<bind>
<opcode="partselect(1002) " fcode="partselect"/>
<opset="a_V_11/1 "/>
</bind>
</comp>

<comp id="478" class="1004" name="a_V_12_fu_478">
<pin_list>
<pin id="479" dir="0" index="0" bw="8" slack="0"/>
<pin id="480" dir="0" index="1" bw="256" slack="0"/>
<pin id="481" dir="0" index="2" bw="9" slack="0"/>
<pin id="482" dir="0" index="3" bw="9" slack="0"/>
<pin id="483" dir="1" index="4" bw="8" slack="10"/>
</pin_list>
<bind>
<opcode="partselect(1002) " fcode="partselect"/>
<opset="a_V_12/1 "/>
</bind>
</comp>

<comp id="488" class="1004" name="tmp_fu_488">
<pin_list>
<pin id="489" dir="0" index="0" bw="8" slack="0"/>
<pin id="490" dir="0" index="1" bw="256" slack="0"/>
<pin id="491" dir="0" index="2" bw="5" slack="0"/>
<pin id="492" dir="0" index="3" bw="5" slack="0"/>
<pin id="493" dir="1" index="4" bw="8" slack="11"/>
</pin_list>
<bind>
<opcode="partselect(1002) " fcode="partselect"/>
<opset="tmp/1 "/>
</bind>
</comp>

<comp id="498" class="1004" name="tmp_2_fu_498">
<pin_list>
<pin id="499" dir="0" index="0" bw="8" slack="0"/>
<pin id="500" dir="0" index="1" bw="256" slack="0"/>
<pin id="501" dir="0" index="2" bw="6" slack="0"/>
<pin id="502" dir="0" index="3" bw="6" slack="0"/>
<pin id="503" dir="1" index="4" bw="8" slack="1"/>
</pin_list>
<bind>
<opcode="partselect(1002) " fcode="partselect"/>
<opset="tmp_2/1 "/>
</bind>
</comp>

<comp id="508" class="1004" name="tmp_4_fu_508">
<pin_list>
<pin id="509" dir="0" index="0" bw="8" slack="0"/>
<pin id="510" dir="0" index="1" bw="256" slack="0"/>
<pin id="511" dir="0" index="2" bw="7" slack="0"/>
<pin id="512" dir="0" index="3" bw="7" slack="0"/>
<pin id="513" dir="1" index="4" bw="8" slack="1"/>
</pin_list>
<bind>
<opcode="partselect(1002) " fcode="partselect"/>
<opset="tmp_4/1 "/>
</bind>
</comp>

<comp id="518" class="1004" name="tmp_6_fu_518">
<pin_list>
<pin id="519" dir="0" index="0" bw="8" slack="0"/>
<pin id="520" dir="0" index="1" bw="256" slack="0"/>
<pin id="521" dir="0" index="2" bw="7" slack="0"/>
<pin id="522" dir="0" index="3" bw="7" slack="0"/>
<pin id="523" dir="1" index="4" bw="8" slack="1"/>
</pin_list>
<bind>
<opcode="partselect(1002) " fcode="partselect"/>
<opset="tmp_6/1 "/>
</bind>
</comp>

<comp id="528" class="1004" name="tmp_8_fu_528">
<pin_list>
<pin id="529" dir="0" index="0" bw="8" slack="0"/>
<pin id="530" dir="0" index="1" bw="256" slack="0"/>
<pin id="531" dir="0" index="2" bw="8" slack="0"/>
<pin id="532" dir="0" index="3" bw="8" slack="0"/>
<pin id="533" dir="1" index="4" bw="8" slack="11"/>
</pin_list>
<bind>
<opcode="partselect(1002) " fcode="partselect"/>
<opset="tmp_8/1 "/>
</bind>
</comp>

<comp id="538" class="1004" name="tmp_10_fu_538">
<pin_list>
<pin id="539" dir="0" index="0" bw="8" slack="0"/>
<pin id="540" dir="0" index="1" bw="256" slack="0"/>
<pin id="541" dir="0" index="2" bw="8" slack="0"/>
<pin id="542" dir="0" index="3" bw="8" slack="0"/>
<pin id="543" dir="1" index="4" bw="8" slack="11"/>
</pin_list>
<bind>
<opcode="partselect(1002) " fcode="partselect"/>
<opset="tmp_10/1 "/>
</bind>
</comp>

<comp id="548" class="1004" name="tmp_13_fu_548">
<pin_list>
<pin id="549" dir="0" index="0" bw="8" slack="0"/>
<pin id="550" dir="0" index="1" bw="256" slack="0"/>
<pin id="551" dir="0" index="2" bw="8" slack="0"/>
<pin id="552" dir="0" index="3" bw="8" slack="0"/>
<pin id="553" dir="1" index="4" bw="8" slack="11"/>
</pin_list>
<bind>
<opcode="partselect(1002) " fcode="partselect"/>
<opset="tmp_13/1 "/>
</bind>
</comp>

<comp id="558" class="1004" name="tmp_15_fu_558">
<pin_list>
<pin id="559" dir="0" index="0" bw="8" slack="0"/>
<pin id="560" dir="0" index="1" bw="256" slack="0"/>
<pin id="561" dir="0" index="2" bw="8" slack="0"/>
<pin id="562" dir="0" index="3" bw="8" slack="0"/>
<pin id="563" dir="1" index="4" bw="8" slack="11"/>
</pin_list>
<bind>
<opcode="partselect(1002) " fcode="partselect"/>
<opset="tmp_15/1 "/>
</bind>
</comp>

<comp id="568" class="1004" name="tmp_17_fu_568">
<pin_list>
<pin id="569" dir="0" index="0" bw="8" slack="0"/>
<pin id="570" dir="0" index="1" bw="256" slack="0"/>
<pin id="571" dir="0" index="2" bw="8" slack="0"/>
<pin id="572" dir="0" index="3" bw="8" slack="0"/>
<pin id="573" dir="1" index="4" bw="8" slack="1"/>
</pin_list>
<bind>
<opcode="partselect(1002) " fcode="partselect"/>
<opset="tmp_17/1 "/>
</bind>
</comp>

<comp id="578" class="1004" name="tmp_19_fu_578">
<pin_list>
<pin id="579" dir="0" index="0" bw="8" slack="0"/>
<pin id="580" dir="0" index="1" bw="256" slack="0"/>
<pin id="581" dir="0" index="2" bw="8" slack="0"/>
<pin id="582" dir="0" index="3" bw="8" slack="0"/>
<pin id="583" dir="1" index="4" bw="8" slack="0"/>
</pin_list>
<bind>
<opcode="partselect(1002) " fcode="partselect"/>
<opset="tmp_19/1 "/>
</bind>
</comp>

<comp id="588" class="1004" name="r_V_17_fu_588">
<pin_list>
<pin id="589" dir="0" index="0" bw="10" slack="0"/>
<pin id="590" dir="0" index="1" bw="8" slack="0"/>
<pin id="591" dir="0" index="2" bw="1" slack="0"/>
<pin id="592" dir="1" index="3" bw="10" slack="0"/>
</pin_list>
<bind>
<opcode="bitconcatenate(1004) " fcode="bitconcatenate"/>
<opset="r_V_17/1 "/>
</bind>
</comp>

<comp id="596" class="1004" name="sext_ln1270_5_fu_596">
<pin_list>
<pin id="597" dir="0" index="0" bw="10" slack="0"/>
<pin id="598" dir="1" index="1" bw="11" slack="0"/>
</pin_list>
<bind>
<opcode="sext(35) " fcode="sext"/>
<opset="sext_ln1270_5/1 "/>
</bind>
</comp>

<comp id="600" class="1004" name="add_ln1347_fu_600">
<pin_list>
<pin id="601" dir="0" index="0" bw="10" slack="0"/>
<pin id="602" dir="0" index="1" bw="8" slack="0"/>
<pin id="603" dir="1" index="2" bw="11" slack="0"/>
</pin_list>
<bind>
<opcode="add(8) " fcode="add"/>
<opset="add_ln1347/1 "/>
</bind>
</comp>

<comp id="606" class="1004" name="trunc_ln818_8_fu_606">
<pin_list>
<pin id="607" dir="0" index="0" bw="5" slack="0"/>
<pin id="608" dir="0" index="1" bw="11" slack="0"/>
<pin id="609" dir="0" index="2" bw="4" slack="0"/>
<pin id="610" dir="0" index="3" bw="5" slack="0"/>
<pin id="611" dir="1" index="4" bw="5" slack="12"/>
</pin_list>
<bind>
<opcode="partselect(1002) " fcode="partselect"/>
<opset="trunc_ln818_8/1 "/>
</bind>
</comp>

<comp id="616" class="1004" name="tmp_20_fu_616">
<pin_list>
<pin id="617" dir="0" index="0" bw="8" slack="0"/>
<pin id="618" dir="0" index="1" bw="256" slack="0"/>
<pin id="619" dir="0" index="2" bw="9" slack="0"/>
<pin id="620" dir="0" index="3" bw="9" slack="0"/>
<pin id="621" dir="1" index="4" bw="8" slack="1"/>
</pin_list>
<bind>
<opcode="partselect(1002) " fcode="partselect"/>
<opset="tmp_20/1 "/>
</bind>
</comp>

<comp id="626" class="1004" name="tmp_23_fu_626">
<pin_list>
<pin id="627" dir="0" index="0" bw="8" slack="0"/>
<pin id="628" dir="0" index="1" bw="256" slack="0"/>
<pin id="629" dir="0" index="2" bw="9" slack="0"/>
<pin id="630" dir="0" index="3" bw="9" slack="0"/>
<pin id="631" dir="1" index="4" bw="8" slack="1"/>
</pin_list>
<bind>
<opcode="partselect(1002) " fcode="partselect"/>
<opset="tmp_23/1 "/>
</bind>
</comp>

<comp id="636" class="1004" name="tmp_25_fu_636">
<pin_list>
<pin id="637" dir="0" index="0" bw="8" slack="0"/>
<pin id="638" dir="0" index="1" bw="256" slack="0"/>
<pin id="639" dir="0" index="2" bw="9" slack="0"/>
<pin id="640" dir="0" index="3" bw="9" slack="0"/>
<pin id="641" dir="1" index="4" bw="8" slack="11"/>
</pin_list>
<bind>
<opcode="partselect(1002) " fcode="partselect"/>
<opset="tmp_25/1 "/>
</bind>
</comp>

<comp id="646" class="1004" name="tmp_26_fu_646">
<pin_list>
<pin id="647" dir="0" index="0" bw="8" slack="0"/>
<pin id="648" dir="0" index="1" bw="256" slack="0"/>
<pin id="649" dir="0" index="2" bw="9" slack="0"/>
<pin id="650" dir="0" index="3" bw="9" slack="0"/>
<pin id="651" dir="1" index="4" bw="8" slack="1"/>
</pin_list>
<bind>
<opcode="partselect(1002) " fcode="partselect"/>
<opset="tmp_26/1 "/>
</bind>
</comp>

<comp id="656" class="1004" name="tmp_27_fu_656">
<pin_list>
<pin id="657" dir="0" index="0" bw="8" slack="0"/>
<pin id="658" dir="0" index="1" bw="256" slack="0"/>
<pin id="659" dir="0" index="2" bw="9" slack="0"/>
<pin id="660" dir="0" index="3" bw="9" slack="0"/>
<pin id="661" dir="1" index="4" bw="8" slack="11"/>
</pin_list>
<bind>
<opcode="partselect(1002) " fcode="partselect"/>
<opset="tmp_27/1 "/>
</bind>
</comp>

<comp id="666" class="1004" name="tmp_28_fu_666">
<pin_list>
<pin id="667" dir="0" index="0" bw="8" slack="0"/>
<pin id="668" dir="0" index="1" bw="256" slack="0"/>
<pin id="669" dir="0" index="2" bw="9" slack="0"/>
<pin id="670" dir="0" index="3" bw="9" slack="0"/>
<pin id="671" dir="1" index="4" bw="8" slack="11"/>
</pin_list>
<bind>
<opcode="partselect(1002) " fcode="partselect"/>
<opset="tmp_28/1 "/>
</bind>
</comp>

<comp id="676" class="1004" name="tmp_29_fu_676">
<pin_list>
<pin id="677" dir="0" index="0" bw="8" slack="0"/>
<pin id="678" dir="0" index="1" bw="256" slack="0"/>
<pin id="679" dir="0" index="2" bw="9" slack="0"/>
<pin id="680" dir="0" index="3" bw="9" slack="0"/>
<pin id="681" dir="1" index="4" bw="8" slack="0"/>
</pin_list>
<bind>
<opcode="partselect(1002) " fcode="partselect"/>
<opset="tmp_29/1 "/>
</bind>
</comp>

<comp id="686" class="1004" name="r_V_32_fu_686">
<pin_list>
<pin id="687" dir="0" index="0" bw="12" slack="0"/>
<pin id="688" dir="0" index="1" bw="8" slack="0"/>
<pin id="689" dir="0" index="2" bw="1" slack="0"/>
<pin id="690" dir="1" index="3" bw="12" slack="0"/>
</pin_list>
<bind>
<opcode="bitconcatenate(1004) " fcode="bitconcatenate"/>
<opset="r_V_32/1 "/>
</bind>
</comp>

<comp id="694" class="1004" name="sext_ln1270_11_fu_694">
<pin_list>
<pin id="695" dir="0" index="0" bw="12" slack="0"/>
<pin id="696" dir="1" index="1" bw="13" slack="0"/>
</pin_list>
<bind>
<opcode="sext(35) " fcode="sext"/>
<opset="sext_ln1270_11/1 "/>
</bind>
</comp>

<comp id="698" class="1004" name="add_ln1347_14_fu_698">
<pin_list>
<pin id="699" dir="0" index="0" bw="12" slack="0"/>
<pin id="700" dir="0" index="1" bw="11" slack="0"/>
<pin id="701" dir="1" index="2" bw="13" slack="0"/>
</pin_list>
<bind>
<opcode="add(8) " fcode="add"/>
<opset="add_ln1347_14/1 "/>
</bind>
</comp>

<comp id="704" class="1004" name="trunc_ln818_16_fu_704">
<pin_list>
<pin id="705" dir="0" index="0" bw="7" slack="0"/>
<pin id="706" dir="0" index="1" bw="13" slack="0"/>
<pin id="707" dir="0" index="2" bw="4" slack="0"/>
<pin id="708" dir="0" index="3" bw="5" slack="0"/>
<pin id="709" dir="1" index="4" bw="7" slack="12"/>
</pin_list>
<bind>
<opcode="partselect(1002) " fcode="partselect"/>
<opset="trunc_ln818_16/1 "/>
</bind>
</comp>

<comp id="714" class="1004" name="tmp_30_fu_714">
<pin_list>
<pin id="715" dir="0" index="0" bw="8" slack="0"/>
<pin id="716" dir="0" index="1" bw="256" slack="0"/>
<pin id="717" dir="0" index="2" bw="9" slack="0"/>
<pin id="718" dir="0" index="3" bw="9" slack="0"/>
<pin id="719" dir="1" index="4" bw="8" slack="11"/>
</pin_list>
<bind>
<opcode="partselect(1002) " fcode="partselect"/>
<opset="tmp_30/1 "/>
</bind>
</comp>

<comp id="724" class="1004" name="sext_ln1270_fu_724">
<pin_list>
<pin id="725" dir="0" index="0" bw="8" slack="1"/>
<pin id="726" dir="1" index="1" bw="13" slack="0"/>
</pin_list>
<bind>
<opcode="sext(35) " fcode="sext"/>
<opset="sext_ln1270/2 "/>
</bind>
</comp>

<comp id="728" class="1004" name="shl_ln1273_2_fu_728">
<pin_list>
<pin id="729" dir="0" index="0" bw="11" slack="0"/>
<pin id="730" dir="0" index="1" bw="8" slack="1"/>
<pin id="731" dir="0" index="2" bw="1" slack="0"/>
<pin id="732" dir="1" index="3" bw="11" slack="0"/>
</pin_list>
<bind>
<opcode="bitconcatenate(1004) " fcode="bitconcatenate"/>
<opset="shl_ln1273_2/2 "/>
</bind>
</comp>

<comp id="735" class="1004" name="sext_ln1273_2_fu_735">
<pin_list>
<pin id="736" dir="0" index="0" bw="11" slack="0"/>
<pin id="737" dir="1" index="1" bw="12" slack="0"/>
</pin_list>
<bind>
<opcode="sext(35) " fcode="sext"/>
<opset="sext_ln1273_2/2 "/>
</bind>
</comp>

<comp id="739" class="1004" name="shl_ln1273_3_fu_739">
<pin_list>
<pin id="740" dir="0" index="0" bw="9" slack="0"/>
<pin id="741" dir="0" index="1" bw="8" slack="1"/>
<pin id="742" dir="0" index="2" bw="1" slack="0"/>
<pin id="743" dir="1" index="3" bw="9" slack="0"/>
</pin_list>
<bind>
<opcode="bitconcatenate(1004) " fcode="bitconcatenate"/>
<opset="shl_ln1273_3/2 "/>
</bind>
</comp>

<comp id="746" class="1004" name="sext_ln1273_3_fu_746">
<pin_list>
<pin id="747" dir="0" index="0" bw="9" slack="0"/>
<pin id="748" dir="1" index="1" bw="12" slack="0"/>
</pin_list>
<bind>
<opcode="sext(35) " fcode="sext"/>
<opset="sext_ln1273_3/2 "/>
</bind>
</comp>

<comp id="750" class="1004" name="r_V_5_fu_750">
<pin_list>
<pin id="751" dir="0" index="0" bw="11" slack="0"/>
<pin id="752" dir="0" index="1" bw="9" slack="0"/>
<pin id="753" dir="1" index="2" bw="12" slack="0"/>
</pin_list>
<bind>
<opcode="sub(10) " fcode="sub"/>
<opset="r_V_5/2 "/>
</bind>
</comp>

<comp id="756" class="1004" name="ret_V_2_fu_756">
<pin_list>
<pin id="757" dir="0" index="0" bw="12" slack="0"/>
<pin id="758" dir="0" index="1" bw="10" slack="0"/>
<pin id="759" dir="1" index="2" bw="12" slack="0"/>
</pin_list>
<bind>
<opcode="add(8) " fcode="add"/>
<opset="ret_V_2/2 "/>
</bind>
</comp>

<comp id="762" class="1004" name="shl_ln1273_4_fu_762">
<pin_list>
<pin id="763" dir="0" index="0" bw="12" slack="0"/>
<pin id="764" dir="0" index="1" bw="8" slack="1"/>
<pin id="765" dir="0" index="2" bw="1" slack="0"/>
<pin id="766" dir="1" index="3" bw="12" slack="0"/>
</pin_list>
<bind>
<opcode="bitconcatenate(1004) " fcode="bitconcatenate"/>
<opset="shl_ln1273_4/2 "/>
</bind>
</comp>

<comp id="769" class="1004" name="sext_ln1273_4_fu_769">
<pin_list>
<pin id="770" dir="0" index="0" bw="12" slack="0"/>
<pin id="771" dir="1" index="1" bw="13" slack="0"/>
</pin_list>
<bind>
<opcode="sext(35) " fcode="sext"/>
<opset="sext_ln1273_4/2 "/>
</bind>
</comp>

<comp id="773" class="1004" name="shl_ln1273_5_fu_773">
<pin_list>
<pin id="774" dir="0" index="0" bw="10" slack="0"/>
<pin id="775" dir="0" index="1" bw="8" slack="1"/>
<pin id="776" dir="0" index="2" bw="1" slack="0"/>
<pin id="777" dir="1" index="3" bw="10" slack="0"/>
</pin_list>
<bind>
<opcode="bitconcatenate(1004) " fcode="bitconcatenate"/>
<opset="shl_ln1273_5/2 "/>
</bind>
</comp>

<comp id="780" class="1004" name="sext_ln1273_5_fu_780">
<pin_list>
<pin id="781" dir="0" index="0" bw="10" slack="0"/>
<pin id="782" dir="1" index="1" bw="13" slack="0"/>
</pin_list>
<bind>
<opcode="sext(35) " fcode="sext"/>
<opset="sext_ln1273_5/2 "/>
</bind>
</comp>

<comp id="784" class="1004" name="r_V_7_fu_784">
<pin_list>
<pin id="785" dir="0" index="0" bw="12" slack="0"/>
<pin id="786" dir="0" index="1" bw="10" slack="0"/>
<pin id="787" dir="1" index="2" bw="13" slack="0"/>
</pin_list>
<bind>
<opcode="sub(10) " fcode="sub"/>
<opset="r_V_7/2 "/>
</bind>
</comp>

<comp id="790" class="1004" name="ret_V_4_fu_790">
<pin_list>
<pin id="791" dir="0" index="0" bw="13" slack="0"/>
<pin id="792" dir="0" index="1" bw="11" slack="0"/>
<pin id="793" dir="1" index="2" bw="13" slack="0"/>
</pin_list>
<bind>
<opcode="add(8) " fcode="add"/>
<opset="ret_V_4/2 "/>
</bind>
</comp>

<comp id="796" class="1004" name="trunc_ln818_3_fu_796">
<pin_list>
<pin id="797" dir="0" index="0" bw="7" slack="0"/>
<pin id="798" dir="0" index="1" bw="13" slack="0"/>
<pin id="799" dir="0" index="2" bw="4" slack="0"/>
<pin id="800" dir="0" index="3" bw="5" slack="0"/>
<pin id="801" dir="1" index="4" bw="7" slack="11"/>
</pin_list>
<bind>
<opcode="partselect(1002) " fcode="partselect"/>
<opset="trunc_ln818_3/2 "/>
</bind>
</comp>

<comp id="806" class="1004" name="shl_ln1273_6_fu_806">
<pin_list>
<pin id="807" dir="0" index="0" bw="11" slack="0"/>
<pin id="808" dir="0" index="1" bw="8" slack="1"/>
<pin id="809" dir="0" index="2" bw="1" slack="0"/>
<pin id="810" dir="1" index="3" bw="11" slack="0"/>
</pin_list>
<bind>
<opcode="bitconcatenate(1004) " fcode="bitconcatenate"/>
<opset="shl_ln1273_6/2 "/>
</bind>
</comp>

<comp id="813" class="1004" name="sext_ln1273_6_fu_813">
<pin_list>
<pin id="814" dir="0" index="0" bw="11" slack="0"/>
<pin id="815" dir="1" index="1" bw="12" slack="0"/>
</pin_list>
<bind>
<opcode="sext(35) " fcode="sext"/>
<opset="sext_ln1273_6/2 "/>
</bind>
</comp>

<comp id="817" class="1004" name="shl_ln1273_7_fu_817">
<pin_list>
<pin id="818" dir="0" index="0" bw="9" slack="0"/>
<pin id="819" dir="0" index="1" bw="8" slack="1"/>
<pin id="820" dir="0" index="2" bw="1" slack="0"/>
<pin id="821" dir="1" index="3" bw="9" slack="0"/>
</pin_list>
<bind>
<opcode="bitconcatenate(1004) " fcode="bitconcatenate"/>
<opset="shl_ln1273_7/2 "/>
</bind>
</comp>

<comp id="824" class="1004" name="sext_ln1273_7_fu_824">
<pin_list>
<pin id="825" dir="0" index="0" bw="9" slack="0"/>
<pin id="826" dir="1" index="1" bw="12" slack="0"/>
</pin_list>
<bind>
<opcode="sext(35) " fcode="sext"/>
<opset="sext_ln1273_7/2 "/>
</bind>
</comp>

<comp id="828" class="1004" name="r_V_9_fu_828">
<pin_list>
<pin id="829" dir="0" index="0" bw="11" slack="0"/>
<pin id="830" dir="0" index="1" bw="9" slack="0"/>
<pin id="831" dir="1" index="2" bw="12" slack="0"/>
</pin_list>
<bind>
<opcode="sub(10) " fcode="sub"/>
<opset="r_V_9/2 "/>
</bind>
</comp>

<comp id="834" class="1004" name="ret_V_6_fu_834">
<pin_list>
<pin id="835" dir="0" index="0" bw="12" slack="0"/>
<pin id="836" dir="0" index="1" bw="10" slack="0"/>
<pin id="837" dir="1" index="2" bw="12" slack="0"/>
</pin_list>
<bind>
<opcode="add(8) " fcode="add"/>
<opset="ret_V_6/2 "/>
</bind>
</comp>

<comp id="840" class="1004" name="trunc_ln818_5_fu_840">
<pin_list>
<pin id="841" dir="0" index="0" bw="6" slack="0"/>
<pin id="842" dir="0" index="1" bw="12" slack="0"/>
<pin id="843" dir="0" index="2" bw="4" slack="0"/>
<pin id="844" dir="0" index="3" bw="5" slack="0"/>
<pin id="845" dir="1" index="4" bw="6" slack="11"/>
</pin_list>
<bind>
<opcode="partselect(1002) " fcode="partselect"/>
<opset="trunc_ln818_5/2 "/>
</bind>
</comp>

<comp id="850" class="1004" name="shl_ln1273_16_fu_850">
<pin_list>
<pin id="851" dir="0" index="0" bw="12" slack="0"/>
<pin id="852" dir="0" index="1" bw="8" slack="1"/>
<pin id="853" dir="0" index="2" bw="1" slack="0"/>
<pin id="854" dir="1" index="3" bw="12" slack="0"/>
</pin_list>
<bind>
<opcode="bitconcatenate(1004) " fcode="bitconcatenate"/>
<opset="shl_ln1273_16/2 "/>
</bind>
</comp>

<comp id="857" class="1004" name="sext_ln1273_17_fu_857">
<pin_list>
<pin id="858" dir="0" index="0" bw="12" slack="0"/>
<pin id="859" dir="1" index="1" bw="13" slack="0"/>
</pin_list>
<bind>
<opcode="sext(35) " fcode="sext"/>
<opset="sext_ln1273_17/2 "/>
</bind>
</comp>

<comp id="861" class="1004" name="shl_ln1273_17_fu_861">
<pin_list>
<pin id="862" dir="0" index="0" bw="10" slack="0"/>
<pin id="863" dir="0" index="1" bw="8" slack="1"/>
<pin id="864" dir="0" index="2" bw="1" slack="0"/>
<pin id="865" dir="1" index="3" bw="10" slack="0"/>
</pin_list>
<bind>
<opcode="bitconcatenate(1004) " fcode="bitconcatenate"/>
<opset="shl_ln1273_17/2 "/>
</bind>
</comp>

<comp id="868" class="1004" name="sext_ln1273_18_fu_868">
<pin_list>
<pin id="869" dir="0" index="0" bw="10" slack="0"/>
<pin id="870" dir="1" index="1" bw="13" slack="0"/>
</pin_list>
<bind>
<opcode="sext(35) " fcode="sext"/>
<opset="sext_ln1273_18/2 "/>
</bind>
</comp>

<comp id="872" class="1004" name="r_V_15_fu_872">
<pin_list>
<pin id="873" dir="0" index="0" bw="12" slack="0"/>
<pin id="874" dir="0" index="1" bw="10" slack="0"/>
<pin id="875" dir="1" index="2" bw="13" slack="0"/>
</pin_list>
<bind>
<opcode="sub(10) " fcode="sub"/>
<opset="r_V_15/2 "/>
</bind>
</comp>

<comp id="878" class="1004" name="ret_V_12_fu_878">
<pin_list>
<pin id="879" dir="0" index="0" bw="13" slack="0"/>
<pin id="880" dir="0" index="1" bw="10" slack="0"/>
<pin id="881" dir="1" index="2" bw="13" slack="0"/>
</pin_list>
<bind>
<opcode="add(8) " fcode="add"/>
<opset="ret_V_12/2 "/>
</bind>
</comp>

<comp id="884" class="1004" name="trunc_ln818_6_fu_884">
<pin_list>
<pin id="885" dir="0" index="0" bw="7" slack="0"/>
<pin id="886" dir="0" index="1" bw="13" slack="0"/>
<pin id="887" dir="0" index="2" bw="4" slack="0"/>
<pin id="888" dir="0" index="3" bw="5" slack="0"/>
<pin id="889" dir="1" index="4" bw="7" slack="11"/>
</pin_list>
<bind>
<opcode="partselect(1002) " fcode="partselect"/>
<opset="trunc_ln818_6/2 "/>
</bind>
</comp>

<comp id="894" class="1004" name="shl_ln1273_18_fu_894">
<pin_list>
<pin id="895" dir="0" index="0" bw="11" slack="0"/>
<pin id="896" dir="0" index="1" bw="8" slack="1"/>
<pin id="897" dir="0" index="2" bw="1" slack="0"/>
<pin id="898" dir="1" index="3" bw="11" slack="0"/>
</pin_list>
<bind>
<opcode="bitconcatenate(1004) " fcode="bitconcatenate"/>
<opset="shl_ln1273_18/2 "/>
</bind>
</comp>

<comp id="901" class="1004" name="sext_ln1273_19_fu_901">
<pin_list>
<pin id="902" dir="0" index="0" bw="11" slack="0"/>
<pin id="903" dir="1" index="1" bw="12" slack="0"/>
</pin_list>
<bind>
<opcode="sext(35) " fcode="sext"/>
<opset="sext_ln1273_19/2 "/>
</bind>
</comp>

<comp id="905" class="1004" name="shl_ln1273_19_fu_905">
<pin_list>
<pin id="906" dir="0" index="0" bw="9" slack="0"/>
<pin id="907" dir="0" index="1" bw="8" slack="1"/>
<pin id="908" dir="0" index="2" bw="1" slack="0"/>
<pin id="909" dir="1" index="3" bw="9" slack="0"/>
</pin_list>
<bind>
<opcode="bitconcatenate(1004) " fcode="bitconcatenate"/>
<opset="shl_ln1273_19/2 "/>
</bind>
</comp>

<comp id="912" class="1004" name="sext_ln1347_1_fu_912">
<pin_list>
<pin id="913" dir="0" index="0" bw="9" slack="0"/>
<pin id="914" dir="1" index="1" bw="10" slack="0"/>
</pin_list>
<bind>
<opcode="sext(35) " fcode="sext"/>
<opset="sext_ln1347_1/2 "/>
</bind>
</comp>

<comp id="916" class="1004" name="add_ln1347_18_fu_916">
<pin_list>
<pin id="917" dir="0" index="0" bw="9" slack="0"/>
<pin id="918" dir="0" index="1" bw="9" slack="0"/>
<pin id="919" dir="1" index="2" bw="10" slack="0"/>
</pin_list>
<bind>
<opcode="add(8) " fcode="add"/>
<opset="add_ln1347_18/2 "/>
</bind>
</comp>

<comp id="922" class="1004" name="sext_ln1347_2_fu_922">
<pin_list>
<pin id="923" dir="0" index="0" bw="10" slack="0"/>
<pin id="924" dir="1" index="1" bw="12" slack="0"/>
</pin_list>
<bind>
<opcode="sext(35) " fcode="sext"/>
<opset="sext_ln1347_2/2 "/>
</bind>
</comp>

<comp id="926" class="1004" name="ret_V_15_fu_926">
<pin_list>
<pin id="927" dir="0" index="0" bw="10" slack="0"/>
<pin id="928" dir="0" index="1" bw="11" slack="0"/>
<pin id="929" dir="1" index="2" bw="12" slack="0"/>
</pin_list>
<bind>
<opcode="add(8) " fcode="add"/>
<opset="ret_V_15/2 "/>
</bind>
</comp>

<comp id="932" class="1004" name="trunc_ln818_s_fu_932">
<pin_list>
<pin id="933" dir="0" index="0" bw="6" slack="0"/>
<pin id="934" dir="0" index="1" bw="12" slack="0"/>
<pin id="935" dir="0" index="2" bw="4" slack="0"/>
<pin id="936" dir="0" index="3" bw="5" slack="0"/>
<pin id="937" dir="1" index="4" bw="6" slack="11"/>
</pin_list>
<bind>
<opcode="partselect(1002) " fcode="partselect"/>
<opset="trunc_ln818_s/2 "/>
</bind>
</comp>

<comp id="942" class="1004" name="sext_ln1270_7_fu_942">
<pin_list>
<pin id="943" dir="0" index="0" bw="8" slack="1"/>
<pin id="944" dir="1" index="1" bw="9" slack="0"/>
</pin_list>
<bind>
<opcode="sext(35) " fcode="sext"/>
<opset="sext_ln1270_7/2 "/>
</bind>
</comp>

<comp id="945" class="1004" name="shl_ln1273_20_fu_945">
<pin_list>
<pin id="946" dir="0" index="0" bw="11" slack="0"/>
<pin id="947" dir="0" index="1" bw="8" slack="1"/>
<pin id="948" dir="0" index="2" bw="1" slack="0"/>
<pin id="949" dir="1" index="3" bw="11" slack="0"/>
</pin_list>
<bind>
<opcode="bitconcatenate(1004) " fcode="bitconcatenate"/>
<opset="shl_ln1273_20/2 "/>
</bind>
</comp>

<comp id="952" class="1004" name="sext_ln1273_20_fu_952">
<pin_list>
<pin id="953" dir="0" index="0" bw="11" slack="0"/>
<pin id="954" dir="1" index="1" bw="12" slack="0"/>
</pin_list>
<bind>
<opcode="sext(35) " fcode="sext"/>
<opset="sext_ln1273_20/2 "/>
</bind>
</comp>

<comp id="956" class="1004" name="add_ln1347_20_fu_956">
<pin_list>
<pin id="957" dir="0" index="0" bw="8" slack="0"/>
<pin id="958" dir="0" index="1" bw="9" slack="0"/>
<pin id="959" dir="1" index="2" bw="9" slack="0"/>
</pin_list>
<bind>
<opcode="add(8) " fcode="add"/>
<opset="add_ln1347_20/2 "/>
</bind>
</comp>

<comp id="962" class="1004" name="zext_ln1347_fu_962">
<pin_list>
<pin id="963" dir="0" index="0" bw="9" slack="0"/>
<pin id="964" dir="1" index="1" bw="12" slack="0"/>
</pin_list>
<bind>
<opcode="zext(34) " fcode="zext"/>
<opset="zext_ln1347/2 "/>
</bind>
</comp>

<comp id="966" class="1004" name="ret_V_16_fu_966">
<pin_list>
<pin id="967" dir="0" index="0" bw="9" slack="0"/>
<pin id="968" dir="0" index="1" bw="11" slack="0"/>
<pin id="969" dir="1" index="2" bw="12" slack="0"/>
</pin_list>
<bind>
<opcode="add(8) " fcode="add"/>
<opset="ret_V_16/2 "/>
</bind>
</comp>

<comp id="972" class="1004" name="trunc_ln818_10_fu_972">
<pin_list>
<pin id="973" dir="0" index="0" bw="6" slack="0"/>
<pin id="974" dir="0" index="1" bw="12" slack="0"/>
<pin id="975" dir="0" index="2" bw="4" slack="0"/>
<pin id="976" dir="0" index="3" bw="5" slack="0"/>
<pin id="977" dir="1" index="4" bw="6" slack="11"/>
</pin_list>
<bind>
<opcode="partselect(1002) " fcode="partselect"/>
<opset="trunc_ln818_10/2 "/>
</bind>
</comp>

<comp id="982" class="1004" name="shl_ln1273_21_fu_982">
<pin_list>
<pin id="983" dir="0" index="0" bw="12" slack="0"/>
<pin id="984" dir="0" index="1" bw="8" slack="1"/>
<pin id="985" dir="0" index="2" bw="1" slack="0"/>
<pin id="986" dir="1" index="3" bw="12" slack="0"/>
</pin_list>
<bind>
<opcode="bitconcatenate(1004) " fcode="bitconcatenate"/>
<opset="shl_ln1273_21/2 "/>
</bind>
</comp>

<comp id="989" class="1004" name="sext_ln1273_21_fu_989">
<pin_list>
<pin id="990" dir="0" index="0" bw="12" slack="0"/>
<pin id="991" dir="1" index="1" bw="13" slack="0"/>
</pin_list>
<bind>
<opcode="sext(35) " fcode="sext"/>
<opset="sext_ln1273_21/2 "/>
</bind>
</comp>

<comp id="993" class="1004" name="shl_ln1273_22_fu_993">
<pin_list>
<pin id="994" dir="0" index="0" bw="9" slack="0"/>
<pin id="995" dir="0" index="1" bw="8" slack="1"/>
<pin id="996" dir="0" index="2" bw="1" slack="0"/>
<pin id="997" dir="1" index="3" bw="9" slack="0"/>
</pin_list>
<bind>
<opcode="bitconcatenate(1004) " fcode="bitconcatenate"/>
<opset="shl_ln1273_22/2 "/>
</bind>
</comp>

<comp id="1000" class="1004" name="sext_ln1273_22_fu_1000">
<pin_list>
<pin id="1001" dir="0" index="0" bw="9" slack="0"/>
<pin id="1002" dir="1" index="1" bw="13" slack="0"/>
</pin_list>
<bind>
<opcode="sext(35) " fcode="sext"/>
<opset="sext_ln1273_22/2 "/>
</bind>
</comp>

<comp id="1004" class="1004" name="r_V_22_fu_1004">
<pin_list>
<pin id="1005" dir="0" index="0" bw="12" slack="0"/>
<pin id="1006" dir="0" index="1" bw="9" slack="0"/>
<pin id="1007" dir="1" index="2" bw="13" slack="0"/>
</pin_list>
<bind>
<opcode="sub(10) " fcode="sub"/>
<opset="r_V_22/2 "/>
</bind>
</comp>

<comp id="1010" class="1004" name="ret_V_18_fu_1010">
<pin_list>
<pin id="1011" dir="0" index="0" bw="13" slack="0"/>
<pin id="1012" dir="0" index="1" bw="10" slack="0"/>
<pin id="1013" dir="1" index="2" bw="13" slack="0"/>
</pin_list>
<bind>
<opcode="add(8) " fcode="add"/>
<opset="ret_V_18/2 "/>
</bind>
</comp>

<comp id="1016" class="1004" name="trunc_ln818_11_fu_1016">
<pin_list>
<pin id="1017" dir="0" index="0" bw="7" slack="0"/>
<pin id="1018" dir="0" index="1" bw="13" slack="0"/>
<pin id="1019" dir="0" index="2" bw="4" slack="0"/>
<pin id="1020" dir="0" index="3" bw="5" slack="0"/>
<pin id="1021" dir="1" index="4" bw="7" slack="11"/>
</pin_list>
<bind>
<opcode="partselect(1002) " fcode="partselect"/>
<opset="trunc_ln818_11/2 "/>
</bind>
</comp>

<comp id="1026" class="1004" name="sext_ln1270_8_fu_1026">
<pin_list>
<pin id="1027" dir="0" index="0" bw="8" slack="1"/>
<pin id="1028" dir="1" index="1" bw="11" slack="0"/>
</pin_list>
<bind>
<opcode="sext(35) " fcode="sext"/>
<opset="sext_ln1270_8/2 "/>
</bind>
</comp>

<comp id="1029" class="1004" name="shl_ln1273_25_fu_1029">
<pin_list>
<pin id="1030" dir="0" index="0" bw="12" slack="0"/>
<pin id="1031" dir="0" index="1" bw="8" slack="1"/>
<pin id="1032" dir="0" index="2" bw="1" slack="0"/>
<pin id="1033" dir="1" index="3" bw="12" slack="0"/>
</pin_list>
<bind>
<opcode="bitconcatenate(1004) " fcode="bitconcatenate"/>
<opset="shl_ln1273_25/2 "/>
</bind>
</comp>

<comp id="1036" class="1004" name="sext_ln1273_25_fu_1036">
<pin_list>
<pin id="1037" dir="0" index="0" bw="12" slack="0"/>
<pin id="1038" dir="1" index="1" bw="13" slack="0"/>
</pin_list>
<bind>
<opcode="sext(35) " fcode="sext"/>
<opset="sext_ln1273_25/2 "/>
</bind>
</comp>

<comp id="1040" class="1004" name="add_ln1347_25_fu_1040">
<pin_list>
<pin id="1041" dir="0" index="0" bw="8" slack="0"/>
<pin id="1042" dir="0" index="1" bw="11" slack="0"/>
<pin id="1043" dir="1" index="2" bw="11" slack="0"/>
</pin_list>
<bind>
<opcode="add(8) " fcode="add"/>
<opset="add_ln1347_25/2 "/>
</bind>
</comp>

<comp id="1046" class="1004" name="sext_ln1347_4_fu_1046">
<pin_list>
<pin id="1047" dir="0" index="0" bw="11" slack="0"/>
<pin id="1048" dir="1" index="1" bw="13" slack="0"/>
</pin_list>
<bind>
<opcode="sext(35) " fcode="sext"/>
<opset="sext_ln1347_4/2 "/>
</bind>
</comp>

<comp id="1050" class="1004" name="ret_V_20_fu_1050">
<pin_list>
<pin id="1051" dir="0" index="0" bw="11" slack="0"/>
<pin id="1052" dir="0" index="1" bw="12" slack="0"/>
<pin id="1053" dir="1" index="2" bw="13" slack="0"/>
</pin_list>
<bind>
<opcode="add(8) " fcode="add"/>
<opset="ret_V_20/2 "/>
</bind>
</comp>

<comp id="1056" class="1004" name="trunc_ln818_12_fu_1056">
<pin_list>
<pin id="1057" dir="0" index="0" bw="7" slack="0"/>
<pin id="1058" dir="0" index="1" bw="13" slack="0"/>
<pin id="1059" dir="0" index="2" bw="4" slack="0"/>
<pin id="1060" dir="0" index="3" bw="5" slack="0"/>
<pin id="1061" dir="1" index="4" bw="7" slack="11"/>
</pin_list>
<bind>
<opcode="partselect(1002) " fcode="partselect"/>
<opset="trunc_ln818_12/2 "/>
</bind>
</comp>

<comp id="1066" class="1004" name="shl_ln1273_26_fu_1066">
<pin_list>
<pin id="1067" dir="0" index="0" bw="12" slack="0"/>
<pin id="1068" dir="0" index="1" bw="8" slack="1"/>
<pin id="1069" dir="0" index="2" bw="1" slack="0"/>
<pin id="1070" dir="1" index="3" bw="12" slack="0"/>
</pin_list>
<bind>
<opcode="bitconcatenate(1004) " fcode="bitconcatenate"/>
<opset="shl_ln1273_26/2 "/>
</bind>
</comp>

<comp id="1073" class="1004" name="sext_ln1273_26_fu_1073">
<pin_list>
<pin id="1074" dir="0" index="0" bw="12" slack="0"/>
<pin id="1075" dir="1" index="1" bw="13" slack="0"/>
</pin_list>
<bind>
<opcode="sext(35) " fcode="sext"/>
<opset="sext_ln1273_26/2 "/>
</bind>
</comp>

<comp id="1077" class="1004" name="shl_ln1273_27_fu_1077">
<pin_list>
<pin id="1078" dir="0" index="0" bw="10" slack="0"/>
<pin id="1079" dir="0" index="1" bw="8" slack="1"/>
<pin id="1080" dir="0" index="2" bw="1" slack="0"/>
<pin id="1081" dir="1" index="3" bw="10" slack="0"/>
</pin_list>
<bind>
<opcode="bitconcatenate(1004) " fcode="bitconcatenate"/>
<opset="shl_ln1273_27/2 "/>
</bind>
</comp>

<comp id="1084" class="1004" name="sext_ln1273_27_fu_1084">
<pin_list>
<pin id="1085" dir="0" index="0" bw="10" slack="0"/>
<pin id="1086" dir="1" index="1" bw="13" slack="0"/>
</pin_list>
<bind>
<opcode="sext(35) " fcode="sext"/>
<opset="sext_ln1273_27/2 "/>
</bind>
</comp>

<comp id="1088" class="1004" name="r_V_28_fu_1088">
<pin_list>
<pin id="1089" dir="0" index="0" bw="12" slack="0"/>
<pin id="1090" dir="0" index="1" bw="10" slack="0"/>
<pin id="1091" dir="1" index="2" bw="13" slack="0"/>
</pin_list>
<bind>
<opcode="sub(10) " fcode="sub"/>
<opset="r_V_28/2 "/>
</bind>
</comp>

<comp id="1094" class="1004" name="ret_V_23_fu_1094">
<pin_list>
<pin id="1095" dir="0" index="0" bw="13" slack="0"/>
<pin id="1096" dir="0" index="1" bw="11" slack="0"/>
<pin id="1097" dir="1" index="2" bw="13" slack="0"/>
</pin_list>
<bind>
<opcode="add(8) " fcode="add"/>
<opset="ret_V_23/2 "/>
</bind>
</comp>

<comp id="1100" class="1004" name="trunc_ln818_14_fu_1100">
<pin_list>
<pin id="1101" dir="0" index="0" bw="7" slack="0"/>
<pin id="1102" dir="0" index="1" bw="13" slack="0"/>
<pin id="1103" dir="0" index="2" bw="4" slack="0"/>
<pin id="1104" dir="0" index="3" bw="5" slack="0"/>
<pin id="1105" dir="1" index="4" bw="7" slack="11"/>
</pin_list>
<bind>
<opcode="partselect(1002) " fcode="partselect"/>
<opset="trunc_ln818_14/2 "/>
</bind>
</comp>

<comp id="1110" class="1004" name="tmp_1_fu_1110">
<pin_list>
<pin id="1111" dir="0" index="0" bw="1" slack="0"/>
<pin id="1112" dir="0" index="1" bw="12" slack="0"/>
<pin id="1113" dir="0" index="2" bw="4" slack="0"/>
<pin id="1114" dir="1" index="3" bw="1" slack="11"/>
</pin_list>
<bind>
<opcode="bitselect(1000) " fcode="bitselect"/>
<opset="tmp_1/2 "/>
</bind>
</comp>

<comp id="1118" class="1004" name="tmp_s_fu_1118">
<pin_list>
<pin id="1119" dir="0" index="0" bw="5" slack="0"/>
<pin id="1120" dir="0" index="1" bw="12" slack="0"/>
<pin id="1121" dir="0" index="2" bw="4" slack="0"/>
<pin id="1122" dir="0" index="3" bw="5" slack="0"/>
<pin id="1123" dir="1" index="4" bw="5" slack="11"/>
</pin_list>
<bind>
<opcode="partselect(1002) " fcode="partselect"/>
<opset="tmp_s/2 "/>
</bind>
</comp>

<comp id="1128" class="1004" name="ret_V_fu_1128">
<pin_list>
<pin id="1129" dir="0" index="0" bw="13" slack="1"/>
<pin id="1130" dir="0" index="1" bw="12" slack="0"/>
<pin id="1131" dir="1" index="2" bw="13" slack="0"/>
</pin_list>
<bind>
<opcode="add(8) " fcode="add"/>
<opset="ret_V/3 "/>
</bind>
</comp>

<comp id="1134" class="1004" name="trunc_ln_fu_1134">
<pin_list>
<pin id="1135" dir="0" index="0" bw="7" slack="0"/>
<pin id="1136" dir="0" index="1" bw="13" slack="0"/>
<pin id="1137" dir="0" index="2" bw="4" slack="0"/>
<pin id="1138" dir="0" index="3" bw="5" slack="0"/>
<pin id="1139" dir="1" index="4" bw="7" slack="10"/>
</pin_list>
<bind>
<opcode="partselect(1002) " fcode="partselect"/>
<opset="trunc_ln/3 "/>
</bind>
</comp>

<comp id="1144" class="1004" name="sext_ln1270_1_fu_1144">
<pin_list>
<pin id="1145" dir="0" index="0" bw="8" slack="2"/>
<pin id="1146" dir="1" index="1" bw="14" slack="0"/>
</pin_list>
<bind>
<opcode="sext(35) " fcode="sext"/>
<opset="sext_ln1270_1/3 "/>
</bind>
</comp>

<comp id="1148" class="1004" name="trunc_ln818_1_fu_1148">
<pin_list>
<pin id="1149" dir="0" index="0" bw="8" slack="0"/>
<pin id="1150" dir="0" index="1" bw="14" slack="0"/>
<pin id="1151" dir="0" index="2" bw="4" slack="0"/>
<pin id="1152" dir="0" index="3" bw="5" slack="0"/>
<pin id="1153" dir="1" index="4" bw="8" slack="10"/>
</pin_list>
<bind>
<opcode="partselect(1002) " fcode="partselect"/>
<opset="trunc_ln818_1/3 "/>
</bind>
</comp>

<comp id="1158" class="1004" name="sext_ln1270_2_fu_1158">
<pin_list>
<pin id="1159" dir="0" index="0" bw="8" slack="3"/>
<pin id="1160" dir="1" index="1" bw="13" slack="0"/>
</pin_list>
<bind>
<opcode="sext(35) " fcode="sext"/>
<opset="sext_ln1270_2/4 "/>
</bind>
</comp>

<comp id="1162" class="1004" name="ret_V_3_fu_1162">
<pin_list>
<pin id="1163" dir="0" index="0" bw="13" slack="1"/>
<pin id="1164" dir="0" index="1" bw="11" slack="0"/>
<pin id="1165" dir="1" index="2" bw="13" slack="0"/>
</pin_list>
<bind>
<opcode="add(8) " fcode="add"/>
<opset="ret_V_3/5 "/>
</bind>
</comp>

<comp id="1168" class="1004" name="trunc_ln818_2_fu_1168">
<pin_list>
<pin id="1169" dir="0" index="0" bw="7" slack="0"/>
<pin id="1170" dir="0" index="1" bw="13" slack="0"/>
<pin id="1171" dir="0" index="2" bw="4" slack="0"/>
<pin id="1172" dir="0" index="3" bw="5" slack="0"/>
<pin id="1173" dir="1" index="4" bw="7" slack="8"/>
</pin_list>
<bind>
<opcode="partselect(1002) " fcode="partselect"/>
<opset="trunc_ln818_2/5 "/>
</bind>
</comp>

<comp id="1178" class="1004" name="sext_ln1347_fu_1178">
<pin_list>
<pin id="1179" dir="0" index="0" bw="8" slack="4"/>
<pin id="1180" dir="1" index="1" bw="12" slack="0"/>
</pin_list>
<bind>
<opcode="sext(35) " fcode="sext"/>
<opset="sext_ln1347/5 "/>
</bind>
</comp>

<comp id="1182" class="1004" name="ret_V_5_fu_1182">
<pin_list>
<pin id="1183" dir="0" index="0" bw="12" slack="1"/>
<pin id="1184" dir="0" index="1" bw="9" slack="0"/>
<pin id="1185" dir="1" index="2" bw="12" slack="0"/>
</pin_list>
<bind>
<opcode="add(8) " fcode="add"/>
<opset="ret_V_5/6 "/>
</bind>
</comp>

<comp id="1188" class="1004" name="trunc_ln818_4_fu_1188">
<pin_list>
<pin id="1189" dir="0" index="0" bw="6" slack="0"/>
<pin id="1190" dir="0" index="1" bw="12" slack="0"/>
<pin id="1191" dir="0" index="2" bw="4" slack="0"/>
<pin id="1192" dir="0" index="3" bw="5" slack="0"/>
<pin id="1193" dir="1" index="4" bw="6" slack="7"/>
</pin_list>
<bind>
<opcode="partselect(1002) " fcode="partselect"/>
<opset="trunc_ln818_4/6 "/>
</bind>
</comp>

<comp id="1198" class="1004" name="sext_ln1270_4_fu_1198">
<pin_list>
<pin id="1199" dir="0" index="0" bw="8" slack="5"/>
<pin id="1200" dir="1" index="1" bw="13" slack="0"/>
</pin_list>
<bind>
<opcode="sext(35) " fcode="sext"/>
<opset="sext_ln1270_4/6 "/>
</bind>
</comp>

<comp id="1202" class="1004" name="ret_V_13_fu_1202">
<pin_list>
<pin id="1203" dir="0" index="0" bw="13" slack="1"/>
<pin id="1204" dir="0" index="1" bw="10" slack="0"/>
<pin id="1205" dir="1" index="2" bw="13" slack="0"/>
</pin_list>
<bind>
<opcode="add(8) " fcode="add"/>
<opset="ret_V_13/7 "/>
</bind>
</comp>

<comp id="1208" class="1004" name="trunc_ln818_7_fu_1208">
<pin_list>
<pin id="1209" dir="0" index="0" bw="7" slack="0"/>
<pin id="1210" dir="0" index="1" bw="13" slack="0"/>
<pin id="1211" dir="0" index="2" bw="4" slack="0"/>
<pin id="1212" dir="0" index="3" bw="5" slack="0"/>
<pin id="1213" dir="1" index="4" bw="7" slack="6"/>
</pin_list>
<bind>
<opcode="partselect(1002) " fcode="partselect"/>
<opset="trunc_ln818_7/7 "/>
</bind>
</comp>

<comp id="1218" class="1004" name="sext_ln1270_6_fu_1218">
<pin_list>
<pin id="1219" dir="0" index="0" bw="8" slack="6"/>
<pin id="1220" dir="1" index="1" bw="13" slack="0"/>
</pin_list>
<bind>
<opcode="sext(35) " fcode="sext"/>
<opset="sext_ln1270_6/7 "/>
</bind>
</comp>

<comp id="1222" class="1004" name="ret_V_14_fu_1222">
<pin_list>
<pin id="1223" dir="0" index="0" bw="13" slack="1"/>
<pin id="1224" dir="0" index="1" bw="12" slack="0"/>
<pin id="1225" dir="1" index="2" bw="13" slack="0"/>
</pin_list>
<bind>
<opcode="add(8) " fcode="add"/>
<opset="ret_V_14/8 "/>
</bind>
</comp>

<comp id="1228" class="1004" name="trunc_ln818_9_fu_1228">
<pin_list>
<pin id="1229" dir="0" index="0" bw="7" slack="0"/>
<pin id="1230" dir="0" index="1" bw="13" slack="0"/>
<pin id="1231" dir="0" index="2" bw="4" slack="0"/>
<pin id="1232" dir="0" index="3" bw="5" slack="0"/>
<pin id="1233" dir="1" index="4" bw="7" slack="5"/>
</pin_list>
<bind>
<opcode="partselect(1002) " fcode="partselect"/>
<opset="trunc_ln818_9/8 "/>
</bind>
</comp>

<comp id="1238" class="1004" name="sext_ln1347_3_fu_1238">
<pin_list>
<pin id="1239" dir="0" index="0" bw="8" slack="7"/>
<pin id="1240" dir="1" index="1" bw="14" slack="0"/>
</pin_list>
<bind>
<opcode="sext(35) " fcode="sext"/>
<opset="sext_ln1347_3/8 "/>
</bind>
</comp>

<comp id="1242" class="1004" name="ret_V_17_fu_1242">
<pin_list>
<pin id="1243" dir="0" index="0" bw="14" slack="1"/>
<pin id="1244" dir="0" index="1" bw="9" slack="0"/>
<pin id="1245" dir="1" index="2" bw="14" slack="0"/>
</pin_list>
<bind>
<opcode="add(8) " fcode="add"/>
<opset="ret_V_17/9 "/>
</bind>
</comp>

<comp id="1248" class="1004" name="sext_ln1347_5_fu_1248">
<pin_list>
<pin id="1249" dir="0" index="0" bw="8" slack="8"/>
<pin id="1250" dir="1" index="1" bw="14" slack="0"/>
</pin_list>
<bind>
<opcode="sext(35) " fcode="sext"/>
<opset="sext_ln1347_5/9 "/>
</bind>
</comp>

<comp id="1252" class="1004" name="trunc_ln46_7_fu_1252">
<pin_list>
<pin id="1253" dir="0" index="0" bw="8" slack="0"/>
<pin id="1254" dir="0" index="1" bw="14" slack="0"/>
<pin id="1255" dir="0" index="2" bw="4" slack="0"/>
<pin id="1256" dir="0" index="3" bw="5" slack="0"/>
<pin id="1257" dir="1" index="4" bw="8" slack="4"/>
</pin_list>
<bind>
<opcode="partselect(1002) " fcode="partselect"/>
<opset="trunc_ln46_7/9 "/>
</bind>
</comp>

<comp id="1262" class="1004" name="ret_V_21_fu_1262">
<pin_list>
<pin id="1263" dir="0" index="0" bw="14" slack="1"/>
<pin id="1264" dir="0" index="1" bw="13" slack="0"/>
<pin id="1265" dir="1" index="2" bw="14" slack="0"/>
</pin_list>
<bind>
<opcode="add(8) " fcode="add"/>
<opset="ret_V_21/10 "/>
</bind>
</comp>

<comp id="1268" class="1004" name="sext_ln1270_9_fu_1268">
<pin_list>
<pin id="1269" dir="0" index="0" bw="8" slack="9"/>
<pin id="1270" dir="1" index="1" bw="13" slack="0"/>
</pin_list>
<bind>
<opcode="sext(35) " fcode="sext"/>
<opset="sext_ln1270_9/10 "/>
</bind>
</comp>

<comp id="1272" class="1004" name="trunc_ln46_9_fu_1272">
<pin_list>
<pin id="1273" dir="0" index="0" bw="8" slack="0"/>
<pin id="1274" dir="0" index="1" bw="14" slack="0"/>
<pin id="1275" dir="0" index="2" bw="4" slack="0"/>
<pin id="1276" dir="0" index="3" bw="5" slack="0"/>
<pin id="1277" dir="1" index="4" bw="8" slack="3"/>
</pin_list>
<bind>
<opcode="partselect(1002) " fcode="partselect"/>
<opset="trunc_ln46_9/10 "/>
</bind>
</comp>

<comp id="1282" class="1004" name="ret_V_22_fu_1282">
<pin_list>
<pin id="1283" dir="0" index="0" bw="13" slack="1"/>
<pin id="1284" dir="0" index="1" bw="11" slack="0"/>
<pin id="1285" dir="1" index="2" bw="13" slack="0"/>
</pin_list>
<bind>
<opcode="add(8) " fcode="add"/>
<opset="ret_V_22/11 "/>
</bind>
</comp>

<comp id="1288" class="1004" name="trunc_ln818_13_fu_1288">
<pin_list>
<pin id="1289" dir="0" index="0" bw="7" slack="0"/>
<pin id="1290" dir="0" index="1" bw="13" slack="0"/>
<pin id="1291" dir="0" index="2" bw="4" slack="0"/>
<pin id="1292" dir="0" index="3" bw="5" slack="0"/>
<pin id="1293" dir="1" index="4" bw="7" slack="2"/>
</pin_list>
<bind>
<opcode="partselect(1002) " fcode="partselect"/>
<opset="trunc_ln818_13/11 "/>
</bind>
</comp>

<comp id="1298" class="1004" name="sext_ln1270_10_fu_1298">
<pin_list>
<pin id="1299" dir="0" index="0" bw="8" slack="10"/>
<pin id="1300" dir="1" index="1" bw="13" slack="0"/>
</pin_list>
<bind>
<opcode="sext(35) " fcode="sext"/>
<opset="sext_ln1270_10/11 "/>
</bind>
</comp>

<comp id="1302" class="1004" name="shl_ln_fu_1302">
<pin_list>
<pin id="1303" dir="0" index="0" bw="13" slack="0"/>
<pin id="1304" dir="0" index="1" bw="8" slack="11"/>
<pin id="1305" dir="0" index="2" bw="1" slack="0"/>
<pin id="1306" dir="1" index="3" bw="13" slack="0"/>
</pin_list>
<bind>
<opcode="bitconcatenate(1004) " fcode="bitconcatenate"/>
<opset="shl_ln/12 "/>
</bind>
</comp>

<comp id="1309" class="1004" name="sext_ln1273_fu_1309">
<pin_list>
<pin id="1310" dir="0" index="0" bw="13" slack="0"/>
<pin id="1311" dir="1" index="1" bw="14" slack="0"/>
</pin_list>
<bind>
<opcode="sext(35) " fcode="sext"/>
<opset="sext_ln1273/12 "/>
</bind>
</comp>

<comp id="1313" class="1004" name="shl_ln1273_1_fu_1313">
<pin_list>
<pin id="1314" dir="0" index="0" bw="9" slack="0"/>
<pin id="1315" dir="0" index="1" bw="8" slack="11"/>
<pin id="1316" dir="0" index="2" bw="1" slack="0"/>
<pin id="1317" dir="1" index="3" bw="9" slack="0"/>
</pin_list>
<bind>
<opcode="bitconcatenate(1004) " fcode="bitconcatenate"/>
<opset="shl_ln1273_1/12 "/>
</bind>
</comp>

<comp id="1320" class="1004" name="sext_ln1273_1_fu_1320">
<pin_list>
<pin id="1321" dir="0" index="0" bw="9" slack="0"/>
<pin id="1322" dir="1" index="1" bw="14" slack="0"/>
</pin_list>
<bind>
<opcode="sext(35) " fcode="sext"/>
<opset="sext_ln1273_1/12 "/>
</bind>
</comp>

<comp id="1324" class="1004" name="r_V_2_fu_1324">
<pin_list>
<pin id="1325" dir="0" index="0" bw="13" slack="0"/>
<pin id="1326" dir="0" index="1" bw="9" slack="0"/>
<pin id="1327" dir="1" index="2" bw="14" slack="0"/>
</pin_list>
<bind>
<opcode="sub(10) " fcode="sub"/>
<opset="r_V_2/12 "/>
</bind>
</comp>

<comp id="1330" class="1004" name="ret_V_1_fu_1330">
<pin_list>
<pin id="1331" dir="0" index="0" bw="14" slack="0"/>
<pin id="1332" dir="0" index="1" bw="12" slack="0"/>
<pin id="1333" dir="1" index="2" bw="14" slack="0"/>
</pin_list>
<bind>
<opcode="add(8) " fcode="add"/>
<opset="ret_V_1/12 "/>
</bind>
</comp>

<comp id="1336" class="1004" name="shl_ln1273_8_fu_1336">
<pin_list>
<pin id="1337" dir="0" index="0" bw="11" slack="0"/>
<pin id="1338" dir="0" index="1" bw="8" slack="11"/>
<pin id="1339" dir="0" index="2" bw="1" slack="0"/>
<pin id="1340" dir="1" index="3" bw="11" slack="0"/>
</pin_list>
<bind>
<opcode="bitconcatenate(1004) " fcode="bitconcatenate"/>
<opset="shl_ln1273_8/12 "/>
</bind>
</comp>

<comp id="1343" class="1004" name="sext_ln1273_8_fu_1343">
<pin_list>
<pin id="1344" dir="0" index="0" bw="11" slack="0"/>
<pin id="1345" dir="1" index="1" bw="12" slack="0"/>
</pin_list>
<bind>
<opcode="sext(35) " fcode="sext"/>
<opset="sext_ln1273_8/12 "/>
</bind>
</comp>

<comp id="1347" class="1004" name="shl_ln1273_9_fu_1347">
<pin_list>
<pin id="1348" dir="0" index="0" bw="9" slack="0"/>
<pin id="1349" dir="0" index="1" bw="8" slack="11"/>
<pin id="1350" dir="0" index="2" bw="1" slack="0"/>
<pin id="1351" dir="1" index="3" bw="9" slack="0"/>
</pin_list>
<bind>
<opcode="bitconcatenate(1004) " fcode="bitconcatenate"/>
<opset="shl_ln1273_9/12 "/>
</bind>
</comp>

<comp id="1354" class="1004" name="sext_ln1273_9_fu_1354">
<pin_list>
<pin id="1355" dir="0" index="0" bw="9" slack="0"/>
<pin id="1356" dir="1" index="1" bw="12" slack="0"/>
</pin_list>
<bind>
<opcode="sext(35) " fcode="sext"/>
<opset="sext_ln1273_9/12 "/>
</bind>
</comp>

<comp id="1358" class="1004" name="r_V_10_fu_1358">
<pin_list>
<pin id="1359" dir="0" index="0" bw="11" slack="0"/>
<pin id="1360" dir="0" index="1" bw="9" slack="0"/>
<pin id="1361" dir="1" index="2" bw="12" slack="0"/>
</pin_list>
<bind>
<opcode="add(8) " fcode="add"/>
<opset="r_V_10/12 "/>
</bind>
</comp>

<comp id="1364" class="1004" name="sext_ln813_fu_1364">
<pin_list>
<pin id="1365" dir="0" index="0" bw="12" slack="0"/>
<pin id="1366" dir="1" index="1" bw="14" slack="0"/>
</pin_list>
<bind>
<opcode="sext(35) " fcode="sext"/>
<opset="sext_ln813/12 "/>
</bind>
</comp>

<comp id="1368" class="1004" name="ret_V_7_fu_1368">
<pin_list>
<pin id="1369" dir="0" index="0" bw="12" slack="0"/>
<pin id="1370" dir="0" index="1" bw="13" slack="0"/>
<pin id="1371" dir="1" index="2" bw="14" slack="0"/>
</pin_list>
<bind>
<opcode="add(8) " fcode="add"/>
<opset="ret_V_7/12 "/>
</bind>
</comp>

<comp id="1374" class="1004" name="shl_ln1273_s_fu_1374">
<pin_list>
<pin id="1375" dir="0" index="0" bw="11" slack="0"/>
<pin id="1376" dir="0" index="1" bw="8" slack="11"/>
<pin id="1377" dir="0" index="2" bw="1" slack="0"/>
<pin id="1378" dir="1" index="3" bw="11" slack="0"/>
</pin_list>
<bind>
<opcode="bitconcatenate(1004) " fcode="bitconcatenate"/>
<opset="shl_ln1273_s/12 "/>
</bind>
</comp>

<comp id="1381" class="1004" name="sext_ln1273_10_fu_1381">
<pin_list>
<pin id="1382" dir="0" index="0" bw="11" slack="0"/>
<pin id="1383" dir="1" index="1" bw="12" slack="0"/>
</pin_list>
<bind>
<opcode="sext(35) " fcode="sext"/>
<opset="sext_ln1273_10/12 "/>
</bind>
</comp>

<comp id="1385" class="1004" name="shl_ln1273_10_fu_1385">
<pin_list>
<pin id="1386" dir="0" index="0" bw="9" slack="0"/>
<pin id="1387" dir="0" index="1" bw="8" slack="11"/>
<pin id="1388" dir="0" index="2" bw="1" slack="0"/>
<pin id="1389" dir="1" index="3" bw="9" slack="0"/>
</pin_list>
<bind>
<opcode="bitconcatenate(1004) " fcode="bitconcatenate"/>
<opset="shl_ln1273_10/12 "/>
</bind>
</comp>

<comp id="1392" class="1004" name="sext_ln1273_11_fu_1392">
<pin_list>
<pin id="1393" dir="0" index="0" bw="9" slack="0"/>
<pin id="1394" dir="1" index="1" bw="12" slack="0"/>
</pin_list>
<bind>
<opcode="sext(35) " fcode="sext"/>
<opset="sext_ln1273_11/12 "/>
</bind>
</comp>

<comp id="1396" class="1004" name="r_V_11_fu_1396">
<pin_list>
<pin id="1397" dir="0" index="0" bw="11" slack="0"/>
<pin id="1398" dir="0" index="1" bw="9" slack="0"/>
<pin id="1399" dir="1" index="2" bw="12" slack="0"/>
</pin_list>
<bind>
<opcode="add(8) " fcode="add"/>
<opset="r_V_11/12 "/>
</bind>
</comp>

<comp id="1402" class="1004" name="sext_ln813_1_fu_1402">
<pin_list>
<pin id="1403" dir="0" index="0" bw="12" slack="0"/>
<pin id="1404" dir="1" index="1" bw="14" slack="0"/>
</pin_list>
<bind>
<opcode="sext(35) " fcode="sext"/>
<opset="sext_ln813_1/12 "/>
</bind>
</comp>

<comp id="1406" class="1004" name="ret_V_8_fu_1406">
<pin_list>
<pin id="1407" dir="0" index="0" bw="12" slack="0"/>
<pin id="1408" dir="0" index="1" bw="13" slack="0"/>
<pin id="1409" dir="1" index="2" bw="14" slack="0"/>
</pin_list>
<bind>
<opcode="add(8) " fcode="add"/>
<opset="ret_V_8/12 "/>
</bind>
</comp>

<comp id="1412" class="1004" name="sext_ln1270_3_fu_1412">
<pin_list>
<pin id="1413" dir="0" index="0" bw="8" slack="11"/>
<pin id="1414" dir="1" index="1" bw="14" slack="0"/>
</pin_list>
<bind>
<opcode="sext(35) " fcode="sext"/>
<opset="sext_ln1270_3/12 "/>
</bind>
</comp>

<comp id="1415" class="1004" name="shl_ln1273_11_fu_1415">
<pin_list>
<pin id="1416" dir="0" index="0" bw="13" slack="0"/>
<pin id="1417" dir="0" index="1" bw="8" slack="11"/>
<pin id="1418" dir="0" index="2" bw="1" slack="0"/>
<pin id="1419" dir="1" index="3" bw="13" slack="0"/>
</pin_list>
<bind>
<opcode="bitconcatenate(1004) " fcode="bitconcatenate"/>
<opset="shl_ln1273_11/12 "/>
</bind>
</comp>

<comp id="1422" class="1004" name="sext_ln1273_12_fu_1422">
<pin_list>
<pin id="1423" dir="0" index="0" bw="13" slack="0"/>
<pin id="1424" dir="1" index="1" bw="14" slack="0"/>
</pin_list>
<bind>
<opcode="sext(35) " fcode="sext"/>
<opset="sext_ln1273_12/12 "/>
</bind>
</comp>

<comp id="1426" class="1004" name="add_ln1347_10_fu_1426">
<pin_list>
<pin id="1427" dir="0" index="0" bw="13" slack="0"/>
<pin id="1428" dir="0" index="1" bw="8" slack="0"/>
<pin id="1429" dir="1" index="2" bw="14" slack="0"/>
</pin_list>
<bind>
<opcode="add(8) " fcode="add"/>
<opset="add_ln1347_10/12 "/>
</bind>
</comp>

<comp id="1432" class="1004" name="ret_V_9_fu_1432">
<pin_list>
<pin id="1433" dir="0" index="0" bw="14" slack="0"/>
<pin id="1434" dir="0" index="1" bw="13" slack="0"/>
<pin id="1435" dir="1" index="2" bw="14" slack="0"/>
</pin_list>
<bind>
<opcode="add(8) " fcode="add"/>
<opset="ret_V_9/12 "/>
</bind>
</comp>

<comp id="1438" class="1004" name="shl_ln1273_12_fu_1438">
<pin_list>
<pin id="1439" dir="0" index="0" bw="13" slack="0"/>
<pin id="1440" dir="0" index="1" bw="8" slack="11"/>
<pin id="1441" dir="0" index="2" bw="1" slack="0"/>
<pin id="1442" dir="1" index="3" bw="13" slack="0"/>
</pin_list>
<bind>
<opcode="bitconcatenate(1004) " fcode="bitconcatenate"/>
<opset="shl_ln1273_12/12 "/>
</bind>
</comp>

<comp id="1445" class="1004" name="sext_ln1273_13_fu_1445">
<pin_list>
<pin id="1446" dir="0" index="0" bw="13" slack="0"/>
<pin id="1447" dir="1" index="1" bw="14" slack="0"/>
</pin_list>
<bind>
<opcode="sext(35) " fcode="sext"/>
<opset="sext_ln1273_13/12 "/>
</bind>
</comp>

<comp id="1449" class="1004" name="shl_ln1273_13_fu_1449">
<pin_list>
<pin id="1450" dir="0" index="0" bw="11" slack="0"/>
<pin id="1451" dir="0" index="1" bw="8" slack="11"/>
<pin id="1452" dir="0" index="2" bw="1" slack="0"/>
<pin id="1453" dir="1" index="3" bw="11" slack="0"/>
</pin_list>
<bind>
<opcode="bitconcatenate(1004) " fcode="bitconcatenate"/>
<opset="shl_ln1273_13/12 "/>
</bind>
</comp>

<comp id="1456" class="1004" name="sext_ln1273_14_fu_1456">
<pin_list>
<pin id="1457" dir="0" index="0" bw="11" slack="0"/>
<pin id="1458" dir="1" index="1" bw="14" slack="0"/>
</pin_list>
<bind>
<opcode="sext(35) " fcode="sext"/>
<opset="sext_ln1273_14/12 "/>
</bind>
</comp>

<comp id="1460" class="1004" name="r_V_13_fu_1460">
<pin_list>
<pin id="1461" dir="0" index="0" bw="13" slack="0"/>
<pin id="1462" dir="0" index="1" bw="11" slack="0"/>
<pin id="1463" dir="1" index="2" bw="14" slack="0"/>
</pin_list>
<bind>
<opcode="sub(10) " fcode="sub"/>
<opset="r_V_13/12 "/>
</bind>
</comp>

<comp id="1466" class="1004" name="ret_V_10_fu_1466">
<pin_list>
<pin id="1467" dir="0" index="0" bw="14" slack="0"/>
<pin id="1468" dir="0" index="1" bw="12" slack="0"/>
<pin id="1469" dir="1" index="2" bw="14" slack="0"/>
</pin_list>
<bind>
<opcode="add(8) " fcode="add"/>
<opset="ret_V_10/12 "/>
</bind>
</comp>

<comp id="1472" class="1004" name="shl_ln1273_14_fu_1472">
<pin_list>
<pin id="1473" dir="0" index="0" bw="13" slack="0"/>
<pin id="1474" dir="0" index="1" bw="8" slack="11"/>
<pin id="1475" dir="0" index="2" bw="1" slack="0"/>
<pin id="1476" dir="1" index="3" bw="13" slack="0"/>
</pin_list>
<bind>
<opcode="bitconcatenate(1004) " fcode="bitconcatenate"/>
<opset="shl_ln1273_14/12 "/>
</bind>
</comp>

<comp id="1479" class="1004" name="sext_ln1273_15_fu_1479">
<pin_list>
<pin id="1480" dir="0" index="0" bw="13" slack="0"/>
<pin id="1481" dir="1" index="1" bw="14" slack="0"/>
</pin_list>
<bind>
<opcode="sext(35) " fcode="sext"/>
<opset="sext_ln1273_15/12 "/>
</bind>
</comp>

<comp id="1483" class="1004" name="shl_ln1273_15_fu_1483">
<pin_list>
<pin id="1484" dir="0" index="0" bw="11" slack="0"/>
<pin id="1485" dir="0" index="1" bw="8" slack="11"/>
<pin id="1486" dir="0" index="2" bw="1" slack="0"/>
<pin id="1487" dir="1" index="3" bw="11" slack="0"/>
</pin_list>
<bind>
<opcode="bitconcatenate(1004) " fcode="bitconcatenate"/>
<opset="shl_ln1273_15/12 "/>
</bind>
</comp>

<comp id="1490" class="1004" name="sext_ln1273_16_fu_1490">
<pin_list>
<pin id="1491" dir="0" index="0" bw="11" slack="0"/>
<pin id="1492" dir="1" index="1" bw="14" slack="0"/>
</pin_list>
<bind>
<opcode="sext(35) " fcode="sext"/>
<opset="sext_ln1273_16/12 "/>
</bind>
</comp>

<comp id="1494" class="1004" name="r_V_14_fu_1494">
<pin_list>
<pin id="1495" dir="0" index="0" bw="13" slack="0"/>
<pin id="1496" dir="0" index="1" bw="11" slack="0"/>
<pin id="1497" dir="1" index="2" bw="14" slack="0"/>
</pin_list>
<bind>
<opcode="sub(10) " fcode="sub"/>
<opset="r_V_14/12 "/>
</bind>
</comp>

<comp id="1500" class="1004" name="ret_V_11_fu_1500">
<pin_list>
<pin id="1501" dir="0" index="0" bw="14" slack="0"/>
<pin id="1502" dir="0" index="1" bw="12" slack="0"/>
<pin id="1503" dir="1" index="2" bw="14" slack="0"/>
</pin_list>
<bind>
<opcode="add(8) " fcode="add"/>
<opset="ret_V_11/12 "/>
</bind>
</comp>

<comp id="1506" class="1004" name="shl_ln1273_23_fu_1506">
<pin_list>
<pin id="1507" dir="0" index="0" bw="13" slack="0"/>
<pin id="1508" dir="0" index="1" bw="8" slack="11"/>
<pin id="1509" dir="0" index="2" bw="1" slack="0"/>
<pin id="1510" dir="1" index="3" bw="13" slack="0"/>
</pin_list>
<bind>
<opcode="bitconcatenate(1004) " fcode="bitconcatenate"/>
<opset="shl_ln1273_23/12 "/>
</bind>
</comp>

<comp id="1513" class="1004" name="sext_ln1273_23_fu_1513">
<pin_list>
<pin id="1514" dir="0" index="0" bw="13" slack="0"/>
<pin id="1515" dir="1" index="1" bw="14" slack="0"/>
</pin_list>
<bind>
<opcode="sext(35) " fcode="sext"/>
<opset="sext_ln1273_23/12 "/>
</bind>
</comp>

<comp id="1517" class="1004" name="shl_ln1273_24_fu_1517">
<pin_list>
<pin id="1518" dir="0" index="0" bw="9" slack="0"/>
<pin id="1519" dir="0" index="1" bw="8" slack="11"/>
<pin id="1520" dir="0" index="2" bw="1" slack="0"/>
<pin id="1521" dir="1" index="3" bw="9" slack="0"/>
</pin_list>
<bind>
<opcode="bitconcatenate(1004) " fcode="bitconcatenate"/>
<opset="shl_ln1273_24/12 "/>
</bind>
</comp>

<comp id="1524" class="1004" name="sext_ln1273_24_fu_1524">
<pin_list>
<pin id="1525" dir="0" index="0" bw="9" slack="0"/>
<pin id="1526" dir="1" index="1" bw="14" slack="0"/>
</pin_list>
<bind>
<opcode="sext(35) " fcode="sext"/>
<opset="sext_ln1273_24/12 "/>
</bind>
</comp>

<comp id="1528" class="1004" name="r_V_23_fu_1528">
<pin_list>
<pin id="1529" dir="0" index="0" bw="13" slack="0"/>
<pin id="1530" dir="0" index="1" bw="9" slack="0"/>
<pin id="1531" dir="1" index="2" bw="14" slack="0"/>
</pin_list>
<bind>
<opcode="sub(10) " fcode="sub"/>
<opset="r_V_23/12 "/>
</bind>
</comp>

<comp id="1534" class="1004" name="ret_V_19_fu_1534">
<pin_list>
<pin id="1535" dir="0" index="0" bw="14" slack="0"/>
<pin id="1536" dir="0" index="1" bw="12" slack="0"/>
<pin id="1537" dir="1" index="2" bw="14" slack="0"/>
</pin_list>
<bind>
<opcode="add(8) " fcode="add"/>
<opset="ret_V_19/12 "/>
</bind>
</comp>

<comp id="1540" class="1004" name="shl_ln1273_28_fu_1540">
<pin_list>
<pin id="1541" dir="0" index="0" bw="13" slack="0"/>
<pin id="1542" dir="0" index="1" bw="8" slack="11"/>
<pin id="1543" dir="0" index="2" bw="1" slack="0"/>
<pin id="1544" dir="1" index="3" bw="13" slack="0"/>
</pin_list>
<bind>
<opcode="bitconcatenate(1004) " fcode="bitconcatenate"/>
<opset="shl_ln1273_28/12 "/>
</bind>
</comp>

<comp id="1547" class="1004" name="sext_ln1273_28_fu_1547">
<pin_list>
<pin id="1548" dir="0" index="0" bw="13" slack="0"/>
<pin id="1549" dir="1" index="1" bw="14" slack="0"/>
</pin_list>
<bind>
<opcode="sext(35) " fcode="sext"/>
<opset="sext_ln1273_28/12 "/>
</bind>
</comp>

<comp id="1551" class="1004" name="shl_ln1273_29_fu_1551">
<pin_list>
<pin id="1552" dir="0" index="0" bw="11" slack="0"/>
<pin id="1553" dir="0" index="1" bw="8" slack="11"/>
<pin id="1554" dir="0" index="2" bw="1" slack="0"/>
<pin id="1555" dir="1" index="3" bw="11" slack="0"/>
</pin_list>
<bind>
<opcode="bitconcatenate(1004) " fcode="bitconcatenate"/>
<opset="shl_ln1273_29/12 "/>
</bind>
</comp>

<comp id="1558" class="1004" name="sext_ln1273_29_fu_1558">
<pin_list>
<pin id="1559" dir="0" index="0" bw="11" slack="0"/>
<pin id="1560" dir="1" index="1" bw="14" slack="0"/>
</pin_list>
<bind>
<opcode="sext(35) " fcode="sext"/>
<opset="sext_ln1273_29/12 "/>
</bind>
</comp>

<comp id="1562" class="1004" name="r_V_29_fu_1562">
<pin_list>
<pin id="1563" dir="0" index="0" bw="13" slack="0"/>
<pin id="1564" dir="0" index="1" bw="11" slack="0"/>
<pin id="1565" dir="1" index="2" bw="14" slack="0"/>
</pin_list>
<bind>
<opcode="sub(10) " fcode="sub"/>
<opset="r_V_29/12 "/>
</bind>
</comp>

<comp id="1568" class="1004" name="ret_V_24_fu_1568">
<pin_list>
<pin id="1569" dir="0" index="0" bw="14" slack="0"/>
<pin id="1570" dir="0" index="1" bw="10" slack="0"/>
<pin id="1571" dir="1" index="2" bw="14" slack="0"/>
</pin_list>
<bind>
<opcode="add(8) " fcode="add"/>
<opset="ret_V_24/12 "/>
</bind>
</comp>

<comp id="1574" class="1004" name="ret_V_25_fu_1574">
<pin_list>
<pin id="1575" dir="0" index="0" bw="13" slack="1"/>
<pin id="1576" dir="0" index="1" bw="11" slack="0"/>
<pin id="1577" dir="1" index="2" bw="13" slack="0"/>
</pin_list>
<bind>
<opcode="add(8) " fcode="add"/>
<opset="ret_V_25/12 "/>
</bind>
</comp>

<comp id="1580" class="1004" name="trunc_ln818_15_fu_1580">
<pin_list>
<pin id="1581" dir="0" index="0" bw="7" slack="0"/>
<pin id="1582" dir="0" index="1" bw="13" slack="0"/>
<pin id="1583" dir="0" index="2" bw="4" slack="0"/>
<pin id="1584" dir="0" index="3" bw="5" slack="0"/>
<pin id="1585" dir="1" index="4" bw="7" slack="1"/>
</pin_list>
<bind>
<opcode="partselect(1002) " fcode="partselect"/>
<opset="trunc_ln818_15/12 "/>
</bind>
</comp>

<comp id="1590" class="1004" name="shl_ln1273_30_fu_1590">
<pin_list>
<pin id="1591" dir="0" index="0" bw="13" slack="0"/>
<pin id="1592" dir="0" index="1" bw="8" slack="11"/>
<pin id="1593" dir="0" index="2" bw="1" slack="0"/>
<pin id="1594" dir="1" index="3" bw="13" slack="0"/>
</pin_list>
<bind>
<opcode="bitconcatenate(1004) " fcode="bitconcatenate"/>
<opset="shl_ln1273_30/12 "/>
</bind>
</comp>

<comp id="1597" class="1004" name="sext_ln1273_30_fu_1597">
<pin_list>
<pin id="1598" dir="0" index="0" bw="13" slack="0"/>
<pin id="1599" dir="1" index="1" bw="14" slack="0"/>
</pin_list>
<bind>
<opcode="sext(35) " fcode="sext"/>
<opset="sext_ln1273_30/12 "/>
</bind>
</comp>

<comp id="1601" class="1004" name="shl_ln1273_31_fu_1601">
<pin_list>
<pin id="1602" dir="0" index="0" bw="10" slack="0"/>
<pin id="1603" dir="0" index="1" bw="8" slack="11"/>
<pin id="1604" dir="0" index="2" bw="1" slack="0"/>
<pin id="1605" dir="1" index="3" bw="10" slack="0"/>
</pin_list>
<bind>
<opcode="bitconcatenate(1004) " fcode="bitconcatenate"/>
<opset="shl_ln1273_31/12 "/>
</bind>
</comp>

<comp id="1608" class="1004" name="sext_ln1273_31_fu_1608">
<pin_list>
<pin id="1609" dir="0" index="0" bw="10" slack="0"/>
<pin id="1610" dir="1" index="1" bw="14" slack="0"/>
</pin_list>
<bind>
<opcode="sext(35) " fcode="sext"/>
<opset="sext_ln1273_31/12 "/>
</bind>
</comp>

<comp id="1612" class="1004" name="r_V_31_fu_1612">
<pin_list>
<pin id="1613" dir="0" index="0" bw="13" slack="0"/>
<pin id="1614" dir="0" index="1" bw="10" slack="0"/>
<pin id="1615" dir="1" index="2" bw="14" slack="0"/>
</pin_list>
<bind>
<opcode="sub(10) " fcode="sub"/>
<opset="r_V_31/12 "/>
</bind>
</comp>

<comp id="1618" class="1004" name="ret_V_26_fu_1618">
<pin_list>
<pin id="1619" dir="0" index="0" bw="14" slack="0"/>
<pin id="1620" dir="0" index="1" bw="13" slack="0"/>
<pin id="1621" dir="1" index="2" bw="14" slack="0"/>
</pin_list>
<bind>
<opcode="add(8) " fcode="add"/>
<opset="ret_V_26/12 "/>
</bind>
</comp>

<comp id="1624" class="1004" name="shl_ln1273_32_fu_1624">
<pin_list>
<pin id="1625" dir="0" index="0" bw="13" slack="0"/>
<pin id="1626" dir="0" index="1" bw="8" slack="11"/>
<pin id="1627" dir="0" index="2" bw="1" slack="0"/>
<pin id="1628" dir="1" index="3" bw="13" slack="0"/>
</pin_list>
<bind>
<opcode="bitconcatenate(1004) " fcode="bitconcatenate"/>
<opset="shl_ln1273_32/12 "/>
</bind>
</comp>

<comp id="1631" class="1004" name="sext_ln1273_32_fu_1631">
<pin_list>
<pin id="1632" dir="0" index="0" bw="13" slack="0"/>
<pin id="1633" dir="1" index="1" bw="14" slack="0"/>
</pin_list>
<bind>
<opcode="sext(35) " fcode="sext"/>
<opset="sext_ln1273_32/12 "/>
</bind>
</comp>

<comp id="1635" class="1004" name="shl_ln1273_33_fu_1635">
<pin_list>
<pin id="1636" dir="0" index="0" bw="10" slack="0"/>
<pin id="1637" dir="0" index="1" bw="8" slack="11"/>
<pin id="1638" dir="0" index="2" bw="1" slack="0"/>
<pin id="1639" dir="1" index="3" bw="10" slack="0"/>
</pin_list>
<bind>
<opcode="bitconcatenate(1004) " fcode="bitconcatenate"/>
<opset="shl_ln1273_33/12 "/>
</bind>
</comp>

<comp id="1642" class="1004" name="sext_ln1273_33_fu_1642">
<pin_list>
<pin id="1643" dir="0" index="0" bw="10" slack="0"/>
<pin id="1644" dir="1" index="1" bw="14" slack="0"/>
</pin_list>
<bind>
<opcode="sext(35) " fcode="sext"/>
<opset="sext_ln1273_33/12 "/>
</bind>
</comp>

<comp id="1646" class="1004" name="r_V_33_fu_1646">
<pin_list>
<pin id="1647" dir="0" index="0" bw="13" slack="0"/>
<pin id="1648" dir="0" index="1" bw="10" slack="0"/>
<pin id="1649" dir="1" index="2" bw="14" slack="0"/>
</pin_list>
<bind>
<opcode="sub(10) " fcode="sub"/>
<opset="r_V_33/12 "/>
</bind>
</comp>

<comp id="1652" class="1004" name="ret_V_27_fu_1652">
<pin_list>
<pin id="1653" dir="0" index="0" bw="14" slack="0"/>
<pin id="1654" dir="0" index="1" bw="13" slack="0"/>
<pin id="1655" dir="1" index="2" bw="14" slack="0"/>
</pin_list>
<bind>
<opcode="add(8) " fcode="add"/>
<opset="ret_V_27/12 "/>
</bind>
</comp>

<comp id="1658" class="1004" name="sext_ln1347_6_fu_1658">
<pin_list>
<pin id="1659" dir="0" index="0" bw="8" slack="11"/>
<pin id="1660" dir="1" index="1" bw="14" slack="0"/>
</pin_list>
<bind>
<opcode="sext(35) " fcode="sext"/>
<opset="sext_ln1347_6/12 "/>
</bind>
</comp>

<comp id="1662" class="1004" name="trunc_ln46_2_fu_1662">
<pin_list>
<pin id="1663" dir="0" index="0" bw="8" slack="0"/>
<pin id="1664" dir="0" index="1" bw="14" slack="0"/>
<pin id="1665" dir="0" index="2" bw="4" slack="0"/>
<pin id="1666" dir="0" index="3" bw="5" slack="0"/>
<pin id="1667" dir="1" index="4" bw="8" slack="1"/>
</pin_list>
<bind>
<opcode="partselect(1002) " fcode="partselect"/>
<opset="trunc_ln46_2/12 "/>
</bind>
</comp>

<comp id="1672" class="1004" name="trunc_ln46_3_fu_1672">
<pin_list>
<pin id="1673" dir="0" index="0" bw="8" slack="0"/>
<pin id="1674" dir="0" index="1" bw="14" slack="0"/>
<pin id="1675" dir="0" index="2" bw="4" slack="0"/>
<pin id="1676" dir="0" index="3" bw="5" slack="0"/>
<pin id="1677" dir="1" index="4" bw="8" slack="1"/>
</pin_list>
<bind>
<opcode="partselect(1002) " fcode="partselect"/>
<opset="trunc_ln46_3/12 "/>
</bind>
</comp>

<comp id="1682" class="1004" name="trunc_ln46_4_fu_1682">
<pin_list>
<pin id="1683" dir="0" index="0" bw="8" slack="0"/>
<pin id="1684" dir="0" index="1" bw="14" slack="0"/>
<pin id="1685" dir="0" index="2" bw="4" slack="0"/>
<pin id="1686" dir="0" index="3" bw="5" slack="0"/>
<pin id="1687" dir="1" index="4" bw="8" slack="1"/>
</pin_list>
<bind>
<opcode="partselect(1002) " fcode="partselect"/>
<opset="trunc_ln46_4/12 "/>
</bind>
</comp>

<comp id="1692" class="1004" name="trunc_ln46_5_fu_1692">
<pin_list>
<pin id="1693" dir="0" index="0" bw="8" slack="0"/>
<pin id="1694" dir="0" index="1" bw="14" slack="0"/>
<pin id="1695" dir="0" index="2" bw="4" slack="0"/>
<pin id="1696" dir="0" index="3" bw="5" slack="0"/>
<pin id="1697" dir="1" index="4" bw="8" slack="1"/>
</pin_list>
<bind>
<opcode="partselect(1002) " fcode="partselect"/>
<opset="trunc_ln46_5/12 "/>
</bind>
</comp>

<comp id="1702" class="1004" name="trunc_ln46_6_fu_1702">
<pin_list>
<pin id="1703" dir="0" index="0" bw="8" slack="0"/>
<pin id="1704" dir="0" index="1" bw="14" slack="0"/>
<pin id="1705" dir="0" index="2" bw="4" slack="0"/>
<pin id="1706" dir="0" index="3" bw="5" slack="0"/>
<pin id="1707" dir="1" index="4" bw="8" slack="1"/>
</pin_list>
<bind>
<opcode="partselect(1002) " fcode="partselect"/>
<opset="trunc_ln46_6/12 "/>
</bind>
</comp>

<comp id="1712" class="1004" name="trunc_ln46_8_fu_1712">
<pin_list>
<pin id="1713" dir="0" index="0" bw="8" slack="0"/>
<pin id="1714" dir="0" index="1" bw="14" slack="0"/>
<pin id="1715" dir="0" index="2" bw="4" slack="0"/>
<pin id="1716" dir="0" index="3" bw="5" slack="0"/>
<pin id="1717" dir="1" index="4" bw="8" slack="1"/>
</pin_list>
<bind>
<opcode="partselect(1002) " fcode="partselect"/>
<opset="trunc_ln46_8/12 "/>
</bind>
</comp>

<comp id="1722" class="1004" name="trunc_ln46_s_fu_1722">
<pin_list>
<pin id="1723" dir="0" index="0" bw="8" slack="0"/>
<pin id="1724" dir="0" index="1" bw="14" slack="0"/>
<pin id="1725" dir="0" index="2" bw="4" slack="0"/>
<pin id="1726" dir="0" index="3" bw="5" slack="0"/>
<pin id="1727" dir="1" index="4" bw="8" slack="1"/>
</pin_list>
<bind>
<opcode="partselect(1002) " fcode="partselect"/>
<opset="trunc_ln46_s/12 "/>
</bind>
</comp>

<comp id="1732" class="1004" name="trunc_ln46_1_fu_1732">
<pin_list>
<pin id="1733" dir="0" index="0" bw="8" slack="0"/>
<pin id="1734" dir="0" index="1" bw="14" slack="0"/>
<pin id="1735" dir="0" index="2" bw="4" slack="0"/>
<pin id="1736" dir="0" index="3" bw="5" slack="0"/>
<pin id="1737" dir="1" index="4" bw="8" slack="1"/>
</pin_list>
<bind>
<opcode="partselect(1002) " fcode="partselect"/>
<opset="trunc_ln46_1/12 "/>
</bind>
</comp>

<comp id="1742" class="1004" name="trunc_ln46_10_fu_1742">
<pin_list>
<pin id="1743" dir="0" index="0" bw="8" slack="0"/>
<pin id="1744" dir="0" index="1" bw="14" slack="0"/>
<pin id="1745" dir="0" index="2" bw="4" slack="0"/>
<pin id="1746" dir="0" index="3" bw="5" slack="0"/>
<pin id="1747" dir="1" index="4" bw="8" slack="1"/>
</pin_list>
<bind>
<opcode="partselect(1002) " fcode="partselect"/>
<opset="trunc_ln46_10/12 "/>
</bind>
</comp>

<comp id="1752" class="1004" name="tmp_31_fu_1752">
<pin_list>
<pin id="1753" dir="0" index="0" bw="8" slack="0"/>
<pin id="1754" dir="0" index="1" bw="14" slack="0"/>
<pin id="1755" dir="0" index="2" bw="4" slack="0"/>
<pin id="1756" dir="0" index="3" bw="5" slack="0"/>
<pin id="1757" dir="1" index="4" bw="8" slack="1"/>
</pin_list>
<bind>
<opcode="partselect(1002) " fcode="partselect"/>
<opset="tmp_31/12 "/>
</bind>
</comp>

<comp id="1762" class="1004" name="sext_ln818_fu_1762">
<pin_list>
<pin id="1763" dir="0" index="0" bw="7" slack="10"/>
<pin id="1764" dir="1" index="1" bw="8" slack="0"/>
</pin_list>
<bind>
<opcode="sext(35) " fcode="sext"/>
<opset="sext_ln818/13 "/>
</bind>
</comp>

<comp id="1765" class="1004" name="ret_V_28_fu_1765">
<pin_list>
<pin id="1766" dir="0" index="0" bw="14" slack="1"/>
<pin id="1767" dir="0" index="1" bw="11" slack="0"/>
<pin id="1768" dir="1" index="2" bw="14" slack="0"/>
</pin_list>
<bind>
<opcode="add(8) " fcode="add"/>
<opset="ret_V_28/13 "/>
</bind>
</comp>

<comp id="1771" class="1004" name="trunc_ln46_11_fu_1771">
<pin_list>
<pin id="1772" dir="0" index="0" bw="8" slack="0"/>
<pin id="1773" dir="0" index="1" bw="14" slack="0"/>
<pin id="1774" dir="0" index="2" bw="4" slack="0"/>
<pin id="1775" dir="0" index="3" bw="5" slack="0"/>
<pin id="1776" dir="1" index="4" bw="8" slack="0"/>
</pin_list>
<bind>
<opcode="partselect(1002) " fcode="partselect"/>
<opset="trunc_ln46_11/13 "/>
</bind>
</comp>

<comp id="1781" class="1004" name="tmp_32_fu_1781">
<pin_list>
<pin id="1782" dir="0" index="0" bw="22" slack="0"/>
<pin id="1783" dir="0" index="1" bw="5" slack="11"/>
<pin id="1784" dir="0" index="2" bw="1" slack="11"/>
<pin id="1785" dir="0" index="3" bw="8" slack="10"/>
<pin id="1786" dir="0" index="4" bw="8" slack="1"/>
<pin id="1787" dir="1" index="5" bw="22" slack="0"/>
</pin_list>
<bind>
<opcode="bitconcatenate(1004) " fcode="bitconcatenate"/>
<opset="tmp_32/13 "/>
</bind>
</comp>

<comp id="1789" class="1004" name="sext_ln46_fu_1789">
<pin_list>
<pin id="1790" dir="0" index="0" bw="22" slack="0"/>
<pin id="1791" dir="1" index="1" bw="24" slack="0"/>
</pin_list>
<bind>
<opcode="sext(35) " fcode="sext"/>
<opset="sext_ln46/13 "/>
</bind>
</comp>

<comp id="1793" class="1004" name="tmp_33_fu_1793">
<pin_list>
<pin id="1794" dir="0" index="0" bw="31" slack="0"/>
<pin id="1795" dir="0" index="1" bw="7" slack="8"/>
<pin id="1796" dir="0" index="2" bw="22" slack="0"/>
<pin id="1797" dir="1" index="3" bw="31" slack="0"/>
</pin_list>
<bind>
<opcode="bitconcatenate(1004) " fcode="bitconcatenate"/>
<opset="tmp_33/13 "/>
</bind>
</comp>

<comp id="1800" class="1004" name="sext_ln46_1_fu_1800">
<pin_list>
<pin id="1801" dir="0" index="0" bw="31" slack="0"/>
<pin id="1802" dir="1" index="1" bw="32" slack="0"/>
</pin_list>
<bind>
<opcode="sext(35) " fcode="sext"/>
<opset="sext_ln46_1/13 "/>
</bind>
</comp>

<comp id="1804" class="1004" name="tmp_34_fu_1804">
<pin_list>
<pin id="1805" dir="0" index="0" bw="39" slack="0"/>
<pin id="1806" dir="0" index="1" bw="7" slack="11"/>
<pin id="1807" dir="0" index="2" bw="31" slack="0"/>
<pin id="1808" dir="1" index="3" bw="39" slack="0"/>
</pin_list>
<bind>
<opcode="bitconcatenate(1004) " fcode="bitconcatenate"/>
<opset="tmp_34/13 "/>
</bind>
</comp>

<comp id="1811" class="1004" name="sext_ln46_2_fu_1811">
<pin_list>
<pin id="1812" dir="0" index="0" bw="39" slack="0"/>
<pin id="1813" dir="1" index="1" bw="40" slack="0"/>
</pin_list>
<bind>
<opcode="sext(35) " fcode="sext"/>
<opset="sext_ln46_2/13 "/>
</bind>
</comp>

<comp id="1815" class="1004" name="tmp_35_fu_1815">
<pin_list>
<pin id="1816" dir="0" index="0" bw="46" slack="0"/>
<pin id="1817" dir="0" index="1" bw="6" slack="7"/>
<pin id="1818" dir="0" index="2" bw="39" slack="0"/>
<pin id="1819" dir="1" index="3" bw="46" slack="0"/>
</pin_list>
<bind>
<opcode="bitconcatenate(1004) " fcode="bitconcatenate"/>
<opset="tmp_35/13 "/>
</bind>
</comp>

<comp id="1822" class="1004" name="sext_ln46_3_fu_1822">
<pin_list>
<pin id="1823" dir="0" index="0" bw="46" slack="0"/>
<pin id="1824" dir="1" index="1" bw="48" slack="0"/>
</pin_list>
<bind>
<opcode="sext(35) " fcode="sext"/>
<opset="sext_ln46_3/13 "/>
</bind>
</comp>

<comp id="1826" class="1004" name="tmp_36_fu_1826">
<pin_list>
<pin id="1827" dir="0" index="0" bw="54" slack="0"/>
<pin id="1828" dir="0" index="1" bw="6" slack="11"/>
<pin id="1829" dir="0" index="2" bw="46" slack="0"/>
<pin id="1830" dir="1" index="3" bw="54" slack="0"/>
</pin_list>
<bind>
<opcode="bitconcatenate(1004) " fcode="bitconcatenate"/>
<opset="tmp_36/13 "/>
</bind>
</comp>

<comp id="1833" class="1004" name="sext_ln46_4_fu_1833">
<pin_list>
<pin id="1834" dir="0" index="0" bw="54" slack="0"/>
<pin id="1835" dir="1" index="1" bw="56" slack="0"/>
</pin_list>
<bind>
<opcode="sext(35) " fcode="sext"/>
<opset="sext_ln46_4/13 "/>
</bind>
</comp>

<comp id="1837" class="1004" name="tmp_37_fu_1837">
<pin_list>
<pin id="1838" dir="0" index="0" bw="103" slack="0"/>
<pin id="1839" dir="0" index="1" bw="7" slack="11"/>
<pin id="1840" dir="0" index="2" bw="8" slack="1"/>
<pin id="1841" dir="0" index="3" bw="8" slack="1"/>
<pin id="1842" dir="0" index="4" bw="8" slack="1"/>
<pin id="1843" dir="0" index="5" bw="8" slack="1"/>
<pin id="1844" dir="0" index="6" bw="8" slack="1"/>
<pin id="1845" dir="0" index="7" bw="54" slack="0"/>
<pin id="1846" dir="1" index="8" bw="103" slack="0"/>
</pin_list>
<bind>
<opcode="bitconcatenate(1004) " fcode="bitconcatenate"/>
<opset="tmp_37/13 "/>
</bind>
</comp>

<comp id="1849" class="1004" name="sext_ln46_5_fu_1849">
<pin_list>
<pin id="1850" dir="0" index="0" bw="103" slack="0"/>
<pin id="1851" dir="1" index="1" bw="104" slack="0"/>
</pin_list>
<bind>
<opcode="sext(35) " fcode="sext"/>
<opset="sext_ln46_5/13 "/>
</bind>
</comp>

<comp id="1853" class="1004" name="tmp_38_fu_1853">
<pin_list>
<pin id="1854" dir="0" index="0" bw="111" slack="0"/>
<pin id="1855" dir="0" index="1" bw="7" slack="6"/>
<pin id="1856" dir="0" index="2" bw="103" slack="0"/>
<pin id="1857" dir="1" index="3" bw="111" slack="0"/>
</pin_list>
<bind>
<opcode="bitconcatenate(1004) " fcode="bitconcatenate"/>
<opset="tmp_38/13 "/>
</bind>
</comp>

<comp id="1860" class="1004" name="sext_ln46_6_fu_1860">
<pin_list>
<pin id="1861" dir="0" index="0" bw="111" slack="0"/>
<pin id="1862" dir="1" index="1" bw="112" slack="0"/>
</pin_list>
<bind>
<opcode="sext(35) " fcode="sext"/>
<opset="sext_ln46_6/13 "/>
</bind>
</comp>

<comp id="1864" class="1004" name="tmp_39_fu_1864">
<pin_list>
<pin id="1865" dir="0" index="0" bw="117" slack="0"/>
<pin id="1866" dir="0" index="1" bw="5" slack="12"/>
<pin id="1867" dir="0" index="2" bw="111" slack="0"/>
<pin id="1868" dir="1" index="3" bw="117" slack="0"/>
</pin_list>
<bind>
<opcode="bitconcatenate(1004) " fcode="bitconcatenate"/>
<opset="tmp_39/13 "/>
</bind>
</comp>

<comp id="1871" class="1004" name="sext_ln46_7_fu_1871">
<pin_list>
<pin id="1872" dir="0" index="0" bw="117" slack="0"/>
<pin id="1873" dir="1" index="1" bw="120" slack="0"/>
</pin_list>
<bind>
<opcode="sext(35) " fcode="sext"/>
<opset="sext_ln46_7/13 "/>
</bind>
</comp>

<comp id="1875" class="1004" name="tmp_40_fu_1875">
<pin_list>
<pin id="1876" dir="0" index="0" bw="127" slack="0"/>
<pin id="1877" dir="0" index="1" bw="7" slack="5"/>
<pin id="1878" dir="0" index="2" bw="117" slack="0"/>
<pin id="1879" dir="1" index="3" bw="127" slack="0"/>
</pin_list>
<bind>
<opcode="bitconcatenate(1004) " fcode="bitconcatenate"/>
<opset="tmp_40/13 "/>
</bind>
</comp>

<comp id="1882" class="1004" name="sext_ln46_8_fu_1882">
<pin_list>
<pin id="1883" dir="0" index="0" bw="127" slack="0"/>
<pin id="1884" dir="1" index="1" bw="128" slack="0"/>
</pin_list>
<bind>
<opcode="sext(35) " fcode="sext"/>
<opset="sext_ln46_8/13 "/>
</bind>
</comp>

<comp id="1886" class="1004" name="tmp_41_fu_1886">
<pin_list>
<pin id="1887" dir="0" index="0" bw="134" slack="0"/>
<pin id="1888" dir="0" index="1" bw="6" slack="11"/>
<pin id="1889" dir="0" index="2" bw="127" slack="0"/>
<pin id="1890" dir="1" index="3" bw="134" slack="0"/>
</pin_list>
<bind>
<opcode="bitconcatenate(1004) " fcode="bitconcatenate"/>
<opset="tmp_41/13 "/>
</bind>
</comp>

<comp id="1893" class="1004" name="sext_ln46_9_fu_1893">
<pin_list>
<pin id="1894" dir="0" index="0" bw="134" slack="0"/>
<pin id="1895" dir="1" index="1" bw="136" slack="0"/>
</pin_list>
<bind>
<opcode="sext(35) " fcode="sext"/>
<opset="sext_ln46_9/13 "/>
</bind>
</comp>

<comp id="1897" class="1004" name="tmp_42_fu_1897">
<pin_list>
<pin id="1898" dir="0" index="0" bw="142" slack="0"/>
<pin id="1899" dir="0" index="1" bw="6" slack="11"/>
<pin id="1900" dir="0" index="2" bw="134" slack="0"/>
<pin id="1901" dir="1" index="3" bw="142" slack="0"/>
</pin_list>
<bind>
<opcode="bitconcatenate(1004) " fcode="bitconcatenate"/>
<opset="tmp_42/13 "/>
</bind>
</comp>

<comp id="1904" class="1004" name="sext_ln46_10_fu_1904">
<pin_list>
<pin id="1905" dir="0" index="0" bw="142" slack="0"/>
<pin id="1906" dir="1" index="1" bw="144" slack="0"/>
</pin_list>
<bind>
<opcode="sext(35) " fcode="sext"/>
<opset="sext_ln46_10/13 "/>
</bind>
</comp>

<comp id="1908" class="1004" name="tmp_43_fu_1908">
<pin_list>
<pin id="1909" dir="0" index="0" bw="159" slack="0"/>
<pin id="1910" dir="0" index="1" bw="7" slack="11"/>
<pin id="1911" dir="0" index="2" bw="8" slack="4"/>
<pin id="1912" dir="0" index="3" bw="142" slack="0"/>
<pin id="1913" dir="1" index="4" bw="159" slack="0"/>
</pin_list>
<bind>
<opcode="bitconcatenate(1004) " fcode="bitconcatenate"/>
<opset="tmp_43/13 "/>
</bind>
</comp>

<comp id="1916" class="1004" name="sext_ln46_11_fu_1916">
<pin_list>
<pin id="1917" dir="0" index="0" bw="159" slack="0"/>
<pin id="1918" dir="1" index="1" bw="160" slack="0"/>
</pin_list>
<bind>
<opcode="sext(35) " fcode="sext"/>
<opset="sext_ln46_11/13 "/>
</bind>
</comp>

<comp id="1920" class="1004" name="tmp_44_fu_1920">
<pin_list>
<pin id="1921" dir="0" index="0" bw="175" slack="0"/>
<pin id="1922" dir="0" index="1" bw="7" slack="11"/>
<pin id="1923" dir="0" index="2" bw="8" slack="1"/>
<pin id="1924" dir="0" index="3" bw="159" slack="0"/>
<pin id="1925" dir="1" index="4" bw="175" slack="0"/>
</pin_list>
<bind>
<opcode="bitconcatenate(1004) " fcode="bitconcatenate"/>
<opset="tmp_44/13 "/>
</bind>
</comp>

<comp id="1928" class="1004" name="sext_ln46_12_fu_1928">
<pin_list>
<pin id="1929" dir="0" index="0" bw="175" slack="0"/>
<pin id="1930" dir="1" index="1" bw="176" slack="0"/>
</pin_list>
<bind>
<opcode="sext(35) " fcode="sext"/>
<opset="sext_ln46_12/13 "/>
</bind>
</comp>

<comp id="1932" class="1004" name="tmp_45_fu_1932">
<pin_list>
<pin id="1933" dir="0" index="0" bw="191" slack="0"/>
<pin id="1934" dir="0" index="1" bw="7" slack="2"/>
<pin id="1935" dir="0" index="2" bw="8" slack="3"/>
<pin id="1936" dir="0" index="3" bw="175" slack="0"/>
<pin id="1937" dir="1" index="4" bw="191" slack="0"/>
</pin_list>
<bind>
<opcode="bitconcatenate(1004) " fcode="bitconcatenate"/>
<opset="tmp_45/13 "/>
</bind>
</comp>

<comp id="1940" class="1004" name="sext_ln46_13_fu_1940">
<pin_list>
<pin id="1941" dir="0" index="0" bw="191" slack="0"/>
<pin id="1942" dir="1" index="1" bw="192" slack="0"/>
</pin_list>
<bind>
<opcode="sext(35) " fcode="sext"/>
<opset="sext_ln46_13/13 "/>
</bind>
</comp>

<comp id="1944" class="1004" name="tmp_46_fu_1944">
<pin_list>
<pin id="1945" dir="0" index="0" bw="199" slack="0"/>
<pin id="1946" dir="0" index="1" bw="7" slack="11"/>
<pin id="1947" dir="0" index="2" bw="191" slack="0"/>
<pin id="1948" dir="1" index="3" bw="199" slack="0"/>
</pin_list>
<bind>
<opcode="bitconcatenate(1004) " fcode="bitconcatenate"/>
<opset="tmp_46/13 "/>
</bind>
</comp>

<comp id="1951" class="1004" name="sext_ln46_14_fu_1951">
<pin_list>
<pin id="1952" dir="0" index="0" bw="199" slack="0"/>
<pin id="1953" dir="1" index="1" bw="200" slack="0"/>
</pin_list>
<bind>
<opcode="sext(35) " fcode="sext"/>
<opset="sext_ln46_14/13 "/>
</bind>
</comp>

<comp id="1955" class="1004" name="tmp_47_fu_1955">
<pin_list>
<pin id="1956" dir="0" index="0" bw="215" slack="0"/>
<pin id="1957" dir="0" index="1" bw="7" slack="1"/>
<pin id="1958" dir="0" index="2" bw="8" slack="1"/>
<pin id="1959" dir="0" index="3" bw="199" slack="0"/>
<pin id="1960" dir="1" index="4" bw="215" slack="0"/>
</pin_list>
<bind>
<opcode="bitconcatenate(1004) " fcode="bitconcatenate"/>
<opset="tmp_47/13 "/>
</bind>
</comp>

<comp id="1963" class="1004" name="sext_ln46_15_fu_1963">
<pin_list>
<pin id="1964" dir="0" index="0" bw="215" slack="0"/>
<pin id="1965" dir="1" index="1" bw="216" slack="0"/>
</pin_list>
<bind>
<opcode="sext(35) " fcode="sext"/>
<opset="sext_ln46_15/13 "/>
</bind>
</comp>

<comp id="1967" class="1004" name="tmp_48_fu_1967">
<pin_list>
<pin id="1968" dir="0" index="0" bw="231" slack="0"/>
<pin id="1969" dir="0" index="1" bw="7" slack="12"/>
<pin id="1970" dir="0" index="2" bw="8" slack="1"/>
<pin id="1971" dir="0" index="3" bw="215" slack="0"/>
<pin id="1972" dir="1" index="4" bw="231" slack="0"/>
</pin_list>
<bind>
<opcode="bitconcatenate(1004) " fcode="bitconcatenate"/>
<opset="tmp_48/13 "/>
</bind>
</comp>

<comp id="1975" class="1004" name="sext_ln46_16_fu_1975">
<pin_list>
<pin id="1976" dir="0" index="0" bw="231" slack="0"/>
<pin id="1977" dir="1" index="1" bw="232" slack="0"/>
</pin_list>
<bind>
<opcode="sext(35) " fcode="sext"/>
<opset="sext_ln46_16/13 "/>
</bind>
</comp>

<comp id="1979" class="1004" name="p_0_fu_1979">
<pin_list>
<pin id="1980" dir="0" index="0" bw="256" slack="0"/>
<pin id="1981" dir="0" index="1" bw="8" slack="0"/>
<pin id="1982" dir="0" index="2" bw="8" slack="1"/>
<pin id="1983" dir="0" index="3" bw="231" slack="0"/>
<pin id="1984" dir="0" index="4" bw="7" slack="0"/>
<pin id="1985" dir="1" index="5" bw="256" slack="0"/>
</pin_list>
<bind>
<opcode="bitconcatenate(1004) " fcode="bitconcatenate"/>
<opset="p_0/13 "/>
</bind>
</comp>

<comp id="1991" class="1005" name="a_V_reg_1991">
<pin_list>
<pin id="1992" dir="0" index="0" bw="8" slack="1"/>
<pin id="1993" dir="1" index="1" bw="8" slack="1"/>
</pin_list>
<bind>
<opset="a_V "/>
</bind>
</comp>

<comp id="1996" class="1005" name="a_V_13_reg_1996">
<pin_list>
<pin id="1997" dir="0" index="0" bw="8" slack="11"/>
<pin id="1998" dir="1" index="1" bw="8" slack="11"/>
</pin_list>
<bind>
<opset="a_V_13 "/>
</bind>
</comp>

<comp id="2001" class="1005" name="a_V_1_reg_2001">
<pin_list>
<pin id="2002" dir="0" index="0" bw="8" slack="2"/>
<pin id="2003" dir="1" index="1" bw="8" slack="2"/>
</pin_list>
<bind>
<opset="a_V_1 "/>
</bind>
</comp>

<comp id="2006" class="1005" name="a_V_2_reg_2006">
<pin_list>
<pin id="2007" dir="0" index="0" bw="8" slack="3"/>
<pin id="2008" dir="1" index="1" bw="8" slack="3"/>
</pin_list>
<bind>
<opset="a_V_2 "/>
</bind>
</comp>

<comp id="2011" class="1005" name="a_V_3_reg_2011">
<pin_list>
<pin id="2012" dir="0" index="0" bw="8" slack="4"/>
<pin id="2013" dir="1" index="1" bw="8" slack="4"/>
</pin_list>
<bind>
<opset="a_V_3 "/>
</bind>
</comp>

<comp id="2016" class="1005" name="a_V_4_reg_2016">
<pin_list>
<pin id="2017" dir="0" index="0" bw="8" slack="11"/>
<pin id="2018" dir="1" index="1" bw="8" slack="11"/>
</pin_list>
<bind>
<opset="a_V_4 "/>
</bind>
</comp>

<comp id="2022" class="1005" name="a_V_5_reg_2022">
<pin_list>
<pin id="2023" dir="0" index="0" bw="8" slack="5"/>
<pin id="2024" dir="1" index="1" bw="8" slack="5"/>
</pin_list>
<bind>
<opset="a_V_5 "/>
</bind>
</comp>

<comp id="2027" class="1005" name="a_V_6_reg_2027">
<pin_list>
<pin id="2028" dir="0" index="0" bw="8" slack="6"/>
<pin id="2029" dir="1" index="1" bw="8" slack="6"/>
</pin_list>
<bind>
<opset="a_V_6 "/>
</bind>
</comp>

<comp id="2032" class="1005" name="a_V_7_reg_2032">
<pin_list>
<pin id="2033" dir="0" index="0" bw="8" slack="1"/>
<pin id="2034" dir="1" index="1" bw="8" slack="1"/>
</pin_list>
<bind>
<opset="a_V_7 "/>
</bind>
</comp>

<comp id="2038" class="1005" name="a_V_8_reg_2038">
<pin_list>
<pin id="2039" dir="0" index="0" bw="8" slack="7"/>
<pin id="2040" dir="1" index="1" bw="8" slack="7"/>
</pin_list>
<bind>
<opset="a_V_8 "/>
</bind>
</comp>

<comp id="2043" class="1005" name="a_V_9_reg_2043">
<pin_list>
<pin id="2044" dir="0" index="0" bw="8" slack="1"/>
<pin id="2045" dir="1" index="1" bw="8" slack="1"/>
</pin_list>
<bind>
<opset="a_V_9 "/>
</bind>
</comp>

<comp id="2049" class="1005" name="a_V_10_reg_2049">
<pin_list>
<pin id="2050" dir="0" index="0" bw="8" slack="8"/>
<pin id="2051" dir="1" index="1" bw="8" slack="8"/>
</pin_list>
<bind>
<opset="a_V_10 "/>
</bind>
</comp>

<comp id="2054" class="1005" name="a_V_11_reg_2054">
<pin_list>
<pin id="2055" dir="0" index="0" bw="8" slack="9"/>
<pin id="2056" dir="1" index="1" bw="8" slack="9"/>
</pin_list>
<bind>
<opset="a_V_11 "/>
</bind>
</comp>

<comp id="2059" class="1005" name="a_V_12_reg_2059">
<pin_list>
<pin id="2060" dir="0" index="0" bw="8" slack="10"/>
<pin id="2061" dir="1" index="1" bw="8" slack="10"/>
</pin_list>
<bind>
<opset="a_V_12 "/>
</bind>
</comp>

<comp id="2064" class="1005" name="tmp_reg_2064">
<pin_list>
<pin id="2065" dir="0" index="0" bw="8" slack="11"/>
<pin id="2066" dir="1" index="1" bw="8" slack="11"/>
</pin_list>
<bind>
<opset="tmp "/>
</bind>
</comp>

<comp id="2070" class="1005" name="tmp_2_reg_2070">
<pin_list>
<pin id="2071" dir="0" index="0" bw="8" slack="1"/>
<pin id="2072" dir="1" index="1" bw="8" slack="1"/>
</pin_list>
<bind>
<opset="tmp_2 "/>
</bind>
</comp>

<comp id="2076" class="1005" name="tmp_4_reg_2076">
<pin_list>
<pin id="2077" dir="0" index="0" bw="8" slack="1"/>
<pin id="2078" dir="1" index="1" bw="8" slack="1"/>
</pin_list>
<bind>
<opset="tmp_4 "/>
</bind>
</comp>

<comp id="2082" class="1005" name="tmp_6_reg_2082">
<pin_list>
<pin id="2083" dir="0" index="0" bw="8" slack="1"/>
<pin id="2084" dir="1" index="1" bw="8" slack="1"/>
</pin_list>
<bind>
<opset="tmp_6 "/>
</bind>
</comp>

<comp id="2088" class="1005" name="tmp_8_reg_2088">
<pin_list>
<pin id="2089" dir="0" index="0" bw="8" slack="11"/>
<pin id="2090" dir="1" index="1" bw="8" slack="11"/>
</pin_list>
<bind>
<opset="tmp_8 "/>
</bind>
</comp>

<comp id="2094" class="1005" name="tmp_10_reg_2094">
<pin_list>
<pin id="2095" dir="0" index="0" bw="8" slack="11"/>
<pin id="2096" dir="1" index="1" bw="8" slack="11"/>
</pin_list>
<bind>
<opset="tmp_10 "/>
</bind>
</comp>

<comp id="2100" class="1005" name="tmp_13_reg_2100">
<pin_list>
<pin id="2101" dir="0" index="0" bw="8" slack="11"/>
<pin id="2102" dir="1" index="1" bw="8" slack="11"/>
</pin_list>
<bind>
<opset="tmp_13 "/>
</bind>
</comp>

<comp id="2106" class="1005" name="tmp_15_reg_2106">
<pin_list>
<pin id="2107" dir="0" index="0" bw="8" slack="11"/>
<pin id="2108" dir="1" index="1" bw="8" slack="11"/>
</pin_list>
<bind>
<opset="tmp_15 "/>
</bind>
</comp>

<comp id="2112" class="1005" name="tmp_17_reg_2112">
<pin_list>
<pin id="2113" dir="0" index="0" bw="8" slack="1"/>
<pin id="2114" dir="1" index="1" bw="8" slack="1"/>
</pin_list>
<bind>
<opset="tmp_17 "/>
</bind>
</comp>

<comp id="2118" class="1005" name="trunc_ln818_8_reg_2118">
<pin_list>
<pin id="2119" dir="0" index="0" bw="5" slack="12"/>
<pin id="2120" dir="1" index="1" bw="5" slack="12"/>
</pin_list>
<bind>
<opset="trunc_ln818_8 "/>
</bind>
</comp>

<comp id="2123" class="1005" name="tmp_20_reg_2123">
<pin_list>
<pin id="2124" dir="0" index="0" bw="8" slack="1"/>
<pin id="2125" dir="1" index="1" bw="8" slack="1"/>
</pin_list>
<bind>
<opset="tmp_20 "/>
</bind>
</comp>

<comp id="2129" class="1005" name="tmp_23_reg_2129">
<pin_list>
<pin id="2130" dir="0" index="0" bw="8" slack="1"/>
<pin id="2131" dir="1" index="1" bw="8" slack="1"/>
</pin_list>
<bind>
<opset="tmp_23 "/>
</bind>
</comp>

<comp id="2135" class="1005" name="tmp_25_reg_2135">
<pin_list>
<pin id="2136" dir="0" index="0" bw="8" slack="11"/>
<pin id="2137" dir="1" index="1" bw="8" slack="11"/>
</pin_list>
<bind>
<opset="tmp_25 "/>
</bind>
</comp>

<comp id="2141" class="1005" name="tmp_26_reg_2141">
<pin_list>
<pin id="2142" dir="0" index="0" bw="8" slack="1"/>
<pin id="2143" dir="1" index="1" bw="8" slack="1"/>
</pin_list>
<bind>
<opset="tmp_26 "/>
</bind>
</comp>

<comp id="2147" class="1005" name="tmp_27_reg_2147">
<pin_list>
<pin id="2148" dir="0" index="0" bw="8" slack="11"/>
<pin id="2149" dir="1" index="1" bw="8" slack="11"/>
</pin_list>
<bind>
<opset="tmp_27 "/>
</bind>
</comp>

<comp id="2153" class="1005" name="tmp_28_reg_2153">
<pin_list>
<pin id="2154" dir="0" index="0" bw="8" slack="11"/>
<pin id="2155" dir="1" index="1" bw="8" slack="11"/>
</pin_list>
<bind>
<opset="tmp_28 "/>
</bind>
</comp>

<comp id="2159" class="1005" name="trunc_ln818_16_reg_2159">
<pin_list>
<pin id="2160" dir="0" index="0" bw="7" slack="12"/>
<pin id="2161" dir="1" index="1" bw="7" slack="12"/>
</pin_list>
<bind>
<opset="trunc_ln818_16 "/>
</bind>
</comp>

<comp id="2164" class="1005" name="tmp_30_reg_2164">
<pin_list>
<pin id="2165" dir="0" index="0" bw="8" slack="11"/>
<pin id="2166" dir="1" index="1" bw="8" slack="11"/>
</pin_list>
<bind>
<opset="tmp_30 "/>
</bind>
</comp>

<comp id="2170" class="1005" name="trunc_ln818_3_reg_2170">
<pin_list>
<pin id="2171" dir="0" index="0" bw="7" slack="11"/>
<pin id="2172" dir="1" index="1" bw="7" slack="11"/>
</pin_list>
<bind>
<opset="trunc_ln818_3 "/>
</bind>
</comp>

<comp id="2175" class="1005" name="trunc_ln818_5_reg_2175">
<pin_list>
<pin id="2176" dir="0" index="0" bw="6" slack="11"/>
<pin id="2177" dir="1" index="1" bw="6" slack="11"/>
</pin_list>
<bind>
<opset="trunc_ln818_5 "/>
</bind>
</comp>

<comp id="2180" class="1005" name="trunc_ln818_6_reg_2180">
<pin_list>
<pin id="2181" dir="0" index="0" bw="7" slack="11"/>
<pin id="2182" dir="1" index="1" bw="7" slack="11"/>
</pin_list>
<bind>
<opset="trunc_ln818_6 "/>
</bind>
</comp>

<comp id="2185" class="1005" name="trunc_ln818_s_reg_2185">
<pin_list>
<pin id="2186" dir="0" index="0" bw="6" slack="11"/>
<pin id="2187" dir="1" index="1" bw="6" slack="11"/>
</pin_list>
<bind>
<opset="trunc_ln818_s "/>
</bind>
</comp>

<comp id="2190" class="1005" name="trunc_ln818_10_reg_2190">
<pin_list>
<pin id="2191" dir="0" index="0" bw="6" slack="11"/>
<pin id="2192" dir="1" index="1" bw="6" slack="11"/>
</pin_list>
<bind>
<opset="trunc_ln818_10 "/>
</bind>
</comp>

<comp id="2195" class="1005" name="trunc_ln818_11_reg_2195">
<pin_list>
<pin id="2196" dir="0" index="0" bw="7" slack="11"/>
<pin id="2197" dir="1" index="1" bw="7" slack="11"/>
</pin_list>
<bind>
<opset="trunc_ln818_11 "/>
</bind>
</comp>

<comp id="2200" class="1005" name="trunc_ln818_12_reg_2200">
<pin_list>
<pin id="2201" dir="0" index="0" bw="7" slack="11"/>
<pin id="2202" dir="1" index="1" bw="7" slack="11"/>
</pin_list>
<bind>
<opset="trunc_ln818_12 "/>
</bind>
</comp>

<comp id="2205" class="1005" name="trunc_ln818_14_reg_2205">
<pin_list>
<pin id="2206" dir="0" index="0" bw="7" slack="11"/>
<pin id="2207" dir="1" index="1" bw="7" slack="11"/>
</pin_list>
<bind>
<opset="trunc_ln818_14 "/>
</bind>
</comp>

<comp id="2210" class="1005" name="tmp_1_reg_2210">
<pin_list>
<pin id="2211" dir="0" index="0" bw="1" slack="11"/>
<pin id="2212" dir="1" index="1" bw="1" slack="11"/>
</pin_list>
<bind>
<opset="tmp_1 "/>
</bind>
</comp>

<comp id="2215" class="1005" name="tmp_s_reg_2215">
<pin_list>
<pin id="2216" dir="0" index="0" bw="5" slack="11"/>
<pin id="2217" dir="1" index="1" bw="5" slack="11"/>
</pin_list>
<bind>
<opset="tmp_s "/>
</bind>
</comp>

<comp id="2220" class="1005" name="trunc_ln_reg_2220">
<pin_list>
<pin id="2221" dir="0" index="0" bw="7" slack="10"/>
<pin id="2222" dir="1" index="1" bw="7" slack="10"/>
</pin_list>
<bind>
<opset="trunc_ln "/>
</bind>
</comp>

<comp id="2225" class="1005" name="trunc_ln818_1_reg_2225">
<pin_list>
<pin id="2226" dir="0" index="0" bw="8" slack="10"/>
<pin id="2227" dir="1" index="1" bw="8" slack="10"/>
</pin_list>
<bind>
<opset="trunc_ln818_1 "/>
</bind>
</comp>

<comp id="2230" class="1005" name="trunc_ln818_2_reg_2230">
<pin_list>
<pin id="2231" dir="0" index="0" bw="7" slack="8"/>
<pin id="2232" dir="1" index="1" bw="7" slack="8"/>
</pin_list>
<bind>
<opset="trunc_ln818_2 "/>
</bind>
</comp>

<comp id="2235" class="1005" name="trunc_ln818_4_reg_2235">
<pin_list>
<pin id="2236" dir="0" index="0" bw="6" slack="7"/>
<pin id="2237" dir="1" index="1" bw="6" slack="7"/>
</pin_list>
<bind>
<opset="trunc_ln818_4 "/>
</bind>
</comp>

<comp id="2240" class="1005" name="trunc_ln818_7_reg_2240">
<pin_list>
<pin id="2241" dir="0" index="0" bw="7" slack="6"/>
<pin id="2242" dir="1" index="1" bw="7" slack="6"/>
</pin_list>
<bind>
<opset="trunc_ln818_7 "/>
</bind>
</comp>

<comp id="2245" class="1005" name="trunc_ln818_9_reg_2245">
<pin_list>
<pin id="2246" dir="0" index="0" bw="7" slack="5"/>
<pin id="2247" dir="1" index="1" bw="7" slack="5"/>
</pin_list>
<bind>
<opset="trunc_ln818_9 "/>
</bind>
</comp>

<comp id="2250" class="1005" name="trunc_ln46_7_reg_2250">
<pin_list>
<pin id="2251" dir="0" index="0" bw="8" slack="4"/>
<pin id="2252" dir="1" index="1" bw="8" slack="4"/>
</pin_list>
<bind>
<opset="trunc_ln46_7 "/>
</bind>
</comp>

<comp id="2255" class="1005" name="trunc_ln46_9_reg_2255">
<pin_list>
<pin id="2256" dir="0" index="0" bw="8" slack="3"/>
<pin id="2257" dir="1" index="1" bw="8" slack="3"/>
</pin_list>
<bind>
<opset="trunc_ln46_9 "/>
</bind>
</comp>

<comp id="2260" class="1005" name="trunc_ln818_13_reg_2260">
<pin_list>
<pin id="2261" dir="0" index="0" bw="7" slack="2"/>
<pin id="2262" dir="1" index="1" bw="7" slack="2"/>
</pin_list>
<bind>
<opset="trunc_ln818_13 "/>
</bind>
</comp>

<comp id="2265" class="1005" name="trunc_ln818_15_reg_2265">
<pin_list>
<pin id="2266" dir="0" index="0" bw="7" slack="1"/>
<pin id="2267" dir="1" index="1" bw="7" slack="1"/>
</pin_list>
<bind>
<opset="trunc_ln818_15 "/>
</bind>
</comp>

<comp id="2270" class="1005" name="trunc_ln46_2_reg_2270">
<pin_list>
<pin id="2271" dir="0" index="0" bw="8" slack="1"/>
<pin id="2272" dir="1" index="1" bw="8" slack="1"/>
</pin_list>
<bind>
<opset="trunc_ln46_2 "/>
</bind>
</comp>

<comp id="2275" class="1005" name="trunc_ln46_3_reg_2275">
<pin_list>
<pin id="2276" dir="0" index="0" bw="8" slack="1"/>
<pin id="2277" dir="1" index="1" bw="8" slack="1"/>
</pin_list>
<bind>
<opset="trunc_ln46_3 "/>
</bind>
</comp>

<comp id="2280" class="1005" name="trunc_ln46_4_reg_2280">
<pin_list>
<pin id="2281" dir="0" index="0" bw="8" slack="1"/>
<pin id="2282" dir="1" index="1" bw="8" slack="1"/>
</pin_list>
<bind>
<opset="trunc_ln46_4 "/>
</bind>
</comp>

<comp id="2285" class="1005" name="trunc_ln46_5_reg_2285">
<pin_list>
<pin id="2286" dir="0" index="0" bw="8" slack="1"/>
<pin id="2287" dir="1" index="1" bw="8" slack="1"/>
</pin_list>
<bind>
<opset="trunc_ln46_5 "/>
</bind>
</comp>

<comp id="2290" class="1005" name="trunc_ln46_6_reg_2290">
<pin_list>
<pin id="2291" dir="0" index="0" bw="8" slack="1"/>
<pin id="2292" dir="1" index="1" bw="8" slack="1"/>
</pin_list>
<bind>
<opset="trunc_ln46_6 "/>
</bind>
</comp>

<comp id="2295" class="1005" name="trunc_ln46_8_reg_2295">
<pin_list>
<pin id="2296" dir="0" index="0" bw="8" slack="1"/>
<pin id="2297" dir="1" index="1" bw="8" slack="1"/>
</pin_list>
<bind>
<opset="trunc_ln46_8 "/>
</bind>
</comp>

<comp id="2300" class="1005" name="trunc_ln46_s_reg_2300">
<pin_list>
<pin id="2301" dir="0" index="0" bw="8" slack="1"/>
<pin id="2302" dir="1" index="1" bw="8" slack="1"/>
</pin_list>
<bind>
<opset="trunc_ln46_s "/>
</bind>
</comp>

<comp id="2305" class="1005" name="trunc_ln46_1_reg_2305">
<pin_list>
<pin id="2306" dir="0" index="0" bw="8" slack="1"/>
<pin id="2307" dir="1" index="1" bw="8" slack="1"/>
</pin_list>
<bind>
<opset="trunc_ln46_1 "/>
</bind>
</comp>

<comp id="2310" class="1005" name="trunc_ln46_10_reg_2310">
<pin_list>
<pin id="2311" dir="0" index="0" bw="8" slack="1"/>
<pin id="2312" dir="1" index="1" bw="8" slack="1"/>
</pin_list>
<bind>
<opset="trunc_ln46_10 "/>
</bind>
</comp>

<comp id="2315" class="1005" name="tmp_31_reg_2315">
<pin_list>
<pin id="2316" dir="0" index="0" bw="8" slack="1"/>
<pin id="2317" dir="1" index="1" bw="8" slack="1"/>
</pin_list>
<bind>
<opset="tmp_31 "/>
</bind>
</comp>

</comp_list>

<net_list>
<net id="308"><net_src comp="4" pin="0"/><net_sink comp="304" pin=0"/></net>

<net id="309"><net_src comp="0" pin="0"/><net_sink comp="304" pin=1"/></net>

<net id="315"><net_src comp="302" pin="0"/><net_sink comp="310" pin=0"/></net>

<net id="316"><net_src comp="2" pin="0"/><net_sink comp="310" pin=1"/></net>

<net id="325"><net_src comp="154" pin="0"/><net_sink comp="317" pin=1"/></net>

<net id="329"><net_src comp="317" pin="2"/><net_sink comp="326" pin=0"/></net>

<net id="331"><net_src comp="194" pin="0"/><net_sink comp="317" pin=1"/></net>

<net id="336"><net_src comp="200" pin="0"/><net_sink comp="317" pin=1"/></net>

<net id="339"><net_src comp="202" pin="0"/><net_sink comp="317" pin=1"/></net>

<net id="342"><net_src comp="206" pin="0"/><net_sink comp="317" pin=1"/></net>

<net id="346"><net_src comp="212" pin="0"/><net_sink comp="317" pin=1"/></net>

<net id="348"><net_src comp="317" pin="2"/><net_sink comp="332" pin=0"/></net>

<net id="350"><net_src comp="216" pin="0"/><net_sink comp="317" pin=1"/></net>

<net id="352"><net_src comp="246" pin="0"/><net_sink comp="317" pin=1"/></net>

<net id="357"><net_src comp="304" pin="2"/><net_sink comp="354" pin=0"/></net>

<net id="364"><net_src comp="6" pin="0"/><net_sink comp="358" pin=0"/></net>

<net id="365"><net_src comp="304" pin="2"/><net_sink comp="358" pin=1"/></net>

<net id="366"><net_src comp="8" pin="0"/><net_sink comp="358" pin=2"/></net>

<net id="367"><net_src comp="10" pin="0"/><net_sink comp="358" pin=3"/></net>

<net id="374"><net_src comp="6" pin="0"/><net_sink comp="368" pin=0"/></net>

<net id="375"><net_src comp="304" pin="2"/><net_sink comp="368" pin=1"/></net>

<net id="376"><net_src comp="12" pin="0"/><net_sink comp="368" pin=2"/></net>

<net id="377"><net_src comp="14" pin="0"/><net_sink comp="368" pin=3"/></net>

<net id="384"><net_src comp="6" pin="0"/><net_sink comp="378" pin=0"/></net>

<net id="385"><net_src comp="304" pin="2"/><net_sink comp="378" pin=1"/></net>

<net id="386"><net_src comp="16" pin="0"/><net_sink comp="378" pin=2"/></net>

<net id="387"><net_src comp="18" pin="0"/><net_sink comp="378" pin=3"/></net>

<net id="394"><net_src comp="6" pin="0"/><net_sink comp="388" pin=0"/></net>

<net id="395"><net_src comp="304" pin="2"/><net_sink comp="388" pin=1"/></net>

<net id="396"><net_src comp="20" pin="0"/><net_sink comp="388" pin=2"/></net>

<net id="397"><net_src comp="22" pin="0"/><net_sink comp="388" pin=3"/></net>

<net id="404"><net_src comp="6" pin="0"/><net_sink comp="398" pin=0"/></net>

<net id="405"><net_src comp="304" pin="2"/><net_sink comp="398" pin=1"/></net>

<net id="406"><net_src comp="24" pin="0"/><net_sink comp="398" pin=2"/></net>

<net id="407"><net_src comp="26" pin="0"/><net_sink comp="398" pin=3"/></net>

<net id="414"><net_src comp="6" pin="0"/><net_sink comp="408" pin=0"/></net>

<net id="415"><net_src comp="304" pin="2"/><net_sink comp="408" pin=1"/></net>

<net id="416"><net_src comp="28" pin="0"/><net_sink comp="408" pin=2"/></net>

<net id="417"><net_src comp="30" pin="0"/><net_sink comp="408" pin=3"/></net>

<net id="424"><net_src comp="6" pin="0"/><net_sink comp="418" pin=0"/></net>

<net id="425"><net_src comp="304" pin="2"/><net_sink comp="418" pin=1"/></net>

<net id="426"><net_src comp="32" pin="0"/><net_sink comp="418" pin=2"/></net>

<net id="427"><net_src comp="34" pin="0"/><net_sink comp="418" pin=3"/></net>

<net id="434"><net_src comp="6" pin="0"/><net_sink comp="428" pin=0"/></net>

<net id="435"><net_src comp="304" pin="2"/><net_sink comp="428" pin=1"/></net>

<net id="436"><net_src comp="36" pin="0"/><net_sink comp="428" pin=2"/></net>

<net id="437"><net_src comp="38" pin="0"/><net_sink comp="428" pin=3"/></net>

<net id="444"><net_src comp="6" pin="0"/><net_sink comp="438" pin=0"/></net>

<net id="445"><net_src comp="304" pin="2"/><net_sink comp="438" pin=1"/></net>

<net id="446"><net_src comp="40" pin="0"/><net_sink comp="438" pin=2"/></net>

<net id="447"><net_src comp="42" pin="0"/><net_sink comp="438" pin=3"/></net>

<net id="454"><net_src comp="6" pin="0"/><net_sink comp="448" pin=0"/></net>

<net id="455"><net_src comp="304" pin="2"/><net_sink comp="448" pin=1"/></net>

<net id="456"><net_src comp="44" pin="0"/><net_sink comp="448" pin=2"/></net>

<net id="457"><net_src comp="46" pin="0"/><net_sink comp="448" pin=3"/></net>

<net id="464"><net_src comp="6" pin="0"/><net_sink comp="458" pin=0"/></net>

<net id="465"><net_src comp="304" pin="2"/><net_sink comp="458" pin=1"/></net>

<net id="466"><net_src comp="48" pin="0"/><net_sink comp="458" pin=2"/></net>

<net id="467"><net_src comp="50" pin="0"/><net_sink comp="458" pin=3"/></net>

<net id="474"><net_src comp="6" pin="0"/><net_sink comp="468" pin=0"/></net>

<net id="475"><net_src comp="304" pin="2"/><net_sink comp="468" pin=1"/></net>

<net id="476"><net_src comp="52" pin="0"/><net_sink comp="468" pin=2"/></net>

<net id="477"><net_src comp="54" pin="0"/><net_sink comp="468" pin=3"/></net>

<net id="484"><net_src comp="6" pin="0"/><net_sink comp="478" pin=0"/></net>

<net id="485"><net_src comp="304" pin="2"/><net_sink comp="478" pin=1"/></net>

<net id="486"><net_src comp="56" pin="0"/><net_sink comp="478" pin=2"/></net>

<net id="487"><net_src comp="58" pin="0"/><net_sink comp="478" pin=3"/></net>

<net id="494"><net_src comp="6" pin="0"/><net_sink comp="488" pin=0"/></net>

<net id="495"><net_src comp="304" pin="2"/><net_sink comp="488" pin=1"/></net>

<net id="496"><net_src comp="60" pin="0"/><net_sink comp="488" pin=2"/></net>

<net id="497"><net_src comp="62" pin="0"/><net_sink comp="488" pin=3"/></net>

<net id="504"><net_src comp="6" pin="0"/><net_sink comp="498" pin=0"/></net>

<net id="505"><net_src comp="304" pin="2"/><net_sink comp="498" pin=1"/></net>

<net id="506"><net_src comp="64" pin="0"/><net_sink comp="498" pin=2"/></net>

<net id="507"><net_src comp="66" pin="0"/><net_sink comp="498" pin=3"/></net>

<net id="514"><net_src comp="6" pin="0"/><net_sink comp="508" pin=0"/></net>

<net id="515"><net_src comp="304" pin="2"/><net_sink comp="508" pin=1"/></net>

<net id="516"><net_src comp="68" pin="0"/><net_sink comp="508" pin=2"/></net>

<net id="517"><net_src comp="70" pin="0"/><net_sink comp="508" pin=3"/></net>

<net id="524"><net_src comp="6" pin="0"/><net_sink comp="518" pin=0"/></net>

<net id="525"><net_src comp="304" pin="2"/><net_sink comp="518" pin=1"/></net>

<net id="526"><net_src comp="72" pin="0"/><net_sink comp="518" pin=2"/></net>

<net id="527"><net_src comp="74" pin="0"/><net_sink comp="518" pin=3"/></net>

<net id="534"><net_src comp="6" pin="0"/><net_sink comp="528" pin=0"/></net>

<net id="535"><net_src comp="304" pin="2"/><net_sink comp="528" pin=1"/></net>

<net id="536"><net_src comp="76" pin="0"/><net_sink comp="528" pin=2"/></net>

<net id="537"><net_src comp="78" pin="0"/><net_sink comp="528" pin=3"/></net>

<net id="544"><net_src comp="6" pin="0"/><net_sink comp="538" pin=0"/></net>

<net id="545"><net_src comp="304" pin="2"/><net_sink comp="538" pin=1"/></net>

<net id="546"><net_src comp="80" pin="0"/><net_sink comp="538" pin=2"/></net>

<net id="547"><net_src comp="82" pin="0"/><net_sink comp="538" pin=3"/></net>

<net id="554"><net_src comp="6" pin="0"/><net_sink comp="548" pin=0"/></net>

<net id="555"><net_src comp="304" pin="2"/><net_sink comp="548" pin=1"/></net>

<net id="556"><net_src comp="84" pin="0"/><net_sink comp="548" pin=2"/></net>

<net id="557"><net_src comp="86" pin="0"/><net_sink comp="548" pin=3"/></net>

<net id="564"><net_src comp="6" pin="0"/><net_sink comp="558" pin=0"/></net>

<net id="565"><net_src comp="304" pin="2"/><net_sink comp="558" pin=1"/></net>

<net id="566"><net_src comp="88" pin="0"/><net_sink comp="558" pin=2"/></net>

<net id="567"><net_src comp="90" pin="0"/><net_sink comp="558" pin=3"/></net>

<net id="574"><net_src comp="6" pin="0"/><net_sink comp="568" pin=0"/></net>

<net id="575"><net_src comp="304" pin="2"/><net_sink comp="568" pin=1"/></net>

<net id="576"><net_src comp="92" pin="0"/><net_sink comp="568" pin=2"/></net>

<net id="577"><net_src comp="94" pin="0"/><net_sink comp="568" pin=3"/></net>

<net id="584"><net_src comp="6" pin="0"/><net_sink comp="578" pin=0"/></net>

<net id="585"><net_src comp="304" pin="2"/><net_sink comp="578" pin=1"/></net>

<net id="586"><net_src comp="96" pin="0"/><net_sink comp="578" pin=2"/></net>

<net id="587"><net_src comp="98" pin="0"/><net_sink comp="578" pin=3"/></net>

<net id="593"><net_src comp="100" pin="0"/><net_sink comp="588" pin=0"/></net>

<net id="594"><net_src comp="578" pin="4"/><net_sink comp="588" pin=1"/></net>

<net id="595"><net_src comp="102" pin="0"/><net_sink comp="588" pin=2"/></net>

<net id="599"><net_src comp="588" pin="3"/><net_sink comp="596" pin=0"/></net>

<net id="604"><net_src comp="596" pin="1"/><net_sink comp="600" pin=0"/></net>

<net id="605"><net_src comp="104" pin="0"/><net_sink comp="600" pin=1"/></net>

<net id="612"><net_src comp="106" pin="0"/><net_sink comp="606" pin=0"/></net>

<net id="613"><net_src comp="600" pin="2"/><net_sink comp="606" pin=1"/></net>

<net id="614"><net_src comp="108" pin="0"/><net_sink comp="606" pin=2"/></net>

<net id="615"><net_src comp="110" pin="0"/><net_sink comp="606" pin=3"/></net>

<net id="622"><net_src comp="6" pin="0"/><net_sink comp="616" pin=0"/></net>

<net id="623"><net_src comp="304" pin="2"/><net_sink comp="616" pin=1"/></net>

<net id="624"><net_src comp="112" pin="0"/><net_sink comp="616" pin=2"/></net>

<net id="625"><net_src comp="114" pin="0"/><net_sink comp="616" pin=3"/></net>

<net id="632"><net_src comp="6" pin="0"/><net_sink comp="626" pin=0"/></net>

<net id="633"><net_src comp="304" pin="2"/><net_sink comp="626" pin=1"/></net>

<net id="634"><net_src comp="116" pin="0"/><net_sink comp="626" pin=2"/></net>

<net id="635"><net_src comp="118" pin="0"/><net_sink comp="626" pin=3"/></net>

<net id="642"><net_src comp="6" pin="0"/><net_sink comp="636" pin=0"/></net>

<net id="643"><net_src comp="304" pin="2"/><net_sink comp="636" pin=1"/></net>

<net id="644"><net_src comp="120" pin="0"/><net_sink comp="636" pin=2"/></net>

<net id="645"><net_src comp="122" pin="0"/><net_sink comp="636" pin=3"/></net>

<net id="652"><net_src comp="6" pin="0"/><net_sink comp="646" pin=0"/></net>

<net id="653"><net_src comp="304" pin="2"/><net_sink comp="646" pin=1"/></net>

<net id="654"><net_src comp="124" pin="0"/><net_sink comp="646" pin=2"/></net>

<net id="655"><net_src comp="126" pin="0"/><net_sink comp="646" pin=3"/></net>

<net id="662"><net_src comp="6" pin="0"/><net_sink comp="656" pin=0"/></net>

<net id="663"><net_src comp="304" pin="2"/><net_sink comp="656" pin=1"/></net>

<net id="664"><net_src comp="128" pin="0"/><net_sink comp="656" pin=2"/></net>

<net id="665"><net_src comp="130" pin="0"/><net_sink comp="656" pin=3"/></net>

<net id="672"><net_src comp="6" pin="0"/><net_sink comp="666" pin=0"/></net>

<net id="673"><net_src comp="304" pin="2"/><net_sink comp="666" pin=1"/></net>

<net id="674"><net_src comp="132" pin="0"/><net_sink comp="666" pin=2"/></net>

<net id="675"><net_src comp="134" pin="0"/><net_sink comp="666" pin=3"/></net>

<net id="682"><net_src comp="6" pin="0"/><net_sink comp="676" pin=0"/></net>

<net id="683"><net_src comp="304" pin="2"/><net_sink comp="676" pin=1"/></net>

<net id="684"><net_src comp="136" pin="0"/><net_sink comp="676" pin=2"/></net>

<net id="685"><net_src comp="138" pin="0"/><net_sink comp="676" pin=3"/></net>

<net id="691"><net_src comp="140" pin="0"/><net_sink comp="686" pin=0"/></net>

<net id="692"><net_src comp="676" pin="4"/><net_sink comp="686" pin=1"/></net>

<net id="693"><net_src comp="142" pin="0"/><net_sink comp="686" pin=2"/></net>

<net id="697"><net_src comp="686" pin="3"/><net_sink comp="694" pin=0"/></net>

<net id="702"><net_src comp="694" pin="1"/><net_sink comp="698" pin=0"/></net>

<net id="703"><net_src comp="144" pin="0"/><net_sink comp="698" pin=1"/></net>

<net id="710"><net_src comp="146" pin="0"/><net_sink comp="704" pin=0"/></net>

<net id="711"><net_src comp="698" pin="2"/><net_sink comp="704" pin=1"/></net>

<net id="712"><net_src comp="108" pin="0"/><net_sink comp="704" pin=2"/></net>

<net id="713"><net_src comp="148" pin="0"/><net_sink comp="704" pin=3"/></net>

<net id="720"><net_src comp="6" pin="0"/><net_sink comp="714" pin=0"/></net>

<net id="721"><net_src comp="304" pin="2"/><net_sink comp="714" pin=1"/></net>

<net id="722"><net_src comp="150" pin="0"/><net_sink comp="714" pin=2"/></net>

<net id="723"><net_src comp="152" pin="0"/><net_sink comp="714" pin=3"/></net>

<net id="727"><net_src comp="724" pin="1"/><net_sink comp="317" pin=0"/></net>

<net id="733"><net_src comp="156" pin="0"/><net_sink comp="728" pin=0"/></net>

<net id="734"><net_src comp="158" pin="0"/><net_sink comp="728" pin=2"/></net>

<net id="738"><net_src comp="728" pin="3"/><net_sink comp="735" pin=0"/></net>

<net id="744"><net_src comp="160" pin="0"/><net_sink comp="739" pin=0"/></net>

<net id="745"><net_src comp="162" pin="0"/><net_sink comp="739" pin=2"/></net>

<net id="749"><net_src comp="739" pin="3"/><net_sink comp="746" pin=0"/></net>

<net id="754"><net_src comp="735" pin="1"/><net_sink comp="750" pin=0"/></net>

<net id="755"><net_src comp="746" pin="1"/><net_sink comp="750" pin=1"/></net>

<net id="760"><net_src comp="750" pin="2"/><net_sink comp="756" pin=0"/></net>

<net id="761"><net_src comp="164" pin="0"/><net_sink comp="756" pin=1"/></net>

<net id="767"><net_src comp="140" pin="0"/><net_sink comp="762" pin=0"/></net>

<net id="768"><net_src comp="142" pin="0"/><net_sink comp="762" pin=2"/></net>

<net id="772"><net_src comp="762" pin="3"/><net_sink comp="769" pin=0"/></net>

<net id="778"><net_src comp="100" pin="0"/><net_sink comp="773" pin=0"/></net>

<net id="779"><net_src comp="102" pin="0"/><net_sink comp="773" pin=2"/></net>

<net id="783"><net_src comp="773" pin="3"/><net_sink comp="780" pin=0"/></net>

<net id="788"><net_src comp="769" pin="1"/><net_sink comp="784" pin=0"/></net>

<net id="789"><net_src comp="780" pin="1"/><net_sink comp="784" pin=1"/></net>

<net id="794"><net_src comp="784" pin="2"/><net_sink comp="790" pin=0"/></net>

<net id="795"><net_src comp="166" pin="0"/><net_sink comp="790" pin=1"/></net>

<net id="802"><net_src comp="146" pin="0"/><net_sink comp="796" pin=0"/></net>

<net id="803"><net_src comp="790" pin="2"/><net_sink comp="796" pin=1"/></net>

<net id="804"><net_src comp="108" pin="0"/><net_sink comp="796" pin=2"/></net>

<net id="805"><net_src comp="148" pin="0"/><net_sink comp="796" pin=3"/></net>

<net id="811"><net_src comp="156" pin="0"/><net_sink comp="806" pin=0"/></net>

<net id="812"><net_src comp="158" pin="0"/><net_sink comp="806" pin=2"/></net>

<net id="816"><net_src comp="806" pin="3"/><net_sink comp="813" pin=0"/></net>

<net id="822"><net_src comp="160" pin="0"/><net_sink comp="817" pin=0"/></net>

<net id="823"><net_src comp="162" pin="0"/><net_sink comp="817" pin=2"/></net>

<net id="827"><net_src comp="817" pin="3"/><net_sink comp="824" pin=0"/></net>

<net id="832"><net_src comp="813" pin="1"/><net_sink comp="828" pin=0"/></net>

<net id="833"><net_src comp="824" pin="1"/><net_sink comp="828" pin=1"/></net>

<net id="838"><net_src comp="828" pin="2"/><net_sink comp="834" pin=0"/></net>

<net id="839"><net_src comp="168" pin="0"/><net_sink comp="834" pin=1"/></net>

<net id="846"><net_src comp="170" pin="0"/><net_sink comp="840" pin=0"/></net>

<net id="847"><net_src comp="834" pin="2"/><net_sink comp="840" pin=1"/></net>

<net id="848"><net_src comp="108" pin="0"/><net_sink comp="840" pin=2"/></net>

<net id="849"><net_src comp="172" pin="0"/><net_sink comp="840" pin=3"/></net>

<net id="855"><net_src comp="140" pin="0"/><net_sink comp="850" pin=0"/></net>

<net id="856"><net_src comp="142" pin="0"/><net_sink comp="850" pin=2"/></net>

<net id="860"><net_src comp="850" pin="3"/><net_sink comp="857" pin=0"/></net>

<net id="866"><net_src comp="100" pin="0"/><net_sink comp="861" pin=0"/></net>

<net id="867"><net_src comp="102" pin="0"/><net_sink comp="861" pin=2"/></net>

<net id="871"><net_src comp="861" pin="3"/><net_sink comp="868" pin=0"/></net>

<net id="876"><net_src comp="857" pin="1"/><net_sink comp="872" pin=0"/></net>

<net id="877"><net_src comp="868" pin="1"/><net_sink comp="872" pin=1"/></net>

<net id="882"><net_src comp="872" pin="2"/><net_sink comp="878" pin=0"/></net>

<net id="883"><net_src comp="174" pin="0"/><net_sink comp="878" pin=1"/></net>

<net id="890"><net_src comp="146" pin="0"/><net_sink comp="884" pin=0"/></net>

<net id="891"><net_src comp="878" pin="2"/><net_sink comp="884" pin=1"/></net>

<net id="892"><net_src comp="108" pin="0"/><net_sink comp="884" pin=2"/></net>

<net id="893"><net_src comp="148" pin="0"/><net_sink comp="884" pin=3"/></net>

<net id="899"><net_src comp="156" pin="0"/><net_sink comp="894" pin=0"/></net>

<net id="900"><net_src comp="158" pin="0"/><net_sink comp="894" pin=2"/></net>

<net id="904"><net_src comp="894" pin="3"/><net_sink comp="901" pin=0"/></net>

<net id="910"><net_src comp="160" pin="0"/><net_sink comp="905" pin=0"/></net>

<net id="911"><net_src comp="162" pin="0"/><net_sink comp="905" pin=2"/></net>

<net id="915"><net_src comp="905" pin="3"/><net_sink comp="912" pin=0"/></net>

<net id="920"><net_src comp="912" pin="1"/><net_sink comp="916" pin=0"/></net>

<net id="921"><net_src comp="176" pin="0"/><net_sink comp="916" pin=1"/></net>

<net id="925"><net_src comp="916" pin="2"/><net_sink comp="922" pin=0"/></net>

<net id="930"><net_src comp="922" pin="1"/><net_sink comp="926" pin=0"/></net>

<net id="931"><net_src comp="901" pin="1"/><net_sink comp="926" pin=1"/></net>

<net id="938"><net_src comp="170" pin="0"/><net_sink comp="932" pin=0"/></net>

<net id="939"><net_src comp="926" pin="2"/><net_sink comp="932" pin=1"/></net>

<net id="940"><net_src comp="108" pin="0"/><net_sink comp="932" pin=2"/></net>

<net id="941"><net_src comp="172" pin="0"/><net_sink comp="932" pin=3"/></net>

<net id="950"><net_src comp="156" pin="0"/><net_sink comp="945" pin=0"/></net>

<net id="951"><net_src comp="158" pin="0"/><net_sink comp="945" pin=2"/></net>

<net id="955"><net_src comp="945" pin="3"/><net_sink comp="952" pin=0"/></net>

<net id="960"><net_src comp="942" pin="1"/><net_sink comp="956" pin=0"/></net>

<net id="961"><net_src comp="178" pin="0"/><net_sink comp="956" pin=1"/></net>

<net id="965"><net_src comp="956" pin="2"/><net_sink comp="962" pin=0"/></net>

<net id="970"><net_src comp="962" pin="1"/><net_sink comp="966" pin=0"/></net>

<net id="971"><net_src comp="952" pin="1"/><net_sink comp="966" pin=1"/></net>

<net id="978"><net_src comp="170" pin="0"/><net_sink comp="972" pin=0"/></net>

<net id="979"><net_src comp="966" pin="2"/><net_sink comp="972" pin=1"/></net>

<net id="980"><net_src comp="108" pin="0"/><net_sink comp="972" pin=2"/></net>

<net id="981"><net_src comp="172" pin="0"/><net_sink comp="972" pin=3"/></net>

<net id="987"><net_src comp="140" pin="0"/><net_sink comp="982" pin=0"/></net>

<net id="988"><net_src comp="142" pin="0"/><net_sink comp="982" pin=2"/></net>

<net id="992"><net_src comp="982" pin="3"/><net_sink comp="989" pin=0"/></net>

<net id="998"><net_src comp="160" pin="0"/><net_sink comp="993" pin=0"/></net>

<net id="999"><net_src comp="162" pin="0"/><net_sink comp="993" pin=2"/></net>

<net id="1003"><net_src comp="993" pin="3"/><net_sink comp="1000" pin=0"/></net>

<net id="1008"><net_src comp="989" pin="1"/><net_sink comp="1004" pin=0"/></net>

<net id="1009"><net_src comp="1000" pin="1"/><net_sink comp="1004" pin=1"/></net>

<net id="1014"><net_src comp="1004" pin="2"/><net_sink comp="1010" pin=0"/></net>

<net id="1015"><net_src comp="180" pin="0"/><net_sink comp="1010" pin=1"/></net>

<net id="1022"><net_src comp="146" pin="0"/><net_sink comp="1016" pin=0"/></net>

<net id="1023"><net_src comp="1010" pin="2"/><net_sink comp="1016" pin=1"/></net>

<net id="1024"><net_src comp="108" pin="0"/><net_sink comp="1016" pin=2"/></net>

<net id="1025"><net_src comp="148" pin="0"/><net_sink comp="1016" pin=3"/></net>

<net id="1034"><net_src comp="140" pin="0"/><net_sink comp="1029" pin=0"/></net>

<net id="1035"><net_src comp="142" pin="0"/><net_sink comp="1029" pin=2"/></net>

<net id="1039"><net_src comp="1029" pin="3"/><net_sink comp="1036" pin=0"/></net>

<net id="1044"><net_src comp="1026" pin="1"/><net_sink comp="1040" pin=0"/></net>

<net id="1045"><net_src comp="182" pin="0"/><net_sink comp="1040" pin=1"/></net>

<net id="1049"><net_src comp="1040" pin="2"/><net_sink comp="1046" pin=0"/></net>

<net id="1054"><net_src comp="1046" pin="1"/><net_sink comp="1050" pin=0"/></net>

<net id="1055"><net_src comp="1036" pin="1"/><net_sink comp="1050" pin=1"/></net>

<net id="1062"><net_src comp="146" pin="0"/><net_sink comp="1056" pin=0"/></net>

<net id="1063"><net_src comp="1050" pin="2"/><net_sink comp="1056" pin=1"/></net>

<net id="1064"><net_src comp="108" pin="0"/><net_sink comp="1056" pin=2"/></net>

<net id="1065"><net_src comp="148" pin="0"/><net_sink comp="1056" pin=3"/></net>

<net id="1071"><net_src comp="140" pin="0"/><net_sink comp="1066" pin=0"/></net>

<net id="1072"><net_src comp="142" pin="0"/><net_sink comp="1066" pin=2"/></net>

<net id="1076"><net_src comp="1066" pin="3"/><net_sink comp="1073" pin=0"/></net>

<net id="1082"><net_src comp="100" pin="0"/><net_sink comp="1077" pin=0"/></net>

<net id="1083"><net_src comp="102" pin="0"/><net_sink comp="1077" pin=2"/></net>

<net id="1087"><net_src comp="1077" pin="3"/><net_sink comp="1084" pin=0"/></net>

<net id="1092"><net_src comp="1073" pin="1"/><net_sink comp="1088" pin=0"/></net>

<net id="1093"><net_src comp="1084" pin="1"/><net_sink comp="1088" pin=1"/></net>

<net id="1098"><net_src comp="1088" pin="2"/><net_sink comp="1094" pin=0"/></net>

<net id="1099"><net_src comp="184" pin="0"/><net_sink comp="1094" pin=1"/></net>

<net id="1106"><net_src comp="146" pin="0"/><net_sink comp="1100" pin=0"/></net>

<net id="1107"><net_src comp="1094" pin="2"/><net_sink comp="1100" pin=1"/></net>

<net id="1108"><net_src comp="108" pin="0"/><net_sink comp="1100" pin=2"/></net>

<net id="1109"><net_src comp="148" pin="0"/><net_sink comp="1100" pin=3"/></net>

<net id="1115"><net_src comp="186" pin="0"/><net_sink comp="1110" pin=0"/></net>

<net id="1116"><net_src comp="750" pin="2"/><net_sink comp="1110" pin=1"/></net>

<net id="1117"><net_src comp="108" pin="0"/><net_sink comp="1110" pin=2"/></net>

<net id="1124"><net_src comp="188" pin="0"/><net_sink comp="1118" pin=0"/></net>

<net id="1125"><net_src comp="756" pin="2"/><net_sink comp="1118" pin=1"/></net>

<net id="1126"><net_src comp="190" pin="0"/><net_sink comp="1118" pin=2"/></net>

<net id="1127"><net_src comp="172" pin="0"/><net_sink comp="1118" pin=3"/></net>

<net id="1132"><net_src comp="326" pin="1"/><net_sink comp="1128" pin=0"/></net>

<net id="1133"><net_src comp="192" pin="0"/><net_sink comp="1128" pin=1"/></net>

<net id="1140"><net_src comp="146" pin="0"/><net_sink comp="1134" pin=0"/></net>

<net id="1141"><net_src comp="1128" pin="2"/><net_sink comp="1134" pin=1"/></net>

<net id="1142"><net_src comp="108" pin="0"/><net_sink comp="1134" pin=2"/></net>

<net id="1143"><net_src comp="148" pin="0"/><net_sink comp="1134" pin=3"/></net>

<net id="1147"><net_src comp="1144" pin="1"/><net_sink comp="317" pin=0"/></net>

<net id="1154"><net_src comp="196" pin="0"/><net_sink comp="1148" pin=0"/></net>

<net id="1155"><net_src comp="317" pin="2"/><net_sink comp="1148" pin=1"/></net>

<net id="1156"><net_src comp="108" pin="0"/><net_sink comp="1148" pin=2"/></net>

<net id="1157"><net_src comp="198" pin="0"/><net_sink comp="1148" pin=3"/></net>

<net id="1161"><net_src comp="1158" pin="1"/><net_sink comp="317" pin=0"/></net>

<net id="1166"><net_src comp="326" pin="1"/><net_sink comp="1162" pin=0"/></net>

<net id="1167"><net_src comp="166" pin="0"/><net_sink comp="1162" pin=1"/></net>

<net id="1174"><net_src comp="146" pin="0"/><net_sink comp="1168" pin=0"/></net>

<net id="1175"><net_src comp="1162" pin="2"/><net_sink comp="1168" pin=1"/></net>

<net id="1176"><net_src comp="108" pin="0"/><net_sink comp="1168" pin=2"/></net>

<net id="1177"><net_src comp="148" pin="0"/><net_sink comp="1168" pin=3"/></net>

<net id="1181"><net_src comp="1178" pin="1"/><net_sink comp="317" pin=0"/></net>

<net id="1186"><net_src comp="326" pin="1"/><net_sink comp="1182" pin=0"/></net>

<net id="1187"><net_src comp="204" pin="0"/><net_sink comp="1182" pin=1"/></net>

<net id="1194"><net_src comp="170" pin="0"/><net_sink comp="1188" pin=0"/></net>

<net id="1195"><net_src comp="1182" pin="2"/><net_sink comp="1188" pin=1"/></net>

<net id="1196"><net_src comp="108" pin="0"/><net_sink comp="1188" pin=2"/></net>

<net id="1197"><net_src comp="172" pin="0"/><net_sink comp="1188" pin=3"/></net>

<net id="1201"><net_src comp="1198" pin="1"/><net_sink comp="317" pin=0"/></net>

<net id="1206"><net_src comp="326" pin="1"/><net_sink comp="1202" pin=0"/></net>

<net id="1207"><net_src comp="208" pin="0"/><net_sink comp="1202" pin=1"/></net>

<net id="1214"><net_src comp="146" pin="0"/><net_sink comp="1208" pin=0"/></net>

<net id="1215"><net_src comp="1202" pin="2"/><net_sink comp="1208" pin=1"/></net>

<net id="1216"><net_src comp="108" pin="0"/><net_sink comp="1208" pin=2"/></net>

<net id="1217"><net_src comp="148" pin="0"/><net_sink comp="1208" pin=3"/></net>

<net id="1221"><net_src comp="1218" pin="1"/><net_sink comp="317" pin=0"/></net>

<net id="1226"><net_src comp="326" pin="1"/><net_sink comp="1222" pin=0"/></net>

<net id="1227"><net_src comp="210" pin="0"/><net_sink comp="1222" pin=1"/></net>

<net id="1234"><net_src comp="146" pin="0"/><net_sink comp="1228" pin=0"/></net>

<net id="1235"><net_src comp="1222" pin="2"/><net_sink comp="1228" pin=1"/></net>

<net id="1236"><net_src comp="108" pin="0"/><net_sink comp="1228" pin=2"/></net>

<net id="1237"><net_src comp="148" pin="0"/><net_sink comp="1228" pin=3"/></net>

<net id="1241"><net_src comp="1238" pin="1"/><net_sink comp="317" pin=0"/></net>

<net id="1246"><net_src comp="332" pin="1"/><net_sink comp="1242" pin=0"/></net>

<net id="1247"><net_src comp="214" pin="0"/><net_sink comp="1242" pin=1"/></net>

<net id="1251"><net_src comp="1248" pin="1"/><net_sink comp="317" pin=0"/></net>

<net id="1258"><net_src comp="196" pin="0"/><net_sink comp="1252" pin=0"/></net>

<net id="1259"><net_src comp="1242" pin="2"/><net_sink comp="1252" pin=1"/></net>

<net id="1260"><net_src comp="108" pin="0"/><net_sink comp="1252" pin=2"/></net>

<net id="1261"><net_src comp="198" pin="0"/><net_sink comp="1252" pin=3"/></net>

<net id="1266"><net_src comp="332" pin="1"/><net_sink comp="1262" pin=0"/></net>

<net id="1267"><net_src comp="218" pin="0"/><net_sink comp="1262" pin=1"/></net>

<net id="1271"><net_src comp="1268" pin="1"/><net_sink comp="317" pin=0"/></net>

<net id="1278"><net_src comp="196" pin="0"/><net_sink comp="1272" pin=0"/></net>

<net id="1279"><net_src comp="1262" pin="2"/><net_sink comp="1272" pin=1"/></net>

<net id="1280"><net_src comp="108" pin="0"/><net_sink comp="1272" pin=2"/></net>

<net id="1281"><net_src comp="198" pin="0"/><net_sink comp="1272" pin=3"/></net>

<net id="1286"><net_src comp="326" pin="1"/><net_sink comp="1282" pin=0"/></net>

<net id="1287"><net_src comp="184" pin="0"/><net_sink comp="1282" pin=1"/></net>

<net id="1294"><net_src comp="146" pin="0"/><net_sink comp="1288" pin=0"/></net>

<net id="1295"><net_src comp="1282" pin="2"/><net_sink comp="1288" pin=1"/></net>

<net id="1296"><net_src comp="108" pin="0"/><net_sink comp="1288" pin=2"/></net>

<net id="1297"><net_src comp="148" pin="0"/><net_sink comp="1288" pin=3"/></net>

<net id="1301"><net_src comp="1298" pin="1"/><net_sink comp="317" pin=0"/></net>

<net id="1307"><net_src comp="220" pin="0"/><net_sink comp="1302" pin=0"/></net>

<net id="1308"><net_src comp="222" pin="0"/><net_sink comp="1302" pin=2"/></net>

<net id="1312"><net_src comp="1302" pin="3"/><net_sink comp="1309" pin=0"/></net>

<net id="1318"><net_src comp="160" pin="0"/><net_sink comp="1313" pin=0"/></net>

<net id="1319"><net_src comp="162" pin="0"/><net_sink comp="1313" pin=2"/></net>

<net id="1323"><net_src comp="1313" pin="3"/><net_sink comp="1320" pin=0"/></net>

<net id="1328"><net_src comp="1309" pin="1"/><net_sink comp="1324" pin=0"/></net>

<net id="1329"><net_src comp="1320" pin="1"/><net_sink comp="1324" pin=1"/></net>

<net id="1334"><net_src comp="1324" pin="2"/><net_sink comp="1330" pin=0"/></net>

<net id="1335"><net_src comp="224" pin="0"/><net_sink comp="1330" pin=1"/></net>

<net id="1341"><net_src comp="156" pin="0"/><net_sink comp="1336" pin=0"/></net>

<net id="1342"><net_src comp="158" pin="0"/><net_sink comp="1336" pin=2"/></net>

<net id="1346"><net_src comp="1336" pin="3"/><net_sink comp="1343" pin=0"/></net>

<net id="1352"><net_src comp="160" pin="0"/><net_sink comp="1347" pin=0"/></net>

<net id="1353"><net_src comp="162" pin="0"/><net_sink comp="1347" pin=2"/></net>

<net id="1357"><net_src comp="1347" pin="3"/><net_sink comp="1354" pin=0"/></net>

<net id="1362"><net_src comp="1343" pin="1"/><net_sink comp="1358" pin=0"/></net>

<net id="1363"><net_src comp="1354" pin="1"/><net_sink comp="1358" pin=1"/></net>

<net id="1367"><net_src comp="1358" pin="2"/><net_sink comp="1364" pin=0"/></net>

<net id="1372"><net_src comp="1364" pin="1"/><net_sink comp="1368" pin=0"/></net>

<net id="1373"><net_src comp="226" pin="0"/><net_sink comp="1368" pin=1"/></net>

<net id="1379"><net_src comp="156" pin="0"/><net_sink comp="1374" pin=0"/></net>

<net id="1380"><net_src comp="158" pin="0"/><net_sink comp="1374" pin=2"/></net>

<net id="1384"><net_src comp="1374" pin="3"/><net_sink comp="1381" pin=0"/></net>

<net id="1390"><net_src comp="160" pin="0"/><net_sink comp="1385" pin=0"/></net>

<net id="1391"><net_src comp="162" pin="0"/><net_sink comp="1385" pin=2"/></net>

<net id="1395"><net_src comp="1385" pin="3"/><net_sink comp="1392" pin=0"/></net>

<net id="1400"><net_src comp="1381" pin="1"/><net_sink comp="1396" pin=0"/></net>

<net id="1401"><net_src comp="1392" pin="1"/><net_sink comp="1396" pin=1"/></net>

<net id="1405"><net_src comp="1396" pin="2"/><net_sink comp="1402" pin=0"/></net>

<net id="1410"><net_src comp="1402" pin="1"/><net_sink comp="1406" pin=0"/></net>

<net id="1411"><net_src comp="228" pin="0"/><net_sink comp="1406" pin=1"/></net>

<net id="1420"><net_src comp="220" pin="0"/><net_sink comp="1415" pin=0"/></net>

<net id="1421"><net_src comp="222" pin="0"/><net_sink comp="1415" pin=2"/></net>

<net id="1425"><net_src comp="1415" pin="3"/><net_sink comp="1422" pin=0"/></net>

<net id="1430"><net_src comp="1422" pin="1"/><net_sink comp="1426" pin=0"/></net>

<net id="1431"><net_src comp="1412" pin="1"/><net_sink comp="1426" pin=1"/></net>

<net id="1436"><net_src comp="1426" pin="2"/><net_sink comp="1432" pin=0"/></net>

<net id="1437"><net_src comp="230" pin="0"/><net_sink comp="1432" pin=1"/></net>

<net id="1443"><net_src comp="220" pin="0"/><net_sink comp="1438" pin=0"/></net>

<net id="1444"><net_src comp="222" pin="0"/><net_sink comp="1438" pin=2"/></net>

<net id="1448"><net_src comp="1438" pin="3"/><net_sink comp="1445" pin=0"/></net>

<net id="1454"><net_src comp="156" pin="0"/><net_sink comp="1449" pin=0"/></net>

<net id="1455"><net_src comp="158" pin="0"/><net_sink comp="1449" pin=2"/></net>

<net id="1459"><net_src comp="1449" pin="3"/><net_sink comp="1456" pin=0"/></net>

<net id="1464"><net_src comp="1445" pin="1"/><net_sink comp="1460" pin=0"/></net>

<net id="1465"><net_src comp="1456" pin="1"/><net_sink comp="1460" pin=1"/></net>

<net id="1470"><net_src comp="1460" pin="2"/><net_sink comp="1466" pin=0"/></net>

<net id="1471"><net_src comp="232" pin="0"/><net_sink comp="1466" pin=1"/></net>

<net id="1477"><net_src comp="220" pin="0"/><net_sink comp="1472" pin=0"/></net>

<net id="1478"><net_src comp="222" pin="0"/><net_sink comp="1472" pin=2"/></net>

<net id="1482"><net_src comp="1472" pin="3"/><net_sink comp="1479" pin=0"/></net>

<net id="1488"><net_src comp="156" pin="0"/><net_sink comp="1483" pin=0"/></net>

<net id="1489"><net_src comp="158" pin="0"/><net_sink comp="1483" pin=2"/></net>

<net id="1493"><net_src comp="1483" pin="3"/><net_sink comp="1490" pin=0"/></net>

<net id="1498"><net_src comp="1479" pin="1"/><net_sink comp="1494" pin=0"/></net>

<net id="1499"><net_src comp="1490" pin="1"/><net_sink comp="1494" pin=1"/></net>

<net id="1504"><net_src comp="1494" pin="2"/><net_sink comp="1500" pin=0"/></net>

<net id="1505"><net_src comp="234" pin="0"/><net_sink comp="1500" pin=1"/></net>

<net id="1511"><net_src comp="220" pin="0"/><net_sink comp="1506" pin=0"/></net>

<net id="1512"><net_src comp="222" pin="0"/><net_sink comp="1506" pin=2"/></net>

<net id="1516"><net_src comp="1506" pin="3"/><net_sink comp="1513" pin=0"/></net>

<net id="1522"><net_src comp="160" pin="0"/><net_sink comp="1517" pin=0"/></net>

<net id="1523"><net_src comp="162" pin="0"/><net_sink comp="1517" pin=2"/></net>

<net id="1527"><net_src comp="1517" pin="3"/><net_sink comp="1524" pin=0"/></net>

<net id="1532"><net_src comp="1513" pin="1"/><net_sink comp="1528" pin=0"/></net>

<net id="1533"><net_src comp="1524" pin="1"/><net_sink comp="1528" pin=1"/></net>

<net id="1538"><net_src comp="1528" pin="2"/><net_sink comp="1534" pin=0"/></net>

<net id="1539"><net_src comp="236" pin="0"/><net_sink comp="1534" pin=1"/></net>

<net id="1545"><net_src comp="220" pin="0"/><net_sink comp="1540" pin=0"/></net>

<net id="1546"><net_src comp="222" pin="0"/><net_sink comp="1540" pin=2"/></net>

<net id="1550"><net_src comp="1540" pin="3"/><net_sink comp="1547" pin=0"/></net>

<net id="1556"><net_src comp="156" pin="0"/><net_sink comp="1551" pin=0"/></net>

<net id="1557"><net_src comp="158" pin="0"/><net_sink comp="1551" pin=2"/></net>

<net id="1561"><net_src comp="1551" pin="3"/><net_sink comp="1558" pin=0"/></net>

<net id="1566"><net_src comp="1547" pin="1"/><net_sink comp="1562" pin=0"/></net>

<net id="1567"><net_src comp="1558" pin="1"/><net_sink comp="1562" pin=1"/></net>

<net id="1572"><net_src comp="1562" pin="2"/><net_sink comp="1568" pin=0"/></net>

<net id="1573"><net_src comp="238" pin="0"/><net_sink comp="1568" pin=1"/></net>

<net id="1578"><net_src comp="326" pin="1"/><net_sink comp="1574" pin=0"/></net>

<net id="1579"><net_src comp="240" pin="0"/><net_sink comp="1574" pin=1"/></net>

<net id="1586"><net_src comp="146" pin="0"/><net_sink comp="1580" pin=0"/></net>

<net id="1587"><net_src comp="1574" pin="2"/><net_sink comp="1580" pin=1"/></net>

<net id="1588"><net_src comp="108" pin="0"/><net_sink comp="1580" pin=2"/></net>

<net id="1589"><net_src comp="148" pin="0"/><net_sink comp="1580" pin=3"/></net>

<net id="1595"><net_src comp="220" pin="0"/><net_sink comp="1590" pin=0"/></net>

<net id="1596"><net_src comp="222" pin="0"/><net_sink comp="1590" pin=2"/></net>

<net id="1600"><net_src comp="1590" pin="3"/><net_sink comp="1597" pin=0"/></net>

<net id="1606"><net_src comp="100" pin="0"/><net_sink comp="1601" pin=0"/></net>

<net id="1607"><net_src comp="102" pin="0"/><net_sink comp="1601" pin=2"/></net>

<net id="1611"><net_src comp="1601" pin="3"/><net_sink comp="1608" pin=0"/></net>

<net id="1616"><net_src comp="1597" pin="1"/><net_sink comp="1612" pin=0"/></net>

<net id="1617"><net_src comp="1608" pin="1"/><net_sink comp="1612" pin=1"/></net>

<net id="1622"><net_src comp="1612" pin="2"/><net_sink comp="1618" pin=0"/></net>

<net id="1623"><net_src comp="242" pin="0"/><net_sink comp="1618" pin=1"/></net>

<net id="1629"><net_src comp="220" pin="0"/><net_sink comp="1624" pin=0"/></net>

<net id="1630"><net_src comp="222" pin="0"/><net_sink comp="1624" pin=2"/></net>

<net id="1634"><net_src comp="1624" pin="3"/><net_sink comp="1631" pin=0"/></net>

<net id="1640"><net_src comp="100" pin="0"/><net_sink comp="1635" pin=0"/></net>

<net id="1641"><net_src comp="102" pin="0"/><net_sink comp="1635" pin=2"/></net>

<net id="1645"><net_src comp="1635" pin="3"/><net_sink comp="1642" pin=0"/></net>

<net id="1650"><net_src comp="1631" pin="1"/><net_sink comp="1646" pin=0"/></net>

<net id="1651"><net_src comp="1642" pin="1"/><net_sink comp="1646" pin=1"/></net>

<net id="1656"><net_src comp="1646" pin="2"/><net_sink comp="1652" pin=0"/></net>

<net id="1657"><net_src comp="244" pin="0"/><net_sink comp="1652" pin=1"/></net>

<net id="1661"><net_src comp="1658" pin="1"/><net_sink comp="317" pin=0"/></net>

<net id="1668"><net_src comp="196" pin="0"/><net_sink comp="1662" pin=0"/></net>

<net id="1669"><net_src comp="1368" pin="2"/><net_sink comp="1662" pin=1"/></net>

<net id="1670"><net_src comp="108" pin="0"/><net_sink comp="1662" pin=2"/></net>

<net id="1671"><net_src comp="198" pin="0"/><net_sink comp="1662" pin=3"/></net>

<net id="1678"><net_src comp="196" pin="0"/><net_sink comp="1672" pin=0"/></net>

<net id="1679"><net_src comp="1406" pin="2"/><net_sink comp="1672" pin=1"/></net>

<net id="1680"><net_src comp="108" pin="0"/><net_sink comp="1672" pin=2"/></net>

<net id="1681"><net_src comp="198" pin="0"/><net_sink comp="1672" pin=3"/></net>

<net id="1688"><net_src comp="196" pin="0"/><net_sink comp="1682" pin=0"/></net>

<net id="1689"><net_src comp="1432" pin="2"/><net_sink comp="1682" pin=1"/></net>

<net id="1690"><net_src comp="108" pin="0"/><net_sink comp="1682" pin=2"/></net>

<net id="1691"><net_src comp="198" pin="0"/><net_sink comp="1682" pin=3"/></net>

<net id="1698"><net_src comp="196" pin="0"/><net_sink comp="1692" pin=0"/></net>

<net id="1699"><net_src comp="1466" pin="2"/><net_sink comp="1692" pin=1"/></net>

<net id="1700"><net_src comp="108" pin="0"/><net_sink comp="1692" pin=2"/></net>

<net id="1701"><net_src comp="198" pin="0"/><net_sink comp="1692" pin=3"/></net>

<net id="1708"><net_src comp="196" pin="0"/><net_sink comp="1702" pin=0"/></net>

<net id="1709"><net_src comp="1500" pin="2"/><net_sink comp="1702" pin=1"/></net>

<net id="1710"><net_src comp="108" pin="0"/><net_sink comp="1702" pin=2"/></net>

<net id="1711"><net_src comp="198" pin="0"/><net_sink comp="1702" pin=3"/></net>

<net id="1718"><net_src comp="196" pin="0"/><net_sink comp="1712" pin=0"/></net>

<net id="1719"><net_src comp="1534" pin="2"/><net_sink comp="1712" pin=1"/></net>

<net id="1720"><net_src comp="108" pin="0"/><net_sink comp="1712" pin=2"/></net>

<net id="1721"><net_src comp="198" pin="0"/><net_sink comp="1712" pin=3"/></net>

<net id="1728"><net_src comp="196" pin="0"/><net_sink comp="1722" pin=0"/></net>

<net id="1729"><net_src comp="1568" pin="2"/><net_sink comp="1722" pin=1"/></net>

<net id="1730"><net_src comp="108" pin="0"/><net_sink comp="1722" pin=2"/></net>

<net id="1731"><net_src comp="198" pin="0"/><net_sink comp="1722" pin=3"/></net>

<net id="1738"><net_src comp="196" pin="0"/><net_sink comp="1732" pin=0"/></net>

<net id="1739"><net_src comp="1618" pin="2"/><net_sink comp="1732" pin=1"/></net>

<net id="1740"><net_src comp="108" pin="0"/><net_sink comp="1732" pin=2"/></net>

<net id="1741"><net_src comp="198" pin="0"/><net_sink comp="1732" pin=3"/></net>

<net id="1748"><net_src comp="196" pin="0"/><net_sink comp="1742" pin=0"/></net>

<net id="1749"><net_src comp="1652" pin="2"/><net_sink comp="1742" pin=1"/></net>

<net id="1750"><net_src comp="108" pin="0"/><net_sink comp="1742" pin=2"/></net>

<net id="1751"><net_src comp="198" pin="0"/><net_sink comp="1742" pin=3"/></net>

<net id="1758"><net_src comp="196" pin="0"/><net_sink comp="1752" pin=0"/></net>

<net id="1759"><net_src comp="1330" pin="2"/><net_sink comp="1752" pin=1"/></net>

<net id="1760"><net_src comp="108" pin="0"/><net_sink comp="1752" pin=2"/></net>

<net id="1761"><net_src comp="198" pin="0"/><net_sink comp="1752" pin=3"/></net>

<net id="1769"><net_src comp="332" pin="1"/><net_sink comp="1765" pin=0"/></net>

<net id="1770"><net_src comp="264" pin="0"/><net_sink comp="1765" pin=1"/></net>

<net id="1777"><net_src comp="196" pin="0"/><net_sink comp="1771" pin=0"/></net>

<net id="1778"><net_src comp="1765" pin="2"/><net_sink comp="1771" pin=1"/></net>

<net id="1779"><net_src comp="108" pin="0"/><net_sink comp="1771" pin=2"/></net>

<net id="1780"><net_src comp="198" pin="0"/><net_sink comp="1771" pin=3"/></net>

<net id="1788"><net_src comp="266" pin="0"/><net_sink comp="1781" pin=0"/></net>

<net id="1792"><net_src comp="1781" pin="5"/><net_sink comp="1789" pin=0"/></net>

<net id="1798"><net_src comp="268" pin="0"/><net_sink comp="1793" pin=0"/></net>

<net id="1799"><net_src comp="1789" pin="1"/><net_sink comp="1793" pin=2"/></net>

<net id="1803"><net_src comp="1793" pin="3"/><net_sink comp="1800" pin=0"/></net>

<net id="1809"><net_src comp="270" pin="0"/><net_sink comp="1804" pin=0"/></net>

<net id="1810"><net_src comp="1800" pin="1"/><net_sink comp="1804" pin=2"/></net>

<net id="1814"><net_src comp="1804" pin="3"/><net_sink comp="1811" pin=0"/></net>

<net id="1820"><net_src comp="272" pin="0"/><net_sink comp="1815" pin=0"/></net>

<net id="1821"><net_src comp="1811" pin="1"/><net_sink comp="1815" pin=2"/></net>

<net id="1825"><net_src comp="1815" pin="3"/><net_sink comp="1822" pin=0"/></net>

<net id="1831"><net_src comp="274" pin="0"/><net_sink comp="1826" pin=0"/></net>

<net id="1832"><net_src comp="1822" pin="1"/><net_sink comp="1826" pin=2"/></net>

<net id="1836"><net_src comp="1826" pin="3"/><net_sink comp="1833" pin=0"/></net>

<net id="1847"><net_src comp="276" pin="0"/><net_sink comp="1837" pin=0"/></net>

<net id="1848"><net_src comp="1833" pin="1"/><net_sink comp="1837" pin=7"/></net>

<net id="1852"><net_src comp="1837" pin="8"/><net_sink comp="1849" pin=0"/></net>

<net id="1858"><net_src comp="278" pin="0"/><net_sink comp="1853" pin=0"/></net>

<net id="1859"><net_src comp="1849" pin="1"/><net_sink comp="1853" pin=2"/></net>

<net id="1863"><net_src comp="1853" pin="3"/><net_sink comp="1860" pin=0"/></net>

<net id="1869"><net_src comp="280" pin="0"/><net_sink comp="1864" pin=0"/></net>

<net id="1870"><net_src comp="1860" pin="1"/><net_sink comp="1864" pin=2"/></net>

<net id="1874"><net_src comp="1864" pin="3"/><net_sink comp="1871" pin=0"/></net>

<net id="1880"><net_src comp="282" pin="0"/><net_sink comp="1875" pin=0"/></net>

<net id="1881"><net_src comp="1871" pin="1"/><net_sink comp="1875" pin=2"/></net>

<net id="1885"><net_src comp="1875" pin="3"/><net_sink comp="1882" pin=0"/></net>

<net id="1891"><net_src comp="284" pin="0"/><net_sink comp="1886" pin=0"/></net>

<net id="1892"><net_src comp="1882" pin="1"/><net_sink comp="1886" pin=2"/></net>

<net id="1896"><net_src comp="1886" pin="3"/><net_sink comp="1893" pin=0"/></net>

<net id="1902"><net_src comp="286" pin="0"/><net_sink comp="1897" pin=0"/></net>

<net id="1903"><net_src comp="1893" pin="1"/><net_sink comp="1897" pin=2"/></net>

<net id="1907"><net_src comp="1897" pin="3"/><net_sink comp="1904" pin=0"/></net>

<net id="1914"><net_src comp="288" pin="0"/><net_sink comp="1908" pin=0"/></net>

<net id="1915"><net_src comp="1904" pin="1"/><net_sink comp="1908" pin=3"/></net>

<net id="1919"><net_src comp="1908" pin="4"/><net_sink comp="1916" pin=0"/></net>

<net id="1926"><net_src comp="290" pin="0"/><net_sink comp="1920" pin=0"/></net>

<net id="1927"><net_src comp="1916" pin="1"/><net_sink comp="1920" pin=3"/></net>

<net id="1931"><net_src comp="1920" pin="4"/><net_sink comp="1928" pin=0"/></net>

<net id="1938"><net_src comp="292" pin="0"/><net_sink comp="1932" pin=0"/></net>

<net id="1939"><net_src comp="1928" pin="1"/><net_sink comp="1932" pin=3"/></net>

<net id="1943"><net_src comp="1932" pin="4"/><net_sink comp="1940" pin=0"/></net>

<net id="1949"><net_src comp="294" pin="0"/><net_sink comp="1944" pin=0"/></net>

<net id="1950"><net_src comp="1940" pin="1"/><net_sink comp="1944" pin=2"/></net>

<net id="1954"><net_src comp="1944" pin="3"/><net_sink comp="1951" pin=0"/></net>

<net id="1961"><net_src comp="296" pin="0"/><net_sink comp="1955" pin=0"/></net>

<net id="1962"><net_src comp="1951" pin="1"/><net_sink comp="1955" pin=3"/></net>

<net id="1966"><net_src comp="1955" pin="4"/><net_sink comp="1963" pin=0"/></net>

<net id="1973"><net_src comp="298" pin="0"/><net_sink comp="1967" pin=0"/></net>

<net id="1974"><net_src comp="1963" pin="1"/><net_sink comp="1967" pin=3"/></net>

<net id="1978"><net_src comp="1967" pin="4"/><net_sink comp="1975" pin=0"/></net>

<net id="1986"><net_src comp="300" pin="0"/><net_sink comp="1979" pin=0"/></net>

<net id="1987"><net_src comp="1771" pin="4"/><net_sink comp="1979" pin=1"/></net>

<net id="1988"><net_src comp="1975" pin="1"/><net_sink comp="1979" pin=3"/></net>

<net id="1989"><net_src comp="1762" pin="1"/><net_sink comp="1979" pin=4"/></net>

<net id="1990"><net_src comp="1979" pin="5"/><net_sink comp="310" pin=2"/></net>

<net id="1994"><net_src comp="354" pin="1"/><net_sink comp="1991" pin=0"/></net>

<net id="1995"><net_src comp="1991" pin="1"/><net_sink comp="724" pin=0"/></net>

<net id="1999"><net_src comp="358" pin="4"/><net_sink comp="1996" pin=0"/></net>

<net id="2000"><net_src comp="1996" pin="1"/><net_sink comp="1658" pin=0"/></net>

<net id="2004"><net_src comp="368" pin="4"/><net_sink comp="2001" pin=0"/></net>

<net id="2005"><net_src comp="2001" pin="1"/><net_sink comp="1144" pin=0"/></net>

<net id="2009"><net_src comp="378" pin="4"/><net_sink comp="2006" pin=0"/></net>

<net id="2010"><net_src comp="2006" pin="1"/><net_sink comp="1158" pin=0"/></net>

<net id="2014"><net_src comp="388" pin="4"/><net_sink comp="2011" pin=0"/></net>

<net id="2015"><net_src comp="2011" pin="1"/><net_sink comp="1178" pin=0"/></net>

<net id="2019"><net_src comp="398" pin="4"/><net_sink comp="2016" pin=0"/></net>

<net id="2020"><net_src comp="2016" pin="1"/><net_sink comp="1412" pin=0"/></net>

<net id="2021"><net_src comp="2016" pin="1"/><net_sink comp="1415" pin=1"/></net>

<net id="2025"><net_src comp="408" pin="4"/><net_sink comp="2022" pin=0"/></net>

<net id="2026"><net_src comp="2022" pin="1"/><net_sink comp="1198" pin=0"/></net>

<net id="2030"><net_src comp="418" pin="4"/><net_sink comp="2027" pin=0"/></net>

<net id="2031"><net_src comp="2027" pin="1"/><net_sink comp="1218" pin=0"/></net>

<net id="2035"><net_src comp="428" pin="4"/><net_sink comp="2032" pin=0"/></net>

<net id="2036"><net_src comp="2032" pin="1"/><net_sink comp="942" pin=0"/></net>

<net id="2037"><net_src comp="2032" pin="1"/><net_sink comp="945" pin=1"/></net>

<net id="2041"><net_src comp="438" pin="4"/><net_sink comp="2038" pin=0"/></net>

<net id="2042"><net_src comp="2038" pin="1"/><net_sink comp="1238" pin=0"/></net>

<net id="2046"><net_src comp="448" pin="4"/><net_sink comp="2043" pin=0"/></net>

<net id="2047"><net_src comp="2043" pin="1"/><net_sink comp="1026" pin=0"/></net>

<net id="2048"><net_src comp="2043" pin="1"/><net_sink comp="1029" pin=1"/></net>

<net id="2052"><net_src comp="458" pin="4"/><net_sink comp="2049" pin=0"/></net>

<net id="2053"><net_src comp="2049" pin="1"/><net_sink comp="1248" pin=0"/></net>

<net id="2057"><net_src comp="468" pin="4"/><net_sink comp="2054" pin=0"/></net>

<net id="2058"><net_src comp="2054" pin="1"/><net_sink comp="1268" pin=0"/></net>

<net id="2062"><net_src comp="478" pin="4"/><net_sink comp="2059" pin=0"/></net>

<net id="2063"><net_src comp="2059" pin="1"/><net_sink comp="1298" pin=0"/></net>

<net id="2067"><net_src comp="488" pin="4"/><net_sink comp="2064" pin=0"/></net>

<net id="2068"><net_src comp="2064" pin="1"/><net_sink comp="1302" pin=1"/></net>

<net id="2069"><net_src comp="2064" pin="1"/><net_sink comp="1313" pin=1"/></net>

<net id="2073"><net_src comp="498" pin="4"/><net_sink comp="2070" pin=0"/></net>

<net id="2074"><net_src comp="2070" pin="1"/><net_sink comp="728" pin=1"/></net>

<net id="2075"><net_src comp="2070" pin="1"/><net_sink comp="739" pin=1"/></net>

<net id="2079"><net_src comp="508" pin="4"/><net_sink comp="2076" pin=0"/></net>

<net id="2080"><net_src comp="2076" pin="1"/><net_sink comp="762" pin=1"/></net>

<net id="2081"><net_src comp="2076" pin="1"/><net_sink comp="773" pin=1"/></net>

<net id="2085"><net_src comp="518" pin="4"/><net_sink comp="2082" pin=0"/></net>

<net id="2086"><net_src comp="2082" pin="1"/><net_sink comp="806" pin=1"/></net>

<net id="2087"><net_src comp="2082" pin="1"/><net_sink comp="817" pin=1"/></net>

<net id="2091"><net_src comp="528" pin="4"/><net_sink comp="2088" pin=0"/></net>

<net id="2092"><net_src comp="2088" pin="1"/><net_sink comp="1336" pin=1"/></net>

<net id="2093"><net_src comp="2088" pin="1"/><net_sink comp="1347" pin=1"/></net>

<net id="2097"><net_src comp="538" pin="4"/><net_sink comp="2094" pin=0"/></net>

<net id="2098"><net_src comp="2094" pin="1"/><net_sink comp="1374" pin=1"/></net>

<net id="2099"><net_src comp="2094" pin="1"/><net_sink comp="1385" pin=1"/></net>

<net id="2103"><net_src comp="548" pin="4"/><net_sink comp="2100" pin=0"/></net>

<net id="2104"><net_src comp="2100" pin="1"/><net_sink comp="1438" pin=1"/></net>

<net id="2105"><net_src comp="2100" pin="1"/><net_sink comp="1449" pin=1"/></net>

<net id="2109"><net_src comp="558" pin="4"/><net_sink comp="2106" pin=0"/></net>

<net id="2110"><net_src comp="2106" pin="1"/><net_sink comp="1472" pin=1"/></net>

<net id="2111"><net_src comp="2106" pin="1"/><net_sink comp="1483" pin=1"/></net>

<net id="2115"><net_src comp="568" pin="4"/><net_sink comp="2112" pin=0"/></net>

<net id="2116"><net_src comp="2112" pin="1"/><net_sink comp="850" pin=1"/></net>

<net id="2117"><net_src comp="2112" pin="1"/><net_sink comp="861" pin=1"/></net>

<net id="2121"><net_src comp="606" pin="4"/><net_sink comp="2118" pin=0"/></net>

<net id="2122"><net_src comp="2118" pin="1"/><net_sink comp="1864" pin=1"/></net>

<net id="2126"><net_src comp="616" pin="4"/><net_sink comp="2123" pin=0"/></net>

<net id="2127"><net_src comp="2123" pin="1"/><net_sink comp="894" pin=1"/></net>

<net id="2128"><net_src comp="2123" pin="1"/><net_sink comp="905" pin=1"/></net>

<net id="2132"><net_src comp="626" pin="4"/><net_sink comp="2129" pin=0"/></net>

<net id="2133"><net_src comp="2129" pin="1"/><net_sink comp="982" pin=1"/></net>

<net id="2134"><net_src comp="2129" pin="1"/><net_sink comp="993" pin=1"/></net>

<net id="2138"><net_src comp="636" pin="4"/><net_sink comp="2135" pin=0"/></net>

<net id="2139"><net_src comp="2135" pin="1"/><net_sink comp="1506" pin=1"/></net>

<net id="2140"><net_src comp="2135" pin="1"/><net_sink comp="1517" pin=1"/></net>

<net id="2144"><net_src comp="646" pin="4"/><net_sink comp="2141" pin=0"/></net>

<net id="2145"><net_src comp="2141" pin="1"/><net_sink comp="1066" pin=1"/></net>

<net id="2146"><net_src comp="2141" pin="1"/><net_sink comp="1077" pin=1"/></net>

<net id="2150"><net_src comp="656" pin="4"/><net_sink comp="2147" pin=0"/></net>

<net id="2151"><net_src comp="2147" pin="1"/><net_sink comp="1540" pin=1"/></net>

<net id="2152"><net_src comp="2147" pin="1"/><net_sink comp="1551" pin=1"/></net>

<net id="2156"><net_src comp="666" pin="4"/><net_sink comp="2153" pin=0"/></net>

<net id="2157"><net_src comp="2153" pin="1"/><net_sink comp="1590" pin=1"/></net>

<net id="2158"><net_src comp="2153" pin="1"/><net_sink comp="1601" pin=1"/></net>

<net id="2162"><net_src comp="704" pin="4"/><net_sink comp="2159" pin=0"/></net>

<net id="2163"><net_src comp="2159" pin="1"/><net_sink comp="1967" pin=1"/></net>

<net id="2167"><net_src comp="714" pin="4"/><net_sink comp="2164" pin=0"/></net>

<net id="2168"><net_src comp="2164" pin="1"/><net_sink comp="1624" pin=1"/></net>

<net id="2169"><net_src comp="2164" pin="1"/><net_sink comp="1635" pin=1"/></net>

<net id="2173"><net_src comp="796" pin="4"/><net_sink comp="2170" pin=0"/></net>

<net id="2174"><net_src comp="2170" pin="1"/><net_sink comp="1804" pin=1"/></net>

<net id="2178"><net_src comp="840" pin="4"/><net_sink comp="2175" pin=0"/></net>

<net id="2179"><net_src comp="2175" pin="1"/><net_sink comp="1826" pin=1"/></net>

<net id="2183"><net_src comp="884" pin="4"/><net_sink comp="2180" pin=0"/></net>

<net id="2184"><net_src comp="2180" pin="1"/><net_sink comp="1837" pin=1"/></net>

<net id="2188"><net_src comp="932" pin="4"/><net_sink comp="2185" pin=0"/></net>

<net id="2189"><net_src comp="2185" pin="1"/><net_sink comp="1886" pin=1"/></net>

<net id="2193"><net_src comp="972" pin="4"/><net_sink comp="2190" pin=0"/></net>

<net id="2194"><net_src comp="2190" pin="1"/><net_sink comp="1897" pin=1"/></net>

<net id="2198"><net_src comp="1016" pin="4"/><net_sink comp="2195" pin=0"/></net>

<net id="2199"><net_src comp="2195" pin="1"/><net_sink comp="1908" pin=1"/></net>

<net id="2203"><net_src comp="1056" pin="4"/><net_sink comp="2200" pin=0"/></net>

<net id="2204"><net_src comp="2200" pin="1"/><net_sink comp="1920" pin=1"/></net>

<net id="2208"><net_src comp="1100" pin="4"/><net_sink comp="2205" pin=0"/></net>

<net id="2209"><net_src comp="2205" pin="1"/><net_sink comp="1944" pin=1"/></net>

<net id="2213"><net_src comp="1110" pin="3"/><net_sink comp="2210" pin=0"/></net>

<net id="2214"><net_src comp="2210" pin="1"/><net_sink comp="1781" pin=2"/></net>

<net id="2218"><net_src comp="1118" pin="4"/><net_sink comp="2215" pin=0"/></net>

<net id="2219"><net_src comp="2215" pin="1"/><net_sink comp="1781" pin=1"/></net>

<net id="2223"><net_src comp="1134" pin="4"/><net_sink comp="2220" pin=0"/></net>

<net id="2224"><net_src comp="2220" pin="1"/><net_sink comp="1762" pin=0"/></net>

<net id="2228"><net_src comp="1148" pin="4"/><net_sink comp="2225" pin=0"/></net>

<net id="2229"><net_src comp="2225" pin="1"/><net_sink comp="1781" pin=3"/></net>

<net id="2233"><net_src comp="1168" pin="4"/><net_sink comp="2230" pin=0"/></net>

<net id="2234"><net_src comp="2230" pin="1"/><net_sink comp="1793" pin=1"/></net>

<net id="2238"><net_src comp="1188" pin="4"/><net_sink comp="2235" pin=0"/></net>

<net id="2239"><net_src comp="2235" pin="1"/><net_sink comp="1815" pin=1"/></net>

<net id="2243"><net_src comp="1208" pin="4"/><net_sink comp="2240" pin=0"/></net>

<net id="2244"><net_src comp="2240" pin="1"/><net_sink comp="1853" pin=1"/></net>

<net id="2248"><net_src comp="1228" pin="4"/><net_sink comp="2245" pin=0"/></net>

<net id="2249"><net_src comp="2245" pin="1"/><net_sink comp="1875" pin=1"/></net>

<net id="2253"><net_src comp="1252" pin="4"/><net_sink comp="2250" pin=0"/></net>

<net id="2254"><net_src comp="2250" pin="1"/><net_sink comp="1908" pin=2"/></net>

<net id="2258"><net_src comp="1272" pin="4"/><net_sink comp="2255" pin=0"/></net>

<net id="2259"><net_src comp="2255" pin="1"/><net_sink comp="1932" pin=2"/></net>

<net id="2263"><net_src comp="1288" pin="4"/><net_sink comp="2260" pin=0"/></net>

<net id="2264"><net_src comp="2260" pin="1"/><net_sink comp="1932" pin=1"/></net>

<net id="2268"><net_src comp="1580" pin="4"/><net_sink comp="2265" pin=0"/></net>

<net id="2269"><net_src comp="2265" pin="1"/><net_sink comp="1955" pin=1"/></net>

<net id="2273"><net_src comp="1662" pin="4"/><net_sink comp="2270" pin=0"/></net>

<net id="2274"><net_src comp="2270" pin="1"/><net_sink comp="1837" pin=6"/></net>

<net id="2278"><net_src comp="1672" pin="4"/><net_sink comp="2275" pin=0"/></net>

<net id="2279"><net_src comp="2275" pin="1"/><net_sink comp="1837" pin=5"/></net>

<net id="2283"><net_src comp="1682" pin="4"/><net_sink comp="2280" pin=0"/></net>

<net id="2284"><net_src comp="2280" pin="1"/><net_sink comp="1837" pin=4"/></net>

<net id="2288"><net_src comp="1692" pin="4"/><net_sink comp="2285" pin=0"/></net>

<net id="2289"><net_src comp="2285" pin="1"/><net_sink comp="1837" pin=3"/></net>

<net id="2293"><net_src comp="1702" pin="4"/><net_sink comp="2290" pin=0"/></net>

<net id="2294"><net_src comp="2290" pin="1"/><net_sink comp="1837" pin=2"/></net>

<net id="2298"><net_src comp="1712" pin="4"/><net_sink comp="2295" pin=0"/></net>

<net id="2299"><net_src comp="2295" pin="1"/><net_sink comp="1920" pin=2"/></net>

<net id="2303"><net_src comp="1722" pin="4"/><net_sink comp="2300" pin=0"/></net>

<net id="2304"><net_src comp="2300" pin="1"/><net_sink comp="1955" pin=2"/></net>

<net id="2308"><net_src comp="1732" pin="4"/><net_sink comp="2305" pin=0"/></net>

<net id="2309"><net_src comp="2305" pin="1"/><net_sink comp="1967" pin=2"/></net>

<net id="2313"><net_src comp="1742" pin="4"/><net_sink comp="2310" pin=0"/></net>

<net id="2314"><net_src comp="2310" pin="1"/><net_sink comp="1979" pin=2"/></net>

<net id="2318"><net_src comp="1752" pin="4"/><net_sink comp="2315" pin=0"/></net>

<net id="2319"><net_src comp="2315" pin="1"/><net_sink comp="1781" pin=4"/></net>

</net_list>

</model> 
---------------- Datapath Model END ------------------

* FSMD analyzer results:
  - Output states:
	Port: layer4_out | {13 }
 - Input state : 
	Port: normalize<array<ap_fixed,32u>,array<ap_fixed<8,2,5,3,0>,32u>,config4> : layer2_out | {1 }
  - Chain level:
	State 1
		r_V_17 : 1
		sext_ln1270_5 : 2
		add_ln1347 : 3
		trunc_ln818_8 : 4
		r_V_32 : 1
		sext_ln1270_11 : 2
		add_ln1347_14 : 3
		trunc_ln818_16 : 4
	State 2
		r_V_1 : 1
		sext_ln1273_2 : 1
		sext_ln1273_3 : 1
		r_V_5 : 2
		ret_V_2 : 3
		sext_ln1273_4 : 1
		sext_ln1273_5 : 1
		r_V_7 : 2
		ret_V_4 : 3
		trunc_ln818_3 : 4
		sext_ln1273_6 : 1
		sext_ln1273_7 : 1
		r_V_9 : 2
		ret_V_6 : 3
		trunc_ln818_5 : 4
		sext_ln1273_17 : 1
		sext_ln1273_18 : 1
		r_V_15 : 2
		ret_V_12 : 3
		trunc_ln818_6 : 4
		sext_ln1273_19 : 1
		sext_ln1347_1 : 1
		add_ln1347_18 : 2
		sext_ln1347_2 : 3
		ret_V_15 : 4
		trunc_ln818_s : 5
		sext_ln1273_20 : 1
		add_ln1347_20 : 1
		zext_ln1347 : 2
		ret_V_16 : 3
		trunc_ln818_10 : 4
		sext_ln1273_21 : 1
		sext_ln1273_22 : 1
		r_V_22 : 2
		ret_V_18 : 3
		trunc_ln818_11 : 4
		sext_ln1273_25 : 1
		add_ln1347_25 : 1
		sext_ln1347_4 : 2
		ret_V_20 : 3
		trunc_ln818_12 : 4
		sext_ln1273_26 : 1
		sext_ln1273_27 : 1
		r_V_28 : 2
		ret_V_23 : 3
		trunc_ln818_14 : 4
		tmp_1 : 3
		tmp_s : 4
	State 3
		trunc_ln : 1
		r_V_4 : 1
		trunc_ln818_1 : 2
	State 4
		mul_ln1270 : 1
	State 5
		trunc_ln818_2 : 1
		mul_ln1347 : 1
	State 6
		trunc_ln818_4 : 1
		mul_ln1270_1 : 1
	State 7
		trunc_ln818_7 : 1
		r_V_19 : 1
	State 8
		trunc_ln818_9 : 1
		mul_ln1347_1 : 1
	State 9
		mul_ln1347_2 : 1
		trunc_ln46_7 : 1
	State 10
		r_V_27 : 1
		trunc_ln46_9 : 1
	State 11
		trunc_ln818_13 : 1
		mul_ln1270_2 : 1
	State 12
		sext_ln1273 : 1
		sext_ln1273_1 : 1
		r_V_2 : 2
		ret_V_1 : 3
		sext_ln1273_8 : 1
		sext_ln1273_9 : 1
		r_V_10 : 2
		sext_ln813 : 3
		ret_V_7 : 4
		sext_ln1273_10 : 1
		sext_ln1273_11 : 1
		r_V_11 : 2
		sext_ln813_1 : 3
		ret_V_8 : 4
		sext_ln1273_12 : 1
		add_ln1347_10 : 2
		ret_V_9 : 3
		sext_ln1273_13 : 1
		sext_ln1273_14 : 1
		r_V_13 : 2
		ret_V_10 : 3
		sext_ln1273_15 : 1
		sext_ln1273_16 : 1
		r_V_14 : 2
		ret_V_11 : 3
		sext_ln1273_23 : 1
		sext_ln1273_24 : 1
		r_V_23 : 2
		ret_V_19 : 3
		sext_ln1273_28 : 1
		sext_ln1273_29 : 1
		r_V_29 : 2
		ret_V_24 : 3
		trunc_ln818_15 : 1
		sext_ln1273_30 : 1
		sext_ln1273_31 : 1
		r_V_31 : 2
		ret_V_26 : 3
		sext_ln1273_32 : 1
		sext_ln1273_33 : 1
		r_V_33 : 2
		ret_V_27 : 3
		mul_ln1347_3 : 1
		trunc_ln46_2 : 5
		trunc_ln46_3 : 5
		trunc_ln46_4 : 4
		trunc_ln46_5 : 4
		trunc_ln46_6 : 4
		trunc_ln46_8 : 4
		trunc_ln46_s : 4
		trunc_ln46_1 : 4
		trunc_ln46_10 : 4
		tmp_31 : 4
	State 13
		trunc_ln46_11 : 1
		sext_ln46 : 1
		tmp_33 : 2
		sext_ln46_1 : 3
		tmp_34 : 4
		sext_ln46_2 : 5
		tmp_35 : 6
		sext_ln46_3 : 7
		tmp_36 : 8
		sext_ln46_4 : 9
		tmp_37 : 10
		sext_ln46_5 : 11
		tmp_38 : 12
		sext_ln46_6 : 13
		tmp_39 : 14
		sext_ln46_7 : 15
		tmp_40 : 16
		sext_ln46_8 : 17
		tmp_41 : 18
		sext_ln46_9 : 19
		tmp_42 : 20
		sext_ln46_10 : 21
		tmp_43 : 22
		sext_ln46_11 : 23
		tmp_44 : 24
		sext_ln46_12 : 25
		tmp_45 : 26
		sext_ln46_13 : 27
		tmp_46 : 28
		sext_ln46_14 : 29
		tmp_47 : 30
		sext_ln46_15 : 31
		tmp_48 : 32
		sext_ln46_16 : 33
		p_0 : 34
		write_ln46 : 35


============================================================
+ Verbose Summary: Datapath Resource usage 
============================================================

* Functional unit list:
|----------|-----------------------------|---------|---------|---------|
| Operation|       Functional Unit       |   DSP   |    FF   |   LUT   |
|----------|-----------------------------|---------|---------|---------|
|          |      add_ln1347_fu_600      |    0    |    0    |    13   |
|          |     add_ln1347_14_fu_698    |    0    |    0    |    12   |
|          |        ret_V_2_fu_756       |    0    |    0    |    12   |
|          |        ret_V_4_fu_790       |    0    |    0    |    13   |
|          |        ret_V_6_fu_834       |    0    |    0    |    12   |
|          |       ret_V_12_fu_878       |    0    |    0    |    13   |
|          |     add_ln1347_18_fu_916    |    0    |    0    |    14   |
|          |       ret_V_15_fu_926       |    0    |    0    |    12   |
|          |     add_ln1347_20_fu_956    |    0    |    0    |    14   |
|          |       ret_V_16_fu_966       |    0    |    0    |    12   |
|          |       ret_V_18_fu_1010      |    0    |    0    |    13   |
|          |    add_ln1347_25_fu_1040    |    0    |    0    |    12   |
|          |       ret_V_20_fu_1050      |    0    |    0    |    12   |
|          |       ret_V_23_fu_1094      |    0    |    0    |    13   |
|          |        ret_V_fu_1128        |    0    |    0    |    14   |
|          |       ret_V_3_fu_1162       |    0    |    0    |    14   |
|          |       ret_V_5_fu_1182       |    0    |    0    |    12   |
|          |       ret_V_13_fu_1202      |    0    |    0    |    14   |
|    add   |       ret_V_14_fu_1222      |    0    |    0    |    14   |
|          |       ret_V_17_fu_1242      |    0    |    0    |    17   |
|          |       ret_V_21_fu_1262      |    0    |    0    |    17   |
|          |       ret_V_22_fu_1282      |    0    |    0    |    14   |
|          |       ret_V_1_fu_1330       |    0    |    0    |    14   |
|          |        r_V_10_fu_1358       |    0    |    0    |    12   |
|          |       ret_V_7_fu_1368       |    0    |    0    |    14   |
|          |        r_V_11_fu_1396       |    0    |    0    |    12   |
|          |       ret_V_8_fu_1406       |    0    |    0    |    14   |
|          |    add_ln1347_10_fu_1426    |    0    |    0    |    13   |
|          |       ret_V_9_fu_1432       |    0    |    0    |    14   |
|          |       ret_V_10_fu_1466      |    0    |    0    |    14   |
|          |       ret_V_11_fu_1500      |    0    |    0    |    14   |
|          |       ret_V_19_fu_1534      |    0    |    0    |    14   |
|          |       ret_V_24_fu_1568      |    0    |    0    |    14   |
|          |       ret_V_25_fu_1574      |    0    |    0    |    14   |
|          |       ret_V_26_fu_1618      |    0    |    0    |    14   |
|          |       ret_V_27_fu_1652      |    0    |    0    |    14   |
|          |       ret_V_28_fu_1765      |    0    |    0    |    17   |
|----------|-----------------------------|---------|---------|---------|
|          |         r_V_5_fu_750        |    0    |    0    |    12   |
|          |         r_V_7_fu_784        |    0    |    0    |    12   |
|          |         r_V_9_fu_828        |    0    |    0    |    11   |
|          |        r_V_15_fu_872        |    0    |    0    |    12   |
|          |        r_V_22_fu_1004       |    0    |    0    |    12   |
|          |        r_V_28_fu_1088       |    0    |    0    |    12   |
|    sub   |        r_V_2_fu_1324        |    0    |    0    |    13   |
|          |        r_V_13_fu_1460       |    0    |    0    |    13   |
|          |        r_V_14_fu_1494       |    0    |    0    |    13   |
|          |        r_V_23_fu_1528       |    0    |    0    |    13   |
|          |        r_V_29_fu_1562       |    0    |    0    |    13   |
|          |        r_V_31_fu_1612       |    0    |    0    |    13   |
|          |        r_V_33_fu_1646       |    0    |    0    |    13   |
|----------|-----------------------------|---------|---------|---------|
|    mul   |          grp_fu_317         |    0    |    0    |    41   |
|----------|-----------------------------|---------|---------|---------|
|   read   | layer2_out_read_read_fu_304 |    0    |    0    |    0    |
|----------|-----------------------------|---------|---------|---------|
|   write  |   write_ln46_write_fu_310   |    0    |    0    |    0    |
|----------|-----------------------------|---------|---------|---------|
|   trunc  |          a_V_fu_354         |    0    |    0    |    0    |
|----------|-----------------------------|---------|---------|---------|
|          |        a_V_13_fu_358        |    0    |    0    |    0    |
|          |         a_V_1_fu_368        |    0    |    0    |    0    |
|          |         a_V_2_fu_378        |    0    |    0    |    0    |
|          |         a_V_3_fu_388        |    0    |    0    |    0    |
|          |         a_V_4_fu_398        |    0    |    0    |    0    |
|          |         a_V_5_fu_408        |    0    |    0    |    0    |
|          |         a_V_6_fu_418        |    0    |    0    |    0    |
|          |         a_V_7_fu_428        |    0    |    0    |    0    |
|          |         a_V_8_fu_438        |    0    |    0    |    0    |
|          |         a_V_9_fu_448        |    0    |    0    |    0    |
|          |        a_V_10_fu_458        |    0    |    0    |    0    |
|          |        a_V_11_fu_468        |    0    |    0    |    0    |
|          |        a_V_12_fu_478        |    0    |    0    |    0    |
|          |          tmp_fu_488         |    0    |    0    |    0    |
|          |         tmp_2_fu_498        |    0    |    0    |    0    |
|          |         tmp_4_fu_508        |    0    |    0    |    0    |
|          |         tmp_6_fu_518        |    0    |    0    |    0    |
|          |         tmp_8_fu_528        |    0    |    0    |    0    |
|          |        tmp_10_fu_538        |    0    |    0    |    0    |
|          |        tmp_13_fu_548        |    0    |    0    |    0    |
|          |        tmp_15_fu_558        |    0    |    0    |    0    |
|          |        tmp_17_fu_568        |    0    |    0    |    0    |
|          |        tmp_19_fu_578        |    0    |    0    |    0    |
|          |     trunc_ln818_8_fu_606    |    0    |    0    |    0    |
|          |        tmp_20_fu_616        |    0    |    0    |    0    |
|          |        tmp_23_fu_626        |    0    |    0    |    0    |
|          |        tmp_25_fu_636        |    0    |    0    |    0    |
|          |        tmp_26_fu_646        |    0    |    0    |    0    |
|          |        tmp_27_fu_656        |    0    |    0    |    0    |
|          |        tmp_28_fu_666        |    0    |    0    |    0    |
|          |        tmp_29_fu_676        |    0    |    0    |    0    |
|partselect|    trunc_ln818_16_fu_704    |    0    |    0    |    0    |
|          |        tmp_30_fu_714        |    0    |    0    |    0    |
|          |     trunc_ln818_3_fu_796    |    0    |    0    |    0    |
|          |     trunc_ln818_5_fu_840    |    0    |    0    |    0    |
|          |     trunc_ln818_6_fu_884    |    0    |    0    |    0    |
|          |     trunc_ln818_s_fu_932    |    0    |    0    |    0    |
|          |    trunc_ln818_10_fu_972    |    0    |    0    |    0    |
|          |    trunc_ln818_11_fu_1016   |    0    |    0    |    0    |
|          |    trunc_ln818_12_fu_1056   |    0    |    0    |    0    |
|          |    trunc_ln818_14_fu_1100   |    0    |    0    |    0    |
|          |        tmp_s_fu_1118        |    0    |    0    |    0    |
|          |       trunc_ln_fu_1134      |    0    |    0    |    0    |
|          |    trunc_ln818_1_fu_1148    |    0    |    0    |    0    |
|          |    trunc_ln818_2_fu_1168    |    0    |    0    |    0    |
|          |    trunc_ln818_4_fu_1188    |    0    |    0    |    0    |
|          |    trunc_ln818_7_fu_1208    |    0    |    0    |    0    |
|          |    trunc_ln818_9_fu_1228    |    0    |    0    |    0    |
|          |     trunc_ln46_7_fu_1252    |    0    |    0    |    0    |
|          |     trunc_ln46_9_fu_1272    |    0    |    0    |    0    |
|          |    trunc_ln818_13_fu_1288   |    0    |    0    |    0    |
|          |    trunc_ln818_15_fu_1580   |    0    |    0    |    0    |
|          |     trunc_ln46_2_fu_1662    |    0    |    0    |    0    |
|          |     trunc_ln46_3_fu_1672    |    0    |    0    |    0    |
|          |     trunc_ln46_4_fu_1682    |    0    |    0    |    0    |
|          |     trunc_ln46_5_fu_1692    |    0    |    0    |    0    |
|          |     trunc_ln46_6_fu_1702    |    0    |    0    |    0    |
|          |     trunc_ln46_8_fu_1712    |    0    |    0    |    0    |
|          |     trunc_ln46_s_fu_1722    |    0    |    0    |    0    |
|          |     trunc_ln46_1_fu_1732    |    0    |    0    |    0    |
|          |    trunc_ln46_10_fu_1742    |    0    |    0    |    0    |
|          |        tmp_31_fu_1752       |    0    |    0    |    0    |
|          |    trunc_ln46_11_fu_1771    |    0    |    0    |    0    |
|----------|-----------------------------|---------|---------|---------|
|          |        r_V_17_fu_588        |    0    |    0    |    0    |
|          |        r_V_32_fu_686        |    0    |    0    |    0    |
|          |     shl_ln1273_2_fu_728     |    0    |    0    |    0    |
|          |     shl_ln1273_3_fu_739     |    0    |    0    |    0    |
|          |     shl_ln1273_4_fu_762     |    0    |    0    |    0    |
|          |     shl_ln1273_5_fu_773     |    0    |    0    |    0    |
|          |     shl_ln1273_6_fu_806     |    0    |    0    |    0    |
|          |     shl_ln1273_7_fu_817     |    0    |    0    |    0    |
|          |     shl_ln1273_16_fu_850    |    0    |    0    |    0    |
|          |     shl_ln1273_17_fu_861    |    0    |    0    |    0    |
|          |     shl_ln1273_18_fu_894    |    0    |    0    |    0    |
|          |     shl_ln1273_19_fu_905    |    0    |    0    |    0    |
|          |     shl_ln1273_20_fu_945    |    0    |    0    |    0    |
|          |     shl_ln1273_21_fu_982    |    0    |    0    |    0    |
|          |     shl_ln1273_22_fu_993    |    0    |    0    |    0    |
|          |    shl_ln1273_25_fu_1029    |    0    |    0    |    0    |
|          |    shl_ln1273_26_fu_1066    |    0    |    0    |    0    |
|          |    shl_ln1273_27_fu_1077    |    0    |    0    |    0    |
|          |        shl_ln_fu_1302       |    0    |    0    |    0    |
|          |     shl_ln1273_1_fu_1313    |    0    |    0    |    0    |
|          |     shl_ln1273_8_fu_1336    |    0    |    0    |    0    |
|          |     shl_ln1273_9_fu_1347    |    0    |    0    |    0    |
|          |     shl_ln1273_s_fu_1374    |    0    |    0    |    0    |
|          |    shl_ln1273_10_fu_1385    |    0    |    0    |    0    |
|          |    shl_ln1273_11_fu_1415    |    0    |    0    |    0    |
|          |    shl_ln1273_12_fu_1438    |    0    |    0    |    0    |
|          |    shl_ln1273_13_fu_1449    |    0    |    0    |    0    |
|bitconcatenate|    shl_ln1273_14_fu_1472    |    0    |    0    |    0    |
|          |    shl_ln1273_15_fu_1483    |    0    |    0    |    0    |
|          |    shl_ln1273_23_fu_1506    |    0    |    0    |    0    |
|          |    shl_ln1273_24_fu_1517    |    0    |    0    |    0    |
|          |    shl_ln1273_28_fu_1540    |    0    |    0    |    0    |
|          |    shl_ln1273_29_fu_1551    |    0    |    0    |    0    |
|          |    shl_ln1273_30_fu_1590    |    0    |    0    |    0    |
|          |    shl_ln1273_31_fu_1601    |    0    |    0    |    0    |
|          |    shl_ln1273_32_fu_1624    |    0    |    0    |    0    |
|          |    shl_ln1273_33_fu_1635    |    0    |    0    |    0    |
|          |        tmp_32_fu_1781       |    0    |    0    |    0    |
|          |        tmp_33_fu_1793       |    0    |    0    |    0    |
|          |        tmp_34_fu_1804       |    0    |    0    |    0    |
|          |        tmp_35_fu_1815       |    0    |    0    |    0    |
|          |        tmp_36_fu_1826       |    0    |    0    |    0    |
|          |        tmp_37_fu_1837       |    0    |    0    |    0    |
|          |        tmp_38_fu_1853       |    0    |    0    |    0    |
|          |        tmp_39_fu_1864       |    0    |    0    |    0    |
|          |        tmp_40_fu_1875       |    0    |    0    |    0    |
|          |        tmp_41_fu_1886       |    0    |    0    |    0    |
|          |        tmp_42_fu_1897       |    0    |    0    |    0    |
|          |        tmp_43_fu_1908       |    0    |    0    |    0    |
|          |        tmp_44_fu_1920       |    0    |    0    |    0    |
|          |        tmp_45_fu_1932       |    0    |    0    |    0    |
|          |        tmp_46_fu_1944       |    0    |    0    |    0    |
|          |        tmp_47_fu_1955       |    0    |    0    |    0    |
|          |        tmp_48_fu_1967       |    0    |    0    |    0    |
|          |         p_0_fu_1979         |    0    |    0    |    0    |
|----------|-----------------------------|---------|---------|---------|
|          |     sext_ln1270_5_fu_596    |    0    |    0    |    0    |
|          |    sext_ln1270_11_fu_694    |    0    |    0    |    0    |
|          |      sext_ln1270_fu_724     |    0    |    0    |    0    |
|          |     sext_ln1273_2_fu_735    |    0    |    0    |    0    |
|          |     sext_ln1273_3_fu_746    |    0    |    0    |    0    |
|          |     sext_ln1273_4_fu_769    |    0    |    0    |    0    |
|          |     sext_ln1273_5_fu_780    |    0    |    0    |    0    |
|          |     sext_ln1273_6_fu_813    |    0    |    0    |    0    |
|          |     sext_ln1273_7_fu_824    |    0    |    0    |    0    |
|          |    sext_ln1273_17_fu_857    |    0    |    0    |    0    |
|          |    sext_ln1273_18_fu_868    |    0    |    0    |    0    |
|          |    sext_ln1273_19_fu_901    |    0    |    0    |    0    |
|          |     sext_ln1347_1_fu_912    |    0    |    0    |    0    |
|          |     sext_ln1347_2_fu_922    |    0    |    0    |    0    |
|          |     sext_ln1270_7_fu_942    |    0    |    0    |    0    |
|          |    sext_ln1273_20_fu_952    |    0    |    0    |    0    |
|          |    sext_ln1273_21_fu_989    |    0    |    0    |    0    |
|          |    sext_ln1273_22_fu_1000   |    0    |    0    |    0    |
|          |    sext_ln1270_8_fu_1026    |    0    |    0    |    0    |
|          |    sext_ln1273_25_fu_1036   |    0    |    0    |    0    |
|          |    sext_ln1347_4_fu_1046    |    0    |    0    |    0    |
|          |    sext_ln1273_26_fu_1073   |    0    |    0    |    0    |
|          |    sext_ln1273_27_fu_1084   |    0    |    0    |    0    |
|          |    sext_ln1270_1_fu_1144    |    0    |    0    |    0    |
|          |    sext_ln1270_2_fu_1158    |    0    |    0    |    0    |
|          |     sext_ln1347_fu_1178     |    0    |    0    |    0    |
|          |    sext_ln1270_4_fu_1198    |    0    |    0    |    0    |
|          |    sext_ln1270_6_fu_1218    |    0    |    0    |    0    |
|          |    sext_ln1347_3_fu_1238    |    0    |    0    |    0    |
|          |    sext_ln1347_5_fu_1248    |    0    |    0    |    0    |
|          |    sext_ln1270_9_fu_1268    |    0    |    0    |    0    |
|          |    sext_ln1270_10_fu_1298   |    0    |    0    |    0    |
|          |     sext_ln1273_fu_1309     |    0    |    0    |    0    |
|          |    sext_ln1273_1_fu_1320    |    0    |    0    |    0    |
|          |    sext_ln1273_8_fu_1343    |    0    |    0    |    0    |
|          |    sext_ln1273_9_fu_1354    |    0    |    0    |    0    |
|   sext   |      sext_ln813_fu_1364     |    0    |    0    |    0    |
|          |    sext_ln1273_10_fu_1381   |    0    |    0    |    0    |
|          |    sext_ln1273_11_fu_1392   |    0    |    0    |    0    |
|          |     sext_ln813_1_fu_1402    |    0    |    0    |    0    |
|          |    sext_ln1270_3_fu_1412    |    0    |    0    |    0    |
|          |    sext_ln1273_12_fu_1422   |    0    |    0    |    0    |
|          |    sext_ln1273_13_fu_1445   |    0    |    0    |    0    |
|          |    sext_ln1273_14_fu_1456   |    0    |    0    |    0    |
|          |    sext_ln1273_15_fu_1479   |    0    |    0    |    0    |
|          |    sext_ln1273_16_fu_1490   |    0    |    0    |    0    |
|          |    sext_ln1273_23_fu_1513   |    0    |    0    |    0    |
|          |    sext_ln1273_24_fu_1524   |    0    |    0    |    0    |
|          |    sext_ln1273_28_fu_1547   |    0    |    0    |    0    |
|          |    sext_ln1273_29_fu_1558   |    0    |    0    |    0    |
|          |    sext_ln1273_30_fu_1597   |    0    |    0    |    0    |
|          |    sext_ln1273_31_fu_1608   |    0    |    0    |    0    |
|          |    sext_ln1273_32_fu_1631   |    0    |    0    |    0    |
|          |    sext_ln1273_33_fu_1642   |    0    |    0    |    0    |
|          |    sext_ln1347_6_fu_1658    |    0    |    0    |    0    |
|          |      sext_ln818_fu_1762     |    0    |    0    |    0    |
|          |      sext_ln46_fu_1789      |    0    |    0    |    0    |
|          |     sext_ln46_1_fu_1800     |    0    |    0    |    0    |
|          |     sext_ln46_2_fu_1811     |    0    |    0    |    0    |
|          |     sext_ln46_3_fu_1822     |    0    |    0    |    0    |
|          |     sext_ln46_4_fu_1833     |    0    |    0    |    0    |
|          |     sext_ln46_5_fu_1849     |    0    |    0    |    0    |
|          |     sext_ln46_6_fu_1860     |    0    |    0    |    0    |
|          |     sext_ln46_7_fu_1871     |    0    |    0    |    0    |
|          |     sext_ln46_8_fu_1882     |    0    |    0    |    0    |
|          |     sext_ln46_9_fu_1893     |    0    |    0    |    0    |
|          |     sext_ln46_10_fu_1904    |    0    |    0    |    0    |
|          |     sext_ln46_11_fu_1916    |    0    |    0    |    0    |
|          |     sext_ln46_12_fu_1928    |    0    |    0    |    0    |
|          |     sext_ln46_13_fu_1940    |    0    |    0    |    0    |
|          |     sext_ln46_14_fu_1951    |    0    |    0    |    0    |
|          |     sext_ln46_15_fu_1963    |    0    |    0    |    0    |
|          |     sext_ln46_16_fu_1975    |    0    |    0    |    0    |
|----------|-----------------------------|---------|---------|---------|
|   zext   |      zext_ln1347_fu_962     |    0    |    0    |    0    |
|----------|-----------------------------|---------|---------|---------|
| bitselect|        tmp_1_fu_1110        |    0    |    0    |    0    |
|----------|-----------------------------|---------|---------|---------|
|   Total  |                             |    0    |    0    |   704   |
|----------|-----------------------------|---------|---------|---------|

Memories:
N/A

* Register list:
+-----------------------+--------+
|                       |   FF   |
+-----------------------+--------+
|    a_V_10_reg_2049    |    8   |
|    a_V_11_reg_2054    |    8   |
|    a_V_12_reg_2059    |    8   |
|    a_V_13_reg_1996    |    8   |
|     a_V_1_reg_2001    |    8   |
|     a_V_2_reg_2006    |    8   |
|     a_V_3_reg_2011    |    8   |
|     a_V_4_reg_2016    |    8   |
|     a_V_5_reg_2022    |    8   |
|     a_V_6_reg_2027    |    8   |
|     a_V_7_reg_2032    |    8   |
|     a_V_8_reg_2038    |    8   |
|     a_V_9_reg_2043    |    8   |
|      a_V_reg_1991     |    8   |
|        reg_326        |   13   |
|        reg_332        |   14   |
|    tmp_10_reg_2094    |    8   |
|    tmp_13_reg_2100    |    8   |
|    tmp_15_reg_2106    |    8   |
|    tmp_17_reg_2112    |    8   |
|     tmp_1_reg_2210    |    1   |
|    tmp_20_reg_2123    |    8   |
|    tmp_23_reg_2129    |    8   |
|    tmp_25_reg_2135    |    8   |
|    tmp_26_reg_2141    |    8   |
|    tmp_27_reg_2147    |    8   |
|    tmp_28_reg_2153    |    8   |
|     tmp_2_reg_2070    |    8   |
|    tmp_30_reg_2164    |    8   |
|    tmp_31_reg_2315    |    8   |
|     tmp_4_reg_2076    |    8   |
|     tmp_6_reg_2082    |    8   |
|     tmp_8_reg_2088    |    8   |
|      tmp_reg_2064     |    8   |
|     tmp_s_reg_2215    |    5   |
| trunc_ln46_10_reg_2310|    8   |
| trunc_ln46_1_reg_2305 |    8   |
| trunc_ln46_2_reg_2270 |    8   |
| trunc_ln46_3_reg_2275 |    8   |
| trunc_ln46_4_reg_2280 |    8   |
| trunc_ln46_5_reg_2285 |    8   |
| trunc_ln46_6_reg_2290 |    8   |
| trunc_ln46_7_reg_2250 |    8   |
| trunc_ln46_8_reg_2295 |    8   |
| trunc_ln46_9_reg_2255 |    8   |
| trunc_ln46_s_reg_2300 |    8   |
|trunc_ln818_10_reg_2190|    6   |
|trunc_ln818_11_reg_2195|    7   |
|trunc_ln818_12_reg_2200|    7   |
|trunc_ln818_13_reg_2260|    7   |
|trunc_ln818_14_reg_2205|    7   |
|trunc_ln818_15_reg_2265|    7   |
|trunc_ln818_16_reg_2159|    7   |
| trunc_ln818_1_reg_2225|    8   |
| trunc_ln818_2_reg_2230|    7   |
| trunc_ln818_3_reg_2170|    7   |
| trunc_ln818_4_reg_2235|    6   |
| trunc_ln818_5_reg_2175|    6   |
| trunc_ln818_6_reg_2180|    7   |
| trunc_ln818_7_reg_2240|    7   |
| trunc_ln818_8_reg_2118|    5   |
| trunc_ln818_9_reg_2245|    7   |
| trunc_ln818_s_reg_2185|    6   |
|   trunc_ln_reg_2220   |    7   |
+-----------------------+--------+
|         Total         |   490  |
+-----------------------+--------+

* Multiplexer (MUX) list: 
|------------|------|------|------|--------||---------||---------|
|    Comp    |  Pin | Size |  BW  | S x BW ||  Delay  ||   LUT   |
|------------|------|------|------|--------||---------||---------|
| grp_fu_317 |  p0  |  11  |   8  |   88   ||    59   |
| grp_fu_317 |  p1  |   8  |   7  |   56   ||    14   |
|------------|------|------|------|--------||---------||---------|
|    Total   |      |      |      |   144  ||  4.9655 ||    73   |
|------------|------|------|------|--------||---------||---------|



* Summary:
+-----------+--------+--------+--------+--------+
|           |   DSP  |  Delay |   FF   |   LUT  |
+-----------+--------+--------+--------+--------+
|  Function |    0   |    -   |    0   |   704  |
|   Memory  |    -   |    -   |    -   |    -   |
|Multiplexer|    -   |    4   |    -   |   73   |
|  Register |    -   |    -   |   490  |    -   |
+-----------+--------+--------+--------+--------+
|   Total   |    0   |    4   |   490  |   777  |
+-----------+--------+--------+--------+--------+
