

================================================================
== Vitis HLS Report for 'relu_array_ap_fixed_16u_array_ap_fixed_8_2_5_3_0_16u_relu_config9_s'
================================================================
* Date:           Fri Jun 26 18:52:44 2026

* Version:        2022.2 (Build 3670227 on Oct 13 2022)
* Project:        myproject_prj
* Solution:       solution1 (Vivado IP Flow Target)
* Product family: zynq
* Target device:  xc7z020-clg400-1


================================================================
== Performance Estimates
================================================================
+ Timing: 
    * Summary: 
    +--------+---------+----------+------------+
    |  Clock |  Target | Estimated| Uncertainty|
    +--------+---------+----------+------------+
    |ap_clk  |  5.00 ns|  3.739 ns|     0.62 ns|
    +--------+---------+----------+------------+

+ Latency: 
    * Summary: 
    +---------+---------+----------+----------+-----+-----+---------+
    |  Latency (cycles) |  Latency (absolute) |  Interval | Pipeline|
    |   min   |   max   |    min   |    max   | min | max |   Type  |
    +---------+---------+----------+----------+-----+-----+---------+
    |        1|        1|  5.000 ns|  5.000 ns|    1|    1|       no|
    +---------+---------+----------+----------+-----+-----+---------+

    + Detail: 
        * Instance: 
        N/A

        * Loop: 
        N/A



================================================================
== Utilization Estimates
================================================================
* Summary: 
+-----------------+---------+-----+--------+-------+-----+
|       Name      | BRAM_18K| DSP |   FF   |  LUT  | URAM|
+-----------------+---------+-----+--------+-------+-----+
|DSP              |        -|    -|       -|      -|    -|
|Expression       |        -|    -|       0|    290|    -|
|FIFO             |        -|    -|       -|      -|    -|
|Instance         |        -|    -|       -|      -|    -|
|Memory           |        -|    -|       -|      -|    -|
|Multiplexer      |        -|    -|       -|     50|    -|
|Register         |        -|    -|     132|      -|    -|
+-----------------+---------+-----+--------+-------+-----+
|Total            |        0|    0|     132|    340|    0|
+-----------------+---------+-----+--------+-------+-----+
|Available        |      280|  220|  106400|  53200|    0|
+-----------------+---------+-----+--------+-------+-----+
|Utilization (%)  |        0|    0|      ~0|     ~0|    0|
+-----------------+---------+-----+--------+-------+-----+

+ Detail: 
    * Instance: 
    N/A

    * DSP: 
    N/A

    * Memory: 
    N/A

    * FIFO: 
    N/A

    * Expression: 
    +--------------------------+----------+----+---+----+------------+------------+
    |       Variable Name      | Operation| DSP| FF| LUT| Bitwidth P0| Bitwidth P1|
    +--------------------------+----------+----+---+----+------------+------------+
    |icmp_ln1649_32_fu_445_p2  |      icmp|   0|  0|  11|           8|           1|
    |icmp_ln1649_33_fu_451_p2  |      icmp|   0|  0|  11|           8|           1|
    |icmp_ln1649_34_fu_457_p2  |      icmp|   0|  0|  11|           8|           1|
    |icmp_ln1649_35_fu_463_p2  |      icmp|   0|  0|  11|           8|           1|
    |icmp_ln1649_36_fu_469_p2  |      icmp|   0|  0|  11|           8|           1|
    |icmp_ln1649_37_fu_475_p2  |      icmp|   0|  0|  11|           8|           1|
    |icmp_ln1649_38_fu_481_p2  |      icmp|   0|  0|  11|           8|           1|
    |icmp_ln1649_39_fu_487_p2  |      icmp|   0|  0|  11|           8|           1|
    |icmp_ln1649_40_fu_493_p2  |      icmp|   0|  0|  11|           8|           1|
    |icmp_ln1649_41_fu_499_p2  |      icmp|   0|  0|  11|           8|           1|
    |icmp_ln1649_42_fu_505_p2  |      icmp|   0|  0|  11|           8|           1|
    |icmp_ln1649_43_fu_511_p2  |      icmp|   0|  0|  11|           8|           1|
    |icmp_ln1649_44_fu_517_p2  |      icmp|   0|  0|  11|           8|           1|
    |icmp_ln1649_45_fu_523_p2  |      icmp|   0|  0|  11|           8|           1|
    |icmp_ln1649_46_fu_529_p2  |      icmp|   0|  0|  11|           8|           1|
    |icmp_ln1649_fu_439_p2     |      icmp|   0|  0|  11|           8|           1|
    |ap_block_state1           |        or|   0|  0|   2|           1|           1|
    |select_ln51_32_fu_545_p3  |    select|   0|  0|   7|           1|           7|
    |select_ln51_33_fu_555_p3  |    select|   0|  0|   7|           1|           7|
    |select_ln51_34_fu_565_p3  |    select|   0|  0|   7|           1|           7|
    |select_ln51_35_fu_575_p3  |    select|   0|  0|   7|           1|           7|
    |select_ln51_36_fu_585_p3  |    select|   0|  0|   7|           1|           7|
    |select_ln51_37_fu_595_p3  |    select|   0|  0|   7|           1|           7|
    |select_ln51_38_fu_605_p3  |    select|   0|  0|   7|           1|           7|
    |select_ln51_39_fu_615_p3  |    select|   0|  0|   7|           1|           7|
    |select_ln51_40_fu_625_p3  |    select|   0|  0|   7|           1|           7|
    |select_ln51_41_fu_635_p3  |    select|   0|  0|   7|           1|           7|
    |select_ln51_42_fu_645_p3  |    select|   0|  0|   7|           1|           7|
    |select_ln51_43_fu_655_p3  |    select|   0|  0|   7|           1|           7|
    |select_ln51_44_fu_665_p3  |    select|   0|  0|   7|           1|           7|
    |select_ln51_45_fu_675_p3  |    select|   0|  0|   7|           1|           7|
    |select_ln51_46_fu_685_p3  |    select|   0|  0|   7|           1|           7|
    |select_ln51_fu_535_p3     |    select|   0|  0|   7|           1|           7|
    +--------------------------+----------+----+---+----+------------+------------+
    |Total                     |          |   0|  0| 290|         145|         129|
    +--------------------------+----------+----+---+----+------------+------------+

    * Multiplexer: 
    +------------------+----+-----------+-----+-----------+
    |       Name       | LUT| Input Size| Bits| Total Bits|
    +------------------+----+-----------+-----+-----------+
    |ap_NS_fsm         |  14|          3|    1|          3|
    |ap_done           |   9|          2|    1|          2|
    |layer8_out_blk_n  |   9|          2|    1|          2|
    |layer9_out_blk_n  |   9|          2|    1|          2|
    |real_start        |   9|          2|    1|          2|
    +------------------+----+-----------+-----+-----------+
    |Total             |  50|         11|    5|         11|
    +------------------+----+-----------+-----+-----------+

    * Register: 
    +------------------------+---+----+-----+-----------+
    |          Name          | FF| LUT| Bits| Const Bits|
    +------------------------+---+----+-----+-----------+
    |ap_CS_fsm               |  2|   0|    2|          0|
    |ap_done_reg             |  1|   0|    1|          0|
    |icmp_ln1649_32_reg_817  |  1|   0|    1|          0|
    |icmp_ln1649_33_reg_822  |  1|   0|    1|          0|
    |icmp_ln1649_34_reg_827  |  1|   0|    1|          0|
    |icmp_ln1649_35_reg_832  |  1|   0|    1|          0|
    |icmp_ln1649_36_reg_837  |  1|   0|    1|          0|
    |icmp_ln1649_37_reg_842  |  1|   0|    1|          0|
    |icmp_ln1649_38_reg_847  |  1|   0|    1|          0|
    |icmp_ln1649_39_reg_852  |  1|   0|    1|          0|
    |icmp_ln1649_40_reg_857  |  1|   0|    1|          0|
    |icmp_ln1649_41_reg_862  |  1|   0|    1|          0|
    |icmp_ln1649_42_reg_867  |  1|   0|    1|          0|
    |icmp_ln1649_43_reg_872  |  1|   0|    1|          0|
    |icmp_ln1649_44_reg_877  |  1|   0|    1|          0|
    |icmp_ln1649_45_reg_882  |  1|   0|    1|          0|
    |icmp_ln1649_46_reg_887  |  1|   0|    1|          0|
    |icmp_ln1649_reg_812     |  1|   0|    1|          0|
    |start_once_reg          |  1|   0|    1|          0|
    |trunc_ln44_2_reg_732    |  7|   0|    7|          0|
    |trunc_ln44_35_reg_742   |  7|   0|    7|          0|
    |trunc_ln44_36_reg_747   |  7|   0|    7|          0|
    |trunc_ln44_37_reg_752   |  7|   0|    7|          0|
    |trunc_ln44_38_reg_757   |  7|   0|    7|          0|
    |trunc_ln44_39_reg_762   |  7|   0|    7|          0|
    |trunc_ln44_40_reg_767   |  7|   0|    7|          0|
    |trunc_ln44_41_reg_772   |  7|   0|    7|          0|
    |trunc_ln44_42_reg_777   |  7|   0|    7|          0|
    |trunc_ln44_43_reg_782   |  7|   0|    7|          0|
    |trunc_ln44_44_reg_787   |  7|   0|    7|          0|
    |trunc_ln44_45_reg_792   |  7|   0|    7|          0|
    |trunc_ln44_46_reg_797   |  7|   0|    7|          0|
    |trunc_ln44_47_reg_802   |  7|   0|    7|          0|
    |trunc_ln44_s_reg_737    |  7|   0|    7|          0|
    |trunc_ln_reg_807        |  7|   0|    7|          0|
    +------------------------+---+----+-----+-----------+
    |Total                   |132|   0|  132|          0|
    +------------------------+---+----+-----+-----------+



================================================================
== Interface
================================================================
* Summary: 
+---------------------------+-----+-----+------------+-----------------------------------------------------------------------+--------------+
|         RTL Ports         | Dir | Bits|  Protocol  |                             Source Object                             |    C Type    |
+---------------------------+-----+-----+------------+-----------------------------------------------------------------------+--------------+
|ap_clk                     |   in|    1|  ap_ctrl_hs|  relu<array<ap_fixed,16u>,array<ap_fixed<8,2,5,3,0>,16u>,relu_config9>|  return value|
|ap_rst                     |   in|    1|  ap_ctrl_hs|  relu<array<ap_fixed,16u>,array<ap_fixed<8,2,5,3,0>,16u>,relu_config9>|  return value|
|ap_start                   |   in|    1|  ap_ctrl_hs|  relu<array<ap_fixed,16u>,array<ap_fixed<8,2,5,3,0>,16u>,relu_config9>|  return value|
|start_full_n               |   in|    1|  ap_ctrl_hs|  relu<array<ap_fixed,16u>,array<ap_fixed<8,2,5,3,0>,16u>,relu_config9>|  return value|
|ap_done                    |  out|    1|  ap_ctrl_hs|  relu<array<ap_fixed,16u>,array<ap_fixed<8,2,5,3,0>,16u>,relu_config9>|  return value|
|ap_continue                |   in|    1|  ap_ctrl_hs|  relu<array<ap_fixed,16u>,array<ap_fixed<8,2,5,3,0>,16u>,relu_config9>|  return value|
|ap_idle                    |  out|    1|  ap_ctrl_hs|  relu<array<ap_fixed,16u>,array<ap_fixed<8,2,5,3,0>,16u>,relu_config9>|  return value|
|ap_ready                   |  out|    1|  ap_ctrl_hs|  relu<array<ap_fixed,16u>,array<ap_fixed<8,2,5,3,0>,16u>,relu_config9>|  return value|
|start_out                  |  out|    1|  ap_ctrl_hs|  relu<array<ap_fixed,16u>,array<ap_fixed<8,2,5,3,0>,16u>,relu_config9>|  return value|
|start_write                |  out|    1|  ap_ctrl_hs|  relu<array<ap_fixed,16u>,array<ap_fixed<8,2,5,3,0>,16u>,relu_config9>|  return value|
|layer8_out_dout            |   in|  128|     ap_fifo|                                                             layer8_out|       pointer|
|layer8_out_num_data_valid  |   in|    2|     ap_fifo|                                                             layer8_out|       pointer|
|layer8_out_fifo_cap        |   in|    2|     ap_fifo|                                                             layer8_out|       pointer|
|layer8_out_empty_n         |   in|    1|     ap_fifo|                                                             layer8_out|       pointer|
|layer8_out_read            |  out|    1|     ap_fifo|                                                             layer8_out|       pointer|
|layer9_out_din             |  out|  128|     ap_fifo|                                                             layer9_out|       pointer|
|layer9_out_num_data_valid  |   in|    2|     ap_fifo|                                                             layer9_out|       pointer|
|layer9_out_fifo_cap        |   in|    2|     ap_fifo|                                                             layer9_out|       pointer|
|layer9_out_full_n          |   in|    1|     ap_fifo|                                                             layer9_out|       pointer|
|layer9_out_write           |  out|    1|     ap_fifo|                                                             layer9_out|       pointer|
+---------------------------+-----+-----+------------+-----------------------------------------------------------------------+--------------+

============================================================
+ Verbose Summary: Synthesis Manager
============================================================
InlineROM: 1
ExposeGlobal: 0
============================================================
+ Verbose Summary: CDFG Model
============================================================
IsTopModel: 0
ResetActiveHigh: 1
IsCombinational: 2
IsDatapathOnly: 0
HasWiredReturn: 1
HasMFsm: 0
HasVarLatency: 1
IsPipeline: 0
IsRtlPipelined: 0
IsInstanceOverlapped: 0
IsDontTouch: 0
HasImplIP: 0
IsGatedGlobalClock: 0


============================================================
+ Verbose Summary: Schedule
============================================================
* Number of FSM states : 2
* Pipeline : 0
* Dataflow Pipeline: 0

* FSM state transitions: 
1 --> 2 
2 --> 

* FSM state operations: 

State 1 <SV = 0> <Delay = 3.73>
ST_1 : Operation 3 [1/1] (2.18ns)   --->   "%layer8_out_read = read i128 @_ssdm_op_Read.ap_fifo.volatile.i128P0A, i128 %layer8_out" [firmware/nnet_utils/nnet_activation_stream.h:44]   --->   Operation 3 'read' 'layer8_out_read' <Predicate = true> <Delay = 2.18> <CoreInst = "FIFO_SRL">   --->   Core 81 'FIFO_SRL' <Latency = 0> <II = 1> <Delay = 3.63> <Storage> <Opcode : 'read' 'write' 'nbread' 'nbwrite'> <Ports = 0> <Width = 128> <Depth = 1> <FIFO>
ST_1 : Operation 4 [1/1] (0.00ns)   --->   "%in_data_data = trunc i128 %layer8_out_read" [firmware/nnet_utils/nnet_activation_stream.h:44]   --->   Operation 4 'trunc' 'in_data_data' <Predicate = true> <Delay = 0.00>
ST_1 : Operation 5 [1/1] (0.00ns)   --->   "%trunc_ln44_2 = trunc i128 %layer8_out_read" [firmware/nnet_utils/nnet_activation_stream.h:44]   --->   Operation 5 'trunc' 'trunc_ln44_2' <Predicate = true> <Delay = 0.00>
ST_1 : Operation 6 [1/1] (0.00ns)   --->   "%trunc_ln44_33 = partselect i8 @_ssdm_op_PartSelect.i8.i128.i32.i32, i128 %layer8_out_read, i32 112, i32 119" [firmware/nnet_utils/nnet_activation_stream.h:44]   --->   Operation 6 'partselect' 'trunc_ln44_33' <Predicate = true> <Delay = 0.00>
ST_1 : Operation 7 [1/1] (0.00ns)   --->   "%trunc_ln44_34 = partselect i8 @_ssdm_op_PartSelect.i8.i128.i32.i32, i128 %layer8_out_read, i32 120, i32 127" [firmware/nnet_utils/nnet_activation_stream.h:44]   --->   Operation 7 'partselect' 'trunc_ln44_34' <Predicate = true> <Delay = 0.00>
ST_1 : Operation 8 [1/1] (0.00ns)   --->   "%in_data_data_22 = partselect i8 @_ssdm_op_PartSelect.i8.i128.i32.i32, i128 %layer8_out_read, i32 8, i32 15" [firmware/nnet_utils/nnet_activation_stream.h:44]   --->   Operation 8 'partselect' 'in_data_data_22' <Predicate = true> <Delay = 0.00>
ST_1 : Operation 9 [1/1] (0.00ns)   --->   "%trunc_ln44_s = partselect i7 @_ssdm_op_PartSelect.i7.i128.i32.i32, i128 %layer8_out_read, i32 8, i32 14" [firmware/nnet_utils/nnet_activation_stream.h:44]   --->   Operation 9 'partselect' 'trunc_ln44_s' <Predicate = true> <Delay = 0.00>
ST_1 : Operation 10 [1/1] (0.00ns)   --->   "%in_data_data_23 = partselect i8 @_ssdm_op_PartSelect.i8.i128.i32.i32, i128 %layer8_out_read, i32 16, i32 23" [firmware/nnet_utils/nnet_activation_stream.h:44]   --->   Operation 10 'partselect' 'in_data_data_23' <Predicate = true> <Delay = 0.00>
ST_1 : Operation 11 [1/1] (0.00ns)   --->   "%trunc_ln44_35 = partselect i7 @_ssdm_op_PartSelect.i7.i128.i32.i32, i128 %layer8_out_read, i32 16, i32 22" [firmware/nnet_utils/nnet_activation_stream.h:44]   --->   Operation 11 'partselect' 'trunc_ln44_35' <Predicate = true> <Delay = 0.00>
ST_1 : Operation 12 [1/1] (0.00ns)   --->   "%in_data_data_24 = partselect i8 @_ssdm_op_PartSelect.i8.i128.i32.i32, i128 %layer8_out_read, i32 24, i32 31" [firmware/nnet_utils/nnet_activation_stream.h:44]   --->   Operation 12 'partselect' 'in_data_data_24' <Predicate = true> <Delay = 0.00>
ST_1 : Operation 13 [1/1] (0.00ns)   --->   "%trunc_ln44_36 = partselect i7 @_ssdm_op_PartSelect.i7.i128.i32.i32, i128 %layer8_out_read, i32 24, i32 30" [firmware/nnet_utils/nnet_activation_stream.h:44]   --->   Operation 13 'partselect' 'trunc_ln44_36' <Predicate = true> <Delay = 0.00>
ST_1 : Operation 14 [1/1] (0.00ns)   --->   "%in_data_data_25 = partselect i8 @_ssdm_op_PartSelect.i8.i128.i32.i32, i128 %layer8_out_read, i32 32, i32 39" [firmware/nnet_utils/nnet_activation_stream.h:44]   --->   Operation 14 'partselect' 'in_data_data_25' <Predicate = true> <Delay = 0.00>
ST_1 : Operation 15 [1/1] (0.00ns)   --->   "%trunc_ln44_37 = partselect i7 @_ssdm_op_PartSelect.i7.i128.i32.i32, i128 %layer8_out_read, i32 32, i32 38" [firmware/nnet_utils/nnet_activation_stream.h:44]   --->   Operation 15 'partselect' 'trunc_ln44_37' <Predicate = true> <Delay = 0.00>
ST_1 : Operation 16 [1/1] (0.00ns)   --->   "%in_data_data_26 = partselect i8 @_ssdm_op_PartSelect.i8.i128.i32.i32, i128 %layer8_out_read, i32 40, i32 47" [firmware/nnet_utils/nnet_activation_stream.h:44]   --->   Operation 16 'partselect' 'in_data_data_26' <Predicate = true> <Delay = 0.00>
ST_1 : Operation 17 [1/1] (0.00ns)   --->   "%trunc_ln44_38 = partselect i7 @_ssdm_op_PartSelect.i7.i128.i32.i32, i128 %layer8_out_read, i32 40, i32 46" [firmware/nnet_utils/nnet_activation_stream.h:44]   --->   Operation 17 'partselect' 'trunc_ln44_38' <Predicate = true> <Delay = 0.00>
ST_1 : Operation 18 [1/1] (0.00ns)   --->   "%in_data_data_27 = partselect i8 @_ssdm_op_PartSelect.i8.i128.i32.i32, i128 %layer8_out_read, i32 48, i32 55" [firmware/nnet_utils/nnet_activation_stream.h:44]   --->   Operation 18 'partselect' 'in_data_data_27' <Predicate = true> <Delay = 0.00>
ST_1 : Operation 19 [1/1] (0.00ns)   --->   "%trunc_ln44_39 = partselect i7 @_ssdm_op_PartSelect.i7.i128.i32.i32, i128 %layer8_out_read, i32 48, i32 54" [firmware/nnet_utils/nnet_activation_stream.h:44]   --->   Operation 19 'partselect' 'trunc_ln44_39' <Predicate = true> <Delay = 0.00>
ST_1 : Operation 20 [1/1] (0.00ns)   --->   "%in_data_data_28 = partselect i8 @_ssdm_op_PartSelect.i8.i128.i32.i32, i128 %layer8_out_read, i32 56, i32 63" [firmware/nnet_utils/nnet_activation_stream.h:44]   --->   Operation 20 'partselect' 'in_data_data_28' <Predicate = true> <Delay = 0.00>
ST_1 : Operation 21 [1/1] (0.00ns)   --->   "%trunc_ln44_40 = partselect i7 @_ssdm_op_PartSelect.i7.i128.i32.i32, i128 %layer8_out_read, i32 56, i32 62" [firmware/nnet_utils/nnet_activation_stream.h:44]   --->   Operation 21 'partselect' 'trunc_ln44_40' <Predicate = true> <Delay = 0.00>
ST_1 : Operation 22 [1/1] (0.00ns)   --->   "%tmp = partselect i8 @_ssdm_op_PartSelect.i8.i128.i32.i32, i128 %layer8_out_read, i32 64, i32 71" [firmware/nnet_utils/nnet_activation_stream.h:44]   --->   Operation 22 'partselect' 'tmp' <Predicate = true> <Delay = 0.00>
ST_1 : Operation 23 [1/1] (0.00ns)   --->   "%trunc_ln44_41 = partselect i7 @_ssdm_op_PartSelect.i7.i128.i32.i32, i128 %layer8_out_read, i32 64, i32 70" [firmware/nnet_utils/nnet_activation_stream.h:44]   --->   Operation 23 'partselect' 'trunc_ln44_41' <Predicate = true> <Delay = 0.00>
ST_1 : Operation 24 [1/1] (0.00ns)   --->   "%tmp_s = partselect i8 @_ssdm_op_PartSelect.i8.i128.i32.i32, i128 %layer8_out_read, i32 72, i32 79" [firmware/nnet_utils/nnet_activation_stream.h:44]   --->   Operation 24 'partselect' 'tmp_s' <Predicate = true> <Delay = 0.00>
ST_1 : Operation 25 [1/1] (0.00ns)   --->   "%trunc_ln44_42 = partselect i7 @_ssdm_op_PartSelect.i7.i128.i32.i32, i128 %layer8_out_read, i32 72, i32 78" [firmware/nnet_utils/nnet_activation_stream.h:44]   --->   Operation 25 'partselect' 'trunc_ln44_42' <Predicate = true> <Delay = 0.00>
ST_1 : Operation 26 [1/1] (0.00ns)   --->   "%tmp_21 = partselect i8 @_ssdm_op_PartSelect.i8.i128.i32.i32, i128 %layer8_out_read, i32 80, i32 87" [firmware/nnet_utils/nnet_activation_stream.h:44]   --->   Operation 26 'partselect' 'tmp_21' <Predicate = true> <Delay = 0.00>
ST_1 : Operation 27 [1/1] (0.00ns)   --->   "%trunc_ln44_43 = partselect i7 @_ssdm_op_PartSelect.i7.i128.i32.i32, i128 %layer8_out_read, i32 80, i32 86" [firmware/nnet_utils/nnet_activation_stream.h:44]   --->   Operation 27 'partselect' 'trunc_ln44_43' <Predicate = true> <Delay = 0.00>
ST_1 : Operation 28 [1/1] (0.00ns)   --->   "%tmp_22 = partselect i8 @_ssdm_op_PartSelect.i8.i128.i32.i32, i128 %layer8_out_read, i32 88, i32 95" [firmware/nnet_utils/nnet_activation_stream.h:44]   --->   Operation 28 'partselect' 'tmp_22' <Predicate = true> <Delay = 0.00>
ST_1 : Operation 29 [1/1] (0.00ns)   --->   "%trunc_ln44_44 = partselect i7 @_ssdm_op_PartSelect.i7.i128.i32.i32, i128 %layer8_out_read, i32 88, i32 94" [firmware/nnet_utils/nnet_activation_stream.h:44]   --->   Operation 29 'partselect' 'trunc_ln44_44' <Predicate = true> <Delay = 0.00>
ST_1 : Operation 30 [1/1] (0.00ns)   --->   "%tmp_23 = partselect i8 @_ssdm_op_PartSelect.i8.i128.i32.i32, i128 %layer8_out_read, i32 96, i32 103" [firmware/nnet_utils/nnet_activation_stream.h:44]   --->   Operation 30 'partselect' 'tmp_23' <Predicate = true> <Delay = 0.00>
ST_1 : Operation 31 [1/1] (0.00ns)   --->   "%trunc_ln44_45 = partselect i7 @_ssdm_op_PartSelect.i7.i128.i32.i32, i128 %layer8_out_read, i32 96, i32 102" [firmware/nnet_utils/nnet_activation_stream.h:44]   --->   Operation 31 'partselect' 'trunc_ln44_45' <Predicate = true> <Delay = 0.00>
ST_1 : Operation 32 [1/1] (0.00ns)   --->   "%tmp_24 = partselect i8 @_ssdm_op_PartSelect.i8.i128.i32.i32, i128 %layer8_out_read, i32 104, i32 111" [firmware/nnet_utils/nnet_activation_stream.h:44]   --->   Operation 32 'partselect' 'tmp_24' <Predicate = true> <Delay = 0.00>
ST_1 : Operation 33 [1/1] (0.00ns)   --->   "%trunc_ln44_46 = partselect i7 @_ssdm_op_PartSelect.i7.i128.i32.i32, i128 %layer8_out_read, i32 104, i32 110" [firmware/nnet_utils/nnet_activation_stream.h:44]   --->   Operation 33 'partselect' 'trunc_ln44_46' <Predicate = true> <Delay = 0.00>
ST_1 : Operation 34 [1/1] (0.00ns)   --->   "%trunc_ln44_47 = partselect i7 @_ssdm_op_PartSelect.i7.i128.i32.i32, i128 %layer8_out_read, i32 112, i32 118" [firmware/nnet_utils/nnet_activation_stream.h:44]   --->   Operation 34 'partselect' 'trunc_ln44_47' <Predicate = true> <Delay = 0.00>
ST_1 : Operation 35 [1/1] (0.00ns)   --->   "%trunc_ln = partselect i7 @_ssdm_op_PartSelect.i7.i128.i32.i32, i128 %layer8_out_read, i32 120, i32 126"   --->   Operation 35 'partselect' 'trunc_ln' <Predicate = true> <Delay = 0.00>
ST_1 : Operation 36 [1/1] (1.55ns)   --->   "%icmp_ln1649 = icmp_sgt  i8 %in_data_data, i8 0"   --->   Operation 36 'icmp' 'icmp_ln1649' <Predicate = true> <Delay = 1.55> <CoreInst = "Cmp">   --->   Core 9 'Cmp' <Latency = 0> <II = 1> <Delay = 1.55> <FuncUnit> <Opcode : 'icmp'> <InPorts = 2> <OutPorts = 1>
ST_1 : Operation 37 [1/1] (1.55ns)   --->   "%icmp_ln1649_32 = icmp_sgt  i8 %in_data_data_22, i8 0"   --->   Operation 37 'icmp' 'icmp_ln1649_32' <Predicate = true> <Delay = 1.55> <CoreInst = "Cmp">   --->   Core 9 'Cmp' <Latency = 0> <II = 1> <Delay = 1.55> <FuncUnit> <Opcode : 'icmp'> <InPorts = 2> <OutPorts = 1>
ST_1 : Operation 38 [1/1] (1.55ns)   --->   "%icmp_ln1649_33 = icmp_sgt  i8 %in_data_data_23, i8 0"   --->   Operation 38 'icmp' 'icmp_ln1649_33' <Predicate = true> <Delay = 1.55> <CoreInst = "Cmp">   --->   Core 9 'Cmp' <Latency = 0> <II = 1> <Delay = 1.55> <FuncUnit> <Opcode : 'icmp'> <InPorts = 2> <OutPorts = 1>
ST_1 : Operation 39 [1/1] (1.55ns)   --->   "%icmp_ln1649_34 = icmp_sgt  i8 %in_data_data_24, i8 0"   --->   Operation 39 'icmp' 'icmp_ln1649_34' <Predicate = true> <Delay = 1.55> <CoreInst = "Cmp">   --->   Core 9 'Cmp' <Latency = 0> <II = 1> <Delay = 1.55> <FuncUnit> <Opcode : 'icmp'> <InPorts = 2> <OutPorts = 1>
ST_1 : Operation 40 [1/1] (1.55ns)   --->   "%icmp_ln1649_35 = icmp_sgt  i8 %in_data_data_25, i8 0"   --->   Operation 40 'icmp' 'icmp_ln1649_35' <Predicate = true> <Delay = 1.55> <CoreInst = "Cmp">   --->   Core 9 'Cmp' <Latency = 0> <II = 1> <Delay = 1.55> <FuncUnit> <Opcode : 'icmp'> <InPorts = 2> <OutPorts = 1>
ST_1 : Operation 41 [1/1] (1.55ns)   --->   "%icmp_ln1649_36 = icmp_sgt  i8 %in_data_data_26, i8 0"   --->   Operation 41 'icmp' 'icmp_ln1649_36' <Predicate = true> <Delay = 1.55> <CoreInst = "Cmp">   --->   Core 9 'Cmp' <Latency = 0> <II = 1> <Delay = 1.55> <FuncUnit> <Opcode : 'icmp'> <InPorts = 2> <OutPorts = 1>
ST_1 : Operation 42 [1/1] (1.55ns)   --->   "%icmp_ln1649_37 = icmp_sgt  i8 %in_data_data_27, i8 0"   --->   Operation 42 'icmp' 'icmp_ln1649_37' <Predicate = true> <Delay = 1.55> <CoreInst = "Cmp">   --->   Core 9 'Cmp' <Latency = 0> <II = 1> <Delay = 1.55> <FuncUnit> <Opcode : 'icmp'> <InPorts = 2> <OutPorts = 1>
ST_1 : Operation 43 [1/1] (1.55ns)   --->   "%icmp_ln1649_38 = icmp_sgt  i8 %in_data_data_28, i8 0"   --->   Operation 43 'icmp' 'icmp_ln1649_38' <Predicate = true> <Delay = 1.55> <CoreInst = "Cmp">   --->   Core 9 'Cmp' <Latency = 0> <II = 1> <Delay = 1.55> <FuncUnit> <Opcode : 'icmp'> <InPorts = 2> <OutPorts = 1>
ST_1 : Operation 44 [1/1] (1.55ns)   --->   "%icmp_ln1649_39 = icmp_sgt  i8 %tmp, i8 0"   --->   Operation 44 'icmp' 'icmp_ln1649_39' <Predicate = true> <Delay = 1.55> <CoreInst = "Cmp">   --->   Core 9 'Cmp' <Latency = 0> <II = 1> <Delay = 1.55> <FuncUnit> <Opcode : 'icmp'> <InPorts = 2> <OutPorts = 1>
ST_1 : Operation 45 [1/1] (1.55ns)   --->   "%icmp_ln1649_40 = icmp_sgt  i8 %tmp_s, i8 0"   --->   Operation 45 'icmp' 'icmp_ln1649_40' <Predicate = true> <Delay = 1.55> <CoreInst = "Cmp">   --->   Core 9 'Cmp' <Latency = 0> <II = 1> <Delay = 1.55> <FuncUnit> <Opcode : 'icmp'> <InPorts = 2> <OutPorts = 1>
ST_1 : Operation 46 [1/1] (1.55ns)   --->   "%icmp_ln1649_41 = icmp_sgt  i8 %tmp_21, i8 0"   --->   Operation 46 'icmp' 'icmp_ln1649_41' <Predicate = true> <Delay = 1.55> <CoreInst = "Cmp">   --->   Core 9 'Cmp' <Latency = 0> <II = 1> <Delay = 1.55> <FuncUnit> <Opcode : 'icmp'> <InPorts = 2> <OutPorts = 1>
ST_1 : Operation 47 [1/1] (1.55ns)   --->   "%icmp_ln1649_42 = icmp_sgt  i8 %tmp_22, i8 0"   --->   Operation 47 'icmp' 'icmp_ln1649_42' <Predicate = true> <Delay = 1.55> <CoreInst = "Cmp">   --->   Core 9 'Cmp' <Latency = 0> <II = 1> <Delay = 1.55> <FuncUnit> <Opcode : 'icmp'> <InPorts = 2> <OutPorts = 1>
ST_1 : Operation 48 [1/1] (1.55ns)   --->   "%icmp_ln1649_43 = icmp_sgt  i8 %tmp_23, i8 0"   --->   Operation 48 'icmp' 'icmp_ln1649_43' <Predicate = true> <Delay = 1.55> <CoreInst = "Cmp">   --->   Core 9 'Cmp' <Latency = 0> <II = 1> <Delay = 1.55> <FuncUnit> <Opcode : 'icmp'> <InPorts = 2> <OutPorts = 1>
ST_1 : Operation 49 [1/1] (1.55ns)   --->   "%icmp_ln1649_44 = icmp_sgt  i8 %tmp_24, i8 0"   --->   Operation 49 'icmp' 'icmp_ln1649_44' <Predicate = true> <Delay = 1.55> <CoreInst = "Cmp">   --->   Core 9 'Cmp' <Latency = 0> <II = 1> <Delay = 1.55> <FuncUnit> <Opcode : 'icmp'> <InPorts = 2> <OutPorts = 1>
ST_1 : Operation 50 [1/1] (1.55ns)   --->   "%icmp_ln1649_45 = icmp_sgt  i8 %trunc_ln44_33, i8 0"   --->   Operation 50 'icmp' 'icmp_ln1649_45' <Predicate = true> <Delay = 1.55> <CoreInst = "Cmp">   --->   Core 9 'Cmp' <Latency = 0> <II = 1> <Delay = 1.55> <FuncUnit> <Opcode : 'icmp'> <InPorts = 2> <OutPorts = 1>
ST_1 : Operation 51 [1/1] (1.55ns)   --->   "%icmp_ln1649_46 = icmp_sgt  i8 %trunc_ln44_34, i8 0"   --->   Operation 51 'icmp' 'icmp_ln1649_46' <Predicate = true> <Delay = 1.55> <CoreInst = "Cmp">   --->   Core 9 'Cmp' <Latency = 0> <II = 1> <Delay = 1.55> <FuncUnit> <Opcode : 'icmp'> <InPorts = 2> <OutPorts = 1>

State 2 <SV = 1> <Delay = 3.18>
ST_2 : Operation 52 [1/1] (0.00ns)   --->   "%specinterface_ln0 = specinterface void @_ssdm_op_SpecInterface, i128 %layer9_out, void @empty_2, i32 0, i32 0, void @empty_0, i32 0, i32 0, void @empty_0, void @empty_0, void @empty_0, i32 0, i32 0, i32 0, i32 0, void @empty_0, void @empty_0, i32 4294967295, i32 0"   --->   Operation 52 'specinterface' 'specinterface_ln0' <Predicate = true> <Delay = 0.00>
ST_2 : Operation 53 [1/1] (0.00ns)   --->   "%specinterface_ln0 = specinterface void @_ssdm_op_SpecInterface, i128 %layer8_out, void @empty_2, i32 0, i32 0, void @empty_0, i32 0, i32 0, void @empty_0, void @empty_0, void @empty_0, i32 0, i32 0, i32 0, i32 0, void @empty_0, void @empty_0, i32 4294967295, i32 0"   --->   Operation 53 'specinterface' 'specinterface_ln0' <Predicate = true> <Delay = 0.00>
ST_2 : Operation 54 [1/1] (0.99ns)   --->   "%select_ln51 = select i1 %icmp_ln1649, i7 %trunc_ln44_2, i7 0" [firmware/nnet_utils/nnet_activation_stream.h:51]   --->   Operation 54 'select' 'select_ln51' <Predicate = true> <Delay = 0.99> <CoreInst = "Sel">   --->   Core 73 'Sel' <Latency = 0> <II = 1> <Delay = 0.99> <FuncUnit> <Opcode : 'select'> <InPorts = 3> <OutPorts = 1>
ST_2 : Operation 55 [1/1] (0.00ns)   --->   "%zext_ln1649 = zext i7 %select_ln51"   --->   Operation 55 'zext' 'zext_ln1649' <Predicate = true> <Delay = 0.00>
ST_2 : Operation 56 [1/1] (0.99ns)   --->   "%select_ln51_32 = select i1 %icmp_ln1649_32, i7 %trunc_ln44_s, i7 0" [firmware/nnet_utils/nnet_activation_stream.h:51]   --->   Operation 56 'select' 'select_ln51_32' <Predicate = true> <Delay = 0.99> <CoreInst = "Sel">   --->   Core 73 'Sel' <Latency = 0> <II = 1> <Delay = 0.99> <FuncUnit> <Opcode : 'select'> <InPorts = 3> <OutPorts = 1>
ST_2 : Operation 57 [1/1] (0.00ns)   --->   "%zext_ln1649_31 = zext i7 %select_ln51_32"   --->   Operation 57 'zext' 'zext_ln1649_31' <Predicate = true> <Delay = 0.00>
ST_2 : Operation 58 [1/1] (0.99ns)   --->   "%select_ln51_33 = select i1 %icmp_ln1649_33, i7 %trunc_ln44_35, i7 0" [firmware/nnet_utils/nnet_activation_stream.h:51]   --->   Operation 58 'select' 'select_ln51_33' <Predicate = true> <Delay = 0.99> <CoreInst = "Sel">   --->   Core 73 'Sel' <Latency = 0> <II = 1> <Delay = 0.99> <FuncUnit> <Opcode : 'select'> <InPorts = 3> <OutPorts = 1>
ST_2 : Operation 59 [1/1] (0.00ns)   --->   "%zext_ln1649_32 = zext i7 %select_ln51_33"   --->   Operation 59 'zext' 'zext_ln1649_32' <Predicate = true> <Delay = 0.00>
ST_2 : Operation 60 [1/1] (0.99ns)   --->   "%select_ln51_34 = select i1 %icmp_ln1649_34, i7 %trunc_ln44_36, i7 0" [firmware/nnet_utils/nnet_activation_stream.h:51]   --->   Operation 60 'select' 'select_ln51_34' <Predicate = true> <Delay = 0.99> <CoreInst = "Sel">   --->   Core 73 'Sel' <Latency = 0> <II = 1> <Delay = 0.99> <FuncUnit> <Opcode : 'select'> <InPorts = 3> <OutPorts = 1>
ST_2 : Operation 61 [1/1] (0.00ns)   --->   "%zext_ln1649_33 = zext i7 %select_ln51_34"   --->   Operation 61 'zext' 'zext_ln1649_33' <Predicate = true> <Delay = 0.00>
ST_2 : Operation 62 [1/1] (0.99ns)   --->   "%select_ln51_35 = select i1 %icmp_ln1649_35, i7 %trunc_ln44_37, i7 0" [firmware/nnet_utils/nnet_activation_stream.h:51]   --->   Operation 62 'select' 'select_ln51_35' <Predicate = true> <Delay = 0.99> <CoreInst = "Sel">   --->   Core 73 'Sel' <Latency = 0> <II = 1> <Delay = 0.99> <FuncUnit> <Opcode : 'select'> <InPorts = 3> <OutPorts = 1>
ST_2 : Operation 63 [1/1] (0.00ns)   --->   "%zext_ln1649_34 = zext i7 %select_ln51_35"   --->   Operation 63 'zext' 'zext_ln1649_34' <Predicate = true> <Delay = 0.00>
ST_2 : Operation 64 [1/1] (0.99ns)   --->   "%select_ln51_36 = select i1 %icmp_ln1649_36, i7 %trunc_ln44_38, i7 0" [firmware/nnet_utils/nnet_activation_stream.h:51]   --->   Operation 64 'select' 'select_ln51_36' <Predicate = true> <Delay = 0.99> <CoreInst = "Sel">   --->   Core 73 'Sel' <Latency = 0> <II = 1> <Delay = 0.99> <FuncUnit> <Opcode : 'select'> <InPorts = 3> <OutPorts = 1>
ST_2 : Operation 65 [1/1] (0.00ns)   --->   "%zext_ln1649_35 = zext i7 %select_ln51_36"   --->   Operation 65 'zext' 'zext_ln1649_35' <Predicate = true> <Delay = 0.00>
ST_2 : Operation 66 [1/1] (0.99ns)   --->   "%select_ln51_37 = select i1 %icmp_ln1649_37, i7 %trunc_ln44_39, i7 0" [firmware/nnet_utils/nnet_activation_stream.h:51]   --->   Operation 66 'select' 'select_ln51_37' <Predicate = true> <Delay = 0.99> <CoreInst = "Sel">   --->   Core 73 'Sel' <Latency = 0> <II = 1> <Delay = 0.99> <FuncUnit> <Opcode : 'select'> <InPorts = 3> <OutPorts = 1>
ST_2 : Operation 67 [1/1] (0.00ns)   --->   "%zext_ln1649_36 = zext i7 %select_ln51_37"   --->   Operation 67 'zext' 'zext_ln1649_36' <Predicate = true> <Delay = 0.00>
ST_2 : Operation 68 [1/1] (0.99ns)   --->   "%select_ln51_38 = select i1 %icmp_ln1649_38, i7 %trunc_ln44_40, i7 0" [firmware/nnet_utils/nnet_activation_stream.h:51]   --->   Operation 68 'select' 'select_ln51_38' <Predicate = true> <Delay = 0.99> <CoreInst = "Sel">   --->   Core 73 'Sel' <Latency = 0> <II = 1> <Delay = 0.99> <FuncUnit> <Opcode : 'select'> <InPorts = 3> <OutPorts = 1>
ST_2 : Operation 69 [1/1] (0.00ns)   --->   "%zext_ln1649_37 = zext i7 %select_ln51_38"   --->   Operation 69 'zext' 'zext_ln1649_37' <Predicate = true> <Delay = 0.00>
ST_2 : Operation 70 [1/1] (0.99ns)   --->   "%select_ln51_39 = select i1 %icmp_ln1649_39, i7 %trunc_ln44_41, i7 0" [firmware/nnet_utils/nnet_activation_stream.h:51]   --->   Operation 70 'select' 'select_ln51_39' <Predicate = true> <Delay = 0.99> <CoreInst = "Sel">   --->   Core 73 'Sel' <Latency = 0> <II = 1> <Delay = 0.99> <FuncUnit> <Opcode : 'select'> <InPorts = 3> <OutPorts = 1>
ST_2 : Operation 71 [1/1] (0.00ns)   --->   "%zext_ln1649_38 = zext i7 %select_ln51_39"   --->   Operation 71 'zext' 'zext_ln1649_38' <Predicate = true> <Delay = 0.00>
ST_2 : Operation 72 [1/1] (0.99ns)   --->   "%select_ln51_40 = select i1 %icmp_ln1649_40, i7 %trunc_ln44_42, i7 0" [firmware/nnet_utils/nnet_activation_stream.h:51]   --->   Operation 72 'select' 'select_ln51_40' <Predicate = true> <Delay = 0.99> <CoreInst = "Sel">   --->   Core 73 'Sel' <Latency = 0> <II = 1> <Delay = 0.99> <FuncUnit> <Opcode : 'select'> <InPorts = 3> <OutPorts = 1>
ST_2 : Operation 73 [1/1] (0.00ns)   --->   "%zext_ln1649_39 = zext i7 %select_ln51_40"   --->   Operation 73 'zext' 'zext_ln1649_39' <Predicate = true> <Delay = 0.00>
ST_2 : Operation 74 [1/1] (0.99ns)   --->   "%select_ln51_41 = select i1 %icmp_ln1649_41, i7 %trunc_ln44_43, i7 0" [firmware/nnet_utils/nnet_activation_stream.h:51]   --->   Operation 74 'select' 'select_ln51_41' <Predicate = true> <Delay = 0.99> <CoreInst = "Sel">   --->   Core 73 'Sel' <Latency = 0> <II = 1> <Delay = 0.99> <FuncUnit> <Opcode : 'select'> <InPorts = 3> <OutPorts = 1>
ST_2 : Operation 75 [1/1] (0.00ns)   --->   "%zext_ln1649_40 = zext i7 %select_ln51_41"   --->   Operation 75 'zext' 'zext_ln1649_40' <Predicate = true> <Delay = 0.00>
ST_2 : Operation 76 [1/1] (0.99ns)   --->   "%select_ln51_42 = select i1 %icmp_ln1649_42, i7 %trunc_ln44_44, i7 0" [firmware/nnet_utils/nnet_activation_stream.h:51]   --->   Operation 76 'select' 'select_ln51_42' <Predicate = true> <Delay = 0.99> <CoreInst = "Sel">   --->   Core 73 'Sel' <Latency = 0> <II = 1> <Delay = 0.99> <FuncUnit> <Opcode : 'select'> <InPorts = 3> <OutPorts = 1>
ST_2 : Operation 77 [1/1] (0.00ns)   --->   "%zext_ln1649_41 = zext i7 %select_ln51_42"   --->   Operation 77 'zext' 'zext_ln1649_41' <Predicate = true> <Delay = 0.00>
ST_2 : Operation 78 [1/1] (0.99ns)   --->   "%select_ln51_43 = select i1 %icmp_ln1649_43, i7 %trunc_ln44_45, i7 0" [firmware/nnet_utils/nnet_activation_stream.h:51]   --->   Operation 78 'select' 'select_ln51_43' <Predicate = true> <Delay = 0.99> <CoreInst = "Sel">   --->   Core 73 'Sel' <Latency = 0> <II = 1> <Delay = 0.99> <FuncUnit> <Opcode : 'select'> <InPorts = 3> <OutPorts = 1>
ST_2 : Operation 79 [1/1] (0.00ns)   --->   "%zext_ln1649_42 = zext i7 %select_ln51_43"   --->   Operation 79 'zext' 'zext_ln1649_42' <Predicate = true> <Delay = 0.00>
ST_2 : Operation 80 [1/1] (0.99ns)   --->   "%select_ln51_44 = select i1 %icmp_ln1649_44, i7 %trunc_ln44_46, i7 0" [firmware/nnet_utils/nnet_activation_stream.h:51]   --->   Operation 80 'select' 'select_ln51_44' <Predicate = true> <Delay = 0.99> <CoreInst = "Sel">   --->   Core 73 'Sel' <Latency = 0> <II = 1> <Delay = 0.99> <FuncUnit> <Opcode : 'select'> <InPorts = 3> <OutPorts = 1>
ST_2 : Operation 81 [1/1] (0.00ns)   --->   "%zext_ln1649_43 = zext i7 %select_ln51_44"   --->   Operation 81 'zext' 'zext_ln1649_43' <Predicate = true> <Delay = 0.00>
ST_2 : Operation 82 [1/1] (0.99ns)   --->   "%select_ln51_45 = select i1 %icmp_ln1649_45, i7 %trunc_ln44_47, i7 0" [firmware/nnet_utils/nnet_activation_stream.h:51]   --->   Operation 82 'select' 'select_ln51_45' <Predicate = true> <Delay = 0.99> <CoreInst = "Sel">   --->   Core 73 'Sel' <Latency = 0> <II = 1> <Delay = 0.99> <FuncUnit> <Opcode : 'select'> <InPorts = 3> <OutPorts = 1>
ST_2 : Operation 83 [1/1] (0.00ns)   --->   "%zext_ln1649_44 = zext i7 %select_ln51_45"   --->   Operation 83 'zext' 'zext_ln1649_44' <Predicate = true> <Delay = 0.00>
ST_2 : Operation 84 [1/1] (0.99ns)   --->   "%select_ln51_46 = select i1 %icmp_ln1649_46, i7 %trunc_ln, i7 0" [firmware/nnet_utils/nnet_activation_stream.h:51]   --->   Operation 84 'select' 'select_ln51_46' <Predicate = true> <Delay = 0.99> <CoreInst = "Sel">   --->   Core 73 'Sel' <Latency = 0> <II = 1> <Delay = 0.99> <FuncUnit> <Opcode : 'select'> <InPorts = 3> <OutPorts = 1>
ST_2 : Operation 85 [1/1] (0.00ns)   --->   "%or_ln57_s = bitconcatenate i127 @_ssdm_op_BitConcatenate.i127.i7.i8.i8.i8.i8.i8.i8.i8.i8.i8.i8.i8.i8.i8.i8.i8, i7 %select_ln51_46, i8 %zext_ln1649_44, i8 %zext_ln1649_43, i8 %zext_ln1649_42, i8 %zext_ln1649_41, i8 %zext_ln1649_40, i8 %zext_ln1649_39, i8 %zext_ln1649_38, i8 %zext_ln1649_37, i8 %zext_ln1649_36, i8 %zext_ln1649_35, i8 %zext_ln1649_34, i8 %zext_ln1649_33, i8 %zext_ln1649_32, i8 %zext_ln1649_31, i8 %zext_ln1649" [firmware/nnet_utils/nnet_activation_stream.h:57]   --->   Operation 85 'bitconcatenate' 'or_ln57_s' <Predicate = true> <Delay = 0.00>
ST_2 : Operation 86 [1/1] (0.00ns)   --->   "%zext_ln57 = zext i127 %or_ln57_s" [firmware/nnet_utils/nnet_activation_stream.h:57]   --->   Operation 86 'zext' 'zext_ln57' <Predicate = true> <Delay = 0.00>
ST_2 : Operation 87 [1/1] (2.18ns)   --->   "%write_ln57 = write void @_ssdm_op_Write.ap_fifo.volatile.i128P0A, i128 %layer9_out, i128 %zext_ln57" [firmware/nnet_utils/nnet_activation_stream.h:57]   --->   Operation 87 'write' 'write_ln57' <Predicate = true> <Delay = 2.18> <CoreInst = "FIFO_SRL">   --->   Core 81 'FIFO_SRL' <Latency = 0> <II = 1> <Delay = 3.63> <Storage> <Opcode : 'read' 'write' 'nbread' 'nbwrite'> <Ports = 0> <Width = 128> <Depth = 1> <FIFO>
ST_2 : Operation 88 [1/1] (0.00ns)   --->   "%ret_ln59 = ret" [firmware/nnet_utils/nnet_activation_stream.h:59]   --->   Operation 88 'ret' 'ret_ln59' <Predicate = true> <Delay = 0.00>


============================================================
+ Verbose Summary: Binding
============================================================
STG Binding: 
---------------- STG Properties BEGIN ----------------
- Is combinational: 0
- Is one-state seq: 0
- Is datapath-only: 0
- Is pipelined: 0
- Is top level: 0
Port [ Return ] is wired: 1; IO mode=ap_ctrl_hs:ce=0
Port [ layer8_out]:  wired=1; compound=1; hidden=0; nouse=0; global=0; static=0; extern=0; dir=0; type=3; pingpong=0; private_global=0; IO mode=ap_fifo:ce=0
Port [ layer9_out]:  wired=1; compound=1; hidden=0; nouse=0; global=0; static=0; extern=0; dir=1; type=3; pingpong=0; private_global=0; IO mode=ap_fifo:ce=0
---------------- STG Properties END ------------------

---------------- Datapath Model BEGIN ----------------

<LifeTime>
<method=bitvector/>
layer8_out_read   (read          ) [ 000]
in_data_data      (trunc         ) [ 000]
trunc_ln44_2      (trunc         ) [ 001]
trunc_ln44_33     (partselect    ) [ 000]
trunc_ln44_34     (partselect    ) [ 000]
in_data_data_22   (partselect    ) [ 000]
trunc_ln44_s      (partselect    ) [ 001]
in_data_data_23   (partselect    ) [ 000]
trunc_ln44_35     (partselect    ) [ 001]
in_data_data_24   (partselect    ) [ 000]
trunc_ln44_36     (partselect    ) [ 001]
in_data_data_25   (partselect    ) [ 000]
trunc_ln44_37     (partselect    ) [ 001]
in_data_data_26   (partselect    ) [ 000]
trunc_ln44_38     (partselect    ) [ 001]
in_data_data_27   (partselect    ) [ 000]
trunc_ln44_39     (partselect    ) [ 001]
in_data_data_28   (partselect    ) [ 000]
trunc_ln44_40     (partselect    ) [ 001]
tmp               (partselect    ) [ 000]
trunc_ln44_41     (partselect    ) [ 001]
tmp_s             (partselect    ) [ 000]
trunc_ln44_42     (partselect    ) [ 001]
tmp_21            (partselect    ) [ 000]
trunc_ln44_43     (partselect    ) [ 001]
tmp_22            (partselect    ) [ 000]
trunc_ln44_44     (partselect    ) [ 001]
tmp_23            (partselect    ) [ 000]
trunc_ln44_45     (partselect    ) [ 001]
tmp_24            (partselect    ) [ 000]
trunc_ln44_46     (partselect    ) [ 001]
trunc_ln44_47     (partselect    ) [ 001]
trunc_ln          (partselect    ) [ 001]
icmp_ln1649       (icmp          ) [ 001]
icmp_ln1649_32    (icmp          ) [ 001]
icmp_ln1649_33    (icmp          ) [ 001]
icmp_ln1649_34    (icmp          ) [ 001]
icmp_ln1649_35    (icmp          ) [ 001]
icmp_ln1649_36    (icmp          ) [ 001]
icmp_ln1649_37    (icmp          ) [ 001]
icmp_ln1649_38    (icmp          ) [ 001]
icmp_ln1649_39    (icmp          ) [ 001]
icmp_ln1649_40    (icmp          ) [ 001]
icmp_ln1649_41    (icmp          ) [ 001]
icmp_ln1649_42    (icmp          ) [ 001]
icmp_ln1649_43    (icmp          ) [ 001]
icmp_ln1649_44    (icmp          ) [ 001]
icmp_ln1649_45    (icmp          ) [ 001]
icmp_ln1649_46    (icmp          ) [ 001]
specinterface_ln0 (specinterface ) [ 000]
specinterface_ln0 (specinterface ) [ 000]
select_ln51       (select        ) [ 000]
zext_ln1649       (zext          ) [ 000]
select_ln51_32    (select        ) [ 000]
zext_ln1649_31    (zext          ) [ 000]
select_ln51_33    (select        ) [ 000]
zext_ln1649_32    (zext          ) [ 000]
select_ln51_34    (select        ) [ 000]
zext_ln1649_33    (zext          ) [ 000]
select_ln51_35    (select        ) [ 000]
zext_ln1649_34    (zext          ) [ 000]
select_ln51_36    (select        ) [ 000]
zext_ln1649_35    (zext          ) [ 000]
select_ln51_37    (select        ) [ 000]
zext_ln1649_36    (zext          ) [ 000]
select_ln51_38    (select        ) [ 000]
zext_ln1649_37    (zext          ) [ 000]
select_ln51_39    (select        ) [ 000]
zext_ln1649_38    (zext          ) [ 000]
select_ln51_40    (select        ) [ 000]
zext_ln1649_39    (zext          ) [ 000]
select_ln51_41    (select        ) [ 000]
zext_ln1649_40    (zext          ) [ 000]
select_ln51_42    (select        ) [ 000]
zext_ln1649_41    (zext          ) [ 000]
select_ln51_43    (select        ) [ 000]
zext_ln1649_42    (zext          ) [ 000]
select_ln51_44    (select        ) [ 000]
zext_ln1649_43    (zext          ) [ 000]
select_ln51_45    (select        ) [ 000]
zext_ln1649_44    (zext          ) [ 000]
select_ln51_46    (select        ) [ 000]
or_ln57_s         (bitconcatenate) [ 000]
zext_ln57         (zext          ) [ 000]
write_ln57        (write         ) [ 000]
ret_ln59          (ret           ) [ 000]
</LifeTime>

<model>

<comp_list>
<comp id="0" class="1000" name="layer8_out">
<pin_list>
<pin id="1" dir="1" index="0" bw="1" slack="0"/>
</pin_list>
<bind>
<StgValue><ssdm name="layer8_out"/></StgValue>
</bind>
</comp>

<comp id="2" class="1000" name="layer9_out">
<pin_list>
<pin id="3" dir="1" index="0" bw="1" slack="0"/>
</pin_list>
<bind>
<StgValue><ssdm name="layer9_out"/></StgValue>
</bind>
</comp>

<comp id="4" class="1001" name="const_4">
<pin_list>
<pin id="5" dir="1" index="0" bw="1" slack="0"/>
</pin_list>
<bind>
<StgValue><ssdm name="_ssdm_op_Read.ap_fifo.volatile.i128P0A"/></StgValue>
</bind>
</comp>

<comp id="6" class="1001" name="const_6">
<pin_list>
<pin id="7" dir="1" index="0" bw="1" slack="0"/>
</pin_list>
<bind>
<StgValue><ssdm name="_ssdm_op_PartSelect.i8.i128.i32.i32"/></StgValue>
</bind>
</comp>

<comp id="8" class="1001" name="const_8">
<pin_list>
<pin id="9" dir="1" index="0" bw="1" slack="0"/>
</pin_list>
<bind>
<StgValue><ssdm name=""/></StgValue>
</bind>
</comp>

<comp id="10" class="1001" name="const_10">
<pin_list>
<pin id="11" dir="1" index="0" bw="1" slack="0"/>
</pin_list>
<bind>
<StgValue><ssdm name=""/></StgValue>
</bind>
</comp>

<comp id="12" class="1001" name="const_12">
<pin_list>
<pin id="13" dir="1" index="0" bw="1" slack="0"/>
</pin_list>
<bind>
<StgValue><ssdm name=""/></StgValue>
</bind>
</comp>

<comp id="14" class="1001" name="const_14">
<pin_list>
<pin id="15" dir="1" index="0" bw="1" slack="0"/>
</pin_list>
<bind>
<StgValue><ssdm name=""/></StgValue>
</bind>
</comp>

<comp id="16" class="1001" name="const_16">
<pin_list>
<pin id="17" dir="1" index="0" bw="1" slack="0"/>
</pin_list>
<bind>
<StgValue><ssdm name=""/></StgValue>
</bind>
</comp>

<comp id="18" class="1001" name="const_18">
<pin_list>
<pin id="19" dir="1" index="0" bw="1" slack="0"/>
</pin_list>
<bind>
<StgValue><ssdm name=""/></StgValue>
</bind>
</comp>

<comp id="20" class="1001" name="const_20">
<pin_list>
<pin id="21" dir="1" index="0" bw="1" slack="0"/>
</pin_list>
<bind>
<StgValue><ssdm name="_ssdm_op_PartSelect.i7.i128.i32.i32"/></StgValue>
</bind>
</comp>

<comp id="22" class="1001" name="const_22">
<pin_list>
<pin id="23" dir="1" index="0" bw="1" slack="0"/>
</pin_list>
<bind>
<StgValue><ssdm name=""/></StgValue>
</bind>
</comp>

<comp id="24" class="1001" name="const_24">
<pin_list>
<pin id="25" dir="1" index="0" bw="1" slack="0"/>
</pin_list>
<bind>
<StgValue><ssdm name=""/></StgValue>
</bind>
</comp>

<comp id="26" class="1001" name="const_26">
<pin_list>
<pin id="27" dir="1" index="0" bw="1" slack="0"/>
</pin_list>
<bind>
<StgValue><ssdm name=""/></StgValue>
</bind>
</comp>

<comp id="28" class="1001" name="const_28">
<pin_list>
<pin id="29" dir="1" index="0" bw="1" slack="0"/>
</pin_list>
<bind>
<StgValue><ssdm name=""/></StgValue>
</bind>
</comp>

<comp id="30" class="1001" name="const_30">
<pin_list>
<pin id="31" dir="1" index="0" bw="1" slack="0"/>
</pin_list>
<bind>
<StgValue><ssdm name=""/></StgValue>
</bind>
</comp>

<comp id="32" class="1001" name="const_32">
<pin_list>
<pin id="33" dir="1" index="0" bw="1" slack="0"/>
</pin_list>
<bind>
<StgValue><ssdm name=""/></StgValue>
</bind>
</comp>

<comp id="34" class="1001" name="const_34">
<pin_list>
<pin id="35" dir="1" index="0" bw="1" slack="0"/>
</pin_list>
<bind>
<StgValue><ssdm name=""/></StgValue>
</bind>
</comp>

<comp id="36" class="1001" name="const_36">
<pin_list>
<pin id="37" dir="1" index="0" bw="1" slack="0"/>
</pin_list>
<bind>
<StgValue><ssdm name=""/></StgValue>
</bind>
</comp>

<comp id="38" class="1001" name="const_38">
<pin_list>
<pin id="39" dir="1" index="0" bw="1" slack="0"/>
</pin_list>
<bind>
<StgValue><ssdm name=""/></StgValue>
</bind>
</comp>

<comp id="40" class="1001" name="const_40">
<pin_list>
<pin id="41" dir="1" index="0" bw="1" slack="0"/>
</pin_list>
<bind>
<StgValue><ssdm name=""/></StgValue>
</bind>
</comp>

<comp id="42" class="1001" name="const_42">
<pin_list>
<pin id="43" dir="1" index="0" bw="1" slack="0"/>
</pin_list>
<bind>
<StgValue><ssdm name=""/></StgValue>
</bind>
</comp>

<comp id="44" class="1001" name="const_44">
<pin_list>
<pin id="45" dir="1" index="0" bw="1" slack="0"/>
</pin_list>
<bind>
<StgValue><ssdm name=""/></StgValue>
</bind>
</comp>

<comp id="46" class="1001" name="const_46">
<pin_list>
<pin id="47" dir="1" index="0" bw="1" slack="0"/>
</pin_list>
<bind>
<StgValue><ssdm name=""/></StgValue>
</bind>
</comp>

<comp id="48" class="1001" name="const_48">
<pin_list>
<pin id="49" dir="1" index="0" bw="1" slack="0"/>
</pin_list>
<bind>
<StgValue><ssdm name=""/></StgValue>
</bind>
</comp>

<comp id="50" class="1001" name="const_50">
<pin_list>
<pin id="51" dir="1" index="0" bw="1" slack="0"/>
</pin_list>
<bind>
<StgValue><ssdm name=""/></StgValue>
</bind>
</comp>

<comp id="52" class="1001" name="const_52">
<pin_list>
<pin id="53" dir="1" index="0" bw="1" slack="0"/>
</pin_list>
<bind>
<StgValue><ssdm name=""/></StgValue>
</bind>
</comp>

<comp id="54" class="1001" name="const_54">
<pin_list>
<pin id="55" dir="1" index="0" bw="1" slack="0"/>
</pin_list>
<bind>
<StgValue><ssdm name=""/></StgValue>
</bind>
</comp>

<comp id="56" class="1001" name="const_56">
<pin_list>
<pin id="57" dir="1" index="0" bw="1" slack="0"/>
</pin_list>
<bind>
<StgValue><ssdm name=""/></StgValue>
</bind>
</comp>

<comp id="58" class="1001" name="const_58">
<pin_list>
<pin id="59" dir="1" index="0" bw="1" slack="0"/>
</pin_list>
<bind>
<StgValue><ssdm name=""/></StgValue>
</bind>
</comp>

<comp id="60" class="1001" name="const_60">
<pin_list>
<pin id="61" dir="1" index="0" bw="1" slack="0"/>
</pin_list>
<bind>
<StgValue><ssdm name=""/></StgValue>
</bind>
</comp>

<comp id="62" class="1001" name="const_62">
<pin_list>
<pin id="63" dir="1" index="0" bw="1" slack="0"/>
</pin_list>
<bind>
<StgValue><ssdm name=""/></StgValue>
</bind>
</comp>

<comp id="64" class="1001" name="const_64">
<pin_list>
<pin id="65" dir="1" index="0" bw="1" slack="0"/>
</pin_list>
<bind>
<StgValue><ssdm name=""/></StgValue>
</bind>
</comp>

<comp id="66" class="1001" name="const_66">
<pin_list>
<pin id="67" dir="1" index="0" bw="1" slack="0"/>
</pin_list>
<bind>
<StgValue><ssdm name=""/></StgValue>
</bind>
</comp>

<comp id="68" class="1001" name="const_68">
<pin_list>
<pin id="69" dir="1" index="0" bw="1" slack="0"/>
</pin_list>
<bind>
<StgValue><ssdm name=""/></StgValue>
</bind>
</comp>

<comp id="70" class="1001" name="const_70">
<pin_list>
<pin id="71" dir="1" index="0" bw="1" slack="0"/>
</pin_list>
<bind>
<StgValue><ssdm name=""/></StgValue>
</bind>
</comp>

<comp id="72" class="1001" name="const_72">
<pin_list>
<pin id="73" dir="1" index="0" bw="1" slack="0"/>
</pin_list>
<bind>
<StgValue><ssdm name=""/></StgValue>
</bind>
</comp>

<comp id="74" class="1001" name="const_74">
<pin_list>
<pin id="75" dir="1" index="0" bw="1" slack="0"/>
</pin_list>
<bind>
<StgValue><ssdm name=""/></StgValue>
</bind>
</comp>

<comp id="76" class="1001" name="const_76">
<pin_list>
<pin id="77" dir="1" index="0" bw="1" slack="0"/>
</pin_list>
<bind>
<StgValue><ssdm name=""/></StgValue>
</bind>
</comp>

<comp id="78" class="1001" name="const_78">
<pin_list>
<pin id="79" dir="1" index="0" bw="1" slack="0"/>
</pin_list>
<bind>
<StgValue><ssdm name=""/></StgValue>
</bind>
</comp>

<comp id="80" class="1001" name="const_80">
<pin_list>
<pin id="81" dir="1" index="0" bw="1" slack="0"/>
</pin_list>
<bind>
<StgValue><ssdm name=""/></StgValue>
</bind>
</comp>

<comp id="82" class="1001" name="const_82">
<pin_list>
<pin id="83" dir="1" index="0" bw="1" slack="0"/>
</pin_list>
<bind>
<StgValue><ssdm name=""/></StgValue>
</bind>
</comp>

<comp id="84" class="1001" name="const_84">
<pin_list>
<pin id="85" dir="1" index="0" bw="1" slack="0"/>
</pin_list>
<bind>
<StgValue><ssdm name=""/></StgValue>
</bind>
</comp>

<comp id="86" class="1001" name="const_86">
<pin_list>
<pin id="87" dir="1" index="0" bw="1" slack="0"/>
</pin_list>
<bind>
<StgValue><ssdm name=""/></StgValue>
</bind>
</comp>

<comp id="88" class="1001" name="const_88">
<pin_list>
<pin id="89" dir="1" index="0" bw="1" slack="0"/>
</pin_list>
<bind>
<StgValue><ssdm name=""/></StgValue>
</bind>
</comp>

<comp id="90" class="1001" name="const_90">
<pin_list>
<pin id="91" dir="1" index="0" bw="1" slack="0"/>
</pin_list>
<bind>
<StgValue><ssdm name=""/></StgValue>
</bind>
</comp>

<comp id="92" class="1001" name="const_92">
<pin_list>
<pin id="93" dir="1" index="0" bw="1" slack="0"/>
</pin_list>
<bind>
<StgValue><ssdm name=""/></StgValue>
</bind>
</comp>

<comp id="94" class="1001" name="const_94">
<pin_list>
<pin id="95" dir="1" index="0" bw="1" slack="0"/>
</pin_list>
<bind>
<StgValue><ssdm name=""/></StgValue>
</bind>
</comp>

<comp id="96" class="1001" name="const_96">
<pin_list>
<pin id="97" dir="1" index="0" bw="1" slack="0"/>
</pin_list>
<bind>
<StgValue><ssdm name=""/></StgValue>
</bind>
</comp>

<comp id="98" class="1001" name="const_98">
<pin_list>
<pin id="99" dir="1" index="0" bw="1" slack="0"/>
</pin_list>
<bind>
<StgValue><ssdm name=""/></StgValue>
</bind>
</comp>

<comp id="100" class="1001" name="const_100">
<pin_list>
<pin id="101" dir="1" index="0" bw="1" slack="0"/>
</pin_list>
<bind>
<StgValue><ssdm name=""/></StgValue>
</bind>
</comp>

<comp id="102" class="1001" name="const_102">
<pin_list>
<pin id="103" dir="1" index="0" bw="1" slack="2147483647"/>
</pin_list>
<bind>
<StgValue><ssdm name="_ssdm_op_SpecInterface"/></StgValue>
</bind>
</comp>

<comp id="104" class="1001" name="const_104">
<pin_list>
<pin id="105" dir="1" index="0" bw="1" slack="2147483647"/>
</pin_list>
<bind>
<StgValue><ssdm name="empty_2"/></StgValue>
</bind>
</comp>

<comp id="106" class="1001" name="const_106">
<pin_list>
<pin id="107" dir="1" index="0" bw="1" slack="2147483647"/>
</pin_list>
<bind>
<StgValue><ssdm name=""/></StgValue>
</bind>
</comp>

<comp id="108" class="1001" name="const_108">
<pin_list>
<pin id="109" dir="1" index="0" bw="1" slack="2147483647"/>
</pin_list>
<bind>
<StgValue><ssdm name="empty_0"/></StgValue>
</bind>
</comp>

<comp id="110" class="1001" name="const_110">
<pin_list>
<pin id="111" dir="1" index="0" bw="1" slack="2147483647"/>
</pin_list>
<bind>
<StgValue><ssdm name=""/></StgValue>
</bind>
</comp>

<comp id="112" class="1001" name="const_112">
<pin_list>
<pin id="113" dir="1" index="0" bw="1" slack="0"/>
</pin_list>
<bind>
<StgValue><ssdm name=""/></StgValue>
</bind>
</comp>

<comp id="114" class="1001" name="const_114">
<pin_list>
<pin id="115" dir="1" index="0" bw="1" slack="0"/>
</pin_list>
<bind>
<StgValue><ssdm name="_ssdm_op_BitConcatenate.i127.i7.i8.i8.i8.i8.i8.i8.i8.i8.i8.i8.i8.i8.i8.i8.i8"/></StgValue>
</bind>
</comp>

<comp id="116" class="1001" name="const_116">
<pin_list>
<pin id="117" dir="1" index="0" bw="1" slack="0"/>
</pin_list>
<bind>
<StgValue><ssdm name="_ssdm_op_Write.ap_fifo.volatile.i128P0A"/></StgValue>
</bind>
</comp>

<comp id="118" class="1004" name="layer8_out_read_read_fu_118">
<pin_list>
<pin id="119" dir="0" index="0" bw="128" slack="0"/>
<pin id="120" dir="0" index="1" bw="128" slack="0"/>
<pin id="121" dir="1" index="2" bw="128" slack="0"/>
</pin_list>
<bind>
<opcode="read(1150) " fcode="read"/>
<opset="layer8_out_read/1 "/>
</bind>
</comp>

<comp id="124" class="1004" name="write_ln57_write_fu_124">
<pin_list>
<pin id="125" dir="0" index="0" bw="0" slack="0"/>
<pin id="126" dir="0" index="1" bw="128" slack="0"/>
<pin id="127" dir="0" index="2" bw="127" slack="0"/>
<pin id="128" dir="1" index="3" bw="0" slack="2147483647"/>
</pin_list>
<bind>
<opcode="write(1151) " fcode="write"/>
<opset="write_ln57/2 "/>
</bind>
</comp>

<comp id="131" class="1004" name="in_data_data_fu_131">
<pin_list>
<pin id="132" dir="0" index="0" bw="128" slack="0"/>
<pin id="133" dir="1" index="1" bw="8" slack="0"/>
</pin_list>
<bind>
<opcode="trunc(33) " fcode="trunc"/>
<opset="in_data_data/1 "/>
</bind>
</comp>

<comp id="135" class="1004" name="trunc_ln44_2_fu_135">
<pin_list>
<pin id="136" dir="0" index="0" bw="128" slack="0"/>
<pin id="137" dir="1" index="1" bw="7" slack="1"/>
</pin_list>
<bind>
<opcode="trunc(33) " fcode="trunc"/>
<opset="trunc_ln44_2/1 "/>
</bind>
</comp>

<comp id="139" class="1004" name="trunc_ln44_33_fu_139">
<pin_list>
<pin id="140" dir="0" index="0" bw="8" slack="0"/>
<pin id="141" dir="0" index="1" bw="128" slack="0"/>
<pin id="142" dir="0" index="2" bw="8" slack="0"/>
<pin id="143" dir="0" index="3" bw="8" slack="0"/>
<pin id="144" dir="1" index="4" bw="8" slack="0"/>
</pin_list>
<bind>
<opcode="partselect(1002) " fcode="partselect"/>
<opset="trunc_ln44_33/1 "/>
</bind>
</comp>

<comp id="149" class="1004" name="trunc_ln44_34_fu_149">
<pin_list>
<pin id="150" dir="0" index="0" bw="8" slack="0"/>
<pin id="151" dir="0" index="1" bw="128" slack="0"/>
<pin id="152" dir="0" index="2" bw="8" slack="0"/>
<pin id="153" dir="0" index="3" bw="8" slack="0"/>
<pin id="154" dir="1" index="4" bw="8" slack="0"/>
</pin_list>
<bind>
<opcode="partselect(1002) " fcode="partselect"/>
<opset="trunc_ln44_34/1 "/>
</bind>
</comp>

<comp id="159" class="1004" name="in_data_data_22_fu_159">
<pin_list>
<pin id="160" dir="0" index="0" bw="8" slack="0"/>
<pin id="161" dir="0" index="1" bw="128" slack="0"/>
<pin id="162" dir="0" index="2" bw="5" slack="0"/>
<pin id="163" dir="0" index="3" bw="5" slack="0"/>
<pin id="164" dir="1" index="4" bw="8" slack="0"/>
</pin_list>
<bind>
<opcode="partselect(1002) " fcode="partselect"/>
<opset="in_data_data_22/1 "/>
</bind>
</comp>

<comp id="169" class="1004" name="trunc_ln44_s_fu_169">
<pin_list>
<pin id="170" dir="0" index="0" bw="7" slack="0"/>
<pin id="171" dir="0" index="1" bw="128" slack="0"/>
<pin id="172" dir="0" index="2" bw="5" slack="0"/>
<pin id="173" dir="0" index="3" bw="5" slack="0"/>
<pin id="174" dir="1" index="4" bw="7" slack="1"/>
</pin_list>
<bind>
<opcode="partselect(1002) " fcode="partselect"/>
<opset="trunc_ln44_s/1 "/>
</bind>
</comp>

<comp id="179" class="1004" name="in_data_data_23_fu_179">
<pin_list>
<pin id="180" dir="0" index="0" bw="8" slack="0"/>
<pin id="181" dir="0" index="1" bw="128" slack="0"/>
<pin id="182" dir="0" index="2" bw="6" slack="0"/>
<pin id="183" dir="0" index="3" bw="6" slack="0"/>
<pin id="184" dir="1" index="4" bw="8" slack="0"/>
</pin_list>
<bind>
<opcode="partselect(1002) " fcode="partselect"/>
<opset="in_data_data_23/1 "/>
</bind>
</comp>

<comp id="189" class="1004" name="trunc_ln44_35_fu_189">
<pin_list>
<pin id="190" dir="0" index="0" bw="7" slack="0"/>
<pin id="191" dir="0" index="1" bw="128" slack="0"/>
<pin id="192" dir="0" index="2" bw="6" slack="0"/>
<pin id="193" dir="0" index="3" bw="6" slack="0"/>
<pin id="194" dir="1" index="4" bw="7" slack="1"/>
</pin_list>
<bind>
<opcode="partselect(1002) " fcode="partselect"/>
<opset="trunc_ln44_35/1 "/>
</bind>
</comp>

<comp id="199" class="1004" name="in_data_data_24_fu_199">
<pin_list>
<pin id="200" dir="0" index="0" bw="8" slack="0"/>
<pin id="201" dir="0" index="1" bw="128" slack="0"/>
<pin id="202" dir="0" index="2" bw="6" slack="0"/>
<pin id="203" dir="0" index="3" bw="6" slack="0"/>
<pin id="204" dir="1" index="4" bw="8" slack="0"/>
</pin_list>
<bind>
<opcode="partselect(1002) " fcode="partselect"/>
<opset="in_data_data_24/1 "/>
</bind>
</comp>

<comp id="209" class="1004" name="trunc_ln44_36_fu_209">
<pin_list>
<pin id="210" dir="0" index="0" bw="7" slack="0"/>
<pin id="211" dir="0" index="1" bw="128" slack="0"/>
<pin id="212" dir="0" index="2" bw="6" slack="0"/>
<pin id="213" dir="0" index="3" bw="6" slack="0"/>
<pin id="214" dir="1" index="4" bw="7" slack="1"/>
</pin_list>
<bind>
<opcode="partselect(1002) " fcode="partselect"/>
<opset="trunc_ln44_36/1 "/>
</bind>
</comp>

<comp id="219" class="1004" name="in_data_data_25_fu_219">
<pin_list>
<pin id="220" dir="0" index="0" bw="8" slack="0"/>
<pin id="221" dir="0" index="1" bw="128" slack="0"/>
<pin id="222" dir="0" index="2" bw="7" slack="0"/>
<pin id="223" dir="0" index="3" bw="7" slack="0"/>
<pin id="224" dir="1" index="4" bw="8" slack="0"/>
</pin_list>
<bind>
<opcode="partselect(1002) " fcode="partselect"/>
<opset="in_data_data_25/1 "/>
</bind>
</comp>

<comp id="229" class="1004" name="trunc_ln44_37_fu_229">
<pin_list>
<pin id="230" dir="0" index="0" bw="7" slack="0"/>
<pin id="231" dir="0" index="1" bw="128" slack="0"/>
<pin id="232" dir="0" index="2" bw="7" slack="0"/>
<pin id="233" dir="0" index="3" bw="7" slack="0"/>
<pin id="234" dir="1" index="4" bw="7" slack="1"/>
</pin_list>
<bind>
<opcode="partselect(1002) " fcode="partselect"/>
<opset="trunc_ln44_37/1 "/>
</bind>
</comp>

<comp id="239" class="1004" name="in_data_data_26_fu_239">
<pin_list>
<pin id="240" dir="0" index="0" bw="8" slack="0"/>
<pin id="241" dir="0" index="1" bw="128" slack="0"/>
<pin id="242" dir="0" index="2" bw="7" slack="0"/>
<pin id="243" dir="0" index="3" bw="7" slack="0"/>
<pin id="244" dir="1" index="4" bw="8" slack="0"/>
</pin_list>
<bind>
<opcode="partselect(1002) " fcode="partselect"/>
<opset="in_data_data_26/1 "/>
</bind>
</comp>

<comp id="249" class="1004" name="trunc_ln44_38_fu_249">
<pin_list>
<pin id="250" dir="0" index="0" bw="7" slack="0"/>
<pin id="251" dir="0" index="1" bw="128" slack="0"/>
<pin id="252" dir="0" index="2" bw="7" slack="0"/>
<pin id="253" dir="0" index="3" bw="7" slack="0"/>
<pin id="254" dir="1" index="4" bw="7" slack="1"/>
</pin_list>
<bind>
<opcode="partselect(1002) " fcode="partselect"/>
<opset="trunc_ln44_38/1 "/>
</bind>
</comp>

<comp id="259" class="1004" name="in_data_data_27_fu_259">
<pin_list>
<pin id="260" dir="0" index="0" bw="8" slack="0"/>
<pin id="261" dir="0" index="1" bw="128" slack="0"/>
<pin id="262" dir="0" index="2" bw="7" slack="0"/>
<pin id="263" dir="0" index="3" bw="7" slack="0"/>
<pin id="264" dir="1" index="4" bw="8" slack="0"/>
</pin_list>
<bind>
<opcode="partselect(1002) " fcode="partselect"/>
<opset="in_data_data_27/1 "/>
</bind>
</comp>

<comp id="269" class="1004" name="trunc_ln44_39_fu_269">
<pin_list>
<pin id="270" dir="0" index="0" bw="7" slack="0"/>
<pin id="271" dir="0" index="1" bw="128" slack="0"/>
<pin id="272" dir="0" index="2" bw="7" slack="0"/>
<pin id="273" dir="0" index="3" bw="7" slack="0"/>
<pin id="274" dir="1" index="4" bw="7" slack="1"/>
</pin_list>
<bind>
<opcode="partselect(1002) " fcode="partselect"/>
<opset="trunc_ln44_39/1 "/>
</bind>
</comp>

<comp id="279" class="1004" name="in_data_data_28_fu_279">
<pin_list>
<pin id="280" dir="0" index="0" bw="8" slack="0"/>
<pin id="281" dir="0" index="1" bw="128" slack="0"/>
<pin id="282" dir="0" index="2" bw="7" slack="0"/>
<pin id="283" dir="0" index="3" bw="7" slack="0"/>
<pin id="284" dir="1" index="4" bw="8" slack="0"/>
</pin_list>
<bind>
<opcode="partselect(1002) " fcode="partselect"/>
<opset="in_data_data_28/1 "/>
</bind>
</comp>

<comp id="289" class="1004" name="trunc_ln44_40_fu_289">
<pin_list>
<pin id="290" dir="0" index="0" bw="7" slack="0"/>
<pin id="291" dir="0" index="1" bw="128" slack="0"/>
<pin id="292" dir="0" index="2" bw="7" slack="0"/>
<pin id="293" dir="0" index="3" bw="7" slack="0"/>
<pin id="294" dir="1" index="4" bw="7" slack="1"/>
</pin_list>
<bind>
<opcode="partselect(1002) " fcode="partselect"/>
<opset="trunc_ln44_40/1 "/>
</bind>
</comp>

<comp id="299" class="1004" name="tmp_fu_299">
<pin_list>
<pin id="300" dir="0" index="0" bw="8" slack="0"/>
<pin id="301" dir="0" index="1" bw="128" slack="0"/>
<pin id="302" dir="0" index="2" bw="8" slack="0"/>
<pin id="303" dir="0" index="3" bw="8" slack="0"/>
<pin id="304" dir="1" index="4" bw="8" slack="0"/>
</pin_list>
<bind>
<opcode="partselect(1002) " fcode="partselect"/>
<opset="tmp/1 "/>
</bind>
</comp>

<comp id="309" class="1004" name="trunc_ln44_41_fu_309">
<pin_list>
<pin id="310" dir="0" index="0" bw="7" slack="0"/>
<pin id="311" dir="0" index="1" bw="128" slack="0"/>
<pin id="312" dir="0" index="2" bw="8" slack="0"/>
<pin id="313" dir="0" index="3" bw="8" slack="0"/>
<pin id="314" dir="1" index="4" bw="7" slack="1"/>
</pin_list>
<bind>
<opcode="partselect(1002) " fcode="partselect"/>
<opset="trunc_ln44_41/1 "/>
</bind>
</comp>

<comp id="319" class="1004" name="tmp_s_fu_319">
<pin_list>
<pin id="320" dir="0" index="0" bw="8" slack="0"/>
<pin id="321" dir="0" index="1" bw="128" slack="0"/>
<pin id="322" dir="0" index="2" bw="8" slack="0"/>
<pin id="323" dir="0" index="3" bw="8" slack="0"/>
<pin id="324" dir="1" index="4" bw="8" slack="0"/>
</pin_list>
<bind>
<opcode="partselect(1002) " fcode="partselect"/>
<opset="tmp_s/1 "/>
</bind>
</comp>

<comp id="329" class="1004" name="trunc_ln44_42_fu_329">
<pin_list>
<pin id="330" dir="0" index="0" bw="7" slack="0"/>
<pin id="331" dir="0" index="1" bw="128" slack="0"/>
<pin id="332" dir="0" index="2" bw="8" slack="0"/>
<pin id="333" dir="0" index="3" bw="8" slack="0"/>
<pin id="334" dir="1" index="4" bw="7" slack="1"/>
</pin_list>
<bind>
<opcode="partselect(1002) " fcode="partselect"/>
<opset="trunc_ln44_42/1 "/>
</bind>
</comp>

<comp id="339" class="1004" name="tmp_21_fu_339">
<pin_list>
<pin id="340" dir="0" index="0" bw="8" slack="0"/>
<pin id="341" dir="0" index="1" bw="128" slack="0"/>
<pin id="342" dir="0" index="2" bw="8" slack="0"/>
<pin id="343" dir="0" index="3" bw="8" slack="0"/>
<pin id="344" dir="1" index="4" bw="8" slack="0"/>
</pin_list>
<bind>
<opcode="partselect(1002) " fcode="partselect"/>
<opset="tmp_21/1 "/>
</bind>
</comp>

<comp id="349" class="1004" name="trunc_ln44_43_fu_349">
<pin_list>
<pin id="350" dir="0" index="0" bw="7" slack="0"/>
<pin id="351" dir="0" index="1" bw="128" slack="0"/>
<pin id="352" dir="0" index="2" bw="8" slack="0"/>
<pin id="353" dir="0" index="3" bw="8" slack="0"/>
<pin id="354" dir="1" index="4" bw="7" slack="1"/>
</pin_list>
<bind>
<opcode="partselect(1002) " fcode="partselect"/>
<opset="trunc_ln44_43/1 "/>
</bind>
</comp>

<comp id="359" class="1004" name="tmp_22_fu_359">
<pin_list>
<pin id="360" dir="0" index="0" bw="8" slack="0"/>
<pin id="361" dir="0" index="1" bw="128" slack="0"/>
<pin id="362" dir="0" index="2" bw="8" slack="0"/>
<pin id="363" dir="0" index="3" bw="8" slack="0"/>
<pin id="364" dir="1" index="4" bw="8" slack="0"/>
</pin_list>
<bind>
<opcode="partselect(1002) " fcode="partselect"/>
<opset="tmp_22/1 "/>
</bind>
</comp>

<comp id="369" class="1004" name="trunc_ln44_44_fu_369">
<pin_list>
<pin id="370" dir="0" index="0" bw="7" slack="0"/>
<pin id="371" dir="0" index="1" bw="128" slack="0"/>
<pin id="372" dir="0" index="2" bw="8" slack="0"/>
<pin id="373" dir="0" index="3" bw="8" slack="0"/>
<pin id="374" dir="1" index="4" bw="7" slack="1"/>
</pin_list>
<bind>
<opcode="partselect(1002) " fcode="partselect"/>
<opset="trunc_ln44_44/1 "/>
</bind>
</comp>

<comp id="379" class="1004" name="tmp_23_fu_379">
<pin_list>
<pin id="380" dir="0" index="0" bw="8" slack="0"/>
<pin id="381" dir="0" index="1" bw="128" slack="0"/>
<pin id="382" dir="0" index="2" bw="8" slack="0"/>
<pin id="383" dir="0" index="3" bw="8" slack="0"/>
<pin id="384" dir="1" index="4" bw="8" slack="0"/>
</pin_list>
<bind>
<opcode="partselect(1002) " fcode="partselect"/>
<opset="tmp_23/1 "/>
</bind>
</comp>

<comp id="389" class="1004" name="trunc_ln44_45_fu_389">
<pin_list>
<pin id="390" dir="0" index="0" bw="7" slack="0"/>
<pin id="391" dir="0" index="1" bw="128" slack="0"/>
<pin id="392" dir="0" index="2" bw="8" slack="0"/>
<pin id="393" dir="0" index="3" bw="8" slack="0"/>
<pin id="394" dir="1" index="4" bw="7" slack="1"/>
</pin_list>
<bind>
<opcode="partselect(1002) " fcode="partselect"/>
<opset="trunc_ln44_45/1 "/>
</bind>
</comp>

<comp id="399" class="1004" name="tmp_24_fu_399">
<pin_list>
<pin id="400" dir="0" index="0" bw="8" slack="0"/>
<pin id="401" dir="0" index="1" bw="128" slack="0"/>
<pin id="402" dir="0" index="2" bw="8" slack="0"/>
<pin id="403" dir="0" index="3" bw="8" slack="0"/>
<pin id="404" dir="1" index="4" bw="8" slack="0"/>
</pin_list>
<bind>
<opcode="partselect(1002) " fcode="partselect"/>
<opset="tmp_24/1 "/>
</bind>
</comp>

<comp id="409" class="1004" name="trunc_ln44_46_fu_409">
<pin_list>
<pin id="410" dir="0" index="0" bw="7" slack="0"/>
<pin id="411" dir="0" index="1" bw="128" slack="0"/>
<pin id="412" dir="0" index="2" bw="8" slack="0"/>
<pin id="413" dir="0" index="3" bw="8" slack="0"/>
<pin id="414" dir="1" index="4" bw="7" slack="1"/>
</pin_list>
<bind>
<opcode="partselect(1002) " fcode="partselect"/>
<opset="trunc_ln44_46/1 "/>
</bind>
</comp>

<comp id="419" class="1004" name="trunc_ln44_47_fu_419">
<pin_list>
<pin id="420" dir="0" index="0" bw="7" slack="0"/>
<pin id="421" dir="0" index="1" bw="128" slack="0"/>
<pin id="422" dir="0" index="2" bw="8" slack="0"/>
<pin id="423" dir="0" index="3" bw="8" slack="0"/>
<pin id="424" dir="1" index="4" bw="7" slack="1"/>
</pin_list>
<bind>
<opcode="partselect(1002) " fcode="partselect"/>
<opset="trunc_ln44_47/1 "/>
</bind>
</comp>

<comp id="429" class="1004" name="trunc_ln_fu_429">
<pin_list>
<pin id="430" dir="0" index="0" bw="7" slack="0"/>
<pin id="431" dir="0" index="1" bw="128" slack="0"/>
<pin id="432" dir="0" index="2" bw="8" slack="0"/>
<pin id="433" dir="0" index="3" bw="8" slack="0"/>
<pin id="434" dir="1" index="4" bw="7" slack="1"/>
</pin_list>
<bind>
<opcode="partselect(1002) " fcode="partselect"/>
<opset="trunc_ln/1 "/>
</bind>
</comp>

<comp id="439" class="1004" name="icmp_ln1649_fu_439">
<pin_list>
<pin id="440" dir="0" index="0" bw="8" slack="0"/>
<pin id="441" dir="0" index="1" bw="8" slack="0"/>
<pin id="442" dir="1" index="2" bw="1" slack="1"/>
</pin_list>
<bind>
<opcode="icmp(45) " fcode="icmp"/>
<opset="icmp_ln1649/1 "/>
</bind>
</comp>

<comp id="445" class="1004" name="icmp_ln1649_32_fu_445">
<pin_list>
<pin id="446" dir="0" index="0" bw="8" slack="0"/>
<pin id="447" dir="0" index="1" bw="8" slack="0"/>
<pin id="448" dir="1" index="2" bw="1" slack="1"/>
</pin_list>
<bind>
<opcode="icmp(45) " fcode="icmp"/>
<opset="icmp_ln1649_32/1 "/>
</bind>
</comp>

<comp id="451" class="1004" name="icmp_ln1649_33_fu_451">
<pin_list>
<pin id="452" dir="0" index="0" bw="8" slack="0"/>
<pin id="453" dir="0" index="1" bw="8" slack="0"/>
<pin id="454" dir="1" index="2" bw="1" slack="1"/>
</pin_list>
<bind>
<opcode="icmp(45) " fcode="icmp"/>
<opset="icmp_ln1649_33/1 "/>
</bind>
</comp>

<comp id="457" class="1004" name="icmp_ln1649_34_fu_457">
<pin_list>
<pin id="458" dir="0" index="0" bw="8" slack="0"/>
<pin id="459" dir="0" index="1" bw="8" slack="0"/>
<pin id="460" dir="1" index="2" bw="1" slack="1"/>
</pin_list>
<bind>
<opcode="icmp(45) " fcode="icmp"/>
<opset="icmp_ln1649_34/1 "/>
</bind>
</comp>

<comp id="463" class="1004" name="icmp_ln1649_35_fu_463">
<pin_list>
<pin id="464" dir="0" index="0" bw="8" slack="0"/>
<pin id="465" dir="0" index="1" bw="8" slack="0"/>
<pin id="466" dir="1" index="2" bw="1" slack="1"/>
</pin_list>
<bind>
<opcode="icmp(45) " fcode="icmp"/>
<opset="icmp_ln1649_35/1 "/>
</bind>
</comp>

<comp id="469" class="1004" name="icmp_ln1649_36_fu_469">
<pin_list>
<pin id="470" dir="0" index="0" bw="8" slack="0"/>
<pin id="471" dir="0" index="1" bw="8" slack="0"/>
<pin id="472" dir="1" index="2" bw="1" slack="1"/>
</pin_list>
<bind>
<opcode="icmp(45) " fcode="icmp"/>
<opset="icmp_ln1649_36/1 "/>
</bind>
</comp>

<comp id="475" class="1004" name="icmp_ln1649_37_fu_475">
<pin_list>
<pin id="476" dir="0" index="0" bw="8" slack="0"/>
<pin id="477" dir="0" index="1" bw="8" slack="0"/>
<pin id="478" dir="1" index="2" bw="1" slack="1"/>
</pin_list>
<bind>
<opcode="icmp(45) " fcode="icmp"/>
<opset="icmp_ln1649_37/1 "/>
</bind>
</comp>

<comp id="481" class="1004" name="icmp_ln1649_38_fu_481">
<pin_list>
<pin id="482" dir="0" index="0" bw="8" slack="0"/>
<pin id="483" dir="0" index="1" bw="8" slack="0"/>
<pin id="484" dir="1" index="2" bw="1" slack="1"/>
</pin_list>
<bind>
<opcode="icmp(45) " fcode="icmp"/>
<opset="icmp_ln1649_38/1 "/>
</bind>
</comp>

<comp id="487" class="1004" name="icmp_ln1649_39_fu_487">
<pin_list>
<pin id="488" dir="0" index="0" bw="8" slack="0"/>
<pin id="489" dir="0" index="1" bw="8" slack="0"/>
<pin id="490" dir="1" index="2" bw="1" slack="1"/>
</pin_list>
<bind>
<opcode="icmp(45) " fcode="icmp"/>
<opset="icmp_ln1649_39/1 "/>
</bind>
</comp>

<comp id="493" class="1004" name="icmp_ln1649_40_fu_493">
<pin_list>
<pin id="494" dir="0" index="0" bw="8" slack="0"/>
<pin id="495" dir="0" index="1" bw="8" slack="0"/>
<pin id="496" dir="1" index="2" bw="1" slack="1"/>
</pin_list>
<bind>
<opcode="icmp(45) " fcode="icmp"/>
<opset="icmp_ln1649_40/1 "/>
</bind>
</comp>

<comp id="499" class="1004" name="icmp_ln1649_41_fu_499">
<pin_list>
<pin id="500" dir="0" index="0" bw="8" slack="0"/>
<pin id="501" dir="0" index="1" bw="8" slack="0"/>
<pin id="502" dir="1" index="2" bw="1" slack="1"/>
</pin_list>
<bind>
<opcode="icmp(45) " fcode="icmp"/>
<opset="icmp_ln1649_41/1 "/>
</bind>
</comp>

<comp id="505" class="1004" name="icmp_ln1649_42_fu_505">
<pin_list>
<pin id="506" dir="0" index="0" bw="8" slack="0"/>
<pin id="507" dir="0" index="1" bw="8" slack="0"/>
<pin id="508" dir="1" index="2" bw="1" slack="1"/>
</pin_list>
<bind>
<opcode="icmp(45) " fcode="icmp"/>
<opset="icmp_ln1649_42/1 "/>
</bind>
</comp>

<comp id="511" class="1004" name="icmp_ln1649_43_fu_511">
<pin_list>
<pin id="512" dir="0" index="0" bw="8" slack="0"/>
<pin id="513" dir="0" index="1" bw="8" slack="0"/>
<pin id="514" dir="1" index="2" bw="1" slack="1"/>
</pin_list>
<bind>
<opcode="icmp(45) " fcode="icmp"/>
<opset="icmp_ln1649_43/1 "/>
</bind>
</comp>

<comp id="517" class="1004" name="icmp_ln1649_44_fu_517">
<pin_list>
<pin id="518" dir="0" index="0" bw="8" slack="0"/>
<pin id="519" dir="0" index="1" bw="8" slack="0"/>
<pin id="520" dir="1" index="2" bw="1" slack="1"/>
</pin_list>
<bind>
<opcode="icmp(45) " fcode="icmp"/>
<opset="icmp_ln1649_44/1 "/>
</bind>
</comp>

<comp id="523" class="1004" name="icmp_ln1649_45_fu_523">
<pin_list>
<pin id="524" dir="0" index="0" bw="8" slack="0"/>
<pin id="525" dir="0" index="1" bw="8" slack="0"/>
<pin id="526" dir="1" index="2" bw="1" slack="1"/>
</pin_list>
<bind>
<opcode="icmp(45) " fcode="icmp"/>
<opset="icmp_ln1649_45/1 "/>
</bind>
</comp>

<comp id="529" class="1004" name="icmp_ln1649_46_fu_529">
<pin_list>
<pin id="530" dir="0" index="0" bw="8" slack="0"/>
<pin id="531" dir="0" index="1" bw="8" slack="0"/>
<pin id="532" dir="1" index="2" bw="1" slack="1"/>
</pin_list>
<bind>
<opcode="icmp(45) " fcode="icmp"/>
<opset="icmp_ln1649_46/1 "/>
</bind>
</comp>

<comp id="535" class="1004" name="select_ln51_fu_535">
<pin_list>
<pin id="536" dir="0" index="0" bw="1" slack="1"/>
<pin id="537" dir="0" index="1" bw="7" slack="1"/>
<pin id="538" dir="0" index="2" bw="7" slack="0"/>
<pin id="539" dir="1" index="3" bw="7" slack="0"/>
</pin_list>
<bind>
<opcode="select(49) " fcode="select"/>
<opset="select_ln51/2 "/>
</bind>
</comp>

<comp id="541" class="1004" name="zext_ln1649_fu_541">
<pin_list>
<pin id="542" dir="0" index="0" bw="7" slack="0"/>
<pin id="543" dir="1" index="1" bw="8" slack="0"/>
</pin_list>
<bind>
<opcode="zext(34) " fcode="zext"/>
<opset="zext_ln1649/2 "/>
</bind>
</comp>

<comp id="545" class="1004" name="select_ln51_32_fu_545">
<pin_list>
<pin id="546" dir="0" index="0" bw="1" slack="1"/>
<pin id="547" dir="0" index="1" bw="7" slack="1"/>
<pin id="548" dir="0" index="2" bw="7" slack="0"/>
<pin id="549" dir="1" index="3" bw="7" slack="0"/>
</pin_list>
<bind>
<opcode="select(49) " fcode="select"/>
<opset="select_ln51_32/2 "/>
</bind>
</comp>

<comp id="551" class="1004" name="zext_ln1649_31_fu_551">
<pin_list>
<pin id="552" dir="0" index="0" bw="7" slack="0"/>
<pin id="553" dir="1" index="1" bw="8" slack="0"/>
</pin_list>
<bind>
<opcode="zext(34) " fcode="zext"/>
<opset="zext_ln1649_31/2 "/>
</bind>
</comp>

<comp id="555" class="1004" name="select_ln51_33_fu_555">
<pin_list>
<pin id="556" dir="0" index="0" bw="1" slack="1"/>
<pin id="557" dir="0" index="1" bw="7" slack="1"/>
<pin id="558" dir="0" index="2" bw="7" slack="0"/>
<pin id="559" dir="1" index="3" bw="7" slack="0"/>
</pin_list>
<bind>
<opcode="select(49) " fcode="select"/>
<opset="select_ln51_33/2 "/>
</bind>
</comp>

<comp id="561" class="1004" name="zext_ln1649_32_fu_561">
<pin_list>
<pin id="562" dir="0" index="0" bw="7" slack="0"/>
<pin id="563" dir="1" index="1" bw="8" slack="0"/>
</pin_list>
<bind>
<opcode="zext(34) " fcode="zext"/>
<opset="zext_ln1649_32/2 "/>
</bind>
</comp>

<comp id="565" class="1004" name="select_ln51_34_fu_565">
<pin_list>
<pin id="566" dir="0" index="0" bw="1" slack="1"/>
<pin id="567" dir="0" index="1" bw="7" slack="1"/>
<pin id="568" dir="0" index="2" bw="7" slack="0"/>
<pin id="569" dir="1" index="3" bw="7" slack="0"/>
</pin_list>
<bind>
<opcode="select(49) " fcode="select"/>
<opset="select_ln51_34/2 "/>
</bind>
</comp>

<comp id="571" class="1004" name="zext_ln1649_33_fu_571">
<pin_list>
<pin id="572" dir="0" index="0" bw="7" slack="0"/>
<pin id="573" dir="1" index="1" bw="8" slack="0"/>
</pin_list>
<bind>
<opcode="zext(34) " fcode="zext"/>
<opset="zext_ln1649_33/2 "/>
</bind>
</comp>

<comp id="575" class="1004" name="select_ln51_35_fu_575">
<pin_list>
<pin id="576" dir="0" index="0" bw="1" slack="1"/>
<pin id="577" dir="0" index="1" bw="7" slack="1"/>
<pin id="578" dir="0" index="2" bw="7" slack="0"/>
<pin id="579" dir="1" index="3" bw="7" slack="0"/>
</pin_list>
<bind>
<opcode="select(49) " fcode="select"/>
<opset="select_ln51_35/2 "/>
</bind>
</comp>

<comp id="581" class="1004" name="zext_ln1649_34_fu_581">
<pin_list>
<pin id="582" dir="0" index="0" bw="7" slack="0"/>
<pin id="583" dir="1" index="1" bw="8" slack="0"/>
</pin_list>
<bind>
<opcode="zext(34) " fcode="zext"/>
<opset="zext_ln1649_34/2 "/>
</bind>
</comp>

<comp id="585" class="1004" name="select_ln51_36_fu_585">
<pin_list>
<pin id="586" dir="0" index="0" bw="1" slack="1"/>
<pin id="587" dir="0" index="1" bw="7" slack="1"/>
<pin id="588" dir="0" index="2" bw="7" slack="0"/>
<pin id="589" dir="1" index="3" bw="7" slack="0"/>
</pin_list>
<bind>
<opcode="select(49) " fcode="select"/>
<opset="select_ln51_36/2 "/>
</bind>
</comp>

<comp id="591" class="1004" name="zext_ln1649_35_fu_591">
<pin_list>
<pin id="592" dir="0" index="0" bw="7" slack="0"/>
<pin id="593" dir="1" index="1" bw="8" slack="0"/>
</pin_list>
<bind>
<opcode="zext(34) " fcode="zext"/>
<opset="zext_ln1649_35/2 "/>
</bind>
</comp>

<comp id="595" class="1004" name="select_ln51_37_fu_595">
<pin_list>
<pin id="596" dir="0" index="0" bw="1" slack="1"/>
<pin id="597" dir="0" index="1" bw="7" slack="1"/>
<pin id="598" dir="0" index="2" bw="7" slack="0"/>
<pin id="599" dir="1" index="3" bw="7" slack="0"/>
</pin_list>
<bind>
<opcode="select(49) " fcode="select"/>
<opset="select_ln51_37/2 "/>
</bind>
</comp>

<comp id="601" class="1004" name="zext_ln1649_36_fu_601">
<pin_list>
<pin id="602" dir="0" index="0" bw="7" slack="0"/>
<pin id="603" dir="1" index="1" bw="8" slack="0"/>
</pin_list>
<bind>
<opcode="zext(34) " fcode="zext"/>
<opset="zext_ln1649_36/2 "/>
</bind>
</comp>

<comp id="605" class="1004" name="select_ln51_38_fu_605">
<pin_list>
<pin id="606" dir="0" index="0" bw="1" slack="1"/>
<pin id="607" dir="0" index="1" bw="7" slack="1"/>
<pin id="608" dir="0" index="2" bw="7" slack="0"/>
<pin id="609" dir="1" index="3" bw="7" slack="0"/>
</pin_list>
<bind>
<opcode="select(49) " fcode="select"/>
<opset="select_ln51_38/2 "/>
</bind>
</comp>

<comp id="611" class="1004" name="zext_ln1649_37_fu_611">
<pin_list>
<pin id="612" dir="0" index="0" bw="7" slack="0"/>
<pin id="613" dir="1" index="1" bw="8" slack="0"/>
</pin_list>
<bind>
<opcode="zext(34) " fcode="zext"/>
<opset="zext_ln1649_37/2 "/>
</bind>
</comp>

<comp id="615" class="1004" name="select_ln51_39_fu_615">
<pin_list>
<pin id="616" dir="0" index="0" bw="1" slack="1"/>
<pin id="617" dir="0" index="1" bw="7" slack="1"/>
<pin id="618" dir="0" index="2" bw="7" slack="0"/>
<pin id="619" dir="1" index="3" bw="7" slack="0"/>
</pin_list>
<bind>
<opcode="select(49) " fcode="select"/>
<opset="select_ln51_39/2 "/>
</bind>
</comp>

<comp id="621" class="1004" name="zext_ln1649_38_fu_621">
<pin_list>
<pin id="622" dir="0" index="0" bw="7" slack="0"/>
<pin id="623" dir="1" index="1" bw="8" slack="0"/>
</pin_list>
<bind>
<opcode="zext(34) " fcode="zext"/>
<opset="zext_ln1649_38/2 "/>
</bind>
</comp>

<comp id="625" class="1004" name="select_ln51_40_fu_625">
<pin_list>
<pin id="626" dir="0" index="0" bw="1" slack="1"/>
<pin id="627" dir="0" index="1" bw="7" slack="1"/>
<pin id="628" dir="0" index="2" bw="7" slack="0"/>
<pin id="629" dir="1" index="3" bw="7" slack="0"/>
</pin_list>
<bind>
<opcode="select(49) " fcode="select"/>
<opset="select_ln51_40/2 "/>
</bind>
</comp>

<comp id="631" class="1004" name="zext_ln1649_39_fu_631">
<pin_list>
<pin id="632" dir="0" index="0" bw="7" slack="0"/>
<pin id="633" dir="1" index="1" bw="8" slack="0"/>
</pin_list>
<bind>
<opcode="zext(34) " fcode="zext"/>
<opset="zext_ln1649_39/2 "/>
</bind>
</comp>

<comp id="635" class="1004" name="select_ln51_41_fu_635">
<pin_list>
<pin id="636" dir="0" index="0" bw="1" slack="1"/>
<pin id="637" dir="0" index="1" bw="7" slack="1"/>
<pin id="638" dir="0" index="2" bw="7" slack="0"/>
<pin id="639" dir="1" index="3" bw="7" slack="0"/>
</pin_list>
<bind>
<opcode="select(49) " fcode="select"/>
<opset="select_ln51_41/2 "/>
</bind>
</comp>

<comp id="641" class="1004" name="zext_ln1649_40_fu_641">
<pin_list>
<pin id="642" dir="0" index="0" bw="7" slack="0"/>
<pin id="643" dir="1" index="1" bw="8" slack="0"/>
</pin_list>
<bind>
<opcode="zext(34) " fcode="zext"/>
<opset="zext_ln1649_40/2 "/>
</bind>
</comp>

<comp id="645" class="1004" name="select_ln51_42_fu_645">
<pin_list>
<pin id="646" dir="0" index="0" bw="1" slack="1"/>
<pin id="647" dir="0" index="1" bw="7" slack="1"/>
<pin id="648" dir="0" index="2" bw="7" slack="0"/>
<pin id="649" dir="1" index="3" bw="7" slack="0"/>
</pin_list>
<bind>
<opcode="select(49) " fcode="select"/>
<opset="select_ln51_42/2 "/>
</bind>
</comp>

<comp id="651" class="1004" name="zext_ln1649_41_fu_651">
<pin_list>
<pin id="652" dir="0" index="0" bw="7" slack="0"/>
<pin id="653" dir="1" index="1" bw="8" slack="0"/>
</pin_list>
<bind>
<opcode="zext(34) " fcode="zext"/>
<opset="zext_ln1649_41/2 "/>
</bind>
</comp>

<comp id="655" class="1004" name="select_ln51_43_fu_655">
<pin_list>
<pin id="656" dir="0" index="0" bw="1" slack="1"/>
<pin id="657" dir="0" index="1" bw="7" slack="1"/>
<pin id="658" dir="0" index="2" bw="7" slack="0"/>
<pin id="659" dir="1" index="3" bw="7" slack="0"/>
</pin_list>
<bind>
<opcode="select(49) " fcode="select"/>
<opset="select_ln51_43/2 "/>
</bind>
</comp>

<comp id="661" class="1004" name="zext_ln1649_42_fu_661">
<pin_list>
<pin id="662" dir="0" index="0" bw="7" slack="0"/>
<pin id="663" dir="1" index="1" bw="8" slack="0"/>
</pin_list>
<bind>
<opcode="zext(34) " fcode="zext"/>
<opset="zext_ln1649_42/2 "/>
</bind>
</comp>

<comp id="665" class="1004" name="select_ln51_44_fu_665">
<pin_list>
<pin id="666" dir="0" index="0" bw="1" slack="1"/>
<pin id="667" dir="0" index="1" bw="7" slack="1"/>
<pin id="668" dir="0" index="2" bw="7" slack="0"/>
<pin id="669" dir="1" index="3" bw="7" slack="0"/>
</pin_list>
<bind>
<opcode="select(49) " fcode="select"/>
<opset="select_ln51_44/2 "/>
</bind>
</comp>

<comp id="671" class="1004" name="zext_ln1649_43_fu_671">
<pin_list>
<pin id="672" dir="0" index="0" bw="7" slack="0"/>
<pin id="673" dir="1" index="1" bw="8" slack="0"/>
</pin_list>
<bind>
<opcode="zext(34) " fcode="zext"/>
<opset="zext_ln1649_43/2 "/>
</bind>
</comp>

<comp id="675" class="1004" name="select_ln51_45_fu_675">
<pin_list>
<pin id="676" dir="0" index="0" bw="1" slack="1"/>
<pin id="677" dir="0" index="1" bw="7" slack="1"/>
<pin id="678" dir="0" index="2" bw="7" slack="0"/>
<pin id="679" dir="1" index="3" bw="7" slack="0"/>
</pin_list>
<bind>
<opcode="select(49) " fcode="select"/>
<opset="select_ln51_45/2 "/>
</bind>
</comp>

<comp id="681" class="1004" name="zext_ln1649_44_fu_681">
<pin_list>
<pin id="682" dir="0" index="0" bw="7" slack="0"/>
<pin id="683" dir="1" index="1" bw="8" slack="0"/>
</pin_list>
<bind>
<opcode="zext(34) " fcode="zext"/>
<opset="zext_ln1649_44/2 "/>
</bind>
</comp>

<comp id="685" class="1004" name="select_ln51_46_fu_685">
<pin_list>
<pin id="686" dir="0" index="0" bw="1" slack="1"/>
<pin id="687" dir="0" index="1" bw="7" slack="1"/>
<pin id="688" dir="0" index="2" bw="7" slack="0"/>
<pin id="689" dir="1" index="3" bw="7" slack="0"/>
</pin_list>
<bind>
<opcode="select(49) " fcode="select"/>
<opset="select_ln51_46/2 "/>
</bind>
</comp>

<comp id="691" class="1004" name="or_ln57_s_fu_691">
<pin_list>
<pin id="692" dir="0" index="0" bw="127" slack="0"/>
<pin id="693" dir="0" index="1" bw="7" slack="0"/>
<pin id="694" dir="0" index="2" bw="7" slack="0"/>
<pin id="695" dir="0" index="3" bw="7" slack="0"/>
<pin id="696" dir="0" index="4" bw="7" slack="0"/>
<pin id="697" dir="0" index="5" bw="7" slack="0"/>
<pin id="698" dir="0" index="6" bw="7" slack="0"/>
<pin id="699" dir="0" index="7" bw="7" slack="0"/>
<pin id="700" dir="0" index="8" bw="7" slack="0"/>
<pin id="701" dir="0" index="9" bw="7" slack="0"/>
<pin id="702" dir="0" index="10" bw="7" slack="0"/>
<pin id="703" dir="0" index="11" bw="7" slack="0"/>
<pin id="704" dir="0" index="12" bw="7" slack="0"/>
<pin id="705" dir="0" index="13" bw="7" slack="0"/>
<pin id="706" dir="0" index="14" bw="7" slack="0"/>
<pin id="707" dir="0" index="15" bw="7" slack="0"/>
<pin id="708" dir="0" index="16" bw="7" slack="0"/>
<pin id="709" dir="1" index="17" bw="127" slack="0"/>
</pin_list>
<bind>
<opcode="bitconcatenate(1004) " fcode="bitconcatenate"/>
<opset="or_ln57_s/2 "/>
</bind>
</comp>

<comp id="727" class="1004" name="zext_ln57_fu_727">
<pin_list>
<pin id="728" dir="0" index="0" bw="127" slack="0"/>
<pin id="729" dir="1" index="1" bw="128" slack="0"/>
</pin_list>
<bind>
<opcode="zext(34) " fcode="zext"/>
<opset="zext_ln57/2 "/>
</bind>
</comp>

<comp id="732" class="1005" name="trunc_ln44_2_reg_732">
<pin_list>
<pin id="733" dir="0" index="0" bw="7" slack="1"/>
<pin id="734" dir="1" index="1" bw="7" slack="1"/>
</pin_list>
<bind>
<opset="trunc_ln44_2 "/>
</bind>
</comp>

<comp id="737" class="1005" name="trunc_ln44_s_reg_737">
<pin_list>
<pin id="738" dir="0" index="0" bw="7" slack="1"/>
<pin id="739" dir="1" index="1" bw="7" slack="1"/>
</pin_list>
<bind>
<opset="trunc_ln44_s "/>
</bind>
</comp>

<comp id="742" class="1005" name="trunc_ln44_35_reg_742">
<pin_list>
<pin id="743" dir="0" index="0" bw="7" slack="1"/>
<pin id="744" dir="1" index="1" bw="7" slack="1"/>
</pin_list>
<bind>
<opset="trunc_ln44_35 "/>
</bind>
</comp>

<comp id="747" class="1005" name="trunc_ln44_36_reg_747">
<pin_list>
<pin id="748" dir="0" index="0" bw="7" slack="1"/>
<pin id="749" dir="1" index="1" bw="7" slack="1"/>
</pin_list>
<bind>
<opset="trunc_ln44_36 "/>
</bind>
</comp>

<comp id="752" class="1005" name="trunc_ln44_37_reg_752">
<pin_list>
<pin id="753" dir="0" index="0" bw="7" slack="1"/>
<pin id="754" dir="1" index="1" bw="7" slack="1"/>
</pin_list>
<bind>
<opset="trunc_ln44_37 "/>
</bind>
</comp>

<comp id="757" class="1005" name="trunc_ln44_38_reg_757">
<pin_list>
<pin id="758" dir="0" index="0" bw="7" slack="1"/>
<pin id="759" dir="1" index="1" bw="7" slack="1"/>
</pin_list>
<bind>
<opset="trunc_ln44_38 "/>
</bind>
</comp>

<comp id="762" class="1005" name="trunc_ln44_39_reg_762">
<pin_list>
<pin id="763" dir="0" index="0" bw="7" slack="1"/>
<pin id="764" dir="1" index="1" bw="7" slack="1"/>
</pin_list>
<bind>
<opset="trunc_ln44_39 "/>
</bind>
</comp>

<comp id="767" class="1005" name="trunc_ln44_40_reg_767">
<pin_list>
<pin id="768" dir="0" index="0" bw="7" slack="1"/>
<pin id="769" dir="1" index="1" bw="7" slack="1"/>
</pin_list>
<bind>
<opset="trunc_ln44_40 "/>
</bind>
</comp>

<comp id="772" class="1005" name="trunc_ln44_41_reg_772">
<pin_list>
<pin id="773" dir="0" index="0" bw="7" slack="1"/>
<pin id="774" dir="1" index="1" bw="7" slack="1"/>
</pin_list>
<bind>
<opset="trunc_ln44_41 "/>
</bind>
</comp>

<comp id="777" class="1005" name="trunc_ln44_42_reg_777">
<pin_list>
<pin id="778" dir="0" index="0" bw="7" slack="1"/>
<pin id="779" dir="1" index="1" bw="7" slack="1"/>
</pin_list>
<bind>
<opset="trunc_ln44_42 "/>
</bind>
</comp>

<comp id="782" class="1005" name="trunc_ln44_43_reg_782">
<pin_list>
<pin id="783" dir="0" index="0" bw="7" slack="1"/>
<pin id="784" dir="1" index="1" bw="7" slack="1"/>
</pin_list>
<bind>
<opset="trunc_ln44_43 "/>
</bind>
</comp>

<comp id="787" class="1005" name="trunc_ln44_44_reg_787">
<pin_list>
<pin id="788" dir="0" index="0" bw="7" slack="1"/>
<pin id="789" dir="1" index="1" bw="7" slack="1"/>
</pin_list>
<bind>
<opset="trunc_ln44_44 "/>
</bind>
</comp>

<comp id="792" class="1005" name="trunc_ln44_45_reg_792">
<pin_list>
<pin id="793" dir="0" index="0" bw="7" slack="1"/>
<pin id="794" dir="1" index="1" bw="7" slack="1"/>
</pin_list>
<bind>
<opset="trunc_ln44_45 "/>
</bind>
</comp>

<comp id="797" class="1005" name="trunc_ln44_46_reg_797">
<pin_list>
<pin id="798" dir="0" index="0" bw="7" slack="1"/>
<pin id="799" dir="1" index="1" bw="7" slack="1"/>
</pin_list>
<bind>
<opset="trunc_ln44_46 "/>
</bind>
</comp>

<comp id="802" class="1005" name="trunc_ln44_47_reg_802">
<pin_list>
<pin id="803" dir="0" index="0" bw="7" slack="1"/>
<pin id="804" dir="1" index="1" bw="7" slack="1"/>
</pin_list>
<bind>
<opset="trunc_ln44_47 "/>
</bind>
</comp>

<comp id="807" class="1005" name="trunc_ln_reg_807">
<pin_list>
<pin id="808" dir="0" index="0" bw="7" slack="1"/>
<pin id="809" dir="1" index="1" bw="7" slack="1"/>
</pin_list>
<bind>
<opset="trunc_ln "/>
</bind>
</comp>

<comp id="812" class="1005" name="icmp_ln1649_reg_812">
<pin_list>
<pin id="813" dir="0" index="0" bw="1" slack="1"/>
<pin id="814" dir="1" index="1" bw="1" slack="1"/>
</pin_list>
<bind>
<opset="icmp_ln1649 "/>
</bind>
</comp>

<comp id="817" class="1005" name="icmp_ln1649_32_reg_817">
<pin_list>
<pin id="818" dir="0" index="0" bw="1" slack="1"/>
<pin id="819" dir="1" index="1" bw="1" slack="1"/>
</pin_list>
<bind>
<opset="icmp_ln1649_32 "/>
</bind>
</comp>

<comp id="822" class="1005" name="icmp_ln1649_33_reg_822">
<pin_list>
<pin id="823" dir="0" index="0" bw="1" slack="1"/>
<pin id="824" dir="1" index="1" bw="1" slack="1"/>
</pin_list>
<bind>
<opset="icmp_ln1649_33 "/>
</bind>
</comp>

<comp id="827" class="1005" name="icmp_ln1649_34_reg_827">
<pin_list>
<pin id="828" dir="0" index="0" bw="1" slack="1"/>
<pin id="829" dir="1" index="1" bw="1" slack="1"/>
</pin_list>
<bind>
<opset="icmp_ln1649_34 "/>
</bind>
</comp>

<comp id="832" class="1005" name="icmp_ln1649_35_reg_832">
<pin_list>
<pin id="833" dir="0" index="0" bw="1" slack="1"/>
<pin id="834" dir="1" index="1" bw="1" slack="1"/>
</pin_list>
<bind>
<opset="icmp_ln1649_35 "/>
</bind>
</comp>

<comp id="837" class="1005" name="icmp_ln1649_36_reg_837">
<pin_list>
<pin id="838" dir="0" index="0" bw="1" slack="1"/>
<pin id="839" dir="1" index="1" bw="1" slack="1"/>
</pin_list>
<bind>
<opset="icmp_ln1649_36 "/>
</bind>
</comp>

<comp id="842" class="1005" name="icmp_ln1649_37_reg_842">
<pin_list>
<pin id="843" dir="0" index="0" bw="1" slack="1"/>
<pin id="844" dir="1" index="1" bw="1" slack="1"/>
</pin_list>
<bind>
<opset="icmp_ln1649_37 "/>
</bind>
</comp>

<comp id="847" class="1005" name="icmp_ln1649_38_reg_847">
<pin_list>
<pin id="848" dir="0" index="0" bw="1" slack="1"/>
<pin id="849" dir="1" index="1" bw="1" slack="1"/>
</pin_list>
<bind>
<opset="icmp_ln1649_38 "/>
</bind>
</comp>

<comp id="852" class="1005" name="icmp_ln1649_39_reg_852">
<pin_list>
<pin id="853" dir="0" index="0" bw="1" slack="1"/>
<pin id="854" dir="1" index="1" bw="1" slack="1"/>
</pin_list>
<bind>
<opset="icmp_ln1649_39 "/>
</bind>
</comp>

<comp id="857" class="1005" name="icmp_ln1649_40_reg_857">
<pin_list>
<pin id="858" dir="0" index="0" bw="1" slack="1"/>
<pin id="859" dir="1" index="1" bw="1" slack="1"/>
</pin_list>
<bind>
<opset="icmp_ln1649_40 "/>
</bind>
</comp>

<comp id="862" class="1005" name="icmp_ln1649_41_reg_862">
<pin_list>
<pin id="863" dir="0" index="0" bw="1" slack="1"/>
<pin id="864" dir="1" index="1" bw="1" slack="1"/>
</pin_list>
<bind>
<opset="icmp_ln1649_41 "/>
</bind>
</comp>

<comp id="867" class="1005" name="icmp_ln1649_42_reg_867">
<pin_list>
<pin id="868" dir="0" index="0" bw="1" slack="1"/>
<pin id="869" dir="1" index="1" bw="1" slack="1"/>
</pin_list>
<bind>
<opset="icmp_ln1649_42 "/>
</bind>
</comp>

<comp id="872" class="1005" name="icmp_ln1649_43_reg_872">
<pin_list>
<pin id="873" dir="0" index="0" bw="1" slack="1"/>
<pin id="874" dir="1" index="1" bw="1" slack="1"/>
</pin_list>
<bind>
<opset="icmp_ln1649_43 "/>
</bind>
</comp>

<comp id="877" class="1005" name="icmp_ln1649_44_reg_877">
<pin_list>
<pin id="878" dir="0" index="0" bw="1" slack="1"/>
<pin id="879" dir="1" index="1" bw="1" slack="1"/>
</pin_list>
<bind>
<opset="icmp_ln1649_44 "/>
</bind>
</comp>

<comp id="882" class="1005" name="icmp_ln1649_45_reg_882">
<pin_list>
<pin id="883" dir="0" index="0" bw="1" slack="1"/>
<pin id="884" dir="1" index="1" bw="1" slack="1"/>
</pin_list>
<bind>
<opset="icmp_ln1649_45 "/>
</bind>
</comp>

<comp id="887" class="1005" name="icmp_ln1649_46_reg_887">
<pin_list>
<pin id="888" dir="0" index="0" bw="1" slack="1"/>
<pin id="889" dir="1" index="1" bw="1" slack="1"/>
</pin_list>
<bind>
<opset="icmp_ln1649_46 "/>
</bind>
</comp>

</comp_list>

<net_list>
<net id="122"><net_src comp="4" pin="0"/><net_sink comp="118" pin=0"/></net>

<net id="123"><net_src comp="0" pin="0"/><net_sink comp="118" pin=1"/></net>

<net id="129"><net_src comp="116" pin="0"/><net_sink comp="124" pin=0"/></net>

<net id="130"><net_src comp="2" pin="0"/><net_sink comp="124" pin=1"/></net>

<net id="134"><net_src comp="118" pin="2"/><net_sink comp="131" pin=0"/></net>

<net id="138"><net_src comp="118" pin="2"/><net_sink comp="135" pin=0"/></net>

<net id="145"><net_src comp="6" pin="0"/><net_sink comp="139" pin=0"/></net>

<net id="146"><net_src comp="118" pin="2"/><net_sink comp="139" pin=1"/></net>

<net id="147"><net_src comp="8" pin="0"/><net_sink comp="139" pin=2"/></net>

<net id="148"><net_src comp="10" pin="0"/><net_sink comp="139" pin=3"/></net>

<net id="155"><net_src comp="6" pin="0"/><net_sink comp="149" pin=0"/></net>

<net id="156"><net_src comp="118" pin="2"/><net_sink comp="149" pin=1"/></net>

<net id="157"><net_src comp="12" pin="0"/><net_sink comp="149" pin=2"/></net>

<net id="158"><net_src comp="14" pin="0"/><net_sink comp="149" pin=3"/></net>

<net id="165"><net_src comp="6" pin="0"/><net_sink comp="159" pin=0"/></net>

<net id="166"><net_src comp="118" pin="2"/><net_sink comp="159" pin=1"/></net>

<net id="167"><net_src comp="16" pin="0"/><net_sink comp="159" pin=2"/></net>

<net id="168"><net_src comp="18" pin="0"/><net_sink comp="159" pin=3"/></net>

<net id="175"><net_src comp="20" pin="0"/><net_sink comp="169" pin=0"/></net>

<net id="176"><net_src comp="118" pin="2"/><net_sink comp="169" pin=1"/></net>

<net id="177"><net_src comp="16" pin="0"/><net_sink comp="169" pin=2"/></net>

<net id="178"><net_src comp="22" pin="0"/><net_sink comp="169" pin=3"/></net>

<net id="185"><net_src comp="6" pin="0"/><net_sink comp="179" pin=0"/></net>

<net id="186"><net_src comp="118" pin="2"/><net_sink comp="179" pin=1"/></net>

<net id="187"><net_src comp="24" pin="0"/><net_sink comp="179" pin=2"/></net>

<net id="188"><net_src comp="26" pin="0"/><net_sink comp="179" pin=3"/></net>

<net id="195"><net_src comp="20" pin="0"/><net_sink comp="189" pin=0"/></net>

<net id="196"><net_src comp="118" pin="2"/><net_sink comp="189" pin=1"/></net>

<net id="197"><net_src comp="24" pin="0"/><net_sink comp="189" pin=2"/></net>

<net id="198"><net_src comp="28" pin="0"/><net_sink comp="189" pin=3"/></net>

<net id="205"><net_src comp="6" pin="0"/><net_sink comp="199" pin=0"/></net>

<net id="206"><net_src comp="118" pin="2"/><net_sink comp="199" pin=1"/></net>

<net id="207"><net_src comp="30" pin="0"/><net_sink comp="199" pin=2"/></net>

<net id="208"><net_src comp="32" pin="0"/><net_sink comp="199" pin=3"/></net>

<net id="215"><net_src comp="20" pin="0"/><net_sink comp="209" pin=0"/></net>

<net id="216"><net_src comp="118" pin="2"/><net_sink comp="209" pin=1"/></net>

<net id="217"><net_src comp="30" pin="0"/><net_sink comp="209" pin=2"/></net>

<net id="218"><net_src comp="34" pin="0"/><net_sink comp="209" pin=3"/></net>

<net id="225"><net_src comp="6" pin="0"/><net_sink comp="219" pin=0"/></net>

<net id="226"><net_src comp="118" pin="2"/><net_sink comp="219" pin=1"/></net>

<net id="227"><net_src comp="36" pin="0"/><net_sink comp="219" pin=2"/></net>

<net id="228"><net_src comp="38" pin="0"/><net_sink comp="219" pin=3"/></net>

<net id="235"><net_src comp="20" pin="0"/><net_sink comp="229" pin=0"/></net>

<net id="236"><net_src comp="118" pin="2"/><net_sink comp="229" pin=1"/></net>

<net id="237"><net_src comp="36" pin="0"/><net_sink comp="229" pin=2"/></net>

<net id="238"><net_src comp="40" pin="0"/><net_sink comp="229" pin=3"/></net>

<net id="245"><net_src comp="6" pin="0"/><net_sink comp="239" pin=0"/></net>

<net id="246"><net_src comp="118" pin="2"/><net_sink comp="239" pin=1"/></net>

<net id="247"><net_src comp="42" pin="0"/><net_sink comp="239" pin=2"/></net>

<net id="248"><net_src comp="44" pin="0"/><net_sink comp="239" pin=3"/></net>

<net id="255"><net_src comp="20" pin="0"/><net_sink comp="249" pin=0"/></net>

<net id="256"><net_src comp="118" pin="2"/><net_sink comp="249" pin=1"/></net>

<net id="257"><net_src comp="42" pin="0"/><net_sink comp="249" pin=2"/></net>

<net id="258"><net_src comp="46" pin="0"/><net_sink comp="249" pin=3"/></net>

<net id="265"><net_src comp="6" pin="0"/><net_sink comp="259" pin=0"/></net>

<net id="266"><net_src comp="118" pin="2"/><net_sink comp="259" pin=1"/></net>

<net id="267"><net_src comp="48" pin="0"/><net_sink comp="259" pin=2"/></net>

<net id="268"><net_src comp="50" pin="0"/><net_sink comp="259" pin=3"/></net>

<net id="275"><net_src comp="20" pin="0"/><net_sink comp="269" pin=0"/></net>

<net id="276"><net_src comp="118" pin="2"/><net_sink comp="269" pin=1"/></net>

<net id="277"><net_src comp="48" pin="0"/><net_sink comp="269" pin=2"/></net>

<net id="278"><net_src comp="52" pin="0"/><net_sink comp="269" pin=3"/></net>

<net id="285"><net_src comp="6" pin="0"/><net_sink comp="279" pin=0"/></net>

<net id="286"><net_src comp="118" pin="2"/><net_sink comp="279" pin=1"/></net>

<net id="287"><net_src comp="54" pin="0"/><net_sink comp="279" pin=2"/></net>

<net id="288"><net_src comp="56" pin="0"/><net_sink comp="279" pin=3"/></net>

<net id="295"><net_src comp="20" pin="0"/><net_sink comp="289" pin=0"/></net>

<net id="296"><net_src comp="118" pin="2"/><net_sink comp="289" pin=1"/></net>

<net id="297"><net_src comp="54" pin="0"/><net_sink comp="289" pin=2"/></net>

<net id="298"><net_src comp="58" pin="0"/><net_sink comp="289" pin=3"/></net>

<net id="305"><net_src comp="6" pin="0"/><net_sink comp="299" pin=0"/></net>

<net id="306"><net_src comp="118" pin="2"/><net_sink comp="299" pin=1"/></net>

<net id="307"><net_src comp="60" pin="0"/><net_sink comp="299" pin=2"/></net>

<net id="308"><net_src comp="62" pin="0"/><net_sink comp="299" pin=3"/></net>

<net id="315"><net_src comp="20" pin="0"/><net_sink comp="309" pin=0"/></net>

<net id="316"><net_src comp="118" pin="2"/><net_sink comp="309" pin=1"/></net>

<net id="317"><net_src comp="60" pin="0"/><net_sink comp="309" pin=2"/></net>

<net id="318"><net_src comp="64" pin="0"/><net_sink comp="309" pin=3"/></net>

<net id="325"><net_src comp="6" pin="0"/><net_sink comp="319" pin=0"/></net>

<net id="326"><net_src comp="118" pin="2"/><net_sink comp="319" pin=1"/></net>

<net id="327"><net_src comp="66" pin="0"/><net_sink comp="319" pin=2"/></net>

<net id="328"><net_src comp="68" pin="0"/><net_sink comp="319" pin=3"/></net>

<net id="335"><net_src comp="20" pin="0"/><net_sink comp="329" pin=0"/></net>

<net id="336"><net_src comp="118" pin="2"/><net_sink comp="329" pin=1"/></net>

<net id="337"><net_src comp="66" pin="0"/><net_sink comp="329" pin=2"/></net>

<net id="338"><net_src comp="70" pin="0"/><net_sink comp="329" pin=3"/></net>

<net id="345"><net_src comp="6" pin="0"/><net_sink comp="339" pin=0"/></net>

<net id="346"><net_src comp="118" pin="2"/><net_sink comp="339" pin=1"/></net>

<net id="347"><net_src comp="72" pin="0"/><net_sink comp="339" pin=2"/></net>

<net id="348"><net_src comp="74" pin="0"/><net_sink comp="339" pin=3"/></net>

<net id="355"><net_src comp="20" pin="0"/><net_sink comp="349" pin=0"/></net>

<net id="356"><net_src comp="118" pin="2"/><net_sink comp="349" pin=1"/></net>

<net id="357"><net_src comp="72" pin="0"/><net_sink comp="349" pin=2"/></net>

<net id="358"><net_src comp="76" pin="0"/><net_sink comp="349" pin=3"/></net>

<net id="365"><net_src comp="6" pin="0"/><net_sink comp="359" pin=0"/></net>

<net id="366"><net_src comp="118" pin="2"/><net_sink comp="359" pin=1"/></net>

<net id="367"><net_src comp="78" pin="0"/><net_sink comp="359" pin=2"/></net>

<net id="368"><net_src comp="80" pin="0"/><net_sink comp="359" pin=3"/></net>

<net id="375"><net_src comp="20" pin="0"/><net_sink comp="369" pin=0"/></net>

<net id="376"><net_src comp="118" pin="2"/><net_sink comp="369" pin=1"/></net>

<net id="377"><net_src comp="78" pin="0"/><net_sink comp="369" pin=2"/></net>

<net id="378"><net_src comp="82" pin="0"/><net_sink comp="369" pin=3"/></net>

<net id="385"><net_src comp="6" pin="0"/><net_sink comp="379" pin=0"/></net>

<net id="386"><net_src comp="118" pin="2"/><net_sink comp="379" pin=1"/></net>

<net id="387"><net_src comp="84" pin="0"/><net_sink comp="379" pin=2"/></net>

<net id="388"><net_src comp="86" pin="0"/><net_sink comp="379" pin=3"/></net>

<net id="395"><net_src comp="20" pin="0"/><net_sink comp="389" pin=0"/></net>

<net id="396"><net_src comp="118" pin="2"/><net_sink comp="389" pin=1"/></net>

<net id="397"><net_src comp="84" pin="0"/><net_sink comp="389" pin=2"/></net>

<net id="398"><net_src comp="88" pin="0"/><net_sink comp="389" pin=3"/></net>

<net id="405"><net_src comp="6" pin="0"/><net_sink comp="399" pin=0"/></net>

<net id="406"><net_src comp="118" pin="2"/><net_sink comp="399" pin=1"/></net>

<net id="407"><net_src comp="90" pin="0"/><net_sink comp="399" pin=2"/></net>

<net id="408"><net_src comp="92" pin="0"/><net_sink comp="399" pin=3"/></net>

<net id="415"><net_src comp="20" pin="0"/><net_sink comp="409" pin=0"/></net>

<net id="416"><net_src comp="118" pin="2"/><net_sink comp="409" pin=1"/></net>

<net id="417"><net_src comp="90" pin="0"/><net_sink comp="409" pin=2"/></net>

<net id="418"><net_src comp="94" pin="0"/><net_sink comp="409" pin=3"/></net>

<net id="425"><net_src comp="20" pin="0"/><net_sink comp="419" pin=0"/></net>

<net id="426"><net_src comp="118" pin="2"/><net_sink comp="419" pin=1"/></net>

<net id="427"><net_src comp="8" pin="0"/><net_sink comp="419" pin=2"/></net>

<net id="428"><net_src comp="96" pin="0"/><net_sink comp="419" pin=3"/></net>

<net id="435"><net_src comp="20" pin="0"/><net_sink comp="429" pin=0"/></net>

<net id="436"><net_src comp="118" pin="2"/><net_sink comp="429" pin=1"/></net>

<net id="437"><net_src comp="12" pin="0"/><net_sink comp="429" pin=2"/></net>

<net id="438"><net_src comp="98" pin="0"/><net_sink comp="429" pin=3"/></net>

<net id="443"><net_src comp="131" pin="1"/><net_sink comp="439" pin=0"/></net>

<net id="444"><net_src comp="100" pin="0"/><net_sink comp="439" pin=1"/></net>

<net id="449"><net_src comp="159" pin="4"/><net_sink comp="445" pin=0"/></net>

<net id="450"><net_src comp="100" pin="0"/><net_sink comp="445" pin=1"/></net>

<net id="455"><net_src comp="179" pin="4"/><net_sink comp="451" pin=0"/></net>

<net id="456"><net_src comp="100" pin="0"/><net_sink comp="451" pin=1"/></net>

<net id="461"><net_src comp="199" pin="4"/><net_sink comp="457" pin=0"/></net>

<net id="462"><net_src comp="100" pin="0"/><net_sink comp="457" pin=1"/></net>

<net id="467"><net_src comp="219" pin="4"/><net_sink comp="463" pin=0"/></net>

<net id="468"><net_src comp="100" pin="0"/><net_sink comp="463" pin=1"/></net>

<net id="473"><net_src comp="239" pin="4"/><net_sink comp="469" pin=0"/></net>

<net id="474"><net_src comp="100" pin="0"/><net_sink comp="469" pin=1"/></net>

<net id="479"><net_src comp="259" pin="4"/><net_sink comp="475" pin=0"/></net>

<net id="480"><net_src comp="100" pin="0"/><net_sink comp="475" pin=1"/></net>

<net id="485"><net_src comp="279" pin="4"/><net_sink comp="481" pin=0"/></net>

<net id="486"><net_src comp="100" pin="0"/><net_sink comp="481" pin=1"/></net>

<net id="491"><net_src comp="299" pin="4"/><net_sink comp="487" pin=0"/></net>

<net id="492"><net_src comp="100" pin="0"/><net_sink comp="487" pin=1"/></net>

<net id="497"><net_src comp="319" pin="4"/><net_sink comp="493" pin=0"/></net>

<net id="498"><net_src comp="100" pin="0"/><net_sink comp="493" pin=1"/></net>

<net id="503"><net_src comp="339" pin="4"/><net_sink comp="499" pin=0"/></net>

<net id="504"><net_src comp="100" pin="0"/><net_sink comp="499" pin=1"/></net>

<net id="509"><net_src comp="359" pin="4"/><net_sink comp="505" pin=0"/></net>

<net id="510"><net_src comp="100" pin="0"/><net_sink comp="505" pin=1"/></net>

<net id="515"><net_src comp="379" pin="4"/><net_sink comp="511" pin=0"/></net>

<net id="516"><net_src comp="100" pin="0"/><net_sink comp="511" pin=1"/></net>

<net id="521"><net_src comp="399" pin="4"/><net_sink comp="517" pin=0"/></net>

<net id="522"><net_src comp="100" pin="0"/><net_sink comp="517" pin=1"/></net>

<net id="527"><net_src comp="139" pin="4"/><net_sink comp="523" pin=0"/></net>

<net id="528"><net_src comp="100" pin="0"/><net_sink comp="523" pin=1"/></net>

<net id="533"><net_src comp="149" pin="4"/><net_sink comp="529" pin=0"/></net>

<net id="534"><net_src comp="100" pin="0"/><net_sink comp="529" pin=1"/></net>

<net id="540"><net_src comp="112" pin="0"/><net_sink comp="535" pin=2"/></net>

<net id="544"><net_src comp="535" pin="3"/><net_sink comp="541" pin=0"/></net>

<net id="550"><net_src comp="112" pin="0"/><net_sink comp="545" pin=2"/></net>

<net id="554"><net_src comp="545" pin="3"/><net_sink comp="551" pin=0"/></net>

<net id="560"><net_src comp="112" pin="0"/><net_sink comp="555" pin=2"/></net>

<net id="564"><net_src comp="555" pin="3"/><net_sink comp="561" pin=0"/></net>

<net id="570"><net_src comp="112" pin="0"/><net_sink comp="565" pin=2"/></net>

<net id="574"><net_src comp="565" pin="3"/><net_sink comp="571" pin=0"/></net>

<net id="580"><net_src comp="112" pin="0"/><net_sink comp="575" pin=2"/></net>

<net id="584"><net_src comp="575" pin="3"/><net_sink comp="581" pin=0"/></net>

<net id="590"><net_src comp="112" pin="0"/><net_sink comp="585" pin=2"/></net>

<net id="594"><net_src comp="585" pin="3"/><net_sink comp="591" pin=0"/></net>

<net id="600"><net_src comp="112" pin="0"/><net_sink comp="595" pin=2"/></net>

<net id="604"><net_src comp="595" pin="3"/><net_sink comp="601" pin=0"/></net>

<net id="610"><net_src comp="112" pin="0"/><net_sink comp="605" pin=2"/></net>

<net id="614"><net_src comp="605" pin="3"/><net_sink comp="611" pin=0"/></net>

<net id="620"><net_src comp="112" pin="0"/><net_sink comp="615" pin=2"/></net>

<net id="624"><net_src comp="615" pin="3"/><net_sink comp="621" pin=0"/></net>

<net id="630"><net_src comp="112" pin="0"/><net_sink comp="625" pin=2"/></net>

<net id="634"><net_src comp="625" pin="3"/><net_sink comp="631" pin=0"/></net>

<net id="640"><net_src comp="112" pin="0"/><net_sink comp="635" pin=2"/></net>

<net id="644"><net_src comp="635" pin="3"/><net_sink comp="641" pin=0"/></net>

<net id="650"><net_src comp="112" pin="0"/><net_sink comp="645" pin=2"/></net>

<net id="654"><net_src comp="645" pin="3"/><net_sink comp="651" pin=0"/></net>

<net id="660"><net_src comp="112" pin="0"/><net_sink comp="655" pin=2"/></net>

<net id="664"><net_src comp="655" pin="3"/><net_sink comp="661" pin=0"/></net>

<net id="670"><net_src comp="112" pin="0"/><net_sink comp="665" pin=2"/></net>

<net id="674"><net_src comp="665" pin="3"/><net_sink comp="671" pin=0"/></net>

<net id="680"><net_src comp="112" pin="0"/><net_sink comp="675" pin=2"/></net>

<net id="684"><net_src comp="675" pin="3"/><net_sink comp="681" pin=0"/></net>

<net id="690"><net_src comp="112" pin="0"/><net_sink comp="685" pin=2"/></net>

<net id="710"><net_src comp="114" pin="0"/><net_sink comp="691" pin=0"/></net>

<net id="711"><net_src comp="685" pin="3"/><net_sink comp="691" pin=1"/></net>

<net id="712"><net_src comp="681" pin="1"/><net_sink comp="691" pin=2"/></net>

<net id="713"><net_src comp="671" pin="1"/><net_sink comp="691" pin=3"/></net>

<net id="714"><net_src comp="661" pin="1"/><net_sink comp="691" pin=4"/></net>

<net id="715"><net_src comp="651" pin="1"/><net_sink comp="691" pin=5"/></net>

<net id="716"><net_src comp="641" pin="1"/><net_sink comp="691" pin=6"/></net>

<net id="717"><net_src comp="631" pin="1"/><net_sink comp="691" pin=7"/></net>

<net id="718"><net_src comp="621" pin="1"/><net_sink comp="691" pin=8"/></net>

<net id="719"><net_src comp="611" pin="1"/><net_sink comp="691" pin=9"/></net>

<net id="720"><net_src comp="601" pin="1"/><net_sink comp="691" pin=10"/></net>

<net id="721"><net_src comp="591" pin="1"/><net_sink comp="691" pin=11"/></net>

<net id="722"><net_src comp="581" pin="1"/><net_sink comp="691" pin=12"/></net>

<net id="723"><net_src comp="571" pin="1"/><net_sink comp="691" pin=13"/></net>

<net id="724"><net_src comp="561" pin="1"/><net_sink comp="691" pin=14"/></net>

<net id="725"><net_src comp="551" pin="1"/><net_sink comp="691" pin=15"/></net>

<net id="726"><net_src comp="541" pin="1"/><net_sink comp="691" pin=16"/></net>

<net id="730"><net_src comp="691" pin="17"/><net_sink comp="727" pin=0"/></net>

<net id="731"><net_src comp="727" pin="1"/><net_sink comp="124" pin=2"/></net>

<net id="735"><net_src comp="135" pin="1"/><net_sink comp="732" pin=0"/></net>

<net id="736"><net_src comp="732" pin="1"/><net_sink comp="535" pin=1"/></net>

<net id="740"><net_src comp="169" pin="4"/><net_sink comp="737" pin=0"/></net>

<net id="741"><net_src comp="737" pin="1"/><net_sink comp="545" pin=1"/></net>

<net id="745"><net_src comp="189" pin="4"/><net_sink comp="742" pin=0"/></net>

<net id="746"><net_src comp="742" pin="1"/><net_sink comp="555" pin=1"/></net>

<net id="750"><net_src comp="209" pin="4"/><net_sink comp="747" pin=0"/></net>

<net id="751"><net_src comp="747" pin="1"/><net_sink comp="565" pin=1"/></net>

<net id="755"><net_src comp="229" pin="4"/><net_sink comp="752" pin=0"/></net>

<net id="756"><net_src comp="752" pin="1"/><net_sink comp="575" pin=1"/></net>

<net id="760"><net_src comp="249" pin="4"/><net_sink comp="757" pin=0"/></net>

<net id="761"><net_src comp="757" pin="1"/><net_sink comp="585" pin=1"/></net>

<net id="765"><net_src comp="269" pin="4"/><net_sink comp="762" pin=0"/></net>

<net id="766"><net_src comp="762" pin="1"/><net_sink comp="595" pin=1"/></net>

<net id="770"><net_src comp="289" pin="4"/><net_sink comp="767" pin=0"/></net>

<net id="771"><net_src comp="767" pin="1"/><net_sink comp="605" pin=1"/></net>

<net id="775"><net_src comp="309" pin="4"/><net_sink comp="772" pin=0"/></net>

<net id="776"><net_src comp="772" pin="1"/><net_sink comp="615" pin=1"/></net>

<net id="780"><net_src comp="329" pin="4"/><net_sink comp="777" pin=0"/></net>

<net id="781"><net_src comp="777" pin="1"/><net_sink comp="625" pin=1"/></net>

<net id="785"><net_src comp="349" pin="4"/><net_sink comp="782" pin=0"/></net>

<net id="786"><net_src comp="782" pin="1"/><net_sink comp="635" pin=1"/></net>

<net id="790"><net_src comp="369" pin="4"/><net_sink comp="787" pin=0"/></net>

<net id="791"><net_src comp="787" pin="1"/><net_sink comp="645" pin=1"/></net>

<net id="795"><net_src comp="389" pin="4"/><net_sink comp="792" pin=0"/></net>

<net id="796"><net_src comp="792" pin="1"/><net_sink comp="655" pin=1"/></net>

<net id="800"><net_src comp="409" pin="4"/><net_sink comp="797" pin=0"/></net>

<net id="801"><net_src comp="797" pin="1"/><net_sink comp="665" pin=1"/></net>

<net id="805"><net_src comp="419" pin="4"/><net_sink comp="802" pin=0"/></net>

<net id="806"><net_src comp="802" pin="1"/><net_sink comp="675" pin=1"/></net>

<net id="810"><net_src comp="429" pin="4"/><net_sink comp="807" pin=0"/></net>

<net id="811"><net_src comp="807" pin="1"/><net_sink comp="685" pin=1"/></net>

<net id="815"><net_src comp="439" pin="2"/><net_sink comp="812" pin=0"/></net>

<net id="816"><net_src comp="812" pin="1"/><net_sink comp="535" pin=0"/></net>

<net id="820"><net_src comp="445" pin="2"/><net_sink comp="817" pin=0"/></net>

<net id="821"><net_src comp="817" pin="1"/><net_sink comp="545" pin=0"/></net>

<net id="825"><net_src comp="451" pin="2"/><net_sink comp="822" pin=0"/></net>

<net id="826"><net_src comp="822" pin="1"/><net_sink comp="555" pin=0"/></net>

<net id="830"><net_src comp="457" pin="2"/><net_sink comp="827" pin=0"/></net>

<net id="831"><net_src comp="827" pin="1"/><net_sink comp="565" pin=0"/></net>

<net id="835"><net_src comp="463" pin="2"/><net_sink comp="832" pin=0"/></net>

<net id="836"><net_src comp="832" pin="1"/><net_sink comp="575" pin=0"/></net>

<net id="840"><net_src comp="469" pin="2"/><net_sink comp="837" pin=0"/></net>

<net id="841"><net_src comp="837" pin="1"/><net_sink comp="585" pin=0"/></net>

<net id="845"><net_src comp="475" pin="2"/><net_sink comp="842" pin=0"/></net>

<net id="846"><net_src comp="842" pin="1"/><net_sink comp="595" pin=0"/></net>

<net id="850"><net_src comp="481" pin="2"/><net_sink comp="847" pin=0"/></net>

<net id="851"><net_src comp="847" pin="1"/><net_sink comp="605" pin=0"/></net>

<net id="855"><net_src comp="487" pin="2"/><net_sink comp="852" pin=0"/></net>

<net id="856"><net_src comp="852" pin="1"/><net_sink comp="615" pin=0"/></net>

<net id="860"><net_src comp="493" pin="2"/><net_sink comp="857" pin=0"/></net>

<net id="861"><net_src comp="857" pin="1"/><net_sink comp="625" pin=0"/></net>

<net id="865"><net_src comp="499" pin="2"/><net_sink comp="862" pin=0"/></net>

<net id="866"><net_src comp="862" pin="1"/><net_sink comp="635" pin=0"/></net>

<net id="870"><net_src comp="505" pin="2"/><net_sink comp="867" pin=0"/></net>

<net id="871"><net_src comp="867" pin="1"/><net_sink comp="645" pin=0"/></net>

<net id="875"><net_src comp="511" pin="2"/><net_sink comp="872" pin=0"/></net>

<net id="876"><net_src comp="872" pin="1"/><net_sink comp="655" pin=0"/></net>

<net id="880"><net_src comp="517" pin="2"/><net_sink comp="877" pin=0"/></net>

<net id="881"><net_src comp="877" pin="1"/><net_sink comp="665" pin=0"/></net>

<net id="885"><net_src comp="523" pin="2"/><net_sink comp="882" pin=0"/></net>

<net id="886"><net_src comp="882" pin="1"/><net_sink comp="675" pin=0"/></net>

<net id="890"><net_src comp="529" pin="2"/><net_sink comp="887" pin=0"/></net>

<net id="891"><net_src comp="887" pin="1"/><net_sink comp="685" pin=0"/></net>

</net_list>

</model> 
---------------- Datapath Model END ------------------

* FSMD analyzer results:
  - Output states:
	Port: layer9_out | {2 }
 - Input state : 
	Port: relu<array<ap_fixed,16u>,array<ap_fixed<8,2,5,3,0>,16u>,relu_config9> : layer8_out | {1 }
  - Chain level:
	State 1
		icmp_ln1649 : 1
		icmp_ln1649_32 : 1
		icmp_ln1649_33 : 1
		icmp_ln1649_34 : 1
		icmp_ln1649_35 : 1
		icmp_ln1649_36 : 1
		icmp_ln1649_37 : 1
		icmp_ln1649_38 : 1
		icmp_ln1649_39 : 1
		icmp_ln1649_40 : 1
		icmp_ln1649_41 : 1
		icmp_ln1649_42 : 1
		icmp_ln1649_43 : 1
		icmp_ln1649_44 : 1
		icmp_ln1649_45 : 1
		icmp_ln1649_46 : 1
	State 2
		zext_ln1649 : 1
		zext_ln1649_31 : 1
		zext_ln1649_32 : 1
		zext_ln1649_33 : 1
		zext_ln1649_34 : 1
		zext_ln1649_35 : 1
		zext_ln1649_36 : 1
		zext_ln1649_37 : 1
		zext_ln1649_38 : 1
		zext_ln1649_39 : 1
		zext_ln1649_40 : 1
		zext_ln1649_41 : 1
		zext_ln1649_42 : 1
		zext_ln1649_43 : 1
		zext_ln1649_44 : 1
		or_ln57_s : 2
		zext_ln57 : 3
		write_ln57 : 4


============================================================
+ Verbose Summary: Datapath Resource usage 
============================================================

* Functional unit list:
|----------|-----------------------------|---------|---------|
| Operation|       Functional Unit       |    FF   |   LUT   |
|----------|-----------------------------|---------|---------|
|          |      icmp_ln1649_fu_439     |    0    |    11   |
|          |    icmp_ln1649_32_fu_445    |    0    |    11   |
|          |    icmp_ln1649_33_fu_451    |    0    |    11   |
|          |    icmp_ln1649_34_fu_457    |    0    |    11   |
|          |    icmp_ln1649_35_fu_463    |    0    |    11   |
|          |    icmp_ln1649_36_fu_469    |    0    |    11   |
|          |    icmp_ln1649_37_fu_475    |    0    |    11   |
|   icmp   |    icmp_ln1649_38_fu_481    |    0    |    11   |
|          |    icmp_ln1649_39_fu_487    |    0    |    11   |
|          |    icmp_ln1649_40_fu_493    |    0    |    11   |
|          |    icmp_ln1649_41_fu_499    |    0    |    11   |
|          |    icmp_ln1649_42_fu_505    |    0    |    11   |
|          |    icmp_ln1649_43_fu_511    |    0    |    11   |
|          |    icmp_ln1649_44_fu_517    |    0    |    11   |
|          |    icmp_ln1649_45_fu_523    |    0    |    11   |
|          |    icmp_ln1649_46_fu_529    |    0    |    11   |
|----------|-----------------------------|---------|---------|
|          |      select_ln51_fu_535     |    0    |    7    |
|          |    select_ln51_32_fu_545    |    0    |    7    |
|          |    select_ln51_33_fu_555    |    0    |    7    |
|          |    select_ln51_34_fu_565    |    0    |    7    |
|          |    select_ln51_35_fu_575    |    0    |    7    |
|          |    select_ln51_36_fu_585    |    0    |    7    |
|          |    select_ln51_37_fu_595    |    0    |    7    |
|  select  |    select_ln51_38_fu_605    |    0    |    7    |
|          |    select_ln51_39_fu_615    |    0    |    7    |
|          |    select_ln51_40_fu_625    |    0    |    7    |
|          |    select_ln51_41_fu_635    |    0    |    7    |
|          |    select_ln51_42_fu_645    |    0    |    7    |
|          |    select_ln51_43_fu_655    |    0    |    7    |
|          |    select_ln51_44_fu_665    |    0    |    7    |
|          |    select_ln51_45_fu_675    |    0    |    7    |
|          |    select_ln51_46_fu_685    |    0    |    7    |
|----------|-----------------------------|---------|---------|
|   read   | layer8_out_read_read_fu_118 |    0    |    0    |
|----------|-----------------------------|---------|---------|
|   write  |   write_ln57_write_fu_124   |    0    |    0    |
|----------|-----------------------------|---------|---------|
|   trunc  |     in_data_data_fu_131     |    0    |    0    |
|          |     trunc_ln44_2_fu_135     |    0    |    0    |
|----------|-----------------------------|---------|---------|
|          |     trunc_ln44_33_fu_139    |    0    |    0    |
|          |     trunc_ln44_34_fu_149    |    0    |    0    |
|          |    in_data_data_22_fu_159   |    0    |    0    |
|          |     trunc_ln44_s_fu_169     |    0    |    0    |
|          |    in_data_data_23_fu_179   |    0    |    0    |
|          |     trunc_ln44_35_fu_189    |    0    |    0    |
|          |    in_data_data_24_fu_199   |    0    |    0    |
|          |     trunc_ln44_36_fu_209    |    0    |    0    |
|          |    in_data_data_25_fu_219   |    0    |    0    |
|          |     trunc_ln44_37_fu_229    |    0    |    0    |
|          |    in_data_data_26_fu_239   |    0    |    0    |
|          |     trunc_ln44_38_fu_249    |    0    |    0    |
|          |    in_data_data_27_fu_259   |    0    |    0    |
|          |     trunc_ln44_39_fu_269    |    0    |    0    |
|partselect|    in_data_data_28_fu_279   |    0    |    0    |
|          |     trunc_ln44_40_fu_289    |    0    |    0    |
|          |          tmp_fu_299         |    0    |    0    |
|          |     trunc_ln44_41_fu_309    |    0    |    0    |
|          |         tmp_s_fu_319        |    0    |    0    |
|          |     trunc_ln44_42_fu_329    |    0    |    0    |
|          |        tmp_21_fu_339        |    0    |    0    |
|          |     trunc_ln44_43_fu_349    |    0    |    0    |
|          |        tmp_22_fu_359        |    0    |    0    |
|          |     trunc_ln44_44_fu_369    |    0    |    0    |
|          |        tmp_23_fu_379        |    0    |    0    |
|          |     trunc_ln44_45_fu_389    |    0    |    0    |
|          |        tmp_24_fu_399        |    0    |    0    |
|          |     trunc_ln44_46_fu_409    |    0    |    0    |
|          |     trunc_ln44_47_fu_419    |    0    |    0    |
|          |       trunc_ln_fu_429       |    0    |    0    |
|----------|-----------------------------|---------|---------|
|          |      zext_ln1649_fu_541     |    0    |    0    |
|          |    zext_ln1649_31_fu_551    |    0    |    0    |
|          |    zext_ln1649_32_fu_561    |    0    |    0    |
|          |    zext_ln1649_33_fu_571    |    0    |    0    |
|          |    zext_ln1649_34_fu_581    |    0    |    0    |
|          |    zext_ln1649_35_fu_591    |    0    |    0    |
|          |    zext_ln1649_36_fu_601    |    0    |    0    |
|   zext   |    zext_ln1649_37_fu_611    |    0    |    0    |
|          |    zext_ln1649_38_fu_621    |    0    |    0    |
|          |    zext_ln1649_39_fu_631    |    0    |    0    |
|          |    zext_ln1649_40_fu_641    |    0    |    0    |
|          |    zext_ln1649_41_fu_651    |    0    |    0    |
|          |    zext_ln1649_42_fu_661    |    0    |    0    |
|          |    zext_ln1649_43_fu_671    |    0    |    0    |
|          |    zext_ln1649_44_fu_681    |    0    |    0    |
|          |       zext_ln57_fu_727      |    0    |    0    |
|----------|-----------------------------|---------|---------|
|bitconcatenate|       or_ln57_s_fu_691      |    0    |    0    |
|----------|-----------------------------|---------|---------|
|   Total  |                             |    0    |   288   |
|----------|-----------------------------|---------|---------|

Memories:
N/A

* Register list:
+----------------------+--------+
|                      |   FF   |
+----------------------+--------+
|icmp_ln1649_32_reg_817|    1   |
|icmp_ln1649_33_reg_822|    1   |
|icmp_ln1649_34_reg_827|    1   |
|icmp_ln1649_35_reg_832|    1   |
|icmp_ln1649_36_reg_837|    1   |
|icmp_ln1649_37_reg_842|    1   |
|icmp_ln1649_38_reg_847|    1   |
|icmp_ln1649_39_reg_852|    1   |
|icmp_ln1649_40_reg_857|    1   |
|icmp_ln1649_41_reg_862|    1   |
|icmp_ln1649_42_reg_867|    1   |
|icmp_ln1649_43_reg_872|    1   |
|icmp_ln1649_44_reg_877|    1   |
|icmp_ln1649_45_reg_882|    1   |
|icmp_ln1649_46_reg_887|    1   |
|  icmp_ln1649_reg_812 |    1   |
| trunc_ln44_2_reg_732 |    7   |
| trunc_ln44_35_reg_742|    7   |
| trunc_ln44_36_reg_747|    7   |
| trunc_ln44_37_reg_752|    7   |
| trunc_ln44_38_reg_757|    7   |
| trunc_ln44_39_reg_762|    7   |
| trunc_ln44_40_reg_767|    7   |
| trunc_ln44_41_reg_772|    7   |
| trunc_ln44_42_reg_777|    7   |
| trunc_ln44_43_reg_782|    7   |
| trunc_ln44_44_reg_787|    7   |
| trunc_ln44_45_reg_792|    7   |
| trunc_ln44_46_reg_797|    7   |
| trunc_ln44_47_reg_802|    7   |
| trunc_ln44_s_reg_737 |    7   |
|   trunc_ln_reg_807   |    7   |
+----------------------+--------+
|         Total        |   128  |
+----------------------+--------+

* Multiplexer (MUX) list: 
|--------|------|------|------|--------|
|  Comp  |  Pin | Size |  BW  | S x BW |
|--------|------|------|------|--------|
|  Total |      |      |      |    0   |
|--------|------|------|------|--------|



* Summary:
+-----------+--------+--------+
|           |   FF   |   LUT  |
+-----------+--------+--------+
|  Function |    0   |   288  |
|   Memory  |    -   |    -   |
|Multiplexer|    -   |    -   |
|  Register |   128  |    -   |
+-----------+--------+--------+
|   Total   |   128  |   288  |
+-----------+--------+--------+
