

================================================================
== Vitis HLS Report for 'relu_array_ap_fixed_32u_array_ap_fixed_8_2_5_3_0_32u_relu_config5_s'
================================================================
* Date:           Fri Jun 26 18:52:41 2026

* Version:        2022.2 (Build 3670227 on Oct 13 2022)
* Project:        myproject_prj
* Solution:       solution1 (Vivado IP Flow Target)
* Product family: zynq
* Target device:  xc7z020-clg400-1


================================================================
== Performance Estimates
================================================================
+ Timing: 
    * Summary: 
    +--------+---------+----------+------------+
    |  Clock |  Target | Estimated| Uncertainty|
    +--------+---------+----------+------------+
    |ap_clk  |  5.00 ns|  3.739 ns|     0.62 ns|
    +--------+---------+----------+------------+

+ Latency: 
    * Summary: 
    +---------+---------+----------+----------+-----+-----+---------+
    |  Latency (cycles) |  Latency (absolute) |  Interval | Pipeline|
    |   min   |   max   |    min   |    max   | min | max |   Type  |
    +---------+---------+----------+----------+-----+-----+---------+
    |        1|        1|  5.000 ns|  5.000 ns|    1|    1|       no|
    +---------+---------+----------+----------+-----+-----+---------+

    + Detail: 
        * Instance: 
        N/A

        * Loop: 
        N/A

============================================================
+ Verbose Summary: Synthesis Manager
============================================================
InlineROM: 1
ExposeGlobal: 0
============================================================
+ Verbose Summary: CDFG Model
============================================================
IsTopModel: 0
ResetActiveHigh: 1
IsCombinational: 2
IsDatapathOnly: 0
HasWiredReturn: 1
HasMFsm: 0
HasVarLatency: 1
IsPipeline: 0
IsRtlPipelined: 0
IsInstanceOverlapped: 0
IsDontTouch: 0
HasImplIP: 0
IsGatedGlobalClock: 0


============================================================
+ Verbose Summary: Schedule
============================================================
* Number of FSM states : 2
* Pipeline : 0
* Dataflow Pipeline: 0

* FSM state transitions: 
1 --> 2 
2 --> 

* FSM state operations: 

State 1 <SV = 0> <Delay = 3.73>
ST_1 : Operation 3 [1/1] (2.18ns)   --->   "%layer4_out_read = read i256 @_ssdm_op_Read.ap_fifo.volatile.i256P0A, i256 %layer4_out" [firmware/nnet_utils/nnet_activation_stream.h:44]   --->   Operation 3 'read' 'layer4_out_read' <Predicate = true> <Delay = 2.18> <CoreInst = "FIFO_SRL">   --->   Core 81 'FIFO_SRL' <Latency = 0> <II = 1> <Delay = 3.63> <Storage> <Opcode : 'read' 'write' 'nbread' 'nbwrite'> <Ports = 0> <Width = 256> <Depth = 1> <FIFO>
ST_1 : Operation 4 [1/1] (0.00ns)   --->   "%in_data_data = trunc i256 %layer4_out_read" [firmware/nnet_utils/nnet_activation_stream.h:44]   --->   Operation 4 'trunc' 'in_data_data' <Predicate = true> <Delay = 0.00>
ST_1 : Operation 5 [1/1] (0.00ns)   --->   "%trunc_ln44_1 = trunc i256 %layer4_out_read" [firmware/nnet_utils/nnet_activation_stream.h:44]   --->   Operation 5 'trunc' 'trunc_ln44_1' <Predicate = true> <Delay = 0.00>
ST_1 : Operation 6 [1/1] (0.00ns)   --->   "%trunc_ln44_2 = partselect i8 @_ssdm_op_PartSelect.i8.i256.i32.i32, i256 %layer4_out_read, i32 240, i32 247" [firmware/nnet_utils/nnet_activation_stream.h:44]   --->   Operation 6 'partselect' 'trunc_ln44_2' <Predicate = true> <Delay = 0.00>
ST_1 : Operation 7 [1/1] (0.00ns)   --->   "%trunc_ln44_3 = partselect i8 @_ssdm_op_PartSelect.i8.i256.i32.i32, i256 %layer4_out_read, i32 248, i32 255" [firmware/nnet_utils/nnet_activation_stream.h:44]   --->   Operation 7 'partselect' 'trunc_ln44_3' <Predicate = true> <Delay = 0.00>
ST_1 : Operation 8 [1/1] (0.00ns)   --->   "%in_data_data_8 = partselect i8 @_ssdm_op_PartSelect.i8.i256.i32.i32, i256 %layer4_out_read, i32 8, i32 15" [firmware/nnet_utils/nnet_activation_stream.h:44]   --->   Operation 8 'partselect' 'in_data_data_8' <Predicate = true> <Delay = 0.00>
ST_1 : Operation 9 [1/1] (0.00ns)   --->   "%trunc_ln44_s = partselect i7 @_ssdm_op_PartSelect.i7.i256.i32.i32, i256 %layer4_out_read, i32 8, i32 14" [firmware/nnet_utils/nnet_activation_stream.h:44]   --->   Operation 9 'partselect' 'trunc_ln44_s' <Predicate = true> <Delay = 0.00>
ST_1 : Operation 10 [1/1] (0.00ns)   --->   "%in_data_data_9 = partselect i8 @_ssdm_op_PartSelect.i8.i256.i32.i32, i256 %layer4_out_read, i32 16, i32 23" [firmware/nnet_utils/nnet_activation_stream.h:44]   --->   Operation 10 'partselect' 'in_data_data_9' <Predicate = true> <Delay = 0.00>
ST_1 : Operation 11 [1/1] (0.00ns)   --->   "%trunc_ln44_4 = partselect i7 @_ssdm_op_PartSelect.i7.i256.i32.i32, i256 %layer4_out_read, i32 16, i32 22" [firmware/nnet_utils/nnet_activation_stream.h:44]   --->   Operation 11 'partselect' 'trunc_ln44_4' <Predicate = true> <Delay = 0.00>
ST_1 : Operation 12 [1/1] (0.00ns)   --->   "%in_data_data_10 = partselect i8 @_ssdm_op_PartSelect.i8.i256.i32.i32, i256 %layer4_out_read, i32 24, i32 31" [firmware/nnet_utils/nnet_activation_stream.h:44]   --->   Operation 12 'partselect' 'in_data_data_10' <Predicate = true> <Delay = 0.00>
ST_1 : Operation 13 [1/1] (0.00ns)   --->   "%trunc_ln44_5 = partselect i7 @_ssdm_op_PartSelect.i7.i256.i32.i32, i256 %layer4_out_read, i32 24, i32 30" [firmware/nnet_utils/nnet_activation_stream.h:44]   --->   Operation 13 'partselect' 'trunc_ln44_5' <Predicate = true> <Delay = 0.00>
ST_1 : Operation 14 [1/1] (0.00ns)   --->   "%in_data_data_11 = partselect i8 @_ssdm_op_PartSelect.i8.i256.i32.i32, i256 %layer4_out_read, i32 32, i32 39" [firmware/nnet_utils/nnet_activation_stream.h:44]   --->   Operation 14 'partselect' 'in_data_data_11' <Predicate = true> <Delay = 0.00>
ST_1 : Operation 15 [1/1] (0.00ns)   --->   "%trunc_ln44_6 = partselect i7 @_ssdm_op_PartSelect.i7.i256.i32.i32, i256 %layer4_out_read, i32 32, i32 38" [firmware/nnet_utils/nnet_activation_stream.h:44]   --->   Operation 15 'partselect' 'trunc_ln44_6' <Predicate = true> <Delay = 0.00>
ST_1 : Operation 16 [1/1] (0.00ns)   --->   "%in_data_data_12 = partselect i8 @_ssdm_op_PartSelect.i8.i256.i32.i32, i256 %layer4_out_read, i32 40, i32 47" [firmware/nnet_utils/nnet_activation_stream.h:44]   --->   Operation 16 'partselect' 'in_data_data_12' <Predicate = true> <Delay = 0.00>
ST_1 : Operation 17 [1/1] (0.00ns)   --->   "%trunc_ln44_7 = partselect i7 @_ssdm_op_PartSelect.i7.i256.i32.i32, i256 %layer4_out_read, i32 40, i32 46" [firmware/nnet_utils/nnet_activation_stream.h:44]   --->   Operation 17 'partselect' 'trunc_ln44_7' <Predicate = true> <Delay = 0.00>
ST_1 : Operation 18 [1/1] (0.00ns)   --->   "%in_data_data_13 = partselect i8 @_ssdm_op_PartSelect.i8.i256.i32.i32, i256 %layer4_out_read, i32 48, i32 55" [firmware/nnet_utils/nnet_activation_stream.h:44]   --->   Operation 18 'partselect' 'in_data_data_13' <Predicate = true> <Delay = 0.00>
ST_1 : Operation 19 [1/1] (0.00ns)   --->   "%trunc_ln44_8 = partselect i7 @_ssdm_op_PartSelect.i7.i256.i32.i32, i256 %layer4_out_read, i32 48, i32 54" [firmware/nnet_utils/nnet_activation_stream.h:44]   --->   Operation 19 'partselect' 'trunc_ln44_8' <Predicate = true> <Delay = 0.00>
ST_1 : Operation 20 [1/1] (0.00ns)   --->   "%in_data_data_14 = partselect i8 @_ssdm_op_PartSelect.i8.i256.i32.i32, i256 %layer4_out_read, i32 56, i32 63" [firmware/nnet_utils/nnet_activation_stream.h:44]   --->   Operation 20 'partselect' 'in_data_data_14' <Predicate = true> <Delay = 0.00>
ST_1 : Operation 21 [1/1] (0.00ns)   --->   "%trunc_ln44_9 = partselect i7 @_ssdm_op_PartSelect.i7.i256.i32.i32, i256 %layer4_out_read, i32 56, i32 62" [firmware/nnet_utils/nnet_activation_stream.h:44]   --->   Operation 21 'partselect' 'trunc_ln44_9' <Predicate = true> <Delay = 0.00>
ST_1 : Operation 22 [1/1] (0.00ns)   --->   "%tmp = partselect i8 @_ssdm_op_PartSelect.i8.i256.i32.i32, i256 %layer4_out_read, i32 64, i32 71" [firmware/nnet_utils/nnet_activation_stream.h:44]   --->   Operation 22 'partselect' 'tmp' <Predicate = true> <Delay = 0.00>
ST_1 : Operation 23 [1/1] (0.00ns)   --->   "%trunc_ln44_10 = partselect i7 @_ssdm_op_PartSelect.i7.i256.i32.i32, i256 %layer4_out_read, i32 64, i32 70" [firmware/nnet_utils/nnet_activation_stream.h:44]   --->   Operation 23 'partselect' 'trunc_ln44_10' <Predicate = true> <Delay = 0.00>
ST_1 : Operation 24 [1/1] (0.00ns)   --->   "%tmp_1 = partselect i8 @_ssdm_op_PartSelect.i8.i256.i32.i32, i256 %layer4_out_read, i32 72, i32 79" [firmware/nnet_utils/nnet_activation_stream.h:44]   --->   Operation 24 'partselect' 'tmp_1' <Predicate = true> <Delay = 0.00>
ST_1 : Operation 25 [1/1] (0.00ns)   --->   "%trunc_ln44_11 = partselect i7 @_ssdm_op_PartSelect.i7.i256.i32.i32, i256 %layer4_out_read, i32 72, i32 78" [firmware/nnet_utils/nnet_activation_stream.h:44]   --->   Operation 25 'partselect' 'trunc_ln44_11' <Predicate = true> <Delay = 0.00>
ST_1 : Operation 26 [1/1] (0.00ns)   --->   "%tmp_2 = partselect i8 @_ssdm_op_PartSelect.i8.i256.i32.i32, i256 %layer4_out_read, i32 80, i32 87" [firmware/nnet_utils/nnet_activation_stream.h:44]   --->   Operation 26 'partselect' 'tmp_2' <Predicate = true> <Delay = 0.00>
ST_1 : Operation 27 [1/1] (0.00ns)   --->   "%trunc_ln44_12 = partselect i7 @_ssdm_op_PartSelect.i7.i256.i32.i32, i256 %layer4_out_read, i32 80, i32 86" [firmware/nnet_utils/nnet_activation_stream.h:44]   --->   Operation 27 'partselect' 'trunc_ln44_12' <Predicate = true> <Delay = 0.00>
ST_1 : Operation 28 [1/1] (0.00ns)   --->   "%tmp_3 = partselect i8 @_ssdm_op_PartSelect.i8.i256.i32.i32, i256 %layer4_out_read, i32 88, i32 95" [firmware/nnet_utils/nnet_activation_stream.h:44]   --->   Operation 28 'partselect' 'tmp_3' <Predicate = true> <Delay = 0.00>
ST_1 : Operation 29 [1/1] (0.00ns)   --->   "%trunc_ln44_13 = partselect i7 @_ssdm_op_PartSelect.i7.i256.i32.i32, i256 %layer4_out_read, i32 88, i32 94" [firmware/nnet_utils/nnet_activation_stream.h:44]   --->   Operation 29 'partselect' 'trunc_ln44_13' <Predicate = true> <Delay = 0.00>
ST_1 : Operation 30 [1/1] (0.00ns)   --->   "%tmp_4 = partselect i8 @_ssdm_op_PartSelect.i8.i256.i32.i32, i256 %layer4_out_read, i32 96, i32 103" [firmware/nnet_utils/nnet_activation_stream.h:44]   --->   Operation 30 'partselect' 'tmp_4' <Predicate = true> <Delay = 0.00>
ST_1 : Operation 31 [1/1] (0.00ns)   --->   "%trunc_ln44_14 = partselect i7 @_ssdm_op_PartSelect.i7.i256.i32.i32, i256 %layer4_out_read, i32 96, i32 102" [firmware/nnet_utils/nnet_activation_stream.h:44]   --->   Operation 31 'partselect' 'trunc_ln44_14' <Predicate = true> <Delay = 0.00>
ST_1 : Operation 32 [1/1] (0.00ns)   --->   "%tmp_5 = partselect i8 @_ssdm_op_PartSelect.i8.i256.i32.i32, i256 %layer4_out_read, i32 104, i32 111" [firmware/nnet_utils/nnet_activation_stream.h:44]   --->   Operation 32 'partselect' 'tmp_5' <Predicate = true> <Delay = 0.00>
ST_1 : Operation 33 [1/1] (0.00ns)   --->   "%trunc_ln44_15 = partselect i7 @_ssdm_op_PartSelect.i7.i256.i32.i32, i256 %layer4_out_read, i32 104, i32 110" [firmware/nnet_utils/nnet_activation_stream.h:44]   --->   Operation 33 'partselect' 'trunc_ln44_15' <Predicate = true> <Delay = 0.00>
ST_1 : Operation 34 [1/1] (0.00ns)   --->   "%tmp_6 = partselect i8 @_ssdm_op_PartSelect.i8.i256.i32.i32, i256 %layer4_out_read, i32 112, i32 119" [firmware/nnet_utils/nnet_activation_stream.h:44]   --->   Operation 34 'partselect' 'tmp_6' <Predicate = true> <Delay = 0.00>
ST_1 : Operation 35 [1/1] (0.00ns)   --->   "%trunc_ln44_16 = partselect i7 @_ssdm_op_PartSelect.i7.i256.i32.i32, i256 %layer4_out_read, i32 112, i32 118" [firmware/nnet_utils/nnet_activation_stream.h:44]   --->   Operation 35 'partselect' 'trunc_ln44_16' <Predicate = true> <Delay = 0.00>
ST_1 : Operation 36 [1/1] (0.00ns)   --->   "%tmp_7 = partselect i8 @_ssdm_op_PartSelect.i8.i256.i32.i32, i256 %layer4_out_read, i32 120, i32 127" [firmware/nnet_utils/nnet_activation_stream.h:44]   --->   Operation 36 'partselect' 'tmp_7' <Predicate = true> <Delay = 0.00>
ST_1 : Operation 37 [1/1] (0.00ns)   --->   "%trunc_ln44_17 = partselect i7 @_ssdm_op_PartSelect.i7.i256.i32.i32, i256 %layer4_out_read, i32 120, i32 126" [firmware/nnet_utils/nnet_activation_stream.h:44]   --->   Operation 37 'partselect' 'trunc_ln44_17' <Predicate = true> <Delay = 0.00>
ST_1 : Operation 38 [1/1] (0.00ns)   --->   "%tmp_8 = partselect i8 @_ssdm_op_PartSelect.i8.i256.i32.i32, i256 %layer4_out_read, i32 128, i32 135" [firmware/nnet_utils/nnet_activation_stream.h:44]   --->   Operation 38 'partselect' 'tmp_8' <Predicate = true> <Delay = 0.00>
ST_1 : Operation 39 [1/1] (0.00ns)   --->   "%trunc_ln44_18 = partselect i7 @_ssdm_op_PartSelect.i7.i256.i32.i32, i256 %layer4_out_read, i32 128, i32 134" [firmware/nnet_utils/nnet_activation_stream.h:44]   --->   Operation 39 'partselect' 'trunc_ln44_18' <Predicate = true> <Delay = 0.00>
ST_1 : Operation 40 [1/1] (0.00ns)   --->   "%tmp_9 = partselect i8 @_ssdm_op_PartSelect.i8.i256.i32.i32, i256 %layer4_out_read, i32 136, i32 143" [firmware/nnet_utils/nnet_activation_stream.h:44]   --->   Operation 40 'partselect' 'tmp_9' <Predicate = true> <Delay = 0.00>
ST_1 : Operation 41 [1/1] (0.00ns)   --->   "%trunc_ln44_19 = partselect i7 @_ssdm_op_PartSelect.i7.i256.i32.i32, i256 %layer4_out_read, i32 136, i32 142" [firmware/nnet_utils/nnet_activation_stream.h:44]   --->   Operation 41 'partselect' 'trunc_ln44_19' <Predicate = true> <Delay = 0.00>
ST_1 : Operation 42 [1/1] (0.00ns)   --->   "%tmp_s = partselect i8 @_ssdm_op_PartSelect.i8.i256.i32.i32, i256 %layer4_out_read, i32 144, i32 151" [firmware/nnet_utils/nnet_activation_stream.h:44]   --->   Operation 42 'partselect' 'tmp_s' <Predicate = true> <Delay = 0.00>
ST_1 : Operation 43 [1/1] (0.00ns)   --->   "%trunc_ln44_20 = partselect i7 @_ssdm_op_PartSelect.i7.i256.i32.i32, i256 %layer4_out_read, i32 144, i32 150" [firmware/nnet_utils/nnet_activation_stream.h:44]   --->   Operation 43 'partselect' 'trunc_ln44_20' <Predicate = true> <Delay = 0.00>
ST_1 : Operation 44 [1/1] (0.00ns)   --->   "%tmp_10 = partselect i8 @_ssdm_op_PartSelect.i8.i256.i32.i32, i256 %layer4_out_read, i32 152, i32 159" [firmware/nnet_utils/nnet_activation_stream.h:44]   --->   Operation 44 'partselect' 'tmp_10' <Predicate = true> <Delay = 0.00>
ST_1 : Operation 45 [1/1] (0.00ns)   --->   "%trunc_ln44_21 = partselect i7 @_ssdm_op_PartSelect.i7.i256.i32.i32, i256 %layer4_out_read, i32 152, i32 158" [firmware/nnet_utils/nnet_activation_stream.h:44]   --->   Operation 45 'partselect' 'trunc_ln44_21' <Predicate = true> <Delay = 0.00>
ST_1 : Operation 46 [1/1] (0.00ns)   --->   "%tmp_11 = partselect i8 @_ssdm_op_PartSelect.i8.i256.i32.i32, i256 %layer4_out_read, i32 160, i32 167" [firmware/nnet_utils/nnet_activation_stream.h:44]   --->   Operation 46 'partselect' 'tmp_11' <Predicate = true> <Delay = 0.00>
ST_1 : Operation 47 [1/1] (0.00ns)   --->   "%trunc_ln44_22 = partselect i7 @_ssdm_op_PartSelect.i7.i256.i32.i32, i256 %layer4_out_read, i32 160, i32 166" [firmware/nnet_utils/nnet_activation_stream.h:44]   --->   Operation 47 'partselect' 'trunc_ln44_22' <Predicate = true> <Delay = 0.00>
ST_1 : Operation 48 [1/1] (0.00ns)   --->   "%tmp_12 = partselect i8 @_ssdm_op_PartSelect.i8.i256.i32.i32, i256 %layer4_out_read, i32 168, i32 175" [firmware/nnet_utils/nnet_activation_stream.h:44]   --->   Operation 48 'partselect' 'tmp_12' <Predicate = true> <Delay = 0.00>
ST_1 : Operation 49 [1/1] (0.00ns)   --->   "%trunc_ln44_23 = partselect i7 @_ssdm_op_PartSelect.i7.i256.i32.i32, i256 %layer4_out_read, i32 168, i32 174" [firmware/nnet_utils/nnet_activation_stream.h:44]   --->   Operation 49 'partselect' 'trunc_ln44_23' <Predicate = true> <Delay = 0.00>
ST_1 : Operation 50 [1/1] (0.00ns)   --->   "%tmp_13 = partselect i8 @_ssdm_op_PartSelect.i8.i256.i32.i32, i256 %layer4_out_read, i32 176, i32 183" [firmware/nnet_utils/nnet_activation_stream.h:44]   --->   Operation 50 'partselect' 'tmp_13' <Predicate = true> <Delay = 0.00>
ST_1 : Operation 51 [1/1] (0.00ns)   --->   "%trunc_ln44_24 = partselect i7 @_ssdm_op_PartSelect.i7.i256.i32.i32, i256 %layer4_out_read, i32 176, i32 182" [firmware/nnet_utils/nnet_activation_stream.h:44]   --->   Operation 51 'partselect' 'trunc_ln44_24' <Predicate = true> <Delay = 0.00>
ST_1 : Operation 52 [1/1] (0.00ns)   --->   "%tmp_14 = partselect i8 @_ssdm_op_PartSelect.i8.i256.i32.i32, i256 %layer4_out_read, i32 184, i32 191" [firmware/nnet_utils/nnet_activation_stream.h:44]   --->   Operation 52 'partselect' 'tmp_14' <Predicate = true> <Delay = 0.00>
ST_1 : Operation 53 [1/1] (0.00ns)   --->   "%trunc_ln44_25 = partselect i7 @_ssdm_op_PartSelect.i7.i256.i32.i32, i256 %layer4_out_read, i32 184, i32 190" [firmware/nnet_utils/nnet_activation_stream.h:44]   --->   Operation 53 'partselect' 'trunc_ln44_25' <Predicate = true> <Delay = 0.00>
ST_1 : Operation 54 [1/1] (0.00ns)   --->   "%tmp_15 = partselect i8 @_ssdm_op_PartSelect.i8.i256.i32.i32, i256 %layer4_out_read, i32 192, i32 199" [firmware/nnet_utils/nnet_activation_stream.h:44]   --->   Operation 54 'partselect' 'tmp_15' <Predicate = true> <Delay = 0.00>
ST_1 : Operation 55 [1/1] (0.00ns)   --->   "%trunc_ln44_26 = partselect i7 @_ssdm_op_PartSelect.i7.i256.i32.i32, i256 %layer4_out_read, i32 192, i32 198" [firmware/nnet_utils/nnet_activation_stream.h:44]   --->   Operation 55 'partselect' 'trunc_ln44_26' <Predicate = true> <Delay = 0.00>
ST_1 : Operation 56 [1/1] (0.00ns)   --->   "%tmp_16 = partselect i8 @_ssdm_op_PartSelect.i8.i256.i32.i32, i256 %layer4_out_read, i32 200, i32 207" [firmware/nnet_utils/nnet_activation_stream.h:44]   --->   Operation 56 'partselect' 'tmp_16' <Predicate = true> <Delay = 0.00>
ST_1 : Operation 57 [1/1] (0.00ns)   --->   "%trunc_ln44_27 = partselect i7 @_ssdm_op_PartSelect.i7.i256.i32.i32, i256 %layer4_out_read, i32 200, i32 206" [firmware/nnet_utils/nnet_activation_stream.h:44]   --->   Operation 57 'partselect' 'trunc_ln44_27' <Predicate = true> <Delay = 0.00>
ST_1 : Operation 58 [1/1] (0.00ns)   --->   "%tmp_17 = partselect i8 @_ssdm_op_PartSelect.i8.i256.i32.i32, i256 %layer4_out_read, i32 208, i32 215" [firmware/nnet_utils/nnet_activation_stream.h:44]   --->   Operation 58 'partselect' 'tmp_17' <Predicate = true> <Delay = 0.00>
ST_1 : Operation 59 [1/1] (0.00ns)   --->   "%trunc_ln44_28 = partselect i7 @_ssdm_op_PartSelect.i7.i256.i32.i32, i256 %layer4_out_read, i32 208, i32 214" [firmware/nnet_utils/nnet_activation_stream.h:44]   --->   Operation 59 'partselect' 'trunc_ln44_28' <Predicate = true> <Delay = 0.00>
ST_1 : Operation 60 [1/1] (0.00ns)   --->   "%tmp_18 = partselect i8 @_ssdm_op_PartSelect.i8.i256.i32.i32, i256 %layer4_out_read, i32 216, i32 223" [firmware/nnet_utils/nnet_activation_stream.h:44]   --->   Operation 60 'partselect' 'tmp_18' <Predicate = true> <Delay = 0.00>
ST_1 : Operation 61 [1/1] (0.00ns)   --->   "%trunc_ln44_29 = partselect i7 @_ssdm_op_PartSelect.i7.i256.i32.i32, i256 %layer4_out_read, i32 216, i32 222" [firmware/nnet_utils/nnet_activation_stream.h:44]   --->   Operation 61 'partselect' 'trunc_ln44_29' <Predicate = true> <Delay = 0.00>
ST_1 : Operation 62 [1/1] (0.00ns)   --->   "%tmp_19 = partselect i8 @_ssdm_op_PartSelect.i8.i256.i32.i32, i256 %layer4_out_read, i32 224, i32 231" [firmware/nnet_utils/nnet_activation_stream.h:44]   --->   Operation 62 'partselect' 'tmp_19' <Predicate = true> <Delay = 0.00>
ST_1 : Operation 63 [1/1] (0.00ns)   --->   "%trunc_ln44_30 = partselect i7 @_ssdm_op_PartSelect.i7.i256.i32.i32, i256 %layer4_out_read, i32 224, i32 230" [firmware/nnet_utils/nnet_activation_stream.h:44]   --->   Operation 63 'partselect' 'trunc_ln44_30' <Predicate = true> <Delay = 0.00>
ST_1 : Operation 64 [1/1] (0.00ns)   --->   "%tmp_20 = partselect i8 @_ssdm_op_PartSelect.i8.i256.i32.i32, i256 %layer4_out_read, i32 232, i32 239" [firmware/nnet_utils/nnet_activation_stream.h:44]   --->   Operation 64 'partselect' 'tmp_20' <Predicate = true> <Delay = 0.00>
ST_1 : Operation 65 [1/1] (0.00ns)   --->   "%trunc_ln44_31 = partselect i7 @_ssdm_op_PartSelect.i7.i256.i32.i32, i256 %layer4_out_read, i32 232, i32 238" [firmware/nnet_utils/nnet_activation_stream.h:44]   --->   Operation 65 'partselect' 'trunc_ln44_31' <Predicate = true> <Delay = 0.00>
ST_1 : Operation 66 [1/1] (0.00ns)   --->   "%trunc_ln44_32 = partselect i7 @_ssdm_op_PartSelect.i7.i256.i32.i32, i256 %layer4_out_read, i32 240, i32 246" [firmware/nnet_utils/nnet_activation_stream.h:44]   --->   Operation 66 'partselect' 'trunc_ln44_32' <Predicate = true> <Delay = 0.00>
ST_1 : Operation 67 [1/1] (0.00ns)   --->   "%trunc_ln = partselect i7 @_ssdm_op_PartSelect.i7.i256.i32.i32, i256 %layer4_out_read, i32 248, i32 254"   --->   Operation 67 'partselect' 'trunc_ln' <Predicate = true> <Delay = 0.00>
ST_1 : Operation 68 [1/1] (1.55ns)   --->   "%icmp_ln1649 = icmp_sgt  i8 %in_data_data, i8 0"   --->   Operation 68 'icmp' 'icmp_ln1649' <Predicate = true> <Delay = 1.55> <CoreInst = "Cmp">   --->   Core 9 'Cmp' <Latency = 0> <II = 1> <Delay = 1.55> <FuncUnit> <Opcode : 'icmp'> <InPorts = 2> <OutPorts = 1>
ST_1 : Operation 69 [1/1] (1.55ns)   --->   "%icmp_ln1649_1 = icmp_sgt  i8 %in_data_data_8, i8 0"   --->   Operation 69 'icmp' 'icmp_ln1649_1' <Predicate = true> <Delay = 1.55> <CoreInst = "Cmp">   --->   Core 9 'Cmp' <Latency = 0> <II = 1> <Delay = 1.55> <FuncUnit> <Opcode : 'icmp'> <InPorts = 2> <OutPorts = 1>
ST_1 : Operation 70 [1/1] (1.55ns)   --->   "%icmp_ln1649_2 = icmp_sgt  i8 %in_data_data_9, i8 0"   --->   Operation 70 'icmp' 'icmp_ln1649_2' <Predicate = true> <Delay = 1.55> <CoreInst = "Cmp">   --->   Core 9 'Cmp' <Latency = 0> <II = 1> <Delay = 1.55> <FuncUnit> <Opcode : 'icmp'> <InPorts = 2> <OutPorts = 1>
ST_1 : Operation 71 [1/1] (1.55ns)   --->   "%icmp_ln1649_3 = icmp_sgt  i8 %in_data_data_10, i8 0"   --->   Operation 71 'icmp' 'icmp_ln1649_3' <Predicate = true> <Delay = 1.55> <CoreInst = "Cmp">   --->   Core 9 'Cmp' <Latency = 0> <II = 1> <Delay = 1.55> <FuncUnit> <Opcode : 'icmp'> <InPorts = 2> <OutPorts = 1>
ST_1 : Operation 72 [1/1] (1.55ns)   --->   "%icmp_ln1649_4 = icmp_sgt  i8 %in_data_data_11, i8 0"   --->   Operation 72 'icmp' 'icmp_ln1649_4' <Predicate = true> <Delay = 1.55> <CoreInst = "Cmp">   --->   Core 9 'Cmp' <Latency = 0> <II = 1> <Delay = 1.55> <FuncUnit> <Opcode : 'icmp'> <InPorts = 2> <OutPorts = 1>
ST_1 : Operation 73 [1/1] (1.55ns)   --->   "%icmp_ln1649_5 = icmp_sgt  i8 %in_data_data_12, i8 0"   --->   Operation 73 'icmp' 'icmp_ln1649_5' <Predicate = true> <Delay = 1.55> <CoreInst = "Cmp">   --->   Core 9 'Cmp' <Latency = 0> <II = 1> <Delay = 1.55> <FuncUnit> <Opcode : 'icmp'> <InPorts = 2> <OutPorts = 1>
ST_1 : Operation 74 [1/1] (1.55ns)   --->   "%icmp_ln1649_6 = icmp_sgt  i8 %in_data_data_13, i8 0"   --->   Operation 74 'icmp' 'icmp_ln1649_6' <Predicate = true> <Delay = 1.55> <CoreInst = "Cmp">   --->   Core 9 'Cmp' <Latency = 0> <II = 1> <Delay = 1.55> <FuncUnit> <Opcode : 'icmp'> <InPorts = 2> <OutPorts = 1>
ST_1 : Operation 75 [1/1] (1.55ns)   --->   "%icmp_ln1649_7 = icmp_sgt  i8 %in_data_data_14, i8 0"   --->   Operation 75 'icmp' 'icmp_ln1649_7' <Predicate = true> <Delay = 1.55> <CoreInst = "Cmp">   --->   Core 9 'Cmp' <Latency = 0> <II = 1> <Delay = 1.55> <FuncUnit> <Opcode : 'icmp'> <InPorts = 2> <OutPorts = 1>
ST_1 : Operation 76 [1/1] (1.55ns)   --->   "%icmp_ln1649_8 = icmp_sgt  i8 %tmp, i8 0"   --->   Operation 76 'icmp' 'icmp_ln1649_8' <Predicate = true> <Delay = 1.55> <CoreInst = "Cmp">   --->   Core 9 'Cmp' <Latency = 0> <II = 1> <Delay = 1.55> <FuncUnit> <Opcode : 'icmp'> <InPorts = 2> <OutPorts = 1>
ST_1 : Operation 77 [1/1] (1.55ns)   --->   "%icmp_ln1649_9 = icmp_sgt  i8 %tmp_1, i8 0"   --->   Operation 77 'icmp' 'icmp_ln1649_9' <Predicate = true> <Delay = 1.55> <CoreInst = "Cmp">   --->   Core 9 'Cmp' <Latency = 0> <II = 1> <Delay = 1.55> <FuncUnit> <Opcode : 'icmp'> <InPorts = 2> <OutPorts = 1>
ST_1 : Operation 78 [1/1] (1.55ns)   --->   "%icmp_ln1649_10 = icmp_sgt  i8 %tmp_2, i8 0"   --->   Operation 78 'icmp' 'icmp_ln1649_10' <Predicate = true> <Delay = 1.55> <CoreInst = "Cmp">   --->   Core 9 'Cmp' <Latency = 0> <II = 1> <Delay = 1.55> <FuncUnit> <Opcode : 'icmp'> <InPorts = 2> <OutPorts = 1>
ST_1 : Operation 79 [1/1] (1.55ns)   --->   "%icmp_ln1649_11 = icmp_sgt  i8 %tmp_3, i8 0"   --->   Operation 79 'icmp' 'icmp_ln1649_11' <Predicate = true> <Delay = 1.55> <CoreInst = "Cmp">   --->   Core 9 'Cmp' <Latency = 0> <II = 1> <Delay = 1.55> <FuncUnit> <Opcode : 'icmp'> <InPorts = 2> <OutPorts = 1>
ST_1 : Operation 80 [1/1] (1.55ns)   --->   "%icmp_ln1649_12 = icmp_sgt  i8 %tmp_4, i8 0"   --->   Operation 80 'icmp' 'icmp_ln1649_12' <Predicate = true> <Delay = 1.55> <CoreInst = "Cmp">   --->   Core 9 'Cmp' <Latency = 0> <II = 1> <Delay = 1.55> <FuncUnit> <Opcode : 'icmp'> <InPorts = 2> <OutPorts = 1>
ST_1 : Operation 81 [1/1] (1.55ns)   --->   "%icmp_ln1649_13 = icmp_sgt  i8 %tmp_5, i8 0"   --->   Operation 81 'icmp' 'icmp_ln1649_13' <Predicate = true> <Delay = 1.55> <CoreInst = "Cmp">   --->   Core 9 'Cmp' <Latency = 0> <II = 1> <Delay = 1.55> <FuncUnit> <Opcode : 'icmp'> <InPorts = 2> <OutPorts = 1>
ST_1 : Operation 82 [1/1] (1.55ns)   --->   "%icmp_ln1649_14 = icmp_sgt  i8 %tmp_6, i8 0"   --->   Operation 82 'icmp' 'icmp_ln1649_14' <Predicate = true> <Delay = 1.55> <CoreInst = "Cmp">   --->   Core 9 'Cmp' <Latency = 0> <II = 1> <Delay = 1.55> <FuncUnit> <Opcode : 'icmp'> <InPorts = 2> <OutPorts = 1>
ST_1 : Operation 83 [1/1] (1.55ns)   --->   "%icmp_ln1649_15 = icmp_sgt  i8 %tmp_7, i8 0"   --->   Operation 83 'icmp' 'icmp_ln1649_15' <Predicate = true> <Delay = 1.55> <CoreInst = "Cmp">   --->   Core 9 'Cmp' <Latency = 0> <II = 1> <Delay = 1.55> <FuncUnit> <Opcode : 'icmp'> <InPorts = 2> <OutPorts = 1>
ST_1 : Operation 84 [1/1] (1.55ns)   --->   "%icmp_ln1649_16 = icmp_sgt  i8 %tmp_8, i8 0"   --->   Operation 84 'icmp' 'icmp_ln1649_16' <Predicate = true> <Delay = 1.55> <CoreInst = "Cmp">   --->   Core 9 'Cmp' <Latency = 0> <II = 1> <Delay = 1.55> <FuncUnit> <Opcode : 'icmp'> <InPorts = 2> <OutPorts = 1>
ST_1 : Operation 85 [1/1] (1.55ns)   --->   "%icmp_ln1649_17 = icmp_sgt  i8 %tmp_9, i8 0"   --->   Operation 85 'icmp' 'icmp_ln1649_17' <Predicate = true> <Delay = 1.55> <CoreInst = "Cmp">   --->   Core 9 'Cmp' <Latency = 0> <II = 1> <Delay = 1.55> <FuncUnit> <Opcode : 'icmp'> <InPorts = 2> <OutPorts = 1>
ST_1 : Operation 86 [1/1] (1.55ns)   --->   "%icmp_ln1649_18 = icmp_sgt  i8 %tmp_s, i8 0"   --->   Operation 86 'icmp' 'icmp_ln1649_18' <Predicate = true> <Delay = 1.55> <CoreInst = "Cmp">   --->   Core 9 'Cmp' <Latency = 0> <II = 1> <Delay = 1.55> <FuncUnit> <Opcode : 'icmp'> <InPorts = 2> <OutPorts = 1>
ST_1 : Operation 87 [1/1] (1.55ns)   --->   "%icmp_ln1649_19 = icmp_sgt  i8 %tmp_10, i8 0"   --->   Operation 87 'icmp' 'icmp_ln1649_19' <Predicate = true> <Delay = 1.55> <CoreInst = "Cmp">   --->   Core 9 'Cmp' <Latency = 0> <II = 1> <Delay = 1.55> <FuncUnit> <Opcode : 'icmp'> <InPorts = 2> <OutPorts = 1>
ST_1 : Operation 88 [1/1] (1.55ns)   --->   "%icmp_ln1649_20 = icmp_sgt  i8 %tmp_11, i8 0"   --->   Operation 88 'icmp' 'icmp_ln1649_20' <Predicate = true> <Delay = 1.55> <CoreInst = "Cmp">   --->   Core 9 'Cmp' <Latency = 0> <II = 1> <Delay = 1.55> <FuncUnit> <Opcode : 'icmp'> <InPorts = 2> <OutPorts = 1>
ST_1 : Operation 89 [1/1] (1.55ns)   --->   "%icmp_ln1649_21 = icmp_sgt  i8 %tmp_12, i8 0"   --->   Operation 89 'icmp' 'icmp_ln1649_21' <Predicate = true> <Delay = 1.55> <CoreInst = "Cmp">   --->   Core 9 'Cmp' <Latency = 0> <II = 1> <Delay = 1.55> <FuncUnit> <Opcode : 'icmp'> <InPorts = 2> <OutPorts = 1>
ST_1 : Operation 90 [1/1] (1.55ns)   --->   "%icmp_ln1649_22 = icmp_sgt  i8 %tmp_13, i8 0"   --->   Operation 90 'icmp' 'icmp_ln1649_22' <Predicate = true> <Delay = 1.55> <CoreInst = "Cmp">   --->   Core 9 'Cmp' <Latency = 0> <II = 1> <Delay = 1.55> <FuncUnit> <Opcode : 'icmp'> <InPorts = 2> <OutPorts = 1>
ST_1 : Operation 91 [1/1] (1.55ns)   --->   "%icmp_ln1649_23 = icmp_sgt  i8 %tmp_14, i8 0"   --->   Operation 91 'icmp' 'icmp_ln1649_23' <Predicate = true> <Delay = 1.55> <CoreInst = "Cmp">   --->   Core 9 'Cmp' <Latency = 0> <II = 1> <Delay = 1.55> <FuncUnit> <Opcode : 'icmp'> <InPorts = 2> <OutPorts = 1>
ST_1 : Operation 92 [1/1] (1.55ns)   --->   "%icmp_ln1649_24 = icmp_sgt  i8 %tmp_15, i8 0"   --->   Operation 92 'icmp' 'icmp_ln1649_24' <Predicate = true> <Delay = 1.55> <CoreInst = "Cmp">   --->   Core 9 'Cmp' <Latency = 0> <II = 1> <Delay = 1.55> <FuncUnit> <Opcode : 'icmp'> <InPorts = 2> <OutPorts = 1>
ST_1 : Operation 93 [1/1] (1.55ns)   --->   "%icmp_ln1649_25 = icmp_sgt  i8 %tmp_16, i8 0"   --->   Operation 93 'icmp' 'icmp_ln1649_25' <Predicate = true> <Delay = 1.55> <CoreInst = "Cmp">   --->   Core 9 'Cmp' <Latency = 0> <II = 1> <Delay = 1.55> <FuncUnit> <Opcode : 'icmp'> <InPorts = 2> <OutPorts = 1>
ST_1 : Operation 94 [1/1] (1.55ns)   --->   "%icmp_ln1649_26 = icmp_sgt  i8 %tmp_17, i8 0"   --->   Operation 94 'icmp' 'icmp_ln1649_26' <Predicate = true> <Delay = 1.55> <CoreInst = "Cmp">   --->   Core 9 'Cmp' <Latency = 0> <II = 1> <Delay = 1.55> <FuncUnit> <Opcode : 'icmp'> <InPorts = 2> <OutPorts = 1>
ST_1 : Operation 95 [1/1] (1.55ns)   --->   "%icmp_ln1649_27 = icmp_sgt  i8 %tmp_18, i8 0"   --->   Operation 95 'icmp' 'icmp_ln1649_27' <Predicate = true> <Delay = 1.55> <CoreInst = "Cmp">   --->   Core 9 'Cmp' <Latency = 0> <II = 1> <Delay = 1.55> <FuncUnit> <Opcode : 'icmp'> <InPorts = 2> <OutPorts = 1>
ST_1 : Operation 96 [1/1] (1.55ns)   --->   "%icmp_ln1649_28 = icmp_sgt  i8 %tmp_19, i8 0"   --->   Operation 96 'icmp' 'icmp_ln1649_28' <Predicate = true> <Delay = 1.55> <CoreInst = "Cmp">   --->   Core 9 'Cmp' <Latency = 0> <II = 1> <Delay = 1.55> <FuncUnit> <Opcode : 'icmp'> <InPorts = 2> <OutPorts = 1>
ST_1 : Operation 97 [1/1] (1.55ns)   --->   "%icmp_ln1649_29 = icmp_sgt  i8 %tmp_20, i8 0"   --->   Operation 97 'icmp' 'icmp_ln1649_29' <Predicate = true> <Delay = 1.55> <CoreInst = "Cmp">   --->   Core 9 'Cmp' <Latency = 0> <II = 1> <Delay = 1.55> <FuncUnit> <Opcode : 'icmp'> <InPorts = 2> <OutPorts = 1>
ST_1 : Operation 98 [1/1] (1.55ns)   --->   "%icmp_ln1649_30 = icmp_sgt  i8 %trunc_ln44_2, i8 0"   --->   Operation 98 'icmp' 'icmp_ln1649_30' <Predicate = true> <Delay = 1.55> <CoreInst = "Cmp">   --->   Core 9 'Cmp' <Latency = 0> <II = 1> <Delay = 1.55> <FuncUnit> <Opcode : 'icmp'> <InPorts = 2> <OutPorts = 1>
ST_1 : Operation 99 [1/1] (1.55ns)   --->   "%icmp_ln1649_31 = icmp_sgt  i8 %trunc_ln44_3, i8 0"   --->   Operation 99 'icmp' 'icmp_ln1649_31' <Predicate = true> <Delay = 1.55> <CoreInst = "Cmp">   --->   Core 9 'Cmp' <Latency = 0> <II = 1> <Delay = 1.55> <FuncUnit> <Opcode : 'icmp'> <InPorts = 2> <OutPorts = 1>

State 2 <SV = 1> <Delay = 3.18>
ST_2 : Operation 100 [1/1] (0.00ns)   --->   "%specinterface_ln0 = specinterface void @_ssdm_op_SpecInterface, i256 %layer5_out, void @empty_2, i32 0, i32 0, void @empty_0, i32 0, i32 0, void @empty_0, void @empty_0, void @empty_0, i32 0, i32 0, i32 0, i32 0, void @empty_0, void @empty_0, i32 4294967295, i32 0"   --->   Operation 100 'specinterface' 'specinterface_ln0' <Predicate = true> <Delay = 0.00>
ST_2 : Operation 101 [1/1] (0.00ns)   --->   "%specinterface_ln0 = specinterface void @_ssdm_op_SpecInterface, i256 %layer4_out, void @empty_2, i32 0, i32 0, void @empty_0, i32 0, i32 0, void @empty_0, void @empty_0, void @empty_0, i32 0, i32 0, i32 0, i32 0, void @empty_0, void @empty_0, i32 4294967295, i32 0"   --->   Operation 101 'specinterface' 'specinterface_ln0' <Predicate = true> <Delay = 0.00>
ST_2 : Operation 102 [1/1] (0.99ns)   --->   "%select_ln51 = select i1 %icmp_ln1649, i7 %trunc_ln44_1, i7 0" [firmware/nnet_utils/nnet_activation_stream.h:51]   --->   Operation 102 'select' 'select_ln51' <Predicate = true> <Delay = 0.99> <CoreInst = "Sel">   --->   Core 73 'Sel' <Latency = 0> <II = 1> <Delay = 0.99> <FuncUnit> <Opcode : 'select'> <InPorts = 3> <OutPorts = 1>
ST_2 : Operation 103 [1/1] (0.00ns)   --->   "%zext_ln1649 = zext i7 %select_ln51"   --->   Operation 103 'zext' 'zext_ln1649' <Predicate = true> <Delay = 0.00>
ST_2 : Operation 104 [1/1] (0.99ns)   --->   "%select_ln51_1 = select i1 %icmp_ln1649_1, i7 %trunc_ln44_s, i7 0" [firmware/nnet_utils/nnet_activation_stream.h:51]   --->   Operation 104 'select' 'select_ln51_1' <Predicate = true> <Delay = 0.99> <CoreInst = "Sel">   --->   Core 73 'Sel' <Latency = 0> <II = 1> <Delay = 0.99> <FuncUnit> <Opcode : 'select'> <InPorts = 3> <OutPorts = 1>
ST_2 : Operation 105 [1/1] (0.00ns)   --->   "%zext_ln1649_1 = zext i7 %select_ln51_1"   --->   Operation 105 'zext' 'zext_ln1649_1' <Predicate = true> <Delay = 0.00>
ST_2 : Operation 106 [1/1] (0.99ns)   --->   "%select_ln51_2 = select i1 %icmp_ln1649_2, i7 %trunc_ln44_4, i7 0" [firmware/nnet_utils/nnet_activation_stream.h:51]   --->   Operation 106 'select' 'select_ln51_2' <Predicate = true> <Delay = 0.99> <CoreInst = "Sel">   --->   Core 73 'Sel' <Latency = 0> <II = 1> <Delay = 0.99> <FuncUnit> <Opcode : 'select'> <InPorts = 3> <OutPorts = 1>
ST_2 : Operation 107 [1/1] (0.00ns)   --->   "%zext_ln1649_2 = zext i7 %select_ln51_2"   --->   Operation 107 'zext' 'zext_ln1649_2' <Predicate = true> <Delay = 0.00>
ST_2 : Operation 108 [1/1] (0.99ns)   --->   "%select_ln51_3 = select i1 %icmp_ln1649_3, i7 %trunc_ln44_5, i7 0" [firmware/nnet_utils/nnet_activation_stream.h:51]   --->   Operation 108 'select' 'select_ln51_3' <Predicate = true> <Delay = 0.99> <CoreInst = "Sel">   --->   Core 73 'Sel' <Latency = 0> <II = 1> <Delay = 0.99> <FuncUnit> <Opcode : 'select'> <InPorts = 3> <OutPorts = 1>
ST_2 : Operation 109 [1/1] (0.00ns)   --->   "%zext_ln1649_3 = zext i7 %select_ln51_3"   --->   Operation 109 'zext' 'zext_ln1649_3' <Predicate = true> <Delay = 0.00>
ST_2 : Operation 110 [1/1] (0.99ns)   --->   "%select_ln51_4 = select i1 %icmp_ln1649_4, i7 %trunc_ln44_6, i7 0" [firmware/nnet_utils/nnet_activation_stream.h:51]   --->   Operation 110 'select' 'select_ln51_4' <Predicate = true> <Delay = 0.99> <CoreInst = "Sel">   --->   Core 73 'Sel' <Latency = 0> <II = 1> <Delay = 0.99> <FuncUnit> <Opcode : 'select'> <InPorts = 3> <OutPorts = 1>
ST_2 : Operation 111 [1/1] (0.00ns)   --->   "%zext_ln1649_4 = zext i7 %select_ln51_4"   --->   Operation 111 'zext' 'zext_ln1649_4' <Predicate = true> <Delay = 0.00>
ST_2 : Operation 112 [1/1] (0.99ns)   --->   "%select_ln51_5 = select i1 %icmp_ln1649_5, i7 %trunc_ln44_7, i7 0" [firmware/nnet_utils/nnet_activation_stream.h:51]   --->   Operation 112 'select' 'select_ln51_5' <Predicate = true> <Delay = 0.99> <CoreInst = "Sel">   --->   Core 73 'Sel' <Latency = 0> <II = 1> <Delay = 0.99> <FuncUnit> <Opcode : 'select'> <InPorts = 3> <OutPorts = 1>
ST_2 : Operation 113 [1/1] (0.00ns)   --->   "%zext_ln1649_5 = zext i7 %select_ln51_5"   --->   Operation 113 'zext' 'zext_ln1649_5' <Predicate = true> <Delay = 0.00>
ST_2 : Operation 114 [1/1] (0.99ns)   --->   "%select_ln51_6 = select i1 %icmp_ln1649_6, i7 %trunc_ln44_8, i7 0" [firmware/nnet_utils/nnet_activation_stream.h:51]   --->   Operation 114 'select' 'select_ln51_6' <Predicate = true> <Delay = 0.99> <CoreInst = "Sel">   --->   Core 73 'Sel' <Latency = 0> <II = 1> <Delay = 0.99> <FuncUnit> <Opcode : 'select'> <InPorts = 3> <OutPorts = 1>
ST_2 : Operation 115 [1/1] (0.00ns)   --->   "%zext_ln1649_6 = zext i7 %select_ln51_6"   --->   Operation 115 'zext' 'zext_ln1649_6' <Predicate = true> <Delay = 0.00>
ST_2 : Operation 116 [1/1] (0.99ns)   --->   "%select_ln51_7 = select i1 %icmp_ln1649_7, i7 %trunc_ln44_9, i7 0" [firmware/nnet_utils/nnet_activation_stream.h:51]   --->   Operation 116 'select' 'select_ln51_7' <Predicate = true> <Delay = 0.99> <CoreInst = "Sel">   --->   Core 73 'Sel' <Latency = 0> <II = 1> <Delay = 0.99> <FuncUnit> <Opcode : 'select'> <InPorts = 3> <OutPorts = 1>
ST_2 : Operation 117 [1/1] (0.00ns)   --->   "%zext_ln1649_7 = zext i7 %select_ln51_7"   --->   Operation 117 'zext' 'zext_ln1649_7' <Predicate = true> <Delay = 0.00>
ST_2 : Operation 118 [1/1] (0.99ns)   --->   "%select_ln51_8 = select i1 %icmp_ln1649_8, i7 %trunc_ln44_10, i7 0" [firmware/nnet_utils/nnet_activation_stream.h:51]   --->   Operation 118 'select' 'select_ln51_8' <Predicate = true> <Delay = 0.99> <CoreInst = "Sel">   --->   Core 73 'Sel' <Latency = 0> <II = 1> <Delay = 0.99> <FuncUnit> <Opcode : 'select'> <InPorts = 3> <OutPorts = 1>
ST_2 : Operation 119 [1/1] (0.00ns)   --->   "%zext_ln1649_8 = zext i7 %select_ln51_8"   --->   Operation 119 'zext' 'zext_ln1649_8' <Predicate = true> <Delay = 0.00>
ST_2 : Operation 120 [1/1] (0.99ns)   --->   "%select_ln51_9 = select i1 %icmp_ln1649_9, i7 %trunc_ln44_11, i7 0" [firmware/nnet_utils/nnet_activation_stream.h:51]   --->   Operation 120 'select' 'select_ln51_9' <Predicate = true> <Delay = 0.99> <CoreInst = "Sel">   --->   Core 73 'Sel' <Latency = 0> <II = 1> <Delay = 0.99> <FuncUnit> <Opcode : 'select'> <InPorts = 3> <OutPorts = 1>
ST_2 : Operation 121 [1/1] (0.00ns)   --->   "%zext_ln1649_9 = zext i7 %select_ln51_9"   --->   Operation 121 'zext' 'zext_ln1649_9' <Predicate = true> <Delay = 0.00>
ST_2 : Operation 122 [1/1] (0.99ns)   --->   "%select_ln51_10 = select i1 %icmp_ln1649_10, i7 %trunc_ln44_12, i7 0" [firmware/nnet_utils/nnet_activation_stream.h:51]   --->   Operation 122 'select' 'select_ln51_10' <Predicate = true> <Delay = 0.99> <CoreInst = "Sel">   --->   Core 73 'Sel' <Latency = 0> <II = 1> <Delay = 0.99> <FuncUnit> <Opcode : 'select'> <InPorts = 3> <OutPorts = 1>
ST_2 : Operation 123 [1/1] (0.00ns)   --->   "%zext_ln1649_10 = zext i7 %select_ln51_10"   --->   Operation 123 'zext' 'zext_ln1649_10' <Predicate = true> <Delay = 0.00>
ST_2 : Operation 124 [1/1] (0.99ns)   --->   "%select_ln51_11 = select i1 %icmp_ln1649_11, i7 %trunc_ln44_13, i7 0" [firmware/nnet_utils/nnet_activation_stream.h:51]   --->   Operation 124 'select' 'select_ln51_11' <Predicate = true> <Delay = 0.99> <CoreInst = "Sel">   --->   Core 73 'Sel' <Latency = 0> <II = 1> <Delay = 0.99> <FuncUnit> <Opcode : 'select'> <InPorts = 3> <OutPorts = 1>
ST_2 : Operation 125 [1/1] (0.00ns)   --->   "%zext_ln1649_11 = zext i7 %select_ln51_11"   --->   Operation 125 'zext' 'zext_ln1649_11' <Predicate = true> <Delay = 0.00>
ST_2 : Operation 126 [1/1] (0.99ns)   --->   "%select_ln51_12 = select i1 %icmp_ln1649_12, i7 %trunc_ln44_14, i7 0" [firmware/nnet_utils/nnet_activation_stream.h:51]   --->   Operation 126 'select' 'select_ln51_12' <Predicate = true> <Delay = 0.99> <CoreInst = "Sel">   --->   Core 73 'Sel' <Latency = 0> <II = 1> <Delay = 0.99> <FuncUnit> <Opcode : 'select'> <InPorts = 3> <OutPorts = 1>
ST_2 : Operation 127 [1/1] (0.00ns)   --->   "%zext_ln1649_12 = zext i7 %select_ln51_12"   --->   Operation 127 'zext' 'zext_ln1649_12' <Predicate = true> <Delay = 0.00>
ST_2 : Operation 128 [1/1] (0.99ns)   --->   "%select_ln51_13 = select i1 %icmp_ln1649_13, i7 %trunc_ln44_15, i7 0" [firmware/nnet_utils/nnet_activation_stream.h:51]   --->   Operation 128 'select' 'select_ln51_13' <Predicate = true> <Delay = 0.99> <CoreInst = "Sel">   --->   Core 73 'Sel' <Latency = 0> <II = 1> <Delay = 0.99> <FuncUnit> <Opcode : 'select'> <InPorts = 3> <OutPorts = 1>
ST_2 : Operation 129 [1/1] (0.00ns)   --->   "%zext_ln1649_13 = zext i7 %select_ln51_13"   --->   Operation 129 'zext' 'zext_ln1649_13' <Predicate = true> <Delay = 0.00>
ST_2 : Operation 130 [1/1] (0.99ns)   --->   "%select_ln51_14 = select i1 %icmp_ln1649_14, i7 %trunc_ln44_16, i7 0" [firmware/nnet_utils/nnet_activation_stream.h:51]   --->   Operation 130 'select' 'select_ln51_14' <Predicate = true> <Delay = 0.99> <CoreInst = "Sel">   --->   Core 73 'Sel' <Latency = 0> <II = 1> <Delay = 0.99> <FuncUnit> <Opcode : 'select'> <InPorts = 3> <OutPorts = 1>
ST_2 : Operation 131 [1/1] (0.00ns)   --->   "%zext_ln1649_14 = zext i7 %select_ln51_14"   --->   Operation 131 'zext' 'zext_ln1649_14' <Predicate = true> <Delay = 0.00>
ST_2 : Operation 132 [1/1] (0.99ns)   --->   "%select_ln51_15 = select i1 %icmp_ln1649_15, i7 %trunc_ln44_17, i7 0" [firmware/nnet_utils/nnet_activation_stream.h:51]   --->   Operation 132 'select' 'select_ln51_15' <Predicate = true> <Delay = 0.99> <CoreInst = "Sel">   --->   Core 73 'Sel' <Latency = 0> <II = 1> <Delay = 0.99> <FuncUnit> <Opcode : 'select'> <InPorts = 3> <OutPorts = 1>
ST_2 : Operation 133 [1/1] (0.00ns)   --->   "%zext_ln1649_15 = zext i7 %select_ln51_15"   --->   Operation 133 'zext' 'zext_ln1649_15' <Predicate = true> <Delay = 0.00>
ST_2 : Operation 134 [1/1] (0.99ns)   --->   "%select_ln51_16 = select i1 %icmp_ln1649_16, i7 %trunc_ln44_18, i7 0" [firmware/nnet_utils/nnet_activation_stream.h:51]   --->   Operation 134 'select' 'select_ln51_16' <Predicate = true> <Delay = 0.99> <CoreInst = "Sel">   --->   Core 73 'Sel' <Latency = 0> <II = 1> <Delay = 0.99> <FuncUnit> <Opcode : 'select'> <InPorts = 3> <OutPorts = 1>
ST_2 : Operation 135 [1/1] (0.00ns)   --->   "%zext_ln1649_16 = zext i7 %select_ln51_16"   --->   Operation 135 'zext' 'zext_ln1649_16' <Predicate = true> <Delay = 0.00>
ST_2 : Operation 136 [1/1] (0.99ns)   --->   "%select_ln51_17 = select i1 %icmp_ln1649_17, i7 %trunc_ln44_19, i7 0" [firmware/nnet_utils/nnet_activation_stream.h:51]   --->   Operation 136 'select' 'select_ln51_17' <Predicate = true> <Delay = 0.99> <CoreInst = "Sel">   --->   Core 73 'Sel' <Latency = 0> <II = 1> <Delay = 0.99> <FuncUnit> <Opcode : 'select'> <InPorts = 3> <OutPorts = 1>
ST_2 : Operation 137 [1/1] (0.00ns)   --->   "%zext_ln1649_17 = zext i7 %select_ln51_17"   --->   Operation 137 'zext' 'zext_ln1649_17' <Predicate = true> <Delay = 0.00>
ST_2 : Operation 138 [1/1] (0.99ns)   --->   "%select_ln51_18 = select i1 %icmp_ln1649_18, i7 %trunc_ln44_20, i7 0" [firmware/nnet_utils/nnet_activation_stream.h:51]   --->   Operation 138 'select' 'select_ln51_18' <Predicate = true> <Delay = 0.99> <CoreInst = "Sel">   --->   Core 73 'Sel' <Latency = 0> <II = 1> <Delay = 0.99> <FuncUnit> <Opcode : 'select'> <InPorts = 3> <OutPorts = 1>
ST_2 : Operation 139 [1/1] (0.00ns)   --->   "%zext_ln1649_18 = zext i7 %select_ln51_18"   --->   Operation 139 'zext' 'zext_ln1649_18' <Predicate = true> <Delay = 0.00>
ST_2 : Operation 140 [1/1] (0.99ns)   --->   "%select_ln51_19 = select i1 %icmp_ln1649_19, i7 %trunc_ln44_21, i7 0" [firmware/nnet_utils/nnet_activation_stream.h:51]   --->   Operation 140 'select' 'select_ln51_19' <Predicate = true> <Delay = 0.99> <CoreInst = "Sel">   --->   Core 73 'Sel' <Latency = 0> <II = 1> <Delay = 0.99> <FuncUnit> <Opcode : 'select'> <InPorts = 3> <OutPorts = 1>
ST_2 : Operation 141 [1/1] (0.00ns)   --->   "%zext_ln1649_19 = zext i7 %select_ln51_19"   --->   Operation 141 'zext' 'zext_ln1649_19' <Predicate = true> <Delay = 0.00>
ST_2 : Operation 142 [1/1] (0.99ns)   --->   "%select_ln51_20 = select i1 %icmp_ln1649_20, i7 %trunc_ln44_22, i7 0" [firmware/nnet_utils/nnet_activation_stream.h:51]   --->   Operation 142 'select' 'select_ln51_20' <Predicate = true> <Delay = 0.99> <CoreInst = "Sel">   --->   Core 73 'Sel' <Latency = 0> <II = 1> <Delay = 0.99> <FuncUnit> <Opcode : 'select'> <InPorts = 3> <OutPorts = 1>
ST_2 : Operation 143 [1/1] (0.00ns)   --->   "%zext_ln1649_20 = zext i7 %select_ln51_20"   --->   Operation 143 'zext' 'zext_ln1649_20' <Predicate = true> <Delay = 0.00>
ST_2 : Operation 144 [1/1] (0.99ns)   --->   "%select_ln51_21 = select i1 %icmp_ln1649_21, i7 %trunc_ln44_23, i7 0" [firmware/nnet_utils/nnet_activation_stream.h:51]   --->   Operation 144 'select' 'select_ln51_21' <Predicate = true> <Delay = 0.99> <CoreInst = "Sel">   --->   Core 73 'Sel' <Latency = 0> <II = 1> <Delay = 0.99> <FuncUnit> <Opcode : 'select'> <InPorts = 3> <OutPorts = 1>
ST_2 : Operation 145 [1/1] (0.00ns)   --->   "%zext_ln1649_21 = zext i7 %select_ln51_21"   --->   Operation 145 'zext' 'zext_ln1649_21' <Predicate = true> <Delay = 0.00>
ST_2 : Operation 146 [1/1] (0.99ns)   --->   "%select_ln51_22 = select i1 %icmp_ln1649_22, i7 %trunc_ln44_24, i7 0" [firmware/nnet_utils/nnet_activation_stream.h:51]   --->   Operation 146 'select' 'select_ln51_22' <Predicate = true> <Delay = 0.99> <CoreInst = "Sel">   --->   Core 73 'Sel' <Latency = 0> <II = 1> <Delay = 0.99> <FuncUnit> <Opcode : 'select'> <InPorts = 3> <OutPorts = 1>
ST_2 : Operation 147 [1/1] (0.00ns)   --->   "%zext_ln1649_22 = zext i7 %select_ln51_22"   --->   Operation 147 'zext' 'zext_ln1649_22' <Predicate = true> <Delay = 0.00>
ST_2 : Operation 148 [1/1] (0.99ns)   --->   "%select_ln51_23 = select i1 %icmp_ln1649_23, i7 %trunc_ln44_25, i7 0" [firmware/nnet_utils/nnet_activation_stream.h:51]   --->   Operation 148 'select' 'select_ln51_23' <Predicate = true> <Delay = 0.99> <CoreInst = "Sel">   --->   Core 73 'Sel' <Latency = 0> <II = 1> <Delay = 0.99> <FuncUnit> <Opcode : 'select'> <InPorts = 3> <OutPorts = 1>
ST_2 : Operation 149 [1/1] (0.00ns)   --->   "%zext_ln1649_23 = zext i7 %select_ln51_23"   --->   Operation 149 'zext' 'zext_ln1649_23' <Predicate = true> <Delay = 0.00>
ST_2 : Operation 150 [1/1] (0.99ns)   --->   "%select_ln51_24 = select i1 %icmp_ln1649_24, i7 %trunc_ln44_26, i7 0" [firmware/nnet_utils/nnet_activation_stream.h:51]   --->   Operation 150 'select' 'select_ln51_24' <Predicate = true> <Delay = 0.99> <CoreInst = "Sel">   --->   Core 73 'Sel' <Latency = 0> <II = 1> <Delay = 0.99> <FuncUnit> <Opcode : 'select'> <InPorts = 3> <OutPorts = 1>
ST_2 : Operation 151 [1/1] (0.00ns)   --->   "%zext_ln1649_24 = zext i7 %select_ln51_24"   --->   Operation 151 'zext' 'zext_ln1649_24' <Predicate = true> <Delay = 0.00>
ST_2 : Operation 152 [1/1] (0.99ns)   --->   "%select_ln51_25 = select i1 %icmp_ln1649_25, i7 %trunc_ln44_27, i7 0" [firmware/nnet_utils/nnet_activation_stream.h:51]   --->   Operation 152 'select' 'select_ln51_25' <Predicate = true> <Delay = 0.99> <CoreInst = "Sel">   --->   Core 73 'Sel' <Latency = 0> <II = 1> <Delay = 0.99> <FuncUnit> <Opcode : 'select'> <InPorts = 3> <OutPorts = 1>
ST_2 : Operation 153 [1/1] (0.00ns)   --->   "%zext_ln1649_25 = zext i7 %select_ln51_25"   --->   Operation 153 'zext' 'zext_ln1649_25' <Predicate = true> <Delay = 0.00>
ST_2 : Operation 154 [1/1] (0.99ns)   --->   "%select_ln51_26 = select i1 %icmp_ln1649_26, i7 %trunc_ln44_28, i7 0" [firmware/nnet_utils/nnet_activation_stream.h:51]   --->   Operation 154 'select' 'select_ln51_26' <Predicate = true> <Delay = 0.99> <CoreInst = "Sel">   --->   Core 73 'Sel' <Latency = 0> <II = 1> <Delay = 0.99> <FuncUnit> <Opcode : 'select'> <InPorts = 3> <OutPorts = 1>
ST_2 : Operation 155 [1/1] (0.00ns)   --->   "%zext_ln1649_26 = zext i7 %select_ln51_26"   --->   Operation 155 'zext' 'zext_ln1649_26' <Predicate = true> <Delay = 0.00>
ST_2 : Operation 156 [1/1] (0.99ns)   --->   "%select_ln51_27 = select i1 %icmp_ln1649_27, i7 %trunc_ln44_29, i7 0" [firmware/nnet_utils/nnet_activation_stream.h:51]   --->   Operation 156 'select' 'select_ln51_27' <Predicate = true> <Delay = 0.99> <CoreInst = "Sel">   --->   Core 73 'Sel' <Latency = 0> <II = 1> <Delay = 0.99> <FuncUnit> <Opcode : 'select'> <InPorts = 3> <OutPorts = 1>
ST_2 : Operation 157 [1/1] (0.00ns)   --->   "%zext_ln1649_27 = zext i7 %select_ln51_27"   --->   Operation 157 'zext' 'zext_ln1649_27' <Predicate = true> <Delay = 0.00>
ST_2 : Operation 158 [1/1] (0.99ns)   --->   "%select_ln51_28 = select i1 %icmp_ln1649_28, i7 %trunc_ln44_30, i7 0" [firmware/nnet_utils/nnet_activation_stream.h:51]   --->   Operation 158 'select' 'select_ln51_28' <Predicate = true> <Delay = 0.99> <CoreInst = "Sel">   --->   Core 73 'Sel' <Latency = 0> <II = 1> <Delay = 0.99> <FuncUnit> <Opcode : 'select'> <InPorts = 3> <OutPorts = 1>
ST_2 : Operation 159 [1/1] (0.00ns)   --->   "%zext_ln1649_28 = zext i7 %select_ln51_28"   --->   Operation 159 'zext' 'zext_ln1649_28' <Predicate = true> <Delay = 0.00>
ST_2 : Operation 160 [1/1] (0.99ns)   --->   "%select_ln51_29 = select i1 %icmp_ln1649_29, i7 %trunc_ln44_31, i7 0" [firmware/nnet_utils/nnet_activation_stream.h:51]   --->   Operation 160 'select' 'select_ln51_29' <Predicate = true> <Delay = 0.99> <CoreInst = "Sel">   --->   Core 73 'Sel' <Latency = 0> <II = 1> <Delay = 0.99> <FuncUnit> <Opcode : 'select'> <InPorts = 3> <OutPorts = 1>
ST_2 : Operation 161 [1/1] (0.00ns)   --->   "%zext_ln1649_29 = zext i7 %select_ln51_29"   --->   Operation 161 'zext' 'zext_ln1649_29' <Predicate = true> <Delay = 0.00>
ST_2 : Operation 162 [1/1] (0.99ns)   --->   "%select_ln51_30 = select i1 %icmp_ln1649_30, i7 %trunc_ln44_32, i7 0" [firmware/nnet_utils/nnet_activation_stream.h:51]   --->   Operation 162 'select' 'select_ln51_30' <Predicate = true> <Delay = 0.99> <CoreInst = "Sel">   --->   Core 73 'Sel' <Latency = 0> <II = 1> <Delay = 0.99> <FuncUnit> <Opcode : 'select'> <InPorts = 3> <OutPorts = 1>
ST_2 : Operation 163 [1/1] (0.00ns)   --->   "%zext_ln1649_30 = zext i7 %select_ln51_30"   --->   Operation 163 'zext' 'zext_ln1649_30' <Predicate = true> <Delay = 0.00>
ST_2 : Operation 164 [1/1] (0.99ns)   --->   "%select_ln51_31 = select i1 %icmp_ln1649_31, i7 %trunc_ln, i7 0" [firmware/nnet_utils/nnet_activation_stream.h:51]   --->   Operation 164 'select' 'select_ln51_31' <Predicate = true> <Delay = 0.99> <CoreInst = "Sel">   --->   Core 73 'Sel' <Latency = 0> <II = 1> <Delay = 0.99> <FuncUnit> <Opcode : 'select'> <InPorts = 3> <OutPorts = 1>
ST_2 : Operation 165 [1/1] (0.00ns)   --->   "%or_ln57_s = bitconcatenate i255 @_ssdm_op_BitConcatenate.i255.i7.i8.i8.i8.i8.i8.i8.i8.i8.i8.i8.i8.i8.i8.i8.i8.i8.i8.i8.i8.i8.i8.i8.i8.i8.i8.i8.i8.i8.i8.i8.i8, i7 %select_ln51_31, i8 %zext_ln1649_30, i8 %zext_ln1649_29, i8 %zext_ln1649_28, i8 %zext_ln1649_27, i8 %zext_ln1649_26, i8 %zext_ln1649_25, i8 %zext_ln1649_24, i8 %zext_ln1649_23, i8 %zext_ln1649_22, i8 %zext_ln1649_21, i8 %zext_ln1649_20, i8 %zext_ln1649_19, i8 %zext_ln1649_18, i8 %zext_ln1649_17, i8 %zext_ln1649_16, i8 %zext_ln1649_15, i8 %zext_ln1649_14, i8 %zext_ln1649_13, i8 %zext_ln1649_12, i8 %zext_ln1649_11, i8 %zext_ln1649_10, i8 %zext_ln1649_9, i8 %zext_ln1649_8, i8 %zext_ln1649_7, i8 %zext_ln1649_6, i8 %zext_ln1649_5, i8 %zext_ln1649_4, i8 %zext_ln1649_3, i8 %zext_ln1649_2, i8 %zext_ln1649_1, i8 %zext_ln1649" [firmware/nnet_utils/nnet_activation_stream.h:57]   --->   Operation 165 'bitconcatenate' 'or_ln57_s' <Predicate = true> <Delay = 0.00>
ST_2 : Operation 166 [1/1] (0.00ns)   --->   "%zext_ln57 = zext i255 %or_ln57_s" [firmware/nnet_utils/nnet_activation_stream.h:57]   --->   Operation 166 'zext' 'zext_ln57' <Predicate = true> <Delay = 0.00>
ST_2 : Operation 167 [1/1] (2.18ns)   --->   "%write_ln57 = write void @_ssdm_op_Write.ap_fifo.volatile.i256P0A, i256 %layer5_out, i256 %zext_ln57" [firmware/nnet_utils/nnet_activation_stream.h:57]   --->   Operation 167 'write' 'write_ln57' <Predicate = true> <Delay = 2.18> <CoreInst = "FIFO_SRL">   --->   Core 81 'FIFO_SRL' <Latency = 0> <II = 1> <Delay = 3.63> <Storage> <Opcode : 'read' 'write' 'nbread' 'nbwrite'> <Ports = 0> <Width = 256> <Depth = 1> <FIFO>
ST_2 : Operation 168 [1/1] (0.00ns)   --->   "%ret_ln59 = ret" [firmware/nnet_utils/nnet_activation_stream.h:59]   --->   Operation 168 'ret' 'ret_ln59' <Predicate = true> <Delay = 0.00>


============================================================
+ Verbose Summary: Binding
============================================================
STG Binding: 
---------------- STG Properties BEGIN ----------------
- Is combinational: 0
- Is one-state seq: 0
- Is datapath-only: 0
- Is pipelined: 0
- Is top level: 0
Port [ Return ] is wired: 1; IO mode=ap_ctrl_hs:ce=0
Port [ layer4_out]:  wired=1; compound=1; hidden=0; nouse=0; global=0; static=0; extern=0; dir=0; type=3; pingpong=0; private_global=0; IO mode=ap_fifo:ce=0
Port [ layer5_out]:  wired=1; compound=1; hidden=0; nouse=0; global=0; static=0; extern=0; dir=1; type=3; pingpong=0; private_global=0; IO mode=ap_fifo:ce=0
---------------- STG Properties END ------------------

---------------- Datapath Model BEGIN ----------------

<LifeTime>
<method=bitvector/>
layer4_out_read   (read          ) [ 000]
in_data_data      (trunc         ) [ 000]
trunc_ln44_1      (trunc         ) [ 001]
trunc_ln44_2      (partselect    ) [ 000]
trunc_ln44_3      (partselect    ) [ 000]
in_data_data_8    (partselect    ) [ 000]
trunc_ln44_s      (partselect    ) [ 001]
in_data_data_9    (partselect    ) [ 000]
trunc_ln44_4      (partselect    ) [ 001]
in_data_data_10   (partselect    ) [ 000]
trunc_ln44_5      (partselect    ) [ 001]
in_data_data_11   (partselect    ) [ 000]
trunc_ln44_6      (partselect    ) [ 001]
in_data_data_12   (partselect    ) [ 000]
trunc_ln44_7      (partselect    ) [ 001]
in_data_data_13   (partselect    ) [ 000]
trunc_ln44_8      (partselect    ) [ 001]
in_data_data_14   (partselect    ) [ 000]
trunc_ln44_9      (partselect    ) [ 001]
tmp               (partselect    ) [ 000]
trunc_ln44_10     (partselect    ) [ 001]
tmp_1             (partselect    ) [ 000]
trunc_ln44_11     (partselect    ) [ 001]
tmp_2             (partselect    ) [ 000]
trunc_ln44_12     (partselect    ) [ 001]
tmp_3             (partselect    ) [ 000]
trunc_ln44_13     (partselect    ) [ 001]
tmp_4             (partselect    ) [ 000]
trunc_ln44_14     (partselect    ) [ 001]
tmp_5             (partselect    ) [ 000]
trunc_ln44_15     (partselect    ) [ 001]
tmp_6             (partselect    ) [ 000]
trunc_ln44_16     (partselect    ) [ 001]
tmp_7             (partselect    ) [ 000]
trunc_ln44_17     (partselect    ) [ 001]
tmp_8             (partselect    ) [ 000]
trunc_ln44_18     (partselect    ) [ 001]
tmp_9             (partselect    ) [ 000]
trunc_ln44_19     (partselect    ) [ 001]
tmp_s             (partselect    ) [ 000]
trunc_ln44_20     (partselect    ) [ 001]
tmp_10            (partselect    ) [ 000]
trunc_ln44_21     (partselect    ) [ 001]
tmp_11            (partselect    ) [ 000]
trunc_ln44_22     (partselect    ) [ 001]
tmp_12            (partselect    ) [ 000]
trunc_ln44_23     (partselect    ) [ 001]
tmp_13            (partselect    ) [ 000]
trunc_ln44_24     (partselect    ) [ 001]
tmp_14            (partselect    ) [ 000]
trunc_ln44_25     (partselect    ) [ 001]
tmp_15            (partselect    ) [ 000]
trunc_ln44_26     (partselect    ) [ 001]
tmp_16            (partselect    ) [ 000]
trunc_ln44_27     (partselect    ) [ 001]
tmp_17            (partselect    ) [ 000]
trunc_ln44_28     (partselect    ) [ 001]
tmp_18            (partselect    ) [ 000]
trunc_ln44_29     (partselect    ) [ 001]
tmp_19            (partselect    ) [ 000]
trunc_ln44_30     (partselect    ) [ 001]
tmp_20            (partselect    ) [ 000]
trunc_ln44_31     (partselect    ) [ 001]
trunc_ln44_32     (partselect    ) [ 001]
trunc_ln          (partselect    ) [ 001]
icmp_ln1649       (icmp          ) [ 001]
icmp_ln1649_1     (icmp          ) [ 001]
icmp_ln1649_2     (icmp          ) [ 001]
icmp_ln1649_3     (icmp          ) [ 001]
icmp_ln1649_4     (icmp          ) [ 001]
icmp_ln1649_5     (icmp          ) [ 001]
icmp_ln1649_6     (icmp          ) [ 001]
icmp_ln1649_7     (icmp          ) [ 001]
icmp_ln1649_8     (icmp          ) [ 001]
icmp_ln1649_9     (icmp          ) [ 001]
icmp_ln1649_10    (icmp          ) [ 001]
icmp_ln1649_11    (icmp          ) [ 001]
icmp_ln1649_12    (icmp          ) [ 001]
icmp_ln1649_13    (icmp          ) [ 001]
icmp_ln1649_14    (icmp          ) [ 001]
icmp_ln1649_15    (icmp          ) [ 001]
icmp_ln1649_16    (icmp          ) [ 001]
icmp_ln1649_17    (icmp          ) [ 001]
icmp_ln1649_18    (icmp          ) [ 001]
icmp_ln1649_19    (icmp          ) [ 001]
icmp_ln1649_20    (icmp          ) [ 001]
icmp_ln1649_21    (icmp          ) [ 001]
icmp_ln1649_22    (icmp          ) [ 001]
icmp_ln1649_23    (icmp          ) [ 001]
icmp_ln1649_24    (icmp          ) [ 001]
icmp_ln1649_25    (icmp          ) [ 001]
icmp_ln1649_26    (icmp          ) [ 001]
icmp_ln1649_27    (icmp          ) [ 001]
icmp_ln1649_28    (icmp          ) [ 001]
icmp_ln1649_29    (icmp          ) [ 001]
icmp_ln1649_30    (icmp          ) [ 001]
icmp_ln1649_31    (icmp          ) [ 001]
specinterface_ln0 (specinterface ) [ 000]
specinterface_ln0 (specinterface ) [ 000]
select_ln51       (select        ) [ 000]
zext_ln1649       (zext          ) [ 000]
select_ln51_1     (select        ) [ 000]
zext_ln1649_1     (zext          ) [ 000]
select_ln51_2     (select        ) [ 000]
zext_ln1649_2     (zext          ) [ 000]
select_ln51_3     (select        ) [ 000]
zext_ln1649_3     (zext          ) [ 000]
select_ln51_4     (select        ) [ 000]
zext_ln1649_4     (zext          ) [ 000]
select_ln51_5     (select        ) [ 000]
zext_ln1649_5     (zext          ) [ 000]
select_ln51_6     (select        ) [ 000]
zext_ln1649_6     (zext          ) [ 000]
select_ln51_7     (select        ) [ 000]
zext_ln1649_7     (zext          ) [ 000]
select_ln51_8     (select        ) [ 000]
zext_ln1649_8     (zext          ) [ 000]
select_ln51_9     (select        ) [ 000]
zext_ln1649_9     (zext          ) [ 000]
select_ln51_10    (select        ) [ 000]
zext_ln1649_10    (zext          ) [ 000]
select_ln51_11    (select        ) [ 000]
zext_ln1649_11    (zext          ) [ 000]
select_ln51_12    (select        ) [ 000]
zext_ln1649_12    (zext          ) [ 000]
select_ln51_13    (select        ) [ 000]
zext_ln1649_13    (zext          ) [ 000]
select_ln51_14    (select        ) [ 000]
zext_ln1649_14    (zext          ) [ 000]
select_ln51_15    (select        ) [ 000]
zext_ln1649_15    (zext          ) [ 000]
select_ln51_16    (select        ) [ 000]
zext_ln1649_16    (zext          ) [ 000]
select_ln51_17    (select        ) [ 000]
zext_ln1649_17    (zext          ) [ 000]
select_ln51_18    (select        ) [ 000]
zext_ln1649_18    (zext          ) [ 000]
select_ln51_19    (select        ) [ 000]
zext_ln1649_19    (zext          ) [ 000]
select_ln51_20    (select        ) [ 000]
zext_ln1649_20    (zext          ) [ 000]
select_ln51_21    (select        ) [ 000]
zext_ln1649_21    (zext          ) [ 000]
select_ln51_22    (select        ) [ 000]
zext_ln1649_22    (zext          ) [ 000]
select_ln51_23    (select        ) [ 000]
zext_ln1649_23    (zext          ) [ 000]
select_ln51_24    (select        ) [ 000]
zext_ln1649_24    (zext          ) [ 000]
select_ln51_25    (select        ) [ 000]
zext_ln1649_25    (zext          ) [ 000]
select_ln51_26    (select        ) [ 000]
zext_ln1649_26    (zext          ) [ 000]
select_ln51_27    (select        ) [ 000]
zext_ln1649_27    (zext          ) [ 000]
select_ln51_28    (select        ) [ 000]
zext_ln1649_28    (zext          ) [ 000]
select_ln51_29    (select        ) [ 000]
zext_ln1649_29    (zext          ) [ 000]
select_ln51_30    (select        ) [ 000]
zext_ln1649_30    (zext          ) [ 000]
select_ln51_31    (select        ) [ 000]
or_ln57_s         (bitconcatenate) [ 000]
zext_ln57         (zext          ) [ 000]
write_ln57        (write         ) [ 000]
ret_ln59          (ret           ) [ 000]
</LifeTime>

<model>

<comp_list>
<comp id="0" class="1000" name="layer4_out">
<pin_list>
<pin id="1" dir="1" index="0" bw="1" slack="0"/>
</pin_list>
<bind>
<StgValue><ssdm name="layer4_out"/></StgValue>
</bind>
</comp>

<comp id="2" class="1000" name="layer5_out">
<pin_list>
<pin id="3" dir="1" index="0" bw="1" slack="0"/>
</pin_list>
<bind>
<StgValue><ssdm name="layer5_out"/></StgValue>
</bind>
</comp>

<comp id="4" class="1001" name="const_4">
<pin_list>
<pin id="5" dir="1" index="0" bw="1" slack="0"/>
</pin_list>
<bind>
<StgValue><ssdm name="_ssdm_op_Read.ap_fifo.volatile.i256P0A"/></StgValue>
</bind>
</comp>

<comp id="6" class="1001" name="const_6">
<pin_list>
<pin id="7" dir="1" index="0" bw="1" slack="0"/>
</pin_list>
<bind>
<StgValue><ssdm name="_ssdm_op_PartSelect.i8.i256.i32.i32"/></StgValue>
</bind>
</comp>

<comp id="8" class="1001" name="const_8">
<pin_list>
<pin id="9" dir="1" index="0" bw="1" slack="0"/>
</pin_list>
<bind>
<StgValue><ssdm name=""/></StgValue>
</bind>
</comp>

<comp id="10" class="1001" name="const_10">
<pin_list>
<pin id="11" dir="1" index="0" bw="1" slack="0"/>
</pin_list>
<bind>
<StgValue><ssdm name=""/></StgValue>
</bind>
</comp>

<comp id="12" class="1001" name="const_12">
<pin_list>
<pin id="13" dir="1" index="0" bw="1" slack="0"/>
</pin_list>
<bind>
<StgValue><ssdm name=""/></StgValue>
</bind>
</comp>

<comp id="14" class="1001" name="const_14">
<pin_list>
<pin id="15" dir="1" index="0" bw="1" slack="0"/>
</pin_list>
<bind>
<StgValue><ssdm name=""/></StgValue>
</bind>
</comp>

<comp id="16" class="1001" name="const_16">
<pin_list>
<pin id="17" dir="1" index="0" bw="1" slack="0"/>
</pin_list>
<bind>
<StgValue><ssdm name=""/></StgValue>
</bind>
</comp>

<comp id="18" class="1001" name="const_18">
<pin_list>
<pin id="19" dir="1" index="0" bw="1" slack="0"/>
</pin_list>
<bind>
<StgValue><ssdm name=""/></StgValue>
</bind>
</comp>

<comp id="20" class="1001" name="const_20">
<pin_list>
<pin id="21" dir="1" index="0" bw="1" slack="0"/>
</pin_list>
<bind>
<StgValue><ssdm name="_ssdm_op_PartSelect.i7.i256.i32.i32"/></StgValue>
</bind>
</comp>

<comp id="22" class="1001" name="const_22">
<pin_list>
<pin id="23" dir="1" index="0" bw="1" slack="0"/>
</pin_list>
<bind>
<StgValue><ssdm name=""/></StgValue>
</bind>
</comp>

<comp id="24" class="1001" name="const_24">
<pin_list>
<pin id="25" dir="1" index="0" bw="1" slack="0"/>
</pin_list>
<bind>
<StgValue><ssdm name=""/></StgValue>
</bind>
</comp>

<comp id="26" class="1001" name="const_26">
<pin_list>
<pin id="27" dir="1" index="0" bw="1" slack="0"/>
</pin_list>
<bind>
<StgValue><ssdm name=""/></StgValue>
</bind>
</comp>

<comp id="28" class="1001" name="const_28">
<pin_list>
<pin id="29" dir="1" index="0" bw="1" slack="0"/>
</pin_list>
<bind>
<StgValue><ssdm name=""/></StgValue>
</bind>
</comp>

<comp id="30" class="1001" name="const_30">
<pin_list>
<pin id="31" dir="1" index="0" bw="1" slack="0"/>
</pin_list>
<bind>
<StgValue><ssdm name=""/></StgValue>
</bind>
</comp>

<comp id="32" class="1001" name="const_32">
<pin_list>
<pin id="33" dir="1" index="0" bw="1" slack="0"/>
</pin_list>
<bind>
<StgValue><ssdm name=""/></StgValue>
</bind>
</comp>

<comp id="34" class="1001" name="const_34">
<pin_list>
<pin id="35" dir="1" index="0" bw="1" slack="0"/>
</pin_list>
<bind>
<StgValue><ssdm name=""/></StgValue>
</bind>
</comp>

<comp id="36" class="1001" name="const_36">
<pin_list>
<pin id="37" dir="1" index="0" bw="1" slack="0"/>
</pin_list>
<bind>
<StgValue><ssdm name=""/></StgValue>
</bind>
</comp>

<comp id="38" class="1001" name="const_38">
<pin_list>
<pin id="39" dir="1" index="0" bw="1" slack="0"/>
</pin_list>
<bind>
<StgValue><ssdm name=""/></StgValue>
</bind>
</comp>

<comp id="40" class="1001" name="const_40">
<pin_list>
<pin id="41" dir="1" index="0" bw="1" slack="0"/>
</pin_list>
<bind>
<StgValue><ssdm name=""/></StgValue>
</bind>
</comp>

<comp id="42" class="1001" name="const_42">
<pin_list>
<pin id="43" dir="1" index="0" bw="1" slack="0"/>
</pin_list>
<bind>
<StgValue><ssdm name=""/></StgValue>
</bind>
</comp>

<comp id="44" class="1001" name="const_44">
<pin_list>
<pin id="45" dir="1" index="0" bw="1" slack="0"/>
</pin_list>
<bind>
<StgValue><ssdm name=""/></StgValue>
</bind>
</comp>

<comp id="46" class="1001" name="const_46">
<pin_list>
<pin id="47" dir="1" index="0" bw="1" slack="0"/>
</pin_list>
<bind>
<StgValue><ssdm name=""/></StgValue>
</bind>
</comp>

<comp id="48" class="1001" name="const_48">
<pin_list>
<pin id="49" dir="1" index="0" bw="1" slack="0"/>
</pin_list>
<bind>
<StgValue><ssdm name=""/></StgValue>
</bind>
</comp>

<comp id="50" class="1001" name="const_50">
<pin_list>
<pin id="51" dir="1" index="0" bw="1" slack="0"/>
</pin_list>
<bind>
<StgValue><ssdm name=""/></StgValue>
</bind>
</comp>

<comp id="52" class="1001" name="const_52">
<pin_list>
<pin id="53" dir="1" index="0" bw="1" slack="0"/>
</pin_list>
<bind>
<StgValue><ssdm name=""/></StgValue>
</bind>
</comp>

<comp id="54" class="1001" name="const_54">
<pin_list>
<pin id="55" dir="1" index="0" bw="1" slack="0"/>
</pin_list>
<bind>
<StgValue><ssdm name=""/></StgValue>
</bind>
</comp>

<comp id="56" class="1001" name="const_56">
<pin_list>
<pin id="57" dir="1" index="0" bw="1" slack="0"/>
</pin_list>
<bind>
<StgValue><ssdm name=""/></StgValue>
</bind>
</comp>

<comp id="58" class="1001" name="const_58">
<pin_list>
<pin id="59" dir="1" index="0" bw="1" slack="0"/>
</pin_list>
<bind>
<StgValue><ssdm name=""/></StgValue>
</bind>
</comp>

<comp id="60" class="1001" name="const_60">
<pin_list>
<pin id="61" dir="1" index="0" bw="1" slack="0"/>
</pin_list>
<bind>
<StgValue><ssdm name=""/></StgValue>
</bind>
</comp>

<comp id="62" class="1001" name="const_62">
<pin_list>
<pin id="63" dir="1" index="0" bw="1" slack="0"/>
</pin_list>
<bind>
<StgValue><ssdm name=""/></StgValue>
</bind>
</comp>

<comp id="64" class="1001" name="const_64">
<pin_list>
<pin id="65" dir="1" index="0" bw="1" slack="0"/>
</pin_list>
<bind>
<StgValue><ssdm name=""/></StgValue>
</bind>
</comp>

<comp id="66" class="1001" name="const_66">
<pin_list>
<pin id="67" dir="1" index="0" bw="1" slack="0"/>
</pin_list>
<bind>
<StgValue><ssdm name=""/></StgValue>
</bind>
</comp>

<comp id="68" class="1001" name="const_68">
<pin_list>
<pin id="69" dir="1" index="0" bw="1" slack="0"/>
</pin_list>
<bind>
<StgValue><ssdm name=""/></StgValue>
</bind>
</comp>

<comp id="70" class="1001" name="const_70">
<pin_list>
<pin id="71" dir="1" index="0" bw="1" slack="0"/>
</pin_list>
<bind>
<StgValue><ssdm name=""/></StgValue>
</bind>
</comp>

<comp id="72" class="1001" name="const_72">
<pin_list>
<pin id="73" dir="1" index="0" bw="1" slack="0"/>
</pin_list>
<bind>
<StgValue><ssdm name=""/></StgValue>
</bind>
</comp>

<comp id="74" class="1001" name="const_74">
<pin_list>
<pin id="75" dir="1" index="0" bw="1" slack="0"/>
</pin_list>
<bind>
<StgValue><ssdm name=""/></StgValue>
</bind>
</comp>

<comp id="76" class="1001" name="const_76">
<pin_list>
<pin id="77" dir="1" index="0" bw="1" slack="0"/>
</pin_list>
<bind>
<StgValue><ssdm name=""/></StgValue>
</bind>
</comp>

<comp id="78" class="1001" name="const_78">
<pin_list>
<pin id="79" dir="1" index="0" bw="1" slack="0"/>
</pin_list>
<bind>
<StgValue><ssdm name=""/></StgValue>
</bind>
</comp>

<comp id="80" class="1001" name="const_80">
<pin_list>
<pin id="81" dir="1" index="0" bw="1" slack="0"/>
</pin_list>
<bind>
<StgValue><ssdm name=""/></StgValue>
</bind>
</comp>

<comp id="82" class="1001" name="const_82">
<pin_list>
<pin id="83" dir="1" index="0" bw="1" slack="0"/>
</pin_list>
<bind>
<StgValue><ssdm name=""/></StgValue>
</bind>
</comp>

<comp id="84" class="1001" name="const_84">
<pin_list>
<pin id="85" dir="1" index="0" bw="1" slack="0"/>
</pin_list>
<bind>
<StgValue><ssdm name=""/></StgValue>
</bind>
</comp>

<comp id="86" class="1001" name="const_86">
<pin_list>
<pin id="87" dir="1" index="0" bw="1" slack="0"/>
</pin_list>
<bind>
<StgValue><ssdm name=""/></StgValue>
</bind>
</comp>

<comp id="88" class="1001" name="const_88">
<pin_list>
<pin id="89" dir="1" index="0" bw="1" slack="0"/>
</pin_list>
<bind>
<StgValue><ssdm name=""/></StgValue>
</bind>
</comp>

<comp id="90" class="1001" name="const_90">
<pin_list>
<pin id="91" dir="1" index="0" bw="1" slack="0"/>
</pin_list>
<bind>
<StgValue><ssdm name=""/></StgValue>
</bind>
</comp>

<comp id="92" class="1001" name="const_92">
<pin_list>
<pin id="93" dir="1" index="0" bw="1" slack="0"/>
</pin_list>
<bind>
<StgValue><ssdm name=""/></StgValue>
</bind>
</comp>

<comp id="94" class="1001" name="const_94">
<pin_list>
<pin id="95" dir="1" index="0" bw="1" slack="0"/>
</pin_list>
<bind>
<StgValue><ssdm name=""/></StgValue>
</bind>
</comp>

<comp id="96" class="1001" name="const_96">
<pin_list>
<pin id="97" dir="1" index="0" bw="1" slack="0"/>
</pin_list>
<bind>
<StgValue><ssdm name=""/></StgValue>
</bind>
</comp>

<comp id="98" class="1001" name="const_98">
<pin_list>
<pin id="99" dir="1" index="0" bw="1" slack="0"/>
</pin_list>
<bind>
<StgValue><ssdm name=""/></StgValue>
</bind>
</comp>

<comp id="100" class="1001" name="const_100">
<pin_list>
<pin id="101" dir="1" index="0" bw="1" slack="0"/>
</pin_list>
<bind>
<StgValue><ssdm name=""/></StgValue>
</bind>
</comp>

<comp id="102" class="1001" name="const_102">
<pin_list>
<pin id="103" dir="1" index="0" bw="1" slack="0"/>
</pin_list>
<bind>
<StgValue><ssdm name=""/></StgValue>
</bind>
</comp>

<comp id="104" class="1001" name="const_104">
<pin_list>
<pin id="105" dir="1" index="0" bw="1" slack="0"/>
</pin_list>
<bind>
<StgValue><ssdm name=""/></StgValue>
</bind>
</comp>

<comp id="106" class="1001" name="const_106">
<pin_list>
<pin id="107" dir="1" index="0" bw="1" slack="0"/>
</pin_list>
<bind>
<StgValue><ssdm name=""/></StgValue>
</bind>
</comp>

<comp id="108" class="1001" name="const_108">
<pin_list>
<pin id="109" dir="1" index="0" bw="1" slack="0"/>
</pin_list>
<bind>
<StgValue><ssdm name=""/></StgValue>
</bind>
</comp>

<comp id="110" class="1001" name="const_110">
<pin_list>
<pin id="111" dir="1" index="0" bw="1" slack="0"/>
</pin_list>
<bind>
<StgValue><ssdm name=""/></StgValue>
</bind>
</comp>

<comp id="112" class="1001" name="const_112">
<pin_list>
<pin id="113" dir="1" index="0" bw="1" slack="0"/>
</pin_list>
<bind>
<StgValue><ssdm name=""/></StgValue>
</bind>
</comp>

<comp id="114" class="1001" name="const_114">
<pin_list>
<pin id="115" dir="1" index="0" bw="1" slack="0"/>
</pin_list>
<bind>
<StgValue><ssdm name=""/></StgValue>
</bind>
</comp>

<comp id="116" class="1001" name="const_116">
<pin_list>
<pin id="117" dir="1" index="0" bw="1" slack="0"/>
</pin_list>
<bind>
<StgValue><ssdm name=""/></StgValue>
</bind>
</comp>

<comp id="118" class="1001" name="const_118">
<pin_list>
<pin id="119" dir="1" index="0" bw="1" slack="0"/>
</pin_list>
<bind>
<StgValue><ssdm name=""/></StgValue>
</bind>
</comp>

<comp id="120" class="1001" name="const_120">
<pin_list>
<pin id="121" dir="1" index="0" bw="1" slack="0"/>
</pin_list>
<bind>
<StgValue><ssdm name=""/></StgValue>
</bind>
</comp>

<comp id="122" class="1001" name="const_122">
<pin_list>
<pin id="123" dir="1" index="0" bw="1" slack="0"/>
</pin_list>
<bind>
<StgValue><ssdm name=""/></StgValue>
</bind>
</comp>

<comp id="124" class="1001" name="const_124">
<pin_list>
<pin id="125" dir="1" index="0" bw="1" slack="0"/>
</pin_list>
<bind>
<StgValue><ssdm name=""/></StgValue>
</bind>
</comp>

<comp id="126" class="1001" name="const_126">
<pin_list>
<pin id="127" dir="1" index="0" bw="1" slack="0"/>
</pin_list>
<bind>
<StgValue><ssdm name=""/></StgValue>
</bind>
</comp>

<comp id="128" class="1001" name="const_128">
<pin_list>
<pin id="129" dir="1" index="0" bw="1" slack="0"/>
</pin_list>
<bind>
<StgValue><ssdm name=""/></StgValue>
</bind>
</comp>

<comp id="130" class="1001" name="const_130">
<pin_list>
<pin id="131" dir="1" index="0" bw="1" slack="0"/>
</pin_list>
<bind>
<StgValue><ssdm name=""/></StgValue>
</bind>
</comp>

<comp id="132" class="1001" name="const_132">
<pin_list>
<pin id="133" dir="1" index="0" bw="1" slack="0"/>
</pin_list>
<bind>
<StgValue><ssdm name=""/></StgValue>
</bind>
</comp>

<comp id="134" class="1001" name="const_134">
<pin_list>
<pin id="135" dir="1" index="0" bw="1" slack="0"/>
</pin_list>
<bind>
<StgValue><ssdm name=""/></StgValue>
</bind>
</comp>

<comp id="136" class="1001" name="const_136">
<pin_list>
<pin id="137" dir="1" index="0" bw="1" slack="0"/>
</pin_list>
<bind>
<StgValue><ssdm name=""/></StgValue>
</bind>
</comp>

<comp id="138" class="1001" name="const_138">
<pin_list>
<pin id="139" dir="1" index="0" bw="1" slack="0"/>
</pin_list>
<bind>
<StgValue><ssdm name=""/></StgValue>
</bind>
</comp>

<comp id="140" class="1001" name="const_140">
<pin_list>
<pin id="141" dir="1" index="0" bw="1" slack="0"/>
</pin_list>
<bind>
<StgValue><ssdm name=""/></StgValue>
</bind>
</comp>

<comp id="142" class="1001" name="const_142">
<pin_list>
<pin id="143" dir="1" index="0" bw="1" slack="0"/>
</pin_list>
<bind>
<StgValue><ssdm name=""/></StgValue>
</bind>
</comp>

<comp id="144" class="1001" name="const_144">
<pin_list>
<pin id="145" dir="1" index="0" bw="1" slack="0"/>
</pin_list>
<bind>
<StgValue><ssdm name=""/></StgValue>
</bind>
</comp>

<comp id="146" class="1001" name="const_146">
<pin_list>
<pin id="147" dir="1" index="0" bw="1" slack="0"/>
</pin_list>
<bind>
<StgValue><ssdm name=""/></StgValue>
</bind>
</comp>

<comp id="148" class="1001" name="const_148">
<pin_list>
<pin id="149" dir="1" index="0" bw="1" slack="0"/>
</pin_list>
<bind>
<StgValue><ssdm name=""/></StgValue>
</bind>
</comp>

<comp id="150" class="1001" name="const_150">
<pin_list>
<pin id="151" dir="1" index="0" bw="1" slack="0"/>
</pin_list>
<bind>
<StgValue><ssdm name=""/></StgValue>
</bind>
</comp>

<comp id="152" class="1001" name="const_152">
<pin_list>
<pin id="153" dir="1" index="0" bw="1" slack="0"/>
</pin_list>
<bind>
<StgValue><ssdm name=""/></StgValue>
</bind>
</comp>

<comp id="154" class="1001" name="const_154">
<pin_list>
<pin id="155" dir="1" index="0" bw="1" slack="0"/>
</pin_list>
<bind>
<StgValue><ssdm name=""/></StgValue>
</bind>
</comp>

<comp id="156" class="1001" name="const_156">
<pin_list>
<pin id="157" dir="1" index="0" bw="1" slack="0"/>
</pin_list>
<bind>
<StgValue><ssdm name=""/></StgValue>
</bind>
</comp>

<comp id="158" class="1001" name="const_158">
<pin_list>
<pin id="159" dir="1" index="0" bw="1" slack="0"/>
</pin_list>
<bind>
<StgValue><ssdm name=""/></StgValue>
</bind>
</comp>

<comp id="160" class="1001" name="const_160">
<pin_list>
<pin id="161" dir="1" index="0" bw="1" slack="0"/>
</pin_list>
<bind>
<StgValue><ssdm name=""/></StgValue>
</bind>
</comp>

<comp id="162" class="1001" name="const_162">
<pin_list>
<pin id="163" dir="1" index="0" bw="1" slack="0"/>
</pin_list>
<bind>
<StgValue><ssdm name=""/></StgValue>
</bind>
</comp>

<comp id="164" class="1001" name="const_164">
<pin_list>
<pin id="165" dir="1" index="0" bw="1" slack="0"/>
</pin_list>
<bind>
<StgValue><ssdm name=""/></StgValue>
</bind>
</comp>

<comp id="166" class="1001" name="const_166">
<pin_list>
<pin id="167" dir="1" index="0" bw="1" slack="0"/>
</pin_list>
<bind>
<StgValue><ssdm name=""/></StgValue>
</bind>
</comp>

<comp id="168" class="1001" name="const_168">
<pin_list>
<pin id="169" dir="1" index="0" bw="1" slack="0"/>
</pin_list>
<bind>
<StgValue><ssdm name=""/></StgValue>
</bind>
</comp>

<comp id="170" class="1001" name="const_170">
<pin_list>
<pin id="171" dir="1" index="0" bw="1" slack="0"/>
</pin_list>
<bind>
<StgValue><ssdm name=""/></StgValue>
</bind>
</comp>

<comp id="172" class="1001" name="const_172">
<pin_list>
<pin id="173" dir="1" index="0" bw="1" slack="0"/>
</pin_list>
<bind>
<StgValue><ssdm name=""/></StgValue>
</bind>
</comp>

<comp id="174" class="1001" name="const_174">
<pin_list>
<pin id="175" dir="1" index="0" bw="1" slack="0"/>
</pin_list>
<bind>
<StgValue><ssdm name=""/></StgValue>
</bind>
</comp>

<comp id="176" class="1001" name="const_176">
<pin_list>
<pin id="177" dir="1" index="0" bw="1" slack="0"/>
</pin_list>
<bind>
<StgValue><ssdm name=""/></StgValue>
</bind>
</comp>

<comp id="178" class="1001" name="const_178">
<pin_list>
<pin id="179" dir="1" index="0" bw="1" slack="0"/>
</pin_list>
<bind>
<StgValue><ssdm name=""/></StgValue>
</bind>
</comp>

<comp id="180" class="1001" name="const_180">
<pin_list>
<pin id="181" dir="1" index="0" bw="1" slack="0"/>
</pin_list>
<bind>
<StgValue><ssdm name=""/></StgValue>
</bind>
</comp>

<comp id="182" class="1001" name="const_182">
<pin_list>
<pin id="183" dir="1" index="0" bw="1" slack="0"/>
</pin_list>
<bind>
<StgValue><ssdm name=""/></StgValue>
</bind>
</comp>

<comp id="184" class="1001" name="const_184">
<pin_list>
<pin id="185" dir="1" index="0" bw="1" slack="0"/>
</pin_list>
<bind>
<StgValue><ssdm name=""/></StgValue>
</bind>
</comp>

<comp id="186" class="1001" name="const_186">
<pin_list>
<pin id="187" dir="1" index="0" bw="1" slack="0"/>
</pin_list>
<bind>
<StgValue><ssdm name=""/></StgValue>
</bind>
</comp>

<comp id="188" class="1001" name="const_188">
<pin_list>
<pin id="189" dir="1" index="0" bw="1" slack="0"/>
</pin_list>
<bind>
<StgValue><ssdm name=""/></StgValue>
</bind>
</comp>

<comp id="190" class="1001" name="const_190">
<pin_list>
<pin id="191" dir="1" index="0" bw="1" slack="0"/>
</pin_list>
<bind>
<StgValue><ssdm name=""/></StgValue>
</bind>
</comp>

<comp id="192" class="1001" name="const_192">
<pin_list>
<pin id="193" dir="1" index="0" bw="1" slack="0"/>
</pin_list>
<bind>
<StgValue><ssdm name=""/></StgValue>
</bind>
</comp>

<comp id="194" class="1001" name="const_194">
<pin_list>
<pin id="195" dir="1" index="0" bw="1" slack="0"/>
</pin_list>
<bind>
<StgValue><ssdm name=""/></StgValue>
</bind>
</comp>

<comp id="196" class="1001" name="const_196">
<pin_list>
<pin id="197" dir="1" index="0" bw="1" slack="0"/>
</pin_list>
<bind>
<StgValue><ssdm name=""/></StgValue>
</bind>
</comp>

<comp id="198" class="1001" name="const_198">
<pin_list>
<pin id="199" dir="1" index="0" bw="1" slack="2147483647"/>
</pin_list>
<bind>
<StgValue><ssdm name="_ssdm_op_SpecInterface"/></StgValue>
</bind>
</comp>

<comp id="200" class="1001" name="const_200">
<pin_list>
<pin id="201" dir="1" index="0" bw="1" slack="2147483647"/>
</pin_list>
<bind>
<StgValue><ssdm name="empty_2"/></StgValue>
</bind>
</comp>

<comp id="202" class="1001" name="const_202">
<pin_list>
<pin id="203" dir="1" index="0" bw="1" slack="2147483647"/>
</pin_list>
<bind>
<StgValue><ssdm name=""/></StgValue>
</bind>
</comp>

<comp id="204" class="1001" name="const_204">
<pin_list>
<pin id="205" dir="1" index="0" bw="1" slack="2147483647"/>
</pin_list>
<bind>
<StgValue><ssdm name="empty_0"/></StgValue>
</bind>
</comp>

<comp id="206" class="1001" name="const_206">
<pin_list>
<pin id="207" dir="1" index="0" bw="1" slack="2147483647"/>
</pin_list>
<bind>
<StgValue><ssdm name=""/></StgValue>
</bind>
</comp>

<comp id="208" class="1001" name="const_208">
<pin_list>
<pin id="209" dir="1" index="0" bw="1" slack="0"/>
</pin_list>
<bind>
<StgValue><ssdm name=""/></StgValue>
</bind>
</comp>

<comp id="210" class="1001" name="const_210">
<pin_list>
<pin id="211" dir="1" index="0" bw="1" slack="0"/>
</pin_list>
<bind>
<StgValue><ssdm name="_ssdm_op_BitConcatenate.i255.i7.i8.i8.i8.i8.i8.i8.i8.i8.i8.i8.i8.i8.i8.i8.i8.i8.i8.i8.i8.i8.i8.i8.i8.i8.i8.i8.i8.i8.i8.i8.i8"/></StgValue>
</bind>
</comp>

<comp id="212" class="1001" name="const_212">
<pin_list>
<pin id="213" dir="1" index="0" bw="1" slack="0"/>
</pin_list>
<bind>
<StgValue><ssdm name="_ssdm_op_Write.ap_fifo.volatile.i256P0A"/></StgValue>
</bind>
</comp>

<comp id="214" class="1004" name="layer4_out_read_read_fu_214">
<pin_list>
<pin id="215" dir="0" index="0" bw="256" slack="0"/>
<pin id="216" dir="0" index="1" bw="256" slack="0"/>
<pin id="217" dir="1" index="2" bw="256" slack="0"/>
</pin_list>
<bind>
<opcode="read(1150) " fcode="read"/>
<opset="layer4_out_read/1 "/>
</bind>
</comp>

<comp id="220" class="1004" name="write_ln57_write_fu_220">
<pin_list>
<pin id="221" dir="0" index="0" bw="0" slack="0"/>
<pin id="222" dir="0" index="1" bw="256" slack="0"/>
<pin id="223" dir="0" index="2" bw="255" slack="0"/>
<pin id="224" dir="1" index="3" bw="0" slack="2147483647"/>
</pin_list>
<bind>
<opcode="write(1151) " fcode="write"/>
<opset="write_ln57/2 "/>
</bind>
</comp>

<comp id="227" class="1004" name="in_data_data_fu_227">
<pin_list>
<pin id="228" dir="0" index="0" bw="256" slack="0"/>
<pin id="229" dir="1" index="1" bw="8" slack="0"/>
</pin_list>
<bind>
<opcode="trunc(33) " fcode="trunc"/>
<opset="in_data_data/1 "/>
</bind>
</comp>

<comp id="231" class="1004" name="trunc_ln44_1_fu_231">
<pin_list>
<pin id="232" dir="0" index="0" bw="256" slack="0"/>
<pin id="233" dir="1" index="1" bw="7" slack="1"/>
</pin_list>
<bind>
<opcode="trunc(33) " fcode="trunc"/>
<opset="trunc_ln44_1/1 "/>
</bind>
</comp>

<comp id="235" class="1004" name="trunc_ln44_2_fu_235">
<pin_list>
<pin id="236" dir="0" index="0" bw="8" slack="0"/>
<pin id="237" dir="0" index="1" bw="256" slack="0"/>
<pin id="238" dir="0" index="2" bw="9" slack="0"/>
<pin id="239" dir="0" index="3" bw="9" slack="0"/>
<pin id="240" dir="1" index="4" bw="8" slack="0"/>
</pin_list>
<bind>
<opcode="partselect(1002) " fcode="partselect"/>
<opset="trunc_ln44_2/1 "/>
</bind>
</comp>

<comp id="245" class="1004" name="trunc_ln44_3_fu_245">
<pin_list>
<pin id="246" dir="0" index="0" bw="8" slack="0"/>
<pin id="247" dir="0" index="1" bw="256" slack="0"/>
<pin id="248" dir="0" index="2" bw="9" slack="0"/>
<pin id="249" dir="0" index="3" bw="9" slack="0"/>
<pin id="250" dir="1" index="4" bw="8" slack="0"/>
</pin_list>
<bind>
<opcode="partselect(1002) " fcode="partselect"/>
<opset="trunc_ln44_3/1 "/>
</bind>
</comp>

<comp id="255" class="1004" name="in_data_data_8_fu_255">
<pin_list>
<pin id="256" dir="0" index="0" bw="8" slack="0"/>
<pin id="257" dir="0" index="1" bw="256" slack="0"/>
<pin id="258" dir="0" index="2" bw="5" slack="0"/>
<pin id="259" dir="0" index="3" bw="5" slack="0"/>
<pin id="260" dir="1" index="4" bw="8" slack="0"/>
</pin_list>
<bind>
<opcode="partselect(1002) " fcode="partselect"/>
<opset="in_data_data_8/1 "/>
</bind>
</comp>

<comp id="265" class="1004" name="trunc_ln44_s_fu_265">
<pin_list>
<pin id="266" dir="0" index="0" bw="7" slack="0"/>
<pin id="267" dir="0" index="1" bw="256" slack="0"/>
<pin id="268" dir="0" index="2" bw="5" slack="0"/>
<pin id="269" dir="0" index="3" bw="5" slack="0"/>
<pin id="270" dir="1" index="4" bw="7" slack="1"/>
</pin_list>
<bind>
<opcode="partselect(1002) " fcode="partselect"/>
<opset="trunc_ln44_s/1 "/>
</bind>
</comp>

<comp id="275" class="1004" name="in_data_data_9_fu_275">
<pin_list>
<pin id="276" dir="0" index="0" bw="8" slack="0"/>
<pin id="277" dir="0" index="1" bw="256" slack="0"/>
<pin id="278" dir="0" index="2" bw="6" slack="0"/>
<pin id="279" dir="0" index="3" bw="6" slack="0"/>
<pin id="280" dir="1" index="4" bw="8" slack="0"/>
</pin_list>
<bind>
<opcode="partselect(1002) " fcode="partselect"/>
<opset="in_data_data_9/1 "/>
</bind>
</comp>

<comp id="285" class="1004" name="trunc_ln44_4_fu_285">
<pin_list>
<pin id="286" dir="0" index="0" bw="7" slack="0"/>
<pin id="287" dir="0" index="1" bw="256" slack="0"/>
<pin id="288" dir="0" index="2" bw="6" slack="0"/>
<pin id="289" dir="0" index="3" bw="6" slack="0"/>
<pin id="290" dir="1" index="4" bw="7" slack="1"/>
</pin_list>
<bind>
<opcode="partselect(1002) " fcode="partselect"/>
<opset="trunc_ln44_4/1 "/>
</bind>
</comp>

<comp id="295" class="1004" name="in_data_data_10_fu_295">
<pin_list>
<pin id="296" dir="0" index="0" bw="8" slack="0"/>
<pin id="297" dir="0" index="1" bw="256" slack="0"/>
<pin id="298" dir="0" index="2" bw="6" slack="0"/>
<pin id="299" dir="0" index="3" bw="6" slack="0"/>
<pin id="300" dir="1" index="4" bw="8" slack="0"/>
</pin_list>
<bind>
<opcode="partselect(1002) " fcode="partselect"/>
<opset="in_data_data_10/1 "/>
</bind>
</comp>

<comp id="305" class="1004" name="trunc_ln44_5_fu_305">
<pin_list>
<pin id="306" dir="0" index="0" bw="7" slack="0"/>
<pin id="307" dir="0" index="1" bw="256" slack="0"/>
<pin id="308" dir="0" index="2" bw="6" slack="0"/>
<pin id="309" dir="0" index="3" bw="6" slack="0"/>
<pin id="310" dir="1" index="4" bw="7" slack="1"/>
</pin_list>
<bind>
<opcode="partselect(1002) " fcode="partselect"/>
<opset="trunc_ln44_5/1 "/>
</bind>
</comp>

<comp id="315" class="1004" name="in_data_data_11_fu_315">
<pin_list>
<pin id="316" dir="0" index="0" bw="8" slack="0"/>
<pin id="317" dir="0" index="1" bw="256" slack="0"/>
<pin id="318" dir="0" index="2" bw="7" slack="0"/>
<pin id="319" dir="0" index="3" bw="7" slack="0"/>
<pin id="320" dir="1" index="4" bw="8" slack="0"/>
</pin_list>
<bind>
<opcode="partselect(1002) " fcode="partselect"/>
<opset="in_data_data_11/1 "/>
</bind>
</comp>

<comp id="325" class="1004" name="trunc_ln44_6_fu_325">
<pin_list>
<pin id="326" dir="0" index="0" bw="7" slack="0"/>
<pin id="327" dir="0" index="1" bw="256" slack="0"/>
<pin id="328" dir="0" index="2" bw="7" slack="0"/>
<pin id="329" dir="0" index="3" bw="7" slack="0"/>
<pin id="330" dir="1" index="4" bw="7" slack="1"/>
</pin_list>
<bind>
<opcode="partselect(1002) " fcode="partselect"/>
<opset="trunc_ln44_6/1 "/>
</bind>
</comp>

<comp id="335" class="1004" name="in_data_data_12_fu_335">
<pin_list>
<pin id="336" dir="0" index="0" bw="8" slack="0"/>
<pin id="337" dir="0" index="1" bw="256" slack="0"/>
<pin id="338" dir="0" index="2" bw="7" slack="0"/>
<pin id="339" dir="0" index="3" bw="7" slack="0"/>
<pin id="340" dir="1" index="4" bw="8" slack="0"/>
</pin_list>
<bind>
<opcode="partselect(1002) " fcode="partselect"/>
<opset="in_data_data_12/1 "/>
</bind>
</comp>

<comp id="345" class="1004" name="trunc_ln44_7_fu_345">
<pin_list>
<pin id="346" dir="0" index="0" bw="7" slack="0"/>
<pin id="347" dir="0" index="1" bw="256" slack="0"/>
<pin id="348" dir="0" index="2" bw="7" slack="0"/>
<pin id="349" dir="0" index="3" bw="7" slack="0"/>
<pin id="350" dir="1" index="4" bw="7" slack="1"/>
</pin_list>
<bind>
<opcode="partselect(1002) " fcode="partselect"/>
<opset="trunc_ln44_7/1 "/>
</bind>
</comp>

<comp id="355" class="1004" name="in_data_data_13_fu_355">
<pin_list>
<pin id="356" dir="0" index="0" bw="8" slack="0"/>
<pin id="357" dir="0" index="1" bw="256" slack="0"/>
<pin id="358" dir="0" index="2" bw="7" slack="0"/>
<pin id="359" dir="0" index="3" bw="7" slack="0"/>
<pin id="360" dir="1" index="4" bw="8" slack="0"/>
</pin_list>
<bind>
<opcode="partselect(1002) " fcode="partselect"/>
<opset="in_data_data_13/1 "/>
</bind>
</comp>

<comp id="365" class="1004" name="trunc_ln44_8_fu_365">
<pin_list>
<pin id="366" dir="0" index="0" bw="7" slack="0"/>
<pin id="367" dir="0" index="1" bw="256" slack="0"/>
<pin id="368" dir="0" index="2" bw="7" slack="0"/>
<pin id="369" dir="0" index="3" bw="7" slack="0"/>
<pin id="370" dir="1" index="4" bw="7" slack="1"/>
</pin_list>
<bind>
<opcode="partselect(1002) " fcode="partselect"/>
<opset="trunc_ln44_8/1 "/>
</bind>
</comp>

<comp id="375" class="1004" name="in_data_data_14_fu_375">
<pin_list>
<pin id="376" dir="0" index="0" bw="8" slack="0"/>
<pin id="377" dir="0" index="1" bw="256" slack="0"/>
<pin id="378" dir="0" index="2" bw="7" slack="0"/>
<pin id="379" dir="0" index="3" bw="7" slack="0"/>
<pin id="380" dir="1" index="4" bw="8" slack="0"/>
</pin_list>
<bind>
<opcode="partselect(1002) " fcode="partselect"/>
<opset="in_data_data_14/1 "/>
</bind>
</comp>

<comp id="385" class="1004" name="trunc_ln44_9_fu_385">
<pin_list>
<pin id="386" dir="0" index="0" bw="7" slack="0"/>
<pin id="387" dir="0" index="1" bw="256" slack="0"/>
<pin id="388" dir="0" index="2" bw="7" slack="0"/>
<pin id="389" dir="0" index="3" bw="7" slack="0"/>
<pin id="390" dir="1" index="4" bw="7" slack="1"/>
</pin_list>
<bind>
<opcode="partselect(1002) " fcode="partselect"/>
<opset="trunc_ln44_9/1 "/>
</bind>
</comp>

<comp id="395" class="1004" name="tmp_fu_395">
<pin_list>
<pin id="396" dir="0" index="0" bw="8" slack="0"/>
<pin id="397" dir="0" index="1" bw="256" slack="0"/>
<pin id="398" dir="0" index="2" bw="8" slack="0"/>
<pin id="399" dir="0" index="3" bw="8" slack="0"/>
<pin id="400" dir="1" index="4" bw="8" slack="0"/>
</pin_list>
<bind>
<opcode="partselect(1002) " fcode="partselect"/>
<opset="tmp/1 "/>
</bind>
</comp>

<comp id="405" class="1004" name="trunc_ln44_10_fu_405">
<pin_list>
<pin id="406" dir="0" index="0" bw="7" slack="0"/>
<pin id="407" dir="0" index="1" bw="256" slack="0"/>
<pin id="408" dir="0" index="2" bw="8" slack="0"/>
<pin id="409" dir="0" index="3" bw="8" slack="0"/>
<pin id="410" dir="1" index="4" bw="7" slack="1"/>
</pin_list>
<bind>
<opcode="partselect(1002) " fcode="partselect"/>
<opset="trunc_ln44_10/1 "/>
</bind>
</comp>

<comp id="415" class="1004" name="tmp_1_fu_415">
<pin_list>
<pin id="416" dir="0" index="0" bw="8" slack="0"/>
<pin id="417" dir="0" index="1" bw="256" slack="0"/>
<pin id="418" dir="0" index="2" bw="8" slack="0"/>
<pin id="419" dir="0" index="3" bw="8" slack="0"/>
<pin id="420" dir="1" index="4" bw="8" slack="0"/>
</pin_list>
<bind>
<opcode="partselect(1002) " fcode="partselect"/>
<opset="tmp_1/1 "/>
</bind>
</comp>

<comp id="425" class="1004" name="trunc_ln44_11_fu_425">
<pin_list>
<pin id="426" dir="0" index="0" bw="7" slack="0"/>
<pin id="427" dir="0" index="1" bw="256" slack="0"/>
<pin id="428" dir="0" index="2" bw="8" slack="0"/>
<pin id="429" dir="0" index="3" bw="8" slack="0"/>
<pin id="430" dir="1" index="4" bw="7" slack="1"/>
</pin_list>
<bind>
<opcode="partselect(1002) " fcode="partselect"/>
<opset="trunc_ln44_11/1 "/>
</bind>
</comp>

<comp id="435" class="1004" name="tmp_2_fu_435">
<pin_list>
<pin id="436" dir="0" index="0" bw="8" slack="0"/>
<pin id="437" dir="0" index="1" bw="256" slack="0"/>
<pin id="438" dir="0" index="2" bw="8" slack="0"/>
<pin id="439" dir="0" index="3" bw="8" slack="0"/>
<pin id="440" dir="1" index="4" bw="8" slack="0"/>
</pin_list>
<bind>
<opcode="partselect(1002) " fcode="partselect"/>
<opset="tmp_2/1 "/>
</bind>
</comp>

<comp id="445" class="1004" name="trunc_ln44_12_fu_445">
<pin_list>
<pin id="446" dir="0" index="0" bw="7" slack="0"/>
<pin id="447" dir="0" index="1" bw="256" slack="0"/>
<pin id="448" dir="0" index="2" bw="8" slack="0"/>
<pin id="449" dir="0" index="3" bw="8" slack="0"/>
<pin id="450" dir="1" index="4" bw="7" slack="1"/>
</pin_list>
<bind>
<opcode="partselect(1002) " fcode="partselect"/>
<opset="trunc_ln44_12/1 "/>
</bind>
</comp>

<comp id="455" class="1004" name="tmp_3_fu_455">
<pin_list>
<pin id="456" dir="0" index="0" bw="8" slack="0"/>
<pin id="457" dir="0" index="1" bw="256" slack="0"/>
<pin id="458" dir="0" index="2" bw="8" slack="0"/>
<pin id="459" dir="0" index="3" bw="8" slack="0"/>
<pin id="460" dir="1" index="4" bw="8" slack="0"/>
</pin_list>
<bind>
<opcode="partselect(1002) " fcode="partselect"/>
<opset="tmp_3/1 "/>
</bind>
</comp>

<comp id="465" class="1004" name="trunc_ln44_13_fu_465">
<pin_list>
<pin id="466" dir="0" index="0" bw="7" slack="0"/>
<pin id="467" dir="0" index="1" bw="256" slack="0"/>
<pin id="468" dir="0" index="2" bw="8" slack="0"/>
<pin id="469" dir="0" index="3" bw="8" slack="0"/>
<pin id="470" dir="1" index="4" bw="7" slack="1"/>
</pin_list>
<bind>
<opcode="partselect(1002) " fcode="partselect"/>
<opset="trunc_ln44_13/1 "/>
</bind>
</comp>

<comp id="475" class="1004" name="tmp_4_fu_475">
<pin_list>
<pin id="476" dir="0" index="0" bw="8" slack="0"/>
<pin id="477" dir="0" index="1" bw="256" slack="0"/>
<pin id="478" dir="0" index="2" bw="8" slack="0"/>
<pin id="479" dir="0" index="3" bw="8" slack="0"/>
<pin id="480" dir="1" index="4" bw="8" slack="0"/>
</pin_list>
<bind>
<opcode="partselect(1002) " fcode="partselect"/>
<opset="tmp_4/1 "/>
</bind>
</comp>

<comp id="485" class="1004" name="trunc_ln44_14_fu_485">
<pin_list>
<pin id="486" dir="0" index="0" bw="7" slack="0"/>
<pin id="487" dir="0" index="1" bw="256" slack="0"/>
<pin id="488" dir="0" index="2" bw="8" slack="0"/>
<pin id="489" dir="0" index="3" bw="8" slack="0"/>
<pin id="490" dir="1" index="4" bw="7" slack="1"/>
</pin_list>
<bind>
<opcode="partselect(1002) " fcode="partselect"/>
<opset="trunc_ln44_14/1 "/>
</bind>
</comp>

<comp id="495" class="1004" name="tmp_5_fu_495">
<pin_list>
<pin id="496" dir="0" index="0" bw="8" slack="0"/>
<pin id="497" dir="0" index="1" bw="256" slack="0"/>
<pin id="498" dir="0" index="2" bw="8" slack="0"/>
<pin id="499" dir="0" index="3" bw="8" slack="0"/>
<pin id="500" dir="1" index="4" bw="8" slack="0"/>
</pin_list>
<bind>
<opcode="partselect(1002) " fcode="partselect"/>
<opset="tmp_5/1 "/>
</bind>
</comp>

<comp id="505" class="1004" name="trunc_ln44_15_fu_505">
<pin_list>
<pin id="506" dir="0" index="0" bw="7" slack="0"/>
<pin id="507" dir="0" index="1" bw="256" slack="0"/>
<pin id="508" dir="0" index="2" bw="8" slack="0"/>
<pin id="509" dir="0" index="3" bw="8" slack="0"/>
<pin id="510" dir="1" index="4" bw="7" slack="1"/>
</pin_list>
<bind>
<opcode="partselect(1002) " fcode="partselect"/>
<opset="trunc_ln44_15/1 "/>
</bind>
</comp>

<comp id="515" class="1004" name="tmp_6_fu_515">
<pin_list>
<pin id="516" dir="0" index="0" bw="8" slack="0"/>
<pin id="517" dir="0" index="1" bw="256" slack="0"/>
<pin id="518" dir="0" index="2" bw="8" slack="0"/>
<pin id="519" dir="0" index="3" bw="8" slack="0"/>
<pin id="520" dir="1" index="4" bw="8" slack="0"/>
</pin_list>
<bind>
<opcode="partselect(1002) " fcode="partselect"/>
<opset="tmp_6/1 "/>
</bind>
</comp>

<comp id="525" class="1004" name="trunc_ln44_16_fu_525">
<pin_list>
<pin id="526" dir="0" index="0" bw="7" slack="0"/>
<pin id="527" dir="0" index="1" bw="256" slack="0"/>
<pin id="528" dir="0" index="2" bw="8" slack="0"/>
<pin id="529" dir="0" index="3" bw="8" slack="0"/>
<pin id="530" dir="1" index="4" bw="7" slack="1"/>
</pin_list>
<bind>
<opcode="partselect(1002) " fcode="partselect"/>
<opset="trunc_ln44_16/1 "/>
</bind>
</comp>

<comp id="535" class="1004" name="tmp_7_fu_535">
<pin_list>
<pin id="536" dir="0" index="0" bw="8" slack="0"/>
<pin id="537" dir="0" index="1" bw="256" slack="0"/>
<pin id="538" dir="0" index="2" bw="8" slack="0"/>
<pin id="539" dir="0" index="3" bw="8" slack="0"/>
<pin id="540" dir="1" index="4" bw="8" slack="0"/>
</pin_list>
<bind>
<opcode="partselect(1002) " fcode="partselect"/>
<opset="tmp_7/1 "/>
</bind>
</comp>

<comp id="545" class="1004" name="trunc_ln44_17_fu_545">
<pin_list>
<pin id="546" dir="0" index="0" bw="7" slack="0"/>
<pin id="547" dir="0" index="1" bw="256" slack="0"/>
<pin id="548" dir="0" index="2" bw="8" slack="0"/>
<pin id="549" dir="0" index="3" bw="8" slack="0"/>
<pin id="550" dir="1" index="4" bw="7" slack="1"/>
</pin_list>
<bind>
<opcode="partselect(1002) " fcode="partselect"/>
<opset="trunc_ln44_17/1 "/>
</bind>
</comp>

<comp id="555" class="1004" name="tmp_8_fu_555">
<pin_list>
<pin id="556" dir="0" index="0" bw="8" slack="0"/>
<pin id="557" dir="0" index="1" bw="256" slack="0"/>
<pin id="558" dir="0" index="2" bw="9" slack="0"/>
<pin id="559" dir="0" index="3" bw="9" slack="0"/>
<pin id="560" dir="1" index="4" bw="8" slack="0"/>
</pin_list>
<bind>
<opcode="partselect(1002) " fcode="partselect"/>
<opset="tmp_8/1 "/>
</bind>
</comp>

<comp id="565" class="1004" name="trunc_ln44_18_fu_565">
<pin_list>
<pin id="566" dir="0" index="0" bw="7" slack="0"/>
<pin id="567" dir="0" index="1" bw="256" slack="0"/>
<pin id="568" dir="0" index="2" bw="9" slack="0"/>
<pin id="569" dir="0" index="3" bw="9" slack="0"/>
<pin id="570" dir="1" index="4" bw="7" slack="1"/>
</pin_list>
<bind>
<opcode="partselect(1002) " fcode="partselect"/>
<opset="trunc_ln44_18/1 "/>
</bind>
</comp>

<comp id="575" class="1004" name="tmp_9_fu_575">
<pin_list>
<pin id="576" dir="0" index="0" bw="8" slack="0"/>
<pin id="577" dir="0" index="1" bw="256" slack="0"/>
<pin id="578" dir="0" index="2" bw="9" slack="0"/>
<pin id="579" dir="0" index="3" bw="9" slack="0"/>
<pin id="580" dir="1" index="4" bw="8" slack="0"/>
</pin_list>
<bind>
<opcode="partselect(1002) " fcode="partselect"/>
<opset="tmp_9/1 "/>
</bind>
</comp>

<comp id="585" class="1004" name="trunc_ln44_19_fu_585">
<pin_list>
<pin id="586" dir="0" index="0" bw="7" slack="0"/>
<pin id="587" dir="0" index="1" bw="256" slack="0"/>
<pin id="588" dir="0" index="2" bw="9" slack="0"/>
<pin id="589" dir="0" index="3" bw="9" slack="0"/>
<pin id="590" dir="1" index="4" bw="7" slack="1"/>
</pin_list>
<bind>
<opcode="partselect(1002) " fcode="partselect"/>
<opset="trunc_ln44_19/1 "/>
</bind>
</comp>

<comp id="595" class="1004" name="tmp_s_fu_595">
<pin_list>
<pin id="596" dir="0" index="0" bw="8" slack="0"/>
<pin id="597" dir="0" index="1" bw="256" slack="0"/>
<pin id="598" dir="0" index="2" bw="9" slack="0"/>
<pin id="599" dir="0" index="3" bw="9" slack="0"/>
<pin id="600" dir="1" index="4" bw="8" slack="0"/>
</pin_list>
<bind>
<opcode="partselect(1002) " fcode="partselect"/>
<opset="tmp_s/1 "/>
</bind>
</comp>

<comp id="605" class="1004" name="trunc_ln44_20_fu_605">
<pin_list>
<pin id="606" dir="0" index="0" bw="7" slack="0"/>
<pin id="607" dir="0" index="1" bw="256" slack="0"/>
<pin id="608" dir="0" index="2" bw="9" slack="0"/>
<pin id="609" dir="0" index="3" bw="9" slack="0"/>
<pin id="610" dir="1" index="4" bw="7" slack="1"/>
</pin_list>
<bind>
<opcode="partselect(1002) " fcode="partselect"/>
<opset="trunc_ln44_20/1 "/>
</bind>
</comp>

<comp id="615" class="1004" name="tmp_10_fu_615">
<pin_list>
<pin id="616" dir="0" index="0" bw="8" slack="0"/>
<pin id="617" dir="0" index="1" bw="256" slack="0"/>
<pin id="618" dir="0" index="2" bw="9" slack="0"/>
<pin id="619" dir="0" index="3" bw="9" slack="0"/>
<pin id="620" dir="1" index="4" bw="8" slack="0"/>
</pin_list>
<bind>
<opcode="partselect(1002) " fcode="partselect"/>
<opset="tmp_10/1 "/>
</bind>
</comp>

<comp id="625" class="1004" name="trunc_ln44_21_fu_625">
<pin_list>
<pin id="626" dir="0" index="0" bw="7" slack="0"/>
<pin id="627" dir="0" index="1" bw="256" slack="0"/>
<pin id="628" dir="0" index="2" bw="9" slack="0"/>
<pin id="629" dir="0" index="3" bw="9" slack="0"/>
<pin id="630" dir="1" index="4" bw="7" slack="1"/>
</pin_list>
<bind>
<opcode="partselect(1002) " fcode="partselect"/>
<opset="trunc_ln44_21/1 "/>
</bind>
</comp>

<comp id="635" class="1004" name="tmp_11_fu_635">
<pin_list>
<pin id="636" dir="0" index="0" bw="8" slack="0"/>
<pin id="637" dir="0" index="1" bw="256" slack="0"/>
<pin id="638" dir="0" index="2" bw="9" slack="0"/>
<pin id="639" dir="0" index="3" bw="9" slack="0"/>
<pin id="640" dir="1" index="4" bw="8" slack="0"/>
</pin_list>
<bind>
<opcode="partselect(1002) " fcode="partselect"/>
<opset="tmp_11/1 "/>
</bind>
</comp>

<comp id="645" class="1004" name="trunc_ln44_22_fu_645">
<pin_list>
<pin id="646" dir="0" index="0" bw="7" slack="0"/>
<pin id="647" dir="0" index="1" bw="256" slack="0"/>
<pin id="648" dir="0" index="2" bw="9" slack="0"/>
<pin id="649" dir="0" index="3" bw="9" slack="0"/>
<pin id="650" dir="1" index="4" bw="7" slack="1"/>
</pin_list>
<bind>
<opcode="partselect(1002) " fcode="partselect"/>
<opset="trunc_ln44_22/1 "/>
</bind>
</comp>

<comp id="655" class="1004" name="tmp_12_fu_655">
<pin_list>
<pin id="656" dir="0" index="0" bw="8" slack="0"/>
<pin id="657" dir="0" index="1" bw="256" slack="0"/>
<pin id="658" dir="0" index="2" bw="9" slack="0"/>
<pin id="659" dir="0" index="3" bw="9" slack="0"/>
<pin id="660" dir="1" index="4" bw="8" slack="0"/>
</pin_list>
<bind>
<opcode="partselect(1002) " fcode="partselect"/>
<opset="tmp_12/1 "/>
</bind>
</comp>

<comp id="665" class="1004" name="trunc_ln44_23_fu_665">
<pin_list>
<pin id="666" dir="0" index="0" bw="7" slack="0"/>
<pin id="667" dir="0" index="1" bw="256" slack="0"/>
<pin id="668" dir="0" index="2" bw="9" slack="0"/>
<pin id="669" dir="0" index="3" bw="9" slack="0"/>
<pin id="670" dir="1" index="4" bw="7" slack="1"/>
</pin_list>
<bind>
<opcode="partselect(1002) " fcode="partselect"/>
<opset="trunc_ln44_23/1 "/>
</bind>
</comp>

<comp id="675" class="1004" name="tmp_13_fu_675">
<pin_list>
<pin id="676" dir="0" index="0" bw="8" slack="0"/>
<pin id="677" dir="0" index="1" bw="256" slack="0"/>
<pin id="678" dir="0" index="2" bw="9" slack="0"/>
<pin id="679" dir="0" index="3" bw="9" slack="0"/>
<pin id="680" dir="1" index="4" bw="8" slack="0"/>
</pin_list>
<bind>
<opcode="partselect(1002) " fcode="partselect"/>
<opset="tmp_13/1 "/>
</bind>
</comp>

<comp id="685" class="1004" name="trunc_ln44_24_fu_685">
<pin_list>
<pin id="686" dir="0" index="0" bw="7" slack="0"/>
<pin id="687" dir="0" index="1" bw="256" slack="0"/>
<pin id="688" dir="0" index="2" bw="9" slack="0"/>
<pin id="689" dir="0" index="3" bw="9" slack="0"/>
<pin id="690" dir="1" index="4" bw="7" slack="1"/>
</pin_list>
<bind>
<opcode="partselect(1002) " fcode="partselect"/>
<opset="trunc_ln44_24/1 "/>
</bind>
</comp>

<comp id="695" class="1004" name="tmp_14_fu_695">
<pin_list>
<pin id="696" dir="0" index="0" bw="8" slack="0"/>
<pin id="697" dir="0" index="1" bw="256" slack="0"/>
<pin id="698" dir="0" index="2" bw="9" slack="0"/>
<pin id="699" dir="0" index="3" bw="9" slack="0"/>
<pin id="700" dir="1" index="4" bw="8" slack="0"/>
</pin_list>
<bind>
<opcode="partselect(1002) " fcode="partselect"/>
<opset="tmp_14/1 "/>
</bind>
</comp>

<comp id="705" class="1004" name="trunc_ln44_25_fu_705">
<pin_list>
<pin id="706" dir="0" index="0" bw="7" slack="0"/>
<pin id="707" dir="0" index="1" bw="256" slack="0"/>
<pin id="708" dir="0" index="2" bw="9" slack="0"/>
<pin id="709" dir="0" index="3" bw="9" slack="0"/>
<pin id="710" dir="1" index="4" bw="7" slack="1"/>
</pin_list>
<bind>
<opcode="partselect(1002) " fcode="partselect"/>
<opset="trunc_ln44_25/1 "/>
</bind>
</comp>

<comp id="715" class="1004" name="tmp_15_fu_715">
<pin_list>
<pin id="716" dir="0" index="0" bw="8" slack="0"/>
<pin id="717" dir="0" index="1" bw="256" slack="0"/>
<pin id="718" dir="0" index="2" bw="9" slack="0"/>
<pin id="719" dir="0" index="3" bw="9" slack="0"/>
<pin id="720" dir="1" index="4" bw="8" slack="0"/>
</pin_list>
<bind>
<opcode="partselect(1002) " fcode="partselect"/>
<opset="tmp_15/1 "/>
</bind>
</comp>

<comp id="725" class="1004" name="trunc_ln44_26_fu_725">
<pin_list>
<pin id="726" dir="0" index="0" bw="7" slack="0"/>
<pin id="727" dir="0" index="1" bw="256" slack="0"/>
<pin id="728" dir="0" index="2" bw="9" slack="0"/>
<pin id="729" dir="0" index="3" bw="9" slack="0"/>
<pin id="730" dir="1" index="4" bw="7" slack="1"/>
</pin_list>
<bind>
<opcode="partselect(1002) " fcode="partselect"/>
<opset="trunc_ln44_26/1 "/>
</bind>
</comp>

<comp id="735" class="1004" name="tmp_16_fu_735">
<pin_list>
<pin id="736" dir="0" index="0" bw="8" slack="0"/>
<pin id="737" dir="0" index="1" bw="256" slack="0"/>
<pin id="738" dir="0" index="2" bw="9" slack="0"/>
<pin id="739" dir="0" index="3" bw="9" slack="0"/>
<pin id="740" dir="1" index="4" bw="8" slack="0"/>
</pin_list>
<bind>
<opcode="partselect(1002) " fcode="partselect"/>
<opset="tmp_16/1 "/>
</bind>
</comp>

<comp id="745" class="1004" name="trunc_ln44_27_fu_745">
<pin_list>
<pin id="746" dir="0" index="0" bw="7" slack="0"/>
<pin id="747" dir="0" index="1" bw="256" slack="0"/>
<pin id="748" dir="0" index="2" bw="9" slack="0"/>
<pin id="749" dir="0" index="3" bw="9" slack="0"/>
<pin id="750" dir="1" index="4" bw="7" slack="1"/>
</pin_list>
<bind>
<opcode="partselect(1002) " fcode="partselect"/>
<opset="trunc_ln44_27/1 "/>
</bind>
</comp>

<comp id="755" class="1004" name="tmp_17_fu_755">
<pin_list>
<pin id="756" dir="0" index="0" bw="8" slack="0"/>
<pin id="757" dir="0" index="1" bw="256" slack="0"/>
<pin id="758" dir="0" index="2" bw="9" slack="0"/>
<pin id="759" dir="0" index="3" bw="9" slack="0"/>
<pin id="760" dir="1" index="4" bw="8" slack="0"/>
</pin_list>
<bind>
<opcode="partselect(1002) " fcode="partselect"/>
<opset="tmp_17/1 "/>
</bind>
</comp>

<comp id="765" class="1004" name="trunc_ln44_28_fu_765">
<pin_list>
<pin id="766" dir="0" index="0" bw="7" slack="0"/>
<pin id="767" dir="0" index="1" bw="256" slack="0"/>
<pin id="768" dir="0" index="2" bw="9" slack="0"/>
<pin id="769" dir="0" index="3" bw="9" slack="0"/>
<pin id="770" dir="1" index="4" bw="7" slack="1"/>
</pin_list>
<bind>
<opcode="partselect(1002) " fcode="partselect"/>
<opset="trunc_ln44_28/1 "/>
</bind>
</comp>

<comp id="775" class="1004" name="tmp_18_fu_775">
<pin_list>
<pin id="776" dir="0" index="0" bw="8" slack="0"/>
<pin id="777" dir="0" index="1" bw="256" slack="0"/>
<pin id="778" dir="0" index="2" bw="9" slack="0"/>
<pin id="779" dir="0" index="3" bw="9" slack="0"/>
<pin id="780" dir="1" index="4" bw="8" slack="0"/>
</pin_list>
<bind>
<opcode="partselect(1002) " fcode="partselect"/>
<opset="tmp_18/1 "/>
</bind>
</comp>

<comp id="785" class="1004" name="trunc_ln44_29_fu_785">
<pin_list>
<pin id="786" dir="0" index="0" bw="7" slack="0"/>
<pin id="787" dir="0" index="1" bw="256" slack="0"/>
<pin id="788" dir="0" index="2" bw="9" slack="0"/>
<pin id="789" dir="0" index="3" bw="9" slack="0"/>
<pin id="790" dir="1" index="4" bw="7" slack="1"/>
</pin_list>
<bind>
<opcode="partselect(1002) " fcode="partselect"/>
<opset="trunc_ln44_29/1 "/>
</bind>
</comp>

<comp id="795" class="1004" name="tmp_19_fu_795">
<pin_list>
<pin id="796" dir="0" index="0" bw="8" slack="0"/>
<pin id="797" dir="0" index="1" bw="256" slack="0"/>
<pin id="798" dir="0" index="2" bw="9" slack="0"/>
<pin id="799" dir="0" index="3" bw="9" slack="0"/>
<pin id="800" dir="1" index="4" bw="8" slack="0"/>
</pin_list>
<bind>
<opcode="partselect(1002) " fcode="partselect"/>
<opset="tmp_19/1 "/>
</bind>
</comp>

<comp id="805" class="1004" name="trunc_ln44_30_fu_805">
<pin_list>
<pin id="806" dir="0" index="0" bw="7" slack="0"/>
<pin id="807" dir="0" index="1" bw="256" slack="0"/>
<pin id="808" dir="0" index="2" bw="9" slack="0"/>
<pin id="809" dir="0" index="3" bw="9" slack="0"/>
<pin id="810" dir="1" index="4" bw="7" slack="1"/>
</pin_list>
<bind>
<opcode="partselect(1002) " fcode="partselect"/>
<opset="trunc_ln44_30/1 "/>
</bind>
</comp>

<comp id="815" class="1004" name="tmp_20_fu_815">
<pin_list>
<pin id="816" dir="0" index="0" bw="8" slack="0"/>
<pin id="817" dir="0" index="1" bw="256" slack="0"/>
<pin id="818" dir="0" index="2" bw="9" slack="0"/>
<pin id="819" dir="0" index="3" bw="9" slack="0"/>
<pin id="820" dir="1" index="4" bw="8" slack="0"/>
</pin_list>
<bind>
<opcode="partselect(1002) " fcode="partselect"/>
<opset="tmp_20/1 "/>
</bind>
</comp>

<comp id="825" class="1004" name="trunc_ln44_31_fu_825">
<pin_list>
<pin id="826" dir="0" index="0" bw="7" slack="0"/>
<pin id="827" dir="0" index="1" bw="256" slack="0"/>
<pin id="828" dir="0" index="2" bw="9" slack="0"/>
<pin id="829" dir="0" index="3" bw="9" slack="0"/>
<pin id="830" dir="1" index="4" bw="7" slack="1"/>
</pin_list>
<bind>
<opcode="partselect(1002) " fcode="partselect"/>
<opset="trunc_ln44_31/1 "/>
</bind>
</comp>

<comp id="835" class="1004" name="trunc_ln44_32_fu_835">
<pin_list>
<pin id="836" dir="0" index="0" bw="7" slack="0"/>
<pin id="837" dir="0" index="1" bw="256" slack="0"/>
<pin id="838" dir="0" index="2" bw="9" slack="0"/>
<pin id="839" dir="0" index="3" bw="9" slack="0"/>
<pin id="840" dir="1" index="4" bw="7" slack="1"/>
</pin_list>
<bind>
<opcode="partselect(1002) " fcode="partselect"/>
<opset="trunc_ln44_32/1 "/>
</bind>
</comp>

<comp id="845" class="1004" name="trunc_ln_fu_845">
<pin_list>
<pin id="846" dir="0" index="0" bw="7" slack="0"/>
<pin id="847" dir="0" index="1" bw="256" slack="0"/>
<pin id="848" dir="0" index="2" bw="9" slack="0"/>
<pin id="849" dir="0" index="3" bw="9" slack="0"/>
<pin id="850" dir="1" index="4" bw="7" slack="1"/>
</pin_list>
<bind>
<opcode="partselect(1002) " fcode="partselect"/>
<opset="trunc_ln/1 "/>
</bind>
</comp>

<comp id="855" class="1004" name="icmp_ln1649_fu_855">
<pin_list>
<pin id="856" dir="0" index="0" bw="8" slack="0"/>
<pin id="857" dir="0" index="1" bw="1" slack="0"/>
<pin id="858" dir="1" index="2" bw="1" slack="1"/>
</pin_list>
<bind>
<opcode="icmp(45) " fcode="icmp"/>
<opset="icmp_ln1649/1 "/>
</bind>
</comp>

<comp id="861" class="1004" name="icmp_ln1649_1_fu_861">
<pin_list>
<pin id="862" dir="0" index="0" bw="8" slack="0"/>
<pin id="863" dir="0" index="1" bw="1" slack="0"/>
<pin id="864" dir="1" index="2" bw="1" slack="1"/>
</pin_list>
<bind>
<opcode="icmp(45) " fcode="icmp"/>
<opset="icmp_ln1649_1/1 "/>
</bind>
</comp>

<comp id="867" class="1004" name="icmp_ln1649_2_fu_867">
<pin_list>
<pin id="868" dir="0" index="0" bw="8" slack="0"/>
<pin id="869" dir="0" index="1" bw="1" slack="0"/>
<pin id="870" dir="1" index="2" bw="1" slack="1"/>
</pin_list>
<bind>
<opcode="icmp(45) " fcode="icmp"/>
<opset="icmp_ln1649_2/1 "/>
</bind>
</comp>

<comp id="873" class="1004" name="icmp_ln1649_3_fu_873">
<pin_list>
<pin id="874" dir="0" index="0" bw="8" slack="0"/>
<pin id="875" dir="0" index="1" bw="1" slack="0"/>
<pin id="876" dir="1" index="2" bw="1" slack="1"/>
</pin_list>
<bind>
<opcode="icmp(45) " fcode="icmp"/>
<opset="icmp_ln1649_3/1 "/>
</bind>
</comp>

<comp id="879" class="1004" name="icmp_ln1649_4_fu_879">
<pin_list>
<pin id="880" dir="0" index="0" bw="8" slack="0"/>
<pin id="881" dir="0" index="1" bw="1" slack="0"/>
<pin id="882" dir="1" index="2" bw="1" slack="1"/>
</pin_list>
<bind>
<opcode="icmp(45) " fcode="icmp"/>
<opset="icmp_ln1649_4/1 "/>
</bind>
</comp>

<comp id="885" class="1004" name="icmp_ln1649_5_fu_885">
<pin_list>
<pin id="886" dir="0" index="0" bw="8" slack="0"/>
<pin id="887" dir="0" index="1" bw="1" slack="0"/>
<pin id="888" dir="1" index="2" bw="1" slack="1"/>
</pin_list>
<bind>
<opcode="icmp(45) " fcode="icmp"/>
<opset="icmp_ln1649_5/1 "/>
</bind>
</comp>

<comp id="891" class="1004" name="icmp_ln1649_6_fu_891">
<pin_list>
<pin id="892" dir="0" index="0" bw="8" slack="0"/>
<pin id="893" dir="0" index="1" bw="1" slack="0"/>
<pin id="894" dir="1" index="2" bw="1" slack="1"/>
</pin_list>
<bind>
<opcode="icmp(45) " fcode="icmp"/>
<opset="icmp_ln1649_6/1 "/>
</bind>
</comp>

<comp id="897" class="1004" name="icmp_ln1649_7_fu_897">
<pin_list>
<pin id="898" dir="0" index="0" bw="8" slack="0"/>
<pin id="899" dir="0" index="1" bw="1" slack="0"/>
<pin id="900" dir="1" index="2" bw="1" slack="1"/>
</pin_list>
<bind>
<opcode="icmp(45) " fcode="icmp"/>
<opset="icmp_ln1649_7/1 "/>
</bind>
</comp>

<comp id="903" class="1004" name="icmp_ln1649_8_fu_903">
<pin_list>
<pin id="904" dir="0" index="0" bw="8" slack="0"/>
<pin id="905" dir="0" index="1" bw="1" slack="0"/>
<pin id="906" dir="1" index="2" bw="1" slack="1"/>
</pin_list>
<bind>
<opcode="icmp(45) " fcode="icmp"/>
<opset="icmp_ln1649_8/1 "/>
</bind>
</comp>

<comp id="909" class="1004" name="icmp_ln1649_9_fu_909">
<pin_list>
<pin id="910" dir="0" index="0" bw="8" slack="0"/>
<pin id="911" dir="0" index="1" bw="1" slack="0"/>
<pin id="912" dir="1" index="2" bw="1" slack="1"/>
</pin_list>
<bind>
<opcode="icmp(45) " fcode="icmp"/>
<opset="icmp_ln1649_9/1 "/>
</bind>
</comp>

<comp id="915" class="1004" name="icmp_ln1649_10_fu_915">
<pin_list>
<pin id="916" dir="0" index="0" bw="8" slack="0"/>
<pin id="917" dir="0" index="1" bw="1" slack="0"/>
<pin id="918" dir="1" index="2" bw="1" slack="1"/>
</pin_list>
<bind>
<opcode="icmp(45) " fcode="icmp"/>
<opset="icmp_ln1649_10/1 "/>
</bind>
</comp>

<comp id="921" class="1004" name="icmp_ln1649_11_fu_921">
<pin_list>
<pin id="922" dir="0" index="0" bw="8" slack="0"/>
<pin id="923" dir="0" index="1" bw="1" slack="0"/>
<pin id="924" dir="1" index="2" bw="1" slack="1"/>
</pin_list>
<bind>
<opcode="icmp(45) " fcode="icmp"/>
<opset="icmp_ln1649_11/1 "/>
</bind>
</comp>

<comp id="927" class="1004" name="icmp_ln1649_12_fu_927">
<pin_list>
<pin id="928" dir="0" index="0" bw="8" slack="0"/>
<pin id="929" dir="0" index="1" bw="1" slack="0"/>
<pin id="930" dir="1" index="2" bw="1" slack="1"/>
</pin_list>
<bind>
<opcode="icmp(45) " fcode="icmp"/>
<opset="icmp_ln1649_12/1 "/>
</bind>
</comp>

<comp id="933" class="1004" name="icmp_ln1649_13_fu_933">
<pin_list>
<pin id="934" dir="0" index="0" bw="8" slack="0"/>
<pin id="935" dir="0" index="1" bw="1" slack="0"/>
<pin id="936" dir="1" index="2" bw="1" slack="1"/>
</pin_list>
<bind>
<opcode="icmp(45) " fcode="icmp"/>
<opset="icmp_ln1649_13/1 "/>
</bind>
</comp>

<comp id="939" class="1004" name="icmp_ln1649_14_fu_939">
<pin_list>
<pin id="940" dir="0" index="0" bw="8" slack="0"/>
<pin id="941" dir="0" index="1" bw="1" slack="0"/>
<pin id="942" dir="1" index="2" bw="1" slack="1"/>
</pin_list>
<bind>
<opcode="icmp(45) " fcode="icmp"/>
<opset="icmp_ln1649_14/1 "/>
</bind>
</comp>

<comp id="945" class="1004" name="icmp_ln1649_15_fu_945">
<pin_list>
<pin id="946" dir="0" index="0" bw="8" slack="0"/>
<pin id="947" dir="0" index="1" bw="1" slack="0"/>
<pin id="948" dir="1" index="2" bw="1" slack="1"/>
</pin_list>
<bind>
<opcode="icmp(45) " fcode="icmp"/>
<opset="icmp_ln1649_15/1 "/>
</bind>
</comp>

<comp id="951" class="1004" name="icmp_ln1649_16_fu_951">
<pin_list>
<pin id="952" dir="0" index="0" bw="8" slack="0"/>
<pin id="953" dir="0" index="1" bw="1" slack="0"/>
<pin id="954" dir="1" index="2" bw="1" slack="1"/>
</pin_list>
<bind>
<opcode="icmp(45) " fcode="icmp"/>
<opset="icmp_ln1649_16/1 "/>
</bind>
</comp>

<comp id="957" class="1004" name="icmp_ln1649_17_fu_957">
<pin_list>
<pin id="958" dir="0" index="0" bw="8" slack="0"/>
<pin id="959" dir="0" index="1" bw="1" slack="0"/>
<pin id="960" dir="1" index="2" bw="1" slack="1"/>
</pin_list>
<bind>
<opcode="icmp(45) " fcode="icmp"/>
<opset="icmp_ln1649_17/1 "/>
</bind>
</comp>

<comp id="963" class="1004" name="icmp_ln1649_18_fu_963">
<pin_list>
<pin id="964" dir="0" index="0" bw="8" slack="0"/>
<pin id="965" dir="0" index="1" bw="1" slack="0"/>
<pin id="966" dir="1" index="2" bw="1" slack="1"/>
</pin_list>
<bind>
<opcode="icmp(45) " fcode="icmp"/>
<opset="icmp_ln1649_18/1 "/>
</bind>
</comp>

<comp id="969" class="1004" name="icmp_ln1649_19_fu_969">
<pin_list>
<pin id="970" dir="0" index="0" bw="8" slack="0"/>
<pin id="971" dir="0" index="1" bw="1" slack="0"/>
<pin id="972" dir="1" index="2" bw="1" slack="1"/>
</pin_list>
<bind>
<opcode="icmp(45) " fcode="icmp"/>
<opset="icmp_ln1649_19/1 "/>
</bind>
</comp>

<comp id="975" class="1004" name="icmp_ln1649_20_fu_975">
<pin_list>
<pin id="976" dir="0" index="0" bw="8" slack="0"/>
<pin id="977" dir="0" index="1" bw="1" slack="0"/>
<pin id="978" dir="1" index="2" bw="1" slack="1"/>
</pin_list>
<bind>
<opcode="icmp(45) " fcode="icmp"/>
<opset="icmp_ln1649_20/1 "/>
</bind>
</comp>

<comp id="981" class="1004" name="icmp_ln1649_21_fu_981">
<pin_list>
<pin id="982" dir="0" index="0" bw="8" slack="0"/>
<pin id="983" dir="0" index="1" bw="1" slack="0"/>
<pin id="984" dir="1" index="2" bw="1" slack="1"/>
</pin_list>
<bind>
<opcode="icmp(45) " fcode="icmp"/>
<opset="icmp_ln1649_21/1 "/>
</bind>
</comp>

<comp id="987" class="1004" name="icmp_ln1649_22_fu_987">
<pin_list>
<pin id="988" dir="0" index="0" bw="8" slack="0"/>
<pin id="989" dir="0" index="1" bw="1" slack="0"/>
<pin id="990" dir="1" index="2" bw="1" slack="1"/>
</pin_list>
<bind>
<opcode="icmp(45) " fcode="icmp"/>
<opset="icmp_ln1649_22/1 "/>
</bind>
</comp>

<comp id="993" class="1004" name="icmp_ln1649_23_fu_993">
<pin_list>
<pin id="994" dir="0" index="0" bw="8" slack="0"/>
<pin id="995" dir="0" index="1" bw="1" slack="0"/>
<pin id="996" dir="1" index="2" bw="1" slack="1"/>
</pin_list>
<bind>
<opcode="icmp(45) " fcode="icmp"/>
<opset="icmp_ln1649_23/1 "/>
</bind>
</comp>

<comp id="999" class="1004" name="icmp_ln1649_24_fu_999">
<pin_list>
<pin id="1000" dir="0" index="0" bw="8" slack="0"/>
<pin id="1001" dir="0" index="1" bw="1" slack="0"/>
<pin id="1002" dir="1" index="2" bw="1" slack="1"/>
</pin_list>
<bind>
<opcode="icmp(45) " fcode="icmp"/>
<opset="icmp_ln1649_24/1 "/>
</bind>
</comp>

<comp id="1005" class="1004" name="icmp_ln1649_25_fu_1005">
<pin_list>
<pin id="1006" dir="0" index="0" bw="8" slack="0"/>
<pin id="1007" dir="0" index="1" bw="1" slack="0"/>
<pin id="1008" dir="1" index="2" bw="1" slack="1"/>
</pin_list>
<bind>
<opcode="icmp(45) " fcode="icmp"/>
<opset="icmp_ln1649_25/1 "/>
</bind>
</comp>

<comp id="1011" class="1004" name="icmp_ln1649_26_fu_1011">
<pin_list>
<pin id="1012" dir="0" index="0" bw="8" slack="0"/>
<pin id="1013" dir="0" index="1" bw="1" slack="0"/>
<pin id="1014" dir="1" index="2" bw="1" slack="1"/>
</pin_list>
<bind>
<opcode="icmp(45) " fcode="icmp"/>
<opset="icmp_ln1649_26/1 "/>
</bind>
</comp>

<comp id="1017" class="1004" name="icmp_ln1649_27_fu_1017">
<pin_list>
<pin id="1018" dir="0" index="0" bw="8" slack="0"/>
<pin id="1019" dir="0" index="1" bw="1" slack="0"/>
<pin id="1020" dir="1" index="2" bw="1" slack="1"/>
</pin_list>
<bind>
<opcode="icmp(45) " fcode="icmp"/>
<opset="icmp_ln1649_27/1 "/>
</bind>
</comp>

<comp id="1023" class="1004" name="icmp_ln1649_28_fu_1023">
<pin_list>
<pin id="1024" dir="0" index="0" bw="8" slack="0"/>
<pin id="1025" dir="0" index="1" bw="1" slack="0"/>
<pin id="1026" dir="1" index="2" bw="1" slack="1"/>
</pin_list>
<bind>
<opcode="icmp(45) " fcode="icmp"/>
<opset="icmp_ln1649_28/1 "/>
</bind>
</comp>

<comp id="1029" class="1004" name="icmp_ln1649_29_fu_1029">
<pin_list>
<pin id="1030" dir="0" index="0" bw="8" slack="0"/>
<pin id="1031" dir="0" index="1" bw="1" slack="0"/>
<pin id="1032" dir="1" index="2" bw="1" slack="1"/>
</pin_list>
<bind>
<opcode="icmp(45) " fcode="icmp"/>
<opset="icmp_ln1649_29/1 "/>
</bind>
</comp>

<comp id="1035" class="1004" name="icmp_ln1649_30_fu_1035">
<pin_list>
<pin id="1036" dir="0" index="0" bw="8" slack="0"/>
<pin id="1037" dir="0" index="1" bw="1" slack="0"/>
<pin id="1038" dir="1" index="2" bw="1" slack="1"/>
</pin_list>
<bind>
<opcode="icmp(45) " fcode="icmp"/>
<opset="icmp_ln1649_30/1 "/>
</bind>
</comp>

<comp id="1041" class="1004" name="icmp_ln1649_31_fu_1041">
<pin_list>
<pin id="1042" dir="0" index="0" bw="8" slack="0"/>
<pin id="1043" dir="0" index="1" bw="1" slack="0"/>
<pin id="1044" dir="1" index="2" bw="1" slack="1"/>
</pin_list>
<bind>
<opcode="icmp(45) " fcode="icmp"/>
<opset="icmp_ln1649_31/1 "/>
</bind>
</comp>

<comp id="1047" class="1004" name="select_ln51_fu_1047">
<pin_list>
<pin id="1048" dir="0" index="0" bw="1" slack="1"/>
<pin id="1049" dir="0" index="1" bw="7" slack="1"/>
<pin id="1050" dir="0" index="2" bw="1" slack="0"/>
<pin id="1051" dir="1" index="3" bw="7" slack="0"/>
</pin_list>
<bind>
<opcode="select(49) " fcode="select"/>
<opset="select_ln51/2 "/>
</bind>
</comp>

<comp id="1053" class="1004" name="zext_ln1649_fu_1053">
<pin_list>
<pin id="1054" dir="0" index="0" bw="7" slack="0"/>
<pin id="1055" dir="1" index="1" bw="8" slack="0"/>
</pin_list>
<bind>
<opcode="zext(34) " fcode="zext"/>
<opset="zext_ln1649/2 "/>
</bind>
</comp>

<comp id="1057" class="1004" name="select_ln51_1_fu_1057">
<pin_list>
<pin id="1058" dir="0" index="0" bw="1" slack="1"/>
<pin id="1059" dir="0" index="1" bw="7" slack="1"/>
<pin id="1060" dir="0" index="2" bw="1" slack="0"/>
<pin id="1061" dir="1" index="3" bw="7" slack="0"/>
</pin_list>
<bind>
<opcode="select(49) " fcode="select"/>
<opset="select_ln51_1/2 "/>
</bind>
</comp>

<comp id="1063" class="1004" name="zext_ln1649_1_fu_1063">
<pin_list>
<pin id="1064" dir="0" index="0" bw="7" slack="0"/>
<pin id="1065" dir="1" index="1" bw="8" slack="0"/>
</pin_list>
<bind>
<opcode="zext(34) " fcode="zext"/>
<opset="zext_ln1649_1/2 "/>
</bind>
</comp>

<comp id="1067" class="1004" name="select_ln51_2_fu_1067">
<pin_list>
<pin id="1068" dir="0" index="0" bw="1" slack="1"/>
<pin id="1069" dir="0" index="1" bw="7" slack="1"/>
<pin id="1070" dir="0" index="2" bw="1" slack="0"/>
<pin id="1071" dir="1" index="3" bw="7" slack="0"/>
</pin_list>
<bind>
<opcode="select(49) " fcode="select"/>
<opset="select_ln51_2/2 "/>
</bind>
</comp>

<comp id="1073" class="1004" name="zext_ln1649_2_fu_1073">
<pin_list>
<pin id="1074" dir="0" index="0" bw="7" slack="0"/>
<pin id="1075" dir="1" index="1" bw="8" slack="0"/>
</pin_list>
<bind>
<opcode="zext(34) " fcode="zext"/>
<opset="zext_ln1649_2/2 "/>
</bind>
</comp>

<comp id="1077" class="1004" name="select_ln51_3_fu_1077">
<pin_list>
<pin id="1078" dir="0" index="0" bw="1" slack="1"/>
<pin id="1079" dir="0" index="1" bw="7" slack="1"/>
<pin id="1080" dir="0" index="2" bw="1" slack="0"/>
<pin id="1081" dir="1" index="3" bw="7" slack="0"/>
</pin_list>
<bind>
<opcode="select(49) " fcode="select"/>
<opset="select_ln51_3/2 "/>
</bind>
</comp>

<comp id="1083" class="1004" name="zext_ln1649_3_fu_1083">
<pin_list>
<pin id="1084" dir="0" index="0" bw="7" slack="0"/>
<pin id="1085" dir="1" index="1" bw="8" slack="0"/>
</pin_list>
<bind>
<opcode="zext(34) " fcode="zext"/>
<opset="zext_ln1649_3/2 "/>
</bind>
</comp>

<comp id="1087" class="1004" name="select_ln51_4_fu_1087">
<pin_list>
<pin id="1088" dir="0" index="0" bw="1" slack="1"/>
<pin id="1089" dir="0" index="1" bw="7" slack="1"/>
<pin id="1090" dir="0" index="2" bw="1" slack="0"/>
<pin id="1091" dir="1" index="3" bw="7" slack="0"/>
</pin_list>
<bind>
<opcode="select(49) " fcode="select"/>
<opset="select_ln51_4/2 "/>
</bind>
</comp>

<comp id="1093" class="1004" name="zext_ln1649_4_fu_1093">
<pin_list>
<pin id="1094" dir="0" index="0" bw="7" slack="0"/>
<pin id="1095" dir="1" index="1" bw="8" slack="0"/>
</pin_list>
<bind>
<opcode="zext(34) " fcode="zext"/>
<opset="zext_ln1649_4/2 "/>
</bind>
</comp>

<comp id="1097" class="1004" name="select_ln51_5_fu_1097">
<pin_list>
<pin id="1098" dir="0" index="0" bw="1" slack="1"/>
<pin id="1099" dir="0" index="1" bw="7" slack="1"/>
<pin id="1100" dir="0" index="2" bw="1" slack="0"/>
<pin id="1101" dir="1" index="3" bw="7" slack="0"/>
</pin_list>
<bind>
<opcode="select(49) " fcode="select"/>
<opset="select_ln51_5/2 "/>
</bind>
</comp>

<comp id="1103" class="1004" name="zext_ln1649_5_fu_1103">
<pin_list>
<pin id="1104" dir="0" index="0" bw="7" slack="0"/>
<pin id="1105" dir="1" index="1" bw="8" slack="0"/>
</pin_list>
<bind>
<opcode="zext(34) " fcode="zext"/>
<opset="zext_ln1649_5/2 "/>
</bind>
</comp>

<comp id="1107" class="1004" name="select_ln51_6_fu_1107">
<pin_list>
<pin id="1108" dir="0" index="0" bw="1" slack="1"/>
<pin id="1109" dir="0" index="1" bw="7" slack="1"/>
<pin id="1110" dir="0" index="2" bw="1" slack="0"/>
<pin id="1111" dir="1" index="3" bw="7" slack="0"/>
</pin_list>
<bind>
<opcode="select(49) " fcode="select"/>
<opset="select_ln51_6/2 "/>
</bind>
</comp>

<comp id="1113" class="1004" name="zext_ln1649_6_fu_1113">
<pin_list>
<pin id="1114" dir="0" index="0" bw="7" slack="0"/>
<pin id="1115" dir="1" index="1" bw="8" slack="0"/>
</pin_list>
<bind>
<opcode="zext(34) " fcode="zext"/>
<opset="zext_ln1649_6/2 "/>
</bind>
</comp>

<comp id="1117" class="1004" name="select_ln51_7_fu_1117">
<pin_list>
<pin id="1118" dir="0" index="0" bw="1" slack="1"/>
<pin id="1119" dir="0" index="1" bw="7" slack="1"/>
<pin id="1120" dir="0" index="2" bw="1" slack="0"/>
<pin id="1121" dir="1" index="3" bw="7" slack="0"/>
</pin_list>
<bind>
<opcode="select(49) " fcode="select"/>
<opset="select_ln51_7/2 "/>
</bind>
</comp>

<comp id="1123" class="1004" name="zext_ln1649_7_fu_1123">
<pin_list>
<pin id="1124" dir="0" index="0" bw="7" slack="0"/>
<pin id="1125" dir="1" index="1" bw="8" slack="0"/>
</pin_list>
<bind>
<opcode="zext(34) " fcode="zext"/>
<opset="zext_ln1649_7/2 "/>
</bind>
</comp>

<comp id="1127" class="1004" name="select_ln51_8_fu_1127">
<pin_list>
<pin id="1128" dir="0" index="0" bw="1" slack="1"/>
<pin id="1129" dir="0" index="1" bw="7" slack="1"/>
<pin id="1130" dir="0" index="2" bw="1" slack="0"/>
<pin id="1131" dir="1" index="3" bw="7" slack="0"/>
</pin_list>
<bind>
<opcode="select(49) " fcode="select"/>
<opset="select_ln51_8/2 "/>
</bind>
</comp>

<comp id="1133" class="1004" name="zext_ln1649_8_fu_1133">
<pin_list>
<pin id="1134" dir="0" index="0" bw="7" slack="0"/>
<pin id="1135" dir="1" index="1" bw="8" slack="0"/>
</pin_list>
<bind>
<opcode="zext(34) " fcode="zext"/>
<opset="zext_ln1649_8/2 "/>
</bind>
</comp>

<comp id="1137" class="1004" name="select_ln51_9_fu_1137">
<pin_list>
<pin id="1138" dir="0" index="0" bw="1" slack="1"/>
<pin id="1139" dir="0" index="1" bw="7" slack="1"/>
<pin id="1140" dir="0" index="2" bw="1" slack="0"/>
<pin id="1141" dir="1" index="3" bw="7" slack="0"/>
</pin_list>
<bind>
<opcode="select(49) " fcode="select"/>
<opset="select_ln51_9/2 "/>
</bind>
</comp>

<comp id="1143" class="1004" name="zext_ln1649_9_fu_1143">
<pin_list>
<pin id="1144" dir="0" index="0" bw="7" slack="0"/>
<pin id="1145" dir="1" index="1" bw="8" slack="0"/>
</pin_list>
<bind>
<opcode="zext(34) " fcode="zext"/>
<opset="zext_ln1649_9/2 "/>
</bind>
</comp>

<comp id="1147" class="1004" name="select_ln51_10_fu_1147">
<pin_list>
<pin id="1148" dir="0" index="0" bw="1" slack="1"/>
<pin id="1149" dir="0" index="1" bw="7" slack="1"/>
<pin id="1150" dir="0" index="2" bw="1" slack="0"/>
<pin id="1151" dir="1" index="3" bw="7" slack="0"/>
</pin_list>
<bind>
<opcode="select(49) " fcode="select"/>
<opset="select_ln51_10/2 "/>
</bind>
</comp>

<comp id="1153" class="1004" name="zext_ln1649_10_fu_1153">
<pin_list>
<pin id="1154" dir="0" index="0" bw="7" slack="0"/>
<pin id="1155" dir="1" index="1" bw="8" slack="0"/>
</pin_list>
<bind>
<opcode="zext(34) " fcode="zext"/>
<opset="zext_ln1649_10/2 "/>
</bind>
</comp>

<comp id="1157" class="1004" name="select_ln51_11_fu_1157">
<pin_list>
<pin id="1158" dir="0" index="0" bw="1" slack="1"/>
<pin id="1159" dir="0" index="1" bw="7" slack="1"/>
<pin id="1160" dir="0" index="2" bw="1" slack="0"/>
<pin id="1161" dir="1" index="3" bw="7" slack="0"/>
</pin_list>
<bind>
<opcode="select(49) " fcode="select"/>
<opset="select_ln51_11/2 "/>
</bind>
</comp>

<comp id="1163" class="1004" name="zext_ln1649_11_fu_1163">
<pin_list>
<pin id="1164" dir="0" index="0" bw="7" slack="0"/>
<pin id="1165" dir="1" index="1" bw="8" slack="0"/>
</pin_list>
<bind>
<opcode="zext(34) " fcode="zext"/>
<opset="zext_ln1649_11/2 "/>
</bind>
</comp>

<comp id="1167" class="1004" name="select_ln51_12_fu_1167">
<pin_list>
<pin id="1168" dir="0" index="0" bw="1" slack="1"/>
<pin id="1169" dir="0" index="1" bw="7" slack="1"/>
<pin id="1170" dir="0" index="2" bw="1" slack="0"/>
<pin id="1171" dir="1" index="3" bw="7" slack="0"/>
</pin_list>
<bind>
<opcode="select(49) " fcode="select"/>
<opset="select_ln51_12/2 "/>
</bind>
</comp>

<comp id="1173" class="1004" name="zext_ln1649_12_fu_1173">
<pin_list>
<pin id="1174" dir="0" index="0" bw="7" slack="0"/>
<pin id="1175" dir="1" index="1" bw="8" slack="0"/>
</pin_list>
<bind>
<opcode="zext(34) " fcode="zext"/>
<opset="zext_ln1649_12/2 "/>
</bind>
</comp>

<comp id="1177" class="1004" name="select_ln51_13_fu_1177">
<pin_list>
<pin id="1178" dir="0" index="0" bw="1" slack="1"/>
<pin id="1179" dir="0" index="1" bw="7" slack="1"/>
<pin id="1180" dir="0" index="2" bw="1" slack="0"/>
<pin id="1181" dir="1" index="3" bw="7" slack="0"/>
</pin_list>
<bind>
<opcode="select(49) " fcode="select"/>
<opset="select_ln51_13/2 "/>
</bind>
</comp>

<comp id="1183" class="1004" name="zext_ln1649_13_fu_1183">
<pin_list>
<pin id="1184" dir="0" index="0" bw="7" slack="0"/>
<pin id="1185" dir="1" index="1" bw="8" slack="0"/>
</pin_list>
<bind>
<opcode="zext(34) " fcode="zext"/>
<opset="zext_ln1649_13/2 "/>
</bind>
</comp>

<comp id="1187" class="1004" name="select_ln51_14_fu_1187">
<pin_list>
<pin id="1188" dir="0" index="0" bw="1" slack="1"/>
<pin id="1189" dir="0" index="1" bw="7" slack="1"/>
<pin id="1190" dir="0" index="2" bw="1" slack="0"/>
<pin id="1191" dir="1" index="3" bw="7" slack="0"/>
</pin_list>
<bind>
<opcode="select(49) " fcode="select"/>
<opset="select_ln51_14/2 "/>
</bind>
</comp>

<comp id="1193" class="1004" name="zext_ln1649_14_fu_1193">
<pin_list>
<pin id="1194" dir="0" index="0" bw="7" slack="0"/>
<pin id="1195" dir="1" index="1" bw="8" slack="0"/>
</pin_list>
<bind>
<opcode="zext(34) " fcode="zext"/>
<opset="zext_ln1649_14/2 "/>
</bind>
</comp>

<comp id="1197" class="1004" name="select_ln51_15_fu_1197">
<pin_list>
<pin id="1198" dir="0" index="0" bw="1" slack="1"/>
<pin id="1199" dir="0" index="1" bw="7" slack="1"/>
<pin id="1200" dir="0" index="2" bw="1" slack="0"/>
<pin id="1201" dir="1" index="3" bw="7" slack="0"/>
</pin_list>
<bind>
<opcode="select(49) " fcode="select"/>
<opset="select_ln51_15/2 "/>
</bind>
</comp>

<comp id="1203" class="1004" name="zext_ln1649_15_fu_1203">
<pin_list>
<pin id="1204" dir="0" index="0" bw="7" slack="0"/>
<pin id="1205" dir="1" index="1" bw="8" slack="0"/>
</pin_list>
<bind>
<opcode="zext(34) " fcode="zext"/>
<opset="zext_ln1649_15/2 "/>
</bind>
</comp>

<comp id="1207" class="1004" name="select_ln51_16_fu_1207">
<pin_list>
<pin id="1208" dir="0" index="0" bw="1" slack="1"/>
<pin id="1209" dir="0" index="1" bw="7" slack="1"/>
<pin id="1210" dir="0" index="2" bw="1" slack="0"/>
<pin id="1211" dir="1" index="3" bw="7" slack="0"/>
</pin_list>
<bind>
<opcode="select(49) " fcode="select"/>
<opset="select_ln51_16/2 "/>
</bind>
</comp>

<comp id="1213" class="1004" name="zext_ln1649_16_fu_1213">
<pin_list>
<pin id="1214" dir="0" index="0" bw="7" slack="0"/>
<pin id="1215" dir="1" index="1" bw="8" slack="0"/>
</pin_list>
<bind>
<opcode="zext(34) " fcode="zext"/>
<opset="zext_ln1649_16/2 "/>
</bind>
</comp>

<comp id="1217" class="1004" name="select_ln51_17_fu_1217">
<pin_list>
<pin id="1218" dir="0" index="0" bw="1" slack="1"/>
<pin id="1219" dir="0" index="1" bw="7" slack="1"/>
<pin id="1220" dir="0" index="2" bw="1" slack="0"/>
<pin id="1221" dir="1" index="3" bw="7" slack="0"/>
</pin_list>
<bind>
<opcode="select(49) " fcode="select"/>
<opset="select_ln51_17/2 "/>
</bind>
</comp>

<comp id="1223" class="1004" name="zext_ln1649_17_fu_1223">
<pin_list>
<pin id="1224" dir="0" index="0" bw="7" slack="0"/>
<pin id="1225" dir="1" index="1" bw="8" slack="0"/>
</pin_list>
<bind>
<opcode="zext(34) " fcode="zext"/>
<opset="zext_ln1649_17/2 "/>
</bind>
</comp>

<comp id="1227" class="1004" name="select_ln51_18_fu_1227">
<pin_list>
<pin id="1228" dir="0" index="0" bw="1" slack="1"/>
<pin id="1229" dir="0" index="1" bw="7" slack="1"/>
<pin id="1230" dir="0" index="2" bw="1" slack="0"/>
<pin id="1231" dir="1" index="3" bw="7" slack="0"/>
</pin_list>
<bind>
<opcode="select(49) " fcode="select"/>
<opset="select_ln51_18/2 "/>
</bind>
</comp>

<comp id="1233" class="1004" name="zext_ln1649_18_fu_1233">
<pin_list>
<pin id="1234" dir="0" index="0" bw="7" slack="0"/>
<pin id="1235" dir="1" index="1" bw="8" slack="0"/>
</pin_list>
<bind>
<opcode="zext(34) " fcode="zext"/>
<opset="zext_ln1649_18/2 "/>
</bind>
</comp>

<comp id="1237" class="1004" name="select_ln51_19_fu_1237">
<pin_list>
<pin id="1238" dir="0" index="0" bw="1" slack="1"/>
<pin id="1239" dir="0" index="1" bw="7" slack="1"/>
<pin id="1240" dir="0" index="2" bw="1" slack="0"/>
<pin id="1241" dir="1" index="3" bw="7" slack="0"/>
</pin_list>
<bind>
<opcode="select(49) " fcode="select"/>
<opset="select_ln51_19/2 "/>
</bind>
</comp>

<comp id="1243" class="1004" name="zext_ln1649_19_fu_1243">
<pin_list>
<pin id="1244" dir="0" index="0" bw="7" slack="0"/>
<pin id="1245" dir="1" index="1" bw="8" slack="0"/>
</pin_list>
<bind>
<opcode="zext(34) " fcode="zext"/>
<opset="zext_ln1649_19/2 "/>
</bind>
</comp>

<comp id="1247" class="1004" name="select_ln51_20_fu_1247">
<pin_list>
<pin id="1248" dir="0" index="0" bw="1" slack="1"/>
<pin id="1249" dir="0" index="1" bw="7" slack="1"/>
<pin id="1250" dir="0" index="2" bw="1" slack="0"/>
<pin id="1251" dir="1" index="3" bw="7" slack="0"/>
</pin_list>
<bind>
<opcode="select(49) " fcode="select"/>
<opset="select_ln51_20/2 "/>
</bind>
</comp>

<comp id="1253" class="1004" name="zext_ln1649_20_fu_1253">
<pin_list>
<pin id="1254" dir="0" index="0" bw="7" slack="0"/>
<pin id="1255" dir="1" index="1" bw="8" slack="0"/>
</pin_list>
<bind>
<opcode="zext(34) " fcode="zext"/>
<opset="zext_ln1649_20/2 "/>
</bind>
</comp>

<comp id="1257" class="1004" name="select_ln51_21_fu_1257">
<pin_list>
<pin id="1258" dir="0" index="0" bw="1" slack="1"/>
<pin id="1259" dir="0" index="1" bw="7" slack="1"/>
<pin id="1260" dir="0" index="2" bw="1" slack="0"/>
<pin id="1261" dir="1" index="3" bw="7" slack="0"/>
</pin_list>
<bind>
<opcode="select(49) " fcode="select"/>
<opset="select_ln51_21/2 "/>
</bind>
</comp>

<comp id="1263" class="1004" name="zext_ln1649_21_fu_1263">
<pin_list>
<pin id="1264" dir="0" index="0" bw="7" slack="0"/>
<pin id="1265" dir="1" index="1" bw="8" slack="0"/>
</pin_list>
<bind>
<opcode="zext(34) " fcode="zext"/>
<opset="zext_ln1649_21/2 "/>
</bind>
</comp>

<comp id="1267" class="1004" name="select_ln51_22_fu_1267">
<pin_list>
<pin id="1268" dir="0" index="0" bw="1" slack="1"/>
<pin id="1269" dir="0" index="1" bw="7" slack="1"/>
<pin id="1270" dir="0" index="2" bw="1" slack="0"/>
<pin id="1271" dir="1" index="3" bw="7" slack="0"/>
</pin_list>
<bind>
<opcode="select(49) " fcode="select"/>
<opset="select_ln51_22/2 "/>
</bind>
</comp>

<comp id="1273" class="1004" name="zext_ln1649_22_fu_1273">
<pin_list>
<pin id="1274" dir="0" index="0" bw="7" slack="0"/>
<pin id="1275" dir="1" index="1" bw="8" slack="0"/>
</pin_list>
<bind>
<opcode="zext(34) " fcode="zext"/>
<opset="zext_ln1649_22/2 "/>
</bind>
</comp>

<comp id="1277" class="1004" name="select_ln51_23_fu_1277">
<pin_list>
<pin id="1278" dir="0" index="0" bw="1" slack="1"/>
<pin id="1279" dir="0" index="1" bw="7" slack="1"/>
<pin id="1280" dir="0" index="2" bw="1" slack="0"/>
<pin id="1281" dir="1" index="3" bw="7" slack="0"/>
</pin_list>
<bind>
<opcode="select(49) " fcode="select"/>
<opset="select_ln51_23/2 "/>
</bind>
</comp>

<comp id="1283" class="1004" name="zext_ln1649_23_fu_1283">
<pin_list>
<pin id="1284" dir="0" index="0" bw="7" slack="0"/>
<pin id="1285" dir="1" index="1" bw="8" slack="0"/>
</pin_list>
<bind>
<opcode="zext(34) " fcode="zext"/>
<opset="zext_ln1649_23/2 "/>
</bind>
</comp>

<comp id="1287" class="1004" name="select_ln51_24_fu_1287">
<pin_list>
<pin id="1288" dir="0" index="0" bw="1" slack="1"/>
<pin id="1289" dir="0" index="1" bw="7" slack="1"/>
<pin id="1290" dir="0" index="2" bw="1" slack="0"/>
<pin id="1291" dir="1" index="3" bw="7" slack="0"/>
</pin_list>
<bind>
<opcode="select(49) " fcode="select"/>
<opset="select_ln51_24/2 "/>
</bind>
</comp>

<comp id="1293" class="1004" name="zext_ln1649_24_fu_1293">
<pin_list>
<pin id="1294" dir="0" index="0" bw="7" slack="0"/>
<pin id="1295" dir="1" index="1" bw="8" slack="0"/>
</pin_list>
<bind>
<opcode="zext(34) " fcode="zext"/>
<opset="zext_ln1649_24/2 "/>
</bind>
</comp>

<comp id="1297" class="1004" name="select_ln51_25_fu_1297">
<pin_list>
<pin id="1298" dir="0" index="0" bw="1" slack="1"/>
<pin id="1299" dir="0" index="1" bw="7" slack="1"/>
<pin id="1300" dir="0" index="2" bw="1" slack="0"/>
<pin id="1301" dir="1" index="3" bw="7" slack="0"/>
</pin_list>
<bind>
<opcode="select(49) " fcode="select"/>
<opset="select_ln51_25/2 "/>
</bind>
</comp>

<comp id="1303" class="1004" name="zext_ln1649_25_fu_1303">
<pin_list>
<pin id="1304" dir="0" index="0" bw="7" slack="0"/>
<pin id="1305" dir="1" index="1" bw="8" slack="0"/>
</pin_list>
<bind>
<opcode="zext(34) " fcode="zext"/>
<opset="zext_ln1649_25/2 "/>
</bind>
</comp>

<comp id="1307" class="1004" name="select_ln51_26_fu_1307">
<pin_list>
<pin id="1308" dir="0" index="0" bw="1" slack="1"/>
<pin id="1309" dir="0" index="1" bw="7" slack="1"/>
<pin id="1310" dir="0" index="2" bw="1" slack="0"/>
<pin id="1311" dir="1" index="3" bw="7" slack="0"/>
</pin_list>
<bind>
<opcode="select(49) " fcode="select"/>
<opset="select_ln51_26/2 "/>
</bind>
</comp>

<comp id="1313" class="1004" name="zext_ln1649_26_fu_1313">
<pin_list>
<pin id="1314" dir="0" index="0" bw="7" slack="0"/>
<pin id="1315" dir="1" index="1" bw="8" slack="0"/>
</pin_list>
<bind>
<opcode="zext(34) " fcode="zext"/>
<opset="zext_ln1649_26/2 "/>
</bind>
</comp>

<comp id="1317" class="1004" name="select_ln51_27_fu_1317">
<pin_list>
<pin id="1318" dir="0" index="0" bw="1" slack="1"/>
<pin id="1319" dir="0" index="1" bw="7" slack="1"/>
<pin id="1320" dir="0" index="2" bw="1" slack="0"/>
<pin id="1321" dir="1" index="3" bw="7" slack="0"/>
</pin_list>
<bind>
<opcode="select(49) " fcode="select"/>
<opset="select_ln51_27/2 "/>
</bind>
</comp>

<comp id="1323" class="1004" name="zext_ln1649_27_fu_1323">
<pin_list>
<pin id="1324" dir="0" index="0" bw="7" slack="0"/>
<pin id="1325" dir="1" index="1" bw="8" slack="0"/>
</pin_list>
<bind>
<opcode="zext(34) " fcode="zext"/>
<opset="zext_ln1649_27/2 "/>
</bind>
</comp>

<comp id="1327" class="1004" name="select_ln51_28_fu_1327">
<pin_list>
<pin id="1328" dir="0" index="0" bw="1" slack="1"/>
<pin id="1329" dir="0" index="1" bw="7" slack="1"/>
<pin id="1330" dir="0" index="2" bw="1" slack="0"/>
<pin id="1331" dir="1" index="3" bw="7" slack="0"/>
</pin_list>
<bind>
<opcode="select(49) " fcode="select"/>
<opset="select_ln51_28/2 "/>
</bind>
</comp>

<comp id="1333" class="1004" name="zext_ln1649_28_fu_1333">
<pin_list>
<pin id="1334" dir="0" index="0" bw="7" slack="0"/>
<pin id="1335" dir="1" index="1" bw="8" slack="0"/>
</pin_list>
<bind>
<opcode="zext(34) " fcode="zext"/>
<opset="zext_ln1649_28/2 "/>
</bind>
</comp>

<comp id="1337" class="1004" name="select_ln51_29_fu_1337">
<pin_list>
<pin id="1338" dir="0" index="0" bw="1" slack="1"/>
<pin id="1339" dir="0" index="1" bw="7" slack="1"/>
<pin id="1340" dir="0" index="2" bw="1" slack="0"/>
<pin id="1341" dir="1" index="3" bw="7" slack="0"/>
</pin_list>
<bind>
<opcode="select(49) " fcode="select"/>
<opset="select_ln51_29/2 "/>
</bind>
</comp>

<comp id="1343" class="1004" name="zext_ln1649_29_fu_1343">
<pin_list>
<pin id="1344" dir="0" index="0" bw="7" slack="0"/>
<pin id="1345" dir="1" index="1" bw="8" slack="0"/>
</pin_list>
<bind>
<opcode="zext(34) " fcode="zext"/>
<opset="zext_ln1649_29/2 "/>
</bind>
</comp>

<comp id="1347" class="1004" name="select_ln51_30_fu_1347">
<pin_list>
<pin id="1348" dir="0" index="0" bw="1" slack="1"/>
<pin id="1349" dir="0" index="1" bw="7" slack="1"/>
<pin id="1350" dir="0" index="2" bw="1" slack="0"/>
<pin id="1351" dir="1" index="3" bw="7" slack="0"/>
</pin_list>
<bind>
<opcode="select(49) " fcode="select"/>
<opset="select_ln51_30/2 "/>
</bind>
</comp>

<comp id="1353" class="1004" name="zext_ln1649_30_fu_1353">
<pin_list>
<pin id="1354" dir="0" index="0" bw="7" slack="0"/>
<pin id="1355" dir="1" index="1" bw="8" slack="0"/>
</pin_list>
<bind>
<opcode="zext(34) " fcode="zext"/>
<opset="zext_ln1649_30/2 "/>
</bind>
</comp>

<comp id="1357" class="1004" name="select_ln51_31_fu_1357">
<pin_list>
<pin id="1358" dir="0" index="0" bw="1" slack="1"/>
<pin id="1359" dir="0" index="1" bw="7" slack="1"/>
<pin id="1360" dir="0" index="2" bw="1" slack="0"/>
<pin id="1361" dir="1" index="3" bw="7" slack="0"/>
</pin_list>
<bind>
<opcode="select(49) " fcode="select"/>
<opset="select_ln51_31/2 "/>
</bind>
</comp>

<comp id="1363" class="1004" name="or_ln57_s_fu_1363">
<pin_list>
<pin id="1364" dir="0" index="0" bw="255" slack="0"/>
<pin id="1365" dir="0" index="1" bw="7" slack="0"/>
<pin id="1366" dir="0" index="2" bw="7" slack="0"/>
<pin id="1367" dir="0" index="3" bw="7" slack="0"/>
<pin id="1368" dir="0" index="4" bw="7" slack="0"/>
<pin id="1369" dir="0" index="5" bw="7" slack="0"/>
<pin id="1370" dir="0" index="6" bw="7" slack="0"/>
<pin id="1371" dir="0" index="7" bw="7" slack="0"/>
<pin id="1372" dir="0" index="8" bw="7" slack="0"/>
<pin id="1373" dir="0" index="9" bw="7" slack="0"/>
<pin id="1374" dir="0" index="10" bw="7" slack="0"/>
<pin id="1375" dir="0" index="11" bw="7" slack="0"/>
<pin id="1376" dir="0" index="12" bw="7" slack="0"/>
<pin id="1377" dir="0" index="13" bw="7" slack="0"/>
<pin id="1378" dir="0" index="14" bw="7" slack="0"/>
<pin id="1379" dir="0" index="15" bw="7" slack="0"/>
<pin id="1380" dir="0" index="16" bw="7" slack="0"/>
<pin id="1381" dir="0" index="17" bw="7" slack="0"/>
<pin id="1382" dir="0" index="18" bw="7" slack="0"/>
<pin id="1383" dir="0" index="19" bw="7" slack="0"/>
<pin id="1384" dir="0" index="20" bw="7" slack="0"/>
<pin id="1385" dir="0" index="21" bw="7" slack="0"/>
<pin id="1386" dir="0" index="22" bw="7" slack="0"/>
<pin id="1387" dir="0" index="23" bw="7" slack="0"/>
<pin id="1388" dir="0" index="24" bw="7" slack="0"/>
<pin id="1389" dir="0" index="25" bw="7" slack="0"/>
<pin id="1390" dir="0" index="26" bw="7" slack="0"/>
<pin id="1391" dir="0" index="27" bw="7" slack="0"/>
<pin id="1392" dir="0" index="28" bw="7" slack="0"/>
<pin id="1393" dir="0" index="29" bw="7" slack="0"/>
<pin id="1394" dir="0" index="30" bw="7" slack="0"/>
<pin id="1395" dir="0" index="31" bw="7" slack="0"/>
<pin id="1396" dir="0" index="32" bw="7" slack="0"/>
<pin id="1397" dir="1" index="33" bw="255" slack="0"/>
</pin_list>
<bind>
<opcode="bitconcatenate(1004) " fcode="bitconcatenate"/>
<opset="or_ln57_s/2 "/>
</bind>
</comp>

<comp id="1431" class="1004" name="zext_ln57_fu_1431">
<pin_list>
<pin id="1432" dir="0" index="0" bw="255" slack="0"/>
<pin id="1433" dir="1" index="1" bw="256" slack="0"/>
</pin_list>
<bind>
<opcode="zext(34) " fcode="zext"/>
<opset="zext_ln57/2 "/>
</bind>
</comp>

<comp id="1436" class="1005" name="trunc_ln44_1_reg_1436">
<pin_list>
<pin id="1437" dir="0" index="0" bw="7" slack="1"/>
<pin id="1438" dir="1" index="1" bw="7" slack="1"/>
</pin_list>
<bind>
<opset="trunc_ln44_1 "/>
</bind>
</comp>

<comp id="1441" class="1005" name="trunc_ln44_s_reg_1441">
<pin_list>
<pin id="1442" dir="0" index="0" bw="7" slack="1"/>
<pin id="1443" dir="1" index="1" bw="7" slack="1"/>
</pin_list>
<bind>
<opset="trunc_ln44_s "/>
</bind>
</comp>

<comp id="1446" class="1005" name="trunc_ln44_4_reg_1446">
<pin_list>
<pin id="1447" dir="0" index="0" bw="7" slack="1"/>
<pin id="1448" dir="1" index="1" bw="7" slack="1"/>
</pin_list>
<bind>
<opset="trunc_ln44_4 "/>
</bind>
</comp>

<comp id="1451" class="1005" name="trunc_ln44_5_reg_1451">
<pin_list>
<pin id="1452" dir="0" index="0" bw="7" slack="1"/>
<pin id="1453" dir="1" index="1" bw="7" slack="1"/>
</pin_list>
<bind>
<opset="trunc_ln44_5 "/>
</bind>
</comp>

<comp id="1456" class="1005" name="trunc_ln44_6_reg_1456">
<pin_list>
<pin id="1457" dir="0" index="0" bw="7" slack="1"/>
<pin id="1458" dir="1" index="1" bw="7" slack="1"/>
</pin_list>
<bind>
<opset="trunc_ln44_6 "/>
</bind>
</comp>

<comp id="1461" class="1005" name="trunc_ln44_7_reg_1461">
<pin_list>
<pin id="1462" dir="0" index="0" bw="7" slack="1"/>
<pin id="1463" dir="1" index="1" bw="7" slack="1"/>
</pin_list>
<bind>
<opset="trunc_ln44_7 "/>
</bind>
</comp>

<comp id="1466" class="1005" name="trunc_ln44_8_reg_1466">
<pin_list>
<pin id="1467" dir="0" index="0" bw="7" slack="1"/>
<pin id="1468" dir="1" index="1" bw="7" slack="1"/>
</pin_list>
<bind>
<opset="trunc_ln44_8 "/>
</bind>
</comp>

<comp id="1471" class="1005" name="trunc_ln44_9_reg_1471">
<pin_list>
<pin id="1472" dir="0" index="0" bw="7" slack="1"/>
<pin id="1473" dir="1" index="1" bw="7" slack="1"/>
</pin_list>
<bind>
<opset="trunc_ln44_9 "/>
</bind>
</comp>

<comp id="1476" class="1005" name="trunc_ln44_10_reg_1476">
<pin_list>
<pin id="1477" dir="0" index="0" bw="7" slack="1"/>
<pin id="1478" dir="1" index="1" bw="7" slack="1"/>
</pin_list>
<bind>
<opset="trunc_ln44_10 "/>
</bind>
</comp>

<comp id="1481" class="1005" name="trunc_ln44_11_reg_1481">
<pin_list>
<pin id="1482" dir="0" index="0" bw="7" slack="1"/>
<pin id="1483" dir="1" index="1" bw="7" slack="1"/>
</pin_list>
<bind>
<opset="trunc_ln44_11 "/>
</bind>
</comp>

<comp id="1486" class="1005" name="trunc_ln44_12_reg_1486">
<pin_list>
<pin id="1487" dir="0" index="0" bw="7" slack="1"/>
<pin id="1488" dir="1" index="1" bw="7" slack="1"/>
</pin_list>
<bind>
<opset="trunc_ln44_12 "/>
</bind>
</comp>

<comp id="1491" class="1005" name="trunc_ln44_13_reg_1491">
<pin_list>
<pin id="1492" dir="0" index="0" bw="7" slack="1"/>
<pin id="1493" dir="1" index="1" bw="7" slack="1"/>
</pin_list>
<bind>
<opset="trunc_ln44_13 "/>
</bind>
</comp>

<comp id="1496" class="1005" name="trunc_ln44_14_reg_1496">
<pin_list>
<pin id="1497" dir="0" index="0" bw="7" slack="1"/>
<pin id="1498" dir="1" index="1" bw="7" slack="1"/>
</pin_list>
<bind>
<opset="trunc_ln44_14 "/>
</bind>
</comp>

<comp id="1501" class="1005" name="trunc_ln44_15_reg_1501">
<pin_list>
<pin id="1502" dir="0" index="0" bw="7" slack="1"/>
<pin id="1503" dir="1" index="1" bw="7" slack="1"/>
</pin_list>
<bind>
<opset="trunc_ln44_15 "/>
</bind>
</comp>

<comp id="1506" class="1005" name="trunc_ln44_16_reg_1506">
<pin_list>
<pin id="1507" dir="0" index="0" bw="7" slack="1"/>
<pin id="1508" dir="1" index="1" bw="7" slack="1"/>
</pin_list>
<bind>
<opset="trunc_ln44_16 "/>
</bind>
</comp>

<comp id="1511" class="1005" name="trunc_ln44_17_reg_1511">
<pin_list>
<pin id="1512" dir="0" index="0" bw="7" slack="1"/>
<pin id="1513" dir="1" index="1" bw="7" slack="1"/>
</pin_list>
<bind>
<opset="trunc_ln44_17 "/>
</bind>
</comp>

<comp id="1516" class="1005" name="trunc_ln44_18_reg_1516">
<pin_list>
<pin id="1517" dir="0" index="0" bw="7" slack="1"/>
<pin id="1518" dir="1" index="1" bw="7" slack="1"/>
</pin_list>
<bind>
<opset="trunc_ln44_18 "/>
</bind>
</comp>

<comp id="1521" class="1005" name="trunc_ln44_19_reg_1521">
<pin_list>
<pin id="1522" dir="0" index="0" bw="7" slack="1"/>
<pin id="1523" dir="1" index="1" bw="7" slack="1"/>
</pin_list>
<bind>
<opset="trunc_ln44_19 "/>
</bind>
</comp>

<comp id="1526" class="1005" name="trunc_ln44_20_reg_1526">
<pin_list>
<pin id="1527" dir="0" index="0" bw="7" slack="1"/>
<pin id="1528" dir="1" index="1" bw="7" slack="1"/>
</pin_list>
<bind>
<opset="trunc_ln44_20 "/>
</bind>
</comp>

<comp id="1531" class="1005" name="trunc_ln44_21_reg_1531">
<pin_list>
<pin id="1532" dir="0" index="0" bw="7" slack="1"/>
<pin id="1533" dir="1" index="1" bw="7" slack="1"/>
</pin_list>
<bind>
<opset="trunc_ln44_21 "/>
</bind>
</comp>

<comp id="1536" class="1005" name="trunc_ln44_22_reg_1536">
<pin_list>
<pin id="1537" dir="0" index="0" bw="7" slack="1"/>
<pin id="1538" dir="1" index="1" bw="7" slack="1"/>
</pin_list>
<bind>
<opset="trunc_ln44_22 "/>
</bind>
</comp>

<comp id="1541" class="1005" name="trunc_ln44_23_reg_1541">
<pin_list>
<pin id="1542" dir="0" index="0" bw="7" slack="1"/>
<pin id="1543" dir="1" index="1" bw="7" slack="1"/>
</pin_list>
<bind>
<opset="trunc_ln44_23 "/>
</bind>
</comp>

<comp id="1546" class="1005" name="trunc_ln44_24_reg_1546">
<pin_list>
<pin id="1547" dir="0" index="0" bw="7" slack="1"/>
<pin id="1548" dir="1" index="1" bw="7" slack="1"/>
</pin_list>
<bind>
<opset="trunc_ln44_24 "/>
</bind>
</comp>

<comp id="1551" class="1005" name="trunc_ln44_25_reg_1551">
<pin_list>
<pin id="1552" dir="0" index="0" bw="7" slack="1"/>
<pin id="1553" dir="1" index="1" bw="7" slack="1"/>
</pin_list>
<bind>
<opset="trunc_ln44_25 "/>
</bind>
</comp>

<comp id="1556" class="1005" name="trunc_ln44_26_reg_1556">
<pin_list>
<pin id="1557" dir="0" index="0" bw="7" slack="1"/>
<pin id="1558" dir="1" index="1" bw="7" slack="1"/>
</pin_list>
<bind>
<opset="trunc_ln44_26 "/>
</bind>
</comp>

<comp id="1561" class="1005" name="trunc_ln44_27_reg_1561">
<pin_list>
<pin id="1562" dir="0" index="0" bw="7" slack="1"/>
<pin id="1563" dir="1" index="1" bw="7" slack="1"/>
</pin_list>
<bind>
<opset="trunc_ln44_27 "/>
</bind>
</comp>

<comp id="1566" class="1005" name="trunc_ln44_28_reg_1566">
<pin_list>
<pin id="1567" dir="0" index="0" bw="7" slack="1"/>
<pin id="1568" dir="1" index="1" bw="7" slack="1"/>
</pin_list>
<bind>
<opset="trunc_ln44_28 "/>
</bind>
</comp>

<comp id="1571" class="1005" name="trunc_ln44_29_reg_1571">
<pin_list>
<pin id="1572" dir="0" index="0" bw="7" slack="1"/>
<pin id="1573" dir="1" index="1" bw="7" slack="1"/>
</pin_list>
<bind>
<opset="trunc_ln44_29 "/>
</bind>
</comp>

<comp id="1576" class="1005" name="trunc_ln44_30_reg_1576">
<pin_list>
<pin id="1577" dir="0" index="0" bw="7" slack="1"/>
<pin id="1578" dir="1" index="1" bw="7" slack="1"/>
</pin_list>
<bind>
<opset="trunc_ln44_30 "/>
</bind>
</comp>

<comp id="1581" class="1005" name="trunc_ln44_31_reg_1581">
<pin_list>
<pin id="1582" dir="0" index="0" bw="7" slack="1"/>
<pin id="1583" dir="1" index="1" bw="7" slack="1"/>
</pin_list>
<bind>
<opset="trunc_ln44_31 "/>
</bind>
</comp>

<comp id="1586" class="1005" name="trunc_ln44_32_reg_1586">
<pin_list>
<pin id="1587" dir="0" index="0" bw="7" slack="1"/>
<pin id="1588" dir="1" index="1" bw="7" slack="1"/>
</pin_list>
<bind>
<opset="trunc_ln44_32 "/>
</bind>
</comp>

<comp id="1591" class="1005" name="trunc_ln_reg_1591">
<pin_list>
<pin id="1592" dir="0" index="0" bw="7" slack="1"/>
<pin id="1593" dir="1" index="1" bw="7" slack="1"/>
</pin_list>
<bind>
<opset="trunc_ln "/>
</bind>
</comp>

<comp id="1596" class="1005" name="icmp_ln1649_reg_1596">
<pin_list>
<pin id="1597" dir="0" index="0" bw="1" slack="1"/>
<pin id="1598" dir="1" index="1" bw="1" slack="1"/>
</pin_list>
<bind>
<opset="icmp_ln1649 "/>
</bind>
</comp>

<comp id="1601" class="1005" name="icmp_ln1649_1_reg_1601">
<pin_list>
<pin id="1602" dir="0" index="0" bw="1" slack="1"/>
<pin id="1603" dir="1" index="1" bw="1" slack="1"/>
</pin_list>
<bind>
<opset="icmp_ln1649_1 "/>
</bind>
</comp>

<comp id="1606" class="1005" name="icmp_ln1649_2_reg_1606">
<pin_list>
<pin id="1607" dir="0" index="0" bw="1" slack="1"/>
<pin id="1608" dir="1" index="1" bw="1" slack="1"/>
</pin_list>
<bind>
<opset="icmp_ln1649_2 "/>
</bind>
</comp>

<comp id="1611" class="1005" name="icmp_ln1649_3_reg_1611">
<pin_list>
<pin id="1612" dir="0" index="0" bw="1" slack="1"/>
<pin id="1613" dir="1" index="1" bw="1" slack="1"/>
</pin_list>
<bind>
<opset="icmp_ln1649_3 "/>
</bind>
</comp>

<comp id="1616" class="1005" name="icmp_ln1649_4_reg_1616">
<pin_list>
<pin id="1617" dir="0" index="0" bw="1" slack="1"/>
<pin id="1618" dir="1" index="1" bw="1" slack="1"/>
</pin_list>
<bind>
<opset="icmp_ln1649_4 "/>
</bind>
</comp>

<comp id="1621" class="1005" name="icmp_ln1649_5_reg_1621">
<pin_list>
<pin id="1622" dir="0" index="0" bw="1" slack="1"/>
<pin id="1623" dir="1" index="1" bw="1" slack="1"/>
</pin_list>
<bind>
<opset="icmp_ln1649_5 "/>
</bind>
</comp>

<comp id="1626" class="1005" name="icmp_ln1649_6_reg_1626">
<pin_list>
<pin id="1627" dir="0" index="0" bw="1" slack="1"/>
<pin id="1628" dir="1" index="1" bw="1" slack="1"/>
</pin_list>
<bind>
<opset="icmp_ln1649_6 "/>
</bind>
</comp>

<comp id="1631" class="1005" name="icmp_ln1649_7_reg_1631">
<pin_list>
<pin id="1632" dir="0" index="0" bw="1" slack="1"/>
<pin id="1633" dir="1" index="1" bw="1" slack="1"/>
</pin_list>
<bind>
<opset="icmp_ln1649_7 "/>
</bind>
</comp>

<comp id="1636" class="1005" name="icmp_ln1649_8_reg_1636">
<pin_list>
<pin id="1637" dir="0" index="0" bw="1" slack="1"/>
<pin id="1638" dir="1" index="1" bw="1" slack="1"/>
</pin_list>
<bind>
<opset="icmp_ln1649_8 "/>
</bind>
</comp>

<comp id="1641" class="1005" name="icmp_ln1649_9_reg_1641">
<pin_list>
<pin id="1642" dir="0" index="0" bw="1" slack="1"/>
<pin id="1643" dir="1" index="1" bw="1" slack="1"/>
</pin_list>
<bind>
<opset="icmp_ln1649_9 "/>
</bind>
</comp>

<comp id="1646" class="1005" name="icmp_ln1649_10_reg_1646">
<pin_list>
<pin id="1647" dir="0" index="0" bw="1" slack="1"/>
<pin id="1648" dir="1" index="1" bw="1" slack="1"/>
</pin_list>
<bind>
<opset="icmp_ln1649_10 "/>
</bind>
</comp>

<comp id="1651" class="1005" name="icmp_ln1649_11_reg_1651">
<pin_list>
<pin id="1652" dir="0" index="0" bw="1" slack="1"/>
<pin id="1653" dir="1" index="1" bw="1" slack="1"/>
</pin_list>
<bind>
<opset="icmp_ln1649_11 "/>
</bind>
</comp>

<comp id="1656" class="1005" name="icmp_ln1649_12_reg_1656">
<pin_list>
<pin id="1657" dir="0" index="0" bw="1" slack="1"/>
<pin id="1658" dir="1" index="1" bw="1" slack="1"/>
</pin_list>
<bind>
<opset="icmp_ln1649_12 "/>
</bind>
</comp>

<comp id="1661" class="1005" name="icmp_ln1649_13_reg_1661">
<pin_list>
<pin id="1662" dir="0" index="0" bw="1" slack="1"/>
<pin id="1663" dir="1" index="1" bw="1" slack="1"/>
</pin_list>
<bind>
<opset="icmp_ln1649_13 "/>
</bind>
</comp>

<comp id="1666" class="1005" name="icmp_ln1649_14_reg_1666">
<pin_list>
<pin id="1667" dir="0" index="0" bw="1" slack="1"/>
<pin id="1668" dir="1" index="1" bw="1" slack="1"/>
</pin_list>
<bind>
<opset="icmp_ln1649_14 "/>
</bind>
</comp>

<comp id="1671" class="1005" name="icmp_ln1649_15_reg_1671">
<pin_list>
<pin id="1672" dir="0" index="0" bw="1" slack="1"/>
<pin id="1673" dir="1" index="1" bw="1" slack="1"/>
</pin_list>
<bind>
<opset="icmp_ln1649_15 "/>
</bind>
</comp>

<comp id="1676" class="1005" name="icmp_ln1649_16_reg_1676">
<pin_list>
<pin id="1677" dir="0" index="0" bw="1" slack="1"/>
<pin id="1678" dir="1" index="1" bw="1" slack="1"/>
</pin_list>
<bind>
<opset="icmp_ln1649_16 "/>
</bind>
</comp>

<comp id="1681" class="1005" name="icmp_ln1649_17_reg_1681">
<pin_list>
<pin id="1682" dir="0" index="0" bw="1" slack="1"/>
<pin id="1683" dir="1" index="1" bw="1" slack="1"/>
</pin_list>
<bind>
<opset="icmp_ln1649_17 "/>
</bind>
</comp>

<comp id="1686" class="1005" name="icmp_ln1649_18_reg_1686">
<pin_list>
<pin id="1687" dir="0" index="0" bw="1" slack="1"/>
<pin id="1688" dir="1" index="1" bw="1" slack="1"/>
</pin_list>
<bind>
<opset="icmp_ln1649_18 "/>
</bind>
</comp>

<comp id="1691" class="1005" name="icmp_ln1649_19_reg_1691">
<pin_list>
<pin id="1692" dir="0" index="0" bw="1" slack="1"/>
<pin id="1693" dir="1" index="1" bw="1" slack="1"/>
</pin_list>
<bind>
<opset="icmp_ln1649_19 "/>
</bind>
</comp>

<comp id="1696" class="1005" name="icmp_ln1649_20_reg_1696">
<pin_list>
<pin id="1697" dir="0" index="0" bw="1" slack="1"/>
<pin id="1698" dir="1" index="1" bw="1" slack="1"/>
</pin_list>
<bind>
<opset="icmp_ln1649_20 "/>
</bind>
</comp>

<comp id="1701" class="1005" name="icmp_ln1649_21_reg_1701">
<pin_list>
<pin id="1702" dir="0" index="0" bw="1" slack="1"/>
<pin id="1703" dir="1" index="1" bw="1" slack="1"/>
</pin_list>
<bind>
<opset="icmp_ln1649_21 "/>
</bind>
</comp>

<comp id="1706" class="1005" name="icmp_ln1649_22_reg_1706">
<pin_list>
<pin id="1707" dir="0" index="0" bw="1" slack="1"/>
<pin id="1708" dir="1" index="1" bw="1" slack="1"/>
</pin_list>
<bind>
<opset="icmp_ln1649_22 "/>
</bind>
</comp>

<comp id="1711" class="1005" name="icmp_ln1649_23_reg_1711">
<pin_list>
<pin id="1712" dir="0" index="0" bw="1" slack="1"/>
<pin id="1713" dir="1" index="1" bw="1" slack="1"/>
</pin_list>
<bind>
<opset="icmp_ln1649_23 "/>
</bind>
</comp>

<comp id="1716" class="1005" name="icmp_ln1649_24_reg_1716">
<pin_list>
<pin id="1717" dir="0" index="0" bw="1" slack="1"/>
<pin id="1718" dir="1" index="1" bw="1" slack="1"/>
</pin_list>
<bind>
<opset="icmp_ln1649_24 "/>
</bind>
</comp>

<comp id="1721" class="1005" name="icmp_ln1649_25_reg_1721">
<pin_list>
<pin id="1722" dir="0" index="0" bw="1" slack="1"/>
<pin id="1723" dir="1" index="1" bw="1" slack="1"/>
</pin_list>
<bind>
<opset="icmp_ln1649_25 "/>
</bind>
</comp>

<comp id="1726" class="1005" name="icmp_ln1649_26_reg_1726">
<pin_list>
<pin id="1727" dir="0" index="0" bw="1" slack="1"/>
<pin id="1728" dir="1" index="1" bw="1" slack="1"/>
</pin_list>
<bind>
<opset="icmp_ln1649_26 "/>
</bind>
</comp>

<comp id="1731" class="1005" name="icmp_ln1649_27_reg_1731">
<pin_list>
<pin id="1732" dir="0" index="0" bw="1" slack="1"/>
<pin id="1733" dir="1" index="1" bw="1" slack="1"/>
</pin_list>
<bind>
<opset="icmp_ln1649_27 "/>
</bind>
</comp>

<comp id="1736" class="1005" name="icmp_ln1649_28_reg_1736">
<pin_list>
<pin id="1737" dir="0" index="0" bw="1" slack="1"/>
<pin id="1738" dir="1" index="1" bw="1" slack="1"/>
</pin_list>
<bind>
<opset="icmp_ln1649_28 "/>
</bind>
</comp>

<comp id="1741" class="1005" name="icmp_ln1649_29_reg_1741">
<pin_list>
<pin id="1742" dir="0" index="0" bw="1" slack="1"/>
<pin id="1743" dir="1" index="1" bw="1" slack="1"/>
</pin_list>
<bind>
<opset="icmp_ln1649_29 "/>
</bind>
</comp>

<comp id="1746" class="1005" name="icmp_ln1649_30_reg_1746">
<pin_list>
<pin id="1747" dir="0" index="0" bw="1" slack="1"/>
<pin id="1748" dir="1" index="1" bw="1" slack="1"/>
</pin_list>
<bind>
<opset="icmp_ln1649_30 "/>
</bind>
</comp>

<comp id="1751" class="1005" name="icmp_ln1649_31_reg_1751">
<pin_list>
<pin id="1752" dir="0" index="0" bw="1" slack="1"/>
<pin id="1753" dir="1" index="1" bw="1" slack="1"/>
</pin_list>
<bind>
<opset="icmp_ln1649_31 "/>
</bind>
</comp>

</comp_list>

<net_list>
<net id="218"><net_src comp="4" pin="0"/><net_sink comp="214" pin=0"/></net>

<net id="219"><net_src comp="0" pin="0"/><net_sink comp="214" pin=1"/></net>

<net id="225"><net_src comp="212" pin="0"/><net_sink comp="220" pin=0"/></net>

<net id="226"><net_src comp="2" pin="0"/><net_sink comp="220" pin=1"/></net>

<net id="230"><net_src comp="214" pin="2"/><net_sink comp="227" pin=0"/></net>

<net id="234"><net_src comp="214" pin="2"/><net_sink comp="231" pin=0"/></net>

<net id="241"><net_src comp="6" pin="0"/><net_sink comp="235" pin=0"/></net>

<net id="242"><net_src comp="214" pin="2"/><net_sink comp="235" pin=1"/></net>

<net id="243"><net_src comp="8" pin="0"/><net_sink comp="235" pin=2"/></net>

<net id="244"><net_src comp="10" pin="0"/><net_sink comp="235" pin=3"/></net>

<net id="251"><net_src comp="6" pin="0"/><net_sink comp="245" pin=0"/></net>

<net id="252"><net_src comp="214" pin="2"/><net_sink comp="245" pin=1"/></net>

<net id="253"><net_src comp="12" pin="0"/><net_sink comp="245" pin=2"/></net>

<net id="254"><net_src comp="14" pin="0"/><net_sink comp="245" pin=3"/></net>

<net id="261"><net_src comp="6" pin="0"/><net_sink comp="255" pin=0"/></net>

<net id="262"><net_src comp="214" pin="2"/><net_sink comp="255" pin=1"/></net>

<net id="263"><net_src comp="16" pin="0"/><net_sink comp="255" pin=2"/></net>

<net id="264"><net_src comp="18" pin="0"/><net_sink comp="255" pin=3"/></net>

<net id="271"><net_src comp="20" pin="0"/><net_sink comp="265" pin=0"/></net>

<net id="272"><net_src comp="214" pin="2"/><net_sink comp="265" pin=1"/></net>

<net id="273"><net_src comp="16" pin="0"/><net_sink comp="265" pin=2"/></net>

<net id="274"><net_src comp="22" pin="0"/><net_sink comp="265" pin=3"/></net>

<net id="281"><net_src comp="6" pin="0"/><net_sink comp="275" pin=0"/></net>

<net id="282"><net_src comp="214" pin="2"/><net_sink comp="275" pin=1"/></net>

<net id="283"><net_src comp="24" pin="0"/><net_sink comp="275" pin=2"/></net>

<net id="284"><net_src comp="26" pin="0"/><net_sink comp="275" pin=3"/></net>

<net id="291"><net_src comp="20" pin="0"/><net_sink comp="285" pin=0"/></net>

<net id="292"><net_src comp="214" pin="2"/><net_sink comp="285" pin=1"/></net>

<net id="293"><net_src comp="24" pin="0"/><net_sink comp="285" pin=2"/></net>

<net id="294"><net_src comp="28" pin="0"/><net_sink comp="285" pin=3"/></net>

<net id="301"><net_src comp="6" pin="0"/><net_sink comp="295" pin=0"/></net>

<net id="302"><net_src comp="214" pin="2"/><net_sink comp="295" pin=1"/></net>

<net id="303"><net_src comp="30" pin="0"/><net_sink comp="295" pin=2"/></net>

<net id="304"><net_src comp="32" pin="0"/><net_sink comp="295" pin=3"/></net>

<net id="311"><net_src comp="20" pin="0"/><net_sink comp="305" pin=0"/></net>

<net id="312"><net_src comp="214" pin="2"/><net_sink comp="305" pin=1"/></net>

<net id="313"><net_src comp="30" pin="0"/><net_sink comp="305" pin=2"/></net>

<net id="314"><net_src comp="34" pin="0"/><net_sink comp="305" pin=3"/></net>

<net id="321"><net_src comp="6" pin="0"/><net_sink comp="315" pin=0"/></net>

<net id="322"><net_src comp="214" pin="2"/><net_sink comp="315" pin=1"/></net>

<net id="323"><net_src comp="36" pin="0"/><net_sink comp="315" pin=2"/></net>

<net id="324"><net_src comp="38" pin="0"/><net_sink comp="315" pin=3"/></net>

<net id="331"><net_src comp="20" pin="0"/><net_sink comp="325" pin=0"/></net>

<net id="332"><net_src comp="214" pin="2"/><net_sink comp="325" pin=1"/></net>

<net id="333"><net_src comp="36" pin="0"/><net_sink comp="325" pin=2"/></net>

<net id="334"><net_src comp="40" pin="0"/><net_sink comp="325" pin=3"/></net>

<net id="341"><net_src comp="6" pin="0"/><net_sink comp="335" pin=0"/></net>

<net id="342"><net_src comp="214" pin="2"/><net_sink comp="335" pin=1"/></net>

<net id="343"><net_src comp="42" pin="0"/><net_sink comp="335" pin=2"/></net>

<net id="344"><net_src comp="44" pin="0"/><net_sink comp="335" pin=3"/></net>

<net id="351"><net_src comp="20" pin="0"/><net_sink comp="345" pin=0"/></net>

<net id="352"><net_src comp="214" pin="2"/><net_sink comp="345" pin=1"/></net>

<net id="353"><net_src comp="42" pin="0"/><net_sink comp="345" pin=2"/></net>

<net id="354"><net_src comp="46" pin="0"/><net_sink comp="345" pin=3"/></net>

<net id="361"><net_src comp="6" pin="0"/><net_sink comp="355" pin=0"/></net>

<net id="362"><net_src comp="214" pin="2"/><net_sink comp="355" pin=1"/></net>

<net id="363"><net_src comp="48" pin="0"/><net_sink comp="355" pin=2"/></net>

<net id="364"><net_src comp="50" pin="0"/><net_sink comp="355" pin=3"/></net>

<net id="371"><net_src comp="20" pin="0"/><net_sink comp="365" pin=0"/></net>

<net id="372"><net_src comp="214" pin="2"/><net_sink comp="365" pin=1"/></net>

<net id="373"><net_src comp="48" pin="0"/><net_sink comp="365" pin=2"/></net>

<net id="374"><net_src comp="52" pin="0"/><net_sink comp="365" pin=3"/></net>

<net id="381"><net_src comp="6" pin="0"/><net_sink comp="375" pin=0"/></net>

<net id="382"><net_src comp="214" pin="2"/><net_sink comp="375" pin=1"/></net>

<net id="383"><net_src comp="54" pin="0"/><net_sink comp="375" pin=2"/></net>

<net id="384"><net_src comp="56" pin="0"/><net_sink comp="375" pin=3"/></net>

<net id="391"><net_src comp="20" pin="0"/><net_sink comp="385" pin=0"/></net>

<net id="392"><net_src comp="214" pin="2"/><net_sink comp="385" pin=1"/></net>

<net id="393"><net_src comp="54" pin="0"/><net_sink comp="385" pin=2"/></net>

<net id="394"><net_src comp="58" pin="0"/><net_sink comp="385" pin=3"/></net>

<net id="401"><net_src comp="6" pin="0"/><net_sink comp="395" pin=0"/></net>

<net id="402"><net_src comp="214" pin="2"/><net_sink comp="395" pin=1"/></net>

<net id="403"><net_src comp="60" pin="0"/><net_sink comp="395" pin=2"/></net>

<net id="404"><net_src comp="62" pin="0"/><net_sink comp="395" pin=3"/></net>

<net id="411"><net_src comp="20" pin="0"/><net_sink comp="405" pin=0"/></net>

<net id="412"><net_src comp="214" pin="2"/><net_sink comp="405" pin=1"/></net>

<net id="413"><net_src comp="60" pin="0"/><net_sink comp="405" pin=2"/></net>

<net id="414"><net_src comp="64" pin="0"/><net_sink comp="405" pin=3"/></net>

<net id="421"><net_src comp="6" pin="0"/><net_sink comp="415" pin=0"/></net>

<net id="422"><net_src comp="214" pin="2"/><net_sink comp="415" pin=1"/></net>

<net id="423"><net_src comp="66" pin="0"/><net_sink comp="415" pin=2"/></net>

<net id="424"><net_src comp="68" pin="0"/><net_sink comp="415" pin=3"/></net>

<net id="431"><net_src comp="20" pin="0"/><net_sink comp="425" pin=0"/></net>

<net id="432"><net_src comp="214" pin="2"/><net_sink comp="425" pin=1"/></net>

<net id="433"><net_src comp="66" pin="0"/><net_sink comp="425" pin=2"/></net>

<net id="434"><net_src comp="70" pin="0"/><net_sink comp="425" pin=3"/></net>

<net id="441"><net_src comp="6" pin="0"/><net_sink comp="435" pin=0"/></net>

<net id="442"><net_src comp="214" pin="2"/><net_sink comp="435" pin=1"/></net>

<net id="443"><net_src comp="72" pin="0"/><net_sink comp="435" pin=2"/></net>

<net id="444"><net_src comp="74" pin="0"/><net_sink comp="435" pin=3"/></net>

<net id="451"><net_src comp="20" pin="0"/><net_sink comp="445" pin=0"/></net>

<net id="452"><net_src comp="214" pin="2"/><net_sink comp="445" pin=1"/></net>

<net id="453"><net_src comp="72" pin="0"/><net_sink comp="445" pin=2"/></net>

<net id="454"><net_src comp="76" pin="0"/><net_sink comp="445" pin=3"/></net>

<net id="461"><net_src comp="6" pin="0"/><net_sink comp="455" pin=0"/></net>

<net id="462"><net_src comp="214" pin="2"/><net_sink comp="455" pin=1"/></net>

<net id="463"><net_src comp="78" pin="0"/><net_sink comp="455" pin=2"/></net>

<net id="464"><net_src comp="80" pin="0"/><net_sink comp="455" pin=3"/></net>

<net id="471"><net_src comp="20" pin="0"/><net_sink comp="465" pin=0"/></net>

<net id="472"><net_src comp="214" pin="2"/><net_sink comp="465" pin=1"/></net>

<net id="473"><net_src comp="78" pin="0"/><net_sink comp="465" pin=2"/></net>

<net id="474"><net_src comp="82" pin="0"/><net_sink comp="465" pin=3"/></net>

<net id="481"><net_src comp="6" pin="0"/><net_sink comp="475" pin=0"/></net>

<net id="482"><net_src comp="214" pin="2"/><net_sink comp="475" pin=1"/></net>

<net id="483"><net_src comp="84" pin="0"/><net_sink comp="475" pin=2"/></net>

<net id="484"><net_src comp="86" pin="0"/><net_sink comp="475" pin=3"/></net>

<net id="491"><net_src comp="20" pin="0"/><net_sink comp="485" pin=0"/></net>

<net id="492"><net_src comp="214" pin="2"/><net_sink comp="485" pin=1"/></net>

<net id="493"><net_src comp="84" pin="0"/><net_sink comp="485" pin=2"/></net>

<net id="494"><net_src comp="88" pin="0"/><net_sink comp="485" pin=3"/></net>

<net id="501"><net_src comp="6" pin="0"/><net_sink comp="495" pin=0"/></net>

<net id="502"><net_src comp="214" pin="2"/><net_sink comp="495" pin=1"/></net>

<net id="503"><net_src comp="90" pin="0"/><net_sink comp="495" pin=2"/></net>

<net id="504"><net_src comp="92" pin="0"/><net_sink comp="495" pin=3"/></net>

<net id="511"><net_src comp="20" pin="0"/><net_sink comp="505" pin=0"/></net>

<net id="512"><net_src comp="214" pin="2"/><net_sink comp="505" pin=1"/></net>

<net id="513"><net_src comp="90" pin="0"/><net_sink comp="505" pin=2"/></net>

<net id="514"><net_src comp="94" pin="0"/><net_sink comp="505" pin=3"/></net>

<net id="521"><net_src comp="6" pin="0"/><net_sink comp="515" pin=0"/></net>

<net id="522"><net_src comp="214" pin="2"/><net_sink comp="515" pin=1"/></net>

<net id="523"><net_src comp="96" pin="0"/><net_sink comp="515" pin=2"/></net>

<net id="524"><net_src comp="98" pin="0"/><net_sink comp="515" pin=3"/></net>

<net id="531"><net_src comp="20" pin="0"/><net_sink comp="525" pin=0"/></net>

<net id="532"><net_src comp="214" pin="2"/><net_sink comp="525" pin=1"/></net>

<net id="533"><net_src comp="96" pin="0"/><net_sink comp="525" pin=2"/></net>

<net id="534"><net_src comp="100" pin="0"/><net_sink comp="525" pin=3"/></net>

<net id="541"><net_src comp="6" pin="0"/><net_sink comp="535" pin=0"/></net>

<net id="542"><net_src comp="214" pin="2"/><net_sink comp="535" pin=1"/></net>

<net id="543"><net_src comp="102" pin="0"/><net_sink comp="535" pin=2"/></net>

<net id="544"><net_src comp="104" pin="0"/><net_sink comp="535" pin=3"/></net>

<net id="551"><net_src comp="20" pin="0"/><net_sink comp="545" pin=0"/></net>

<net id="552"><net_src comp="214" pin="2"/><net_sink comp="545" pin=1"/></net>

<net id="553"><net_src comp="102" pin="0"/><net_sink comp="545" pin=2"/></net>

<net id="554"><net_src comp="106" pin="0"/><net_sink comp="545" pin=3"/></net>

<net id="561"><net_src comp="6" pin="0"/><net_sink comp="555" pin=0"/></net>

<net id="562"><net_src comp="214" pin="2"/><net_sink comp="555" pin=1"/></net>

<net id="563"><net_src comp="108" pin="0"/><net_sink comp="555" pin=2"/></net>

<net id="564"><net_src comp="110" pin="0"/><net_sink comp="555" pin=3"/></net>

<net id="571"><net_src comp="20" pin="0"/><net_sink comp="565" pin=0"/></net>

<net id="572"><net_src comp="214" pin="2"/><net_sink comp="565" pin=1"/></net>

<net id="573"><net_src comp="108" pin="0"/><net_sink comp="565" pin=2"/></net>

<net id="574"><net_src comp="112" pin="0"/><net_sink comp="565" pin=3"/></net>

<net id="581"><net_src comp="6" pin="0"/><net_sink comp="575" pin=0"/></net>

<net id="582"><net_src comp="214" pin="2"/><net_sink comp="575" pin=1"/></net>

<net id="583"><net_src comp="114" pin="0"/><net_sink comp="575" pin=2"/></net>

<net id="584"><net_src comp="116" pin="0"/><net_sink comp="575" pin=3"/></net>

<net id="591"><net_src comp="20" pin="0"/><net_sink comp="585" pin=0"/></net>

<net id="592"><net_src comp="214" pin="2"/><net_sink comp="585" pin=1"/></net>

<net id="593"><net_src comp="114" pin="0"/><net_sink comp="585" pin=2"/></net>

<net id="594"><net_src comp="118" pin="0"/><net_sink comp="585" pin=3"/></net>

<net id="601"><net_src comp="6" pin="0"/><net_sink comp="595" pin=0"/></net>

<net id="602"><net_src comp="214" pin="2"/><net_sink comp="595" pin=1"/></net>

<net id="603"><net_src comp="120" pin="0"/><net_sink comp="595" pin=2"/></net>

<net id="604"><net_src comp="122" pin="0"/><net_sink comp="595" pin=3"/></net>

<net id="611"><net_src comp="20" pin="0"/><net_sink comp="605" pin=0"/></net>

<net id="612"><net_src comp="214" pin="2"/><net_sink comp="605" pin=1"/></net>

<net id="613"><net_src comp="120" pin="0"/><net_sink comp="605" pin=2"/></net>

<net id="614"><net_src comp="124" pin="0"/><net_sink comp="605" pin=3"/></net>

<net id="621"><net_src comp="6" pin="0"/><net_sink comp="615" pin=0"/></net>

<net id="622"><net_src comp="214" pin="2"/><net_sink comp="615" pin=1"/></net>

<net id="623"><net_src comp="126" pin="0"/><net_sink comp="615" pin=2"/></net>

<net id="624"><net_src comp="128" pin="0"/><net_sink comp="615" pin=3"/></net>

<net id="631"><net_src comp="20" pin="0"/><net_sink comp="625" pin=0"/></net>

<net id="632"><net_src comp="214" pin="2"/><net_sink comp="625" pin=1"/></net>

<net id="633"><net_src comp="126" pin="0"/><net_sink comp="625" pin=2"/></net>

<net id="634"><net_src comp="130" pin="0"/><net_sink comp="625" pin=3"/></net>

<net id="641"><net_src comp="6" pin="0"/><net_sink comp="635" pin=0"/></net>

<net id="642"><net_src comp="214" pin="2"/><net_sink comp="635" pin=1"/></net>

<net id="643"><net_src comp="132" pin="0"/><net_sink comp="635" pin=2"/></net>

<net id="644"><net_src comp="134" pin="0"/><net_sink comp="635" pin=3"/></net>

<net id="651"><net_src comp="20" pin="0"/><net_sink comp="645" pin=0"/></net>

<net id="652"><net_src comp="214" pin="2"/><net_sink comp="645" pin=1"/></net>

<net id="653"><net_src comp="132" pin="0"/><net_sink comp="645" pin=2"/></net>

<net id="654"><net_src comp="136" pin="0"/><net_sink comp="645" pin=3"/></net>

<net id="661"><net_src comp="6" pin="0"/><net_sink comp="655" pin=0"/></net>

<net id="662"><net_src comp="214" pin="2"/><net_sink comp="655" pin=1"/></net>

<net id="663"><net_src comp="138" pin="0"/><net_sink comp="655" pin=2"/></net>

<net id="664"><net_src comp="140" pin="0"/><net_sink comp="655" pin=3"/></net>

<net id="671"><net_src comp="20" pin="0"/><net_sink comp="665" pin=0"/></net>

<net id="672"><net_src comp="214" pin="2"/><net_sink comp="665" pin=1"/></net>

<net id="673"><net_src comp="138" pin="0"/><net_sink comp="665" pin=2"/></net>

<net id="674"><net_src comp="142" pin="0"/><net_sink comp="665" pin=3"/></net>

<net id="681"><net_src comp="6" pin="0"/><net_sink comp="675" pin=0"/></net>

<net id="682"><net_src comp="214" pin="2"/><net_sink comp="675" pin=1"/></net>

<net id="683"><net_src comp="144" pin="0"/><net_sink comp="675" pin=2"/></net>

<net id="684"><net_src comp="146" pin="0"/><net_sink comp="675" pin=3"/></net>

<net id="691"><net_src comp="20" pin="0"/><net_sink comp="685" pin=0"/></net>

<net id="692"><net_src comp="214" pin="2"/><net_sink comp="685" pin=1"/></net>

<net id="693"><net_src comp="144" pin="0"/><net_sink comp="685" pin=2"/></net>

<net id="694"><net_src comp="148" pin="0"/><net_sink comp="685" pin=3"/></net>

<net id="701"><net_src comp="6" pin="0"/><net_sink comp="695" pin=0"/></net>

<net id="702"><net_src comp="214" pin="2"/><net_sink comp="695" pin=1"/></net>

<net id="703"><net_src comp="150" pin="0"/><net_sink comp="695" pin=2"/></net>

<net id="704"><net_src comp="152" pin="0"/><net_sink comp="695" pin=3"/></net>

<net id="711"><net_src comp="20" pin="0"/><net_sink comp="705" pin=0"/></net>

<net id="712"><net_src comp="214" pin="2"/><net_sink comp="705" pin=1"/></net>

<net id="713"><net_src comp="150" pin="0"/><net_sink comp="705" pin=2"/></net>

<net id="714"><net_src comp="154" pin="0"/><net_sink comp="705" pin=3"/></net>

<net id="721"><net_src comp="6" pin="0"/><net_sink comp="715" pin=0"/></net>

<net id="722"><net_src comp="214" pin="2"/><net_sink comp="715" pin=1"/></net>

<net id="723"><net_src comp="156" pin="0"/><net_sink comp="715" pin=2"/></net>

<net id="724"><net_src comp="158" pin="0"/><net_sink comp="715" pin=3"/></net>

<net id="731"><net_src comp="20" pin="0"/><net_sink comp="725" pin=0"/></net>

<net id="732"><net_src comp="214" pin="2"/><net_sink comp="725" pin=1"/></net>

<net id="733"><net_src comp="156" pin="0"/><net_sink comp="725" pin=2"/></net>

<net id="734"><net_src comp="160" pin="0"/><net_sink comp="725" pin=3"/></net>

<net id="741"><net_src comp="6" pin="0"/><net_sink comp="735" pin=0"/></net>

<net id="742"><net_src comp="214" pin="2"/><net_sink comp="735" pin=1"/></net>

<net id="743"><net_src comp="162" pin="0"/><net_sink comp="735" pin=2"/></net>

<net id="744"><net_src comp="164" pin="0"/><net_sink comp="735" pin=3"/></net>

<net id="751"><net_src comp="20" pin="0"/><net_sink comp="745" pin=0"/></net>

<net id="752"><net_src comp="214" pin="2"/><net_sink comp="745" pin=1"/></net>

<net id="753"><net_src comp="162" pin="0"/><net_sink comp="745" pin=2"/></net>

<net id="754"><net_src comp="166" pin="0"/><net_sink comp="745" pin=3"/></net>

<net id="761"><net_src comp="6" pin="0"/><net_sink comp="755" pin=0"/></net>

<net id="762"><net_src comp="214" pin="2"/><net_sink comp="755" pin=1"/></net>

<net id="763"><net_src comp="168" pin="0"/><net_sink comp="755" pin=2"/></net>

<net id="764"><net_src comp="170" pin="0"/><net_sink comp="755" pin=3"/></net>

<net id="771"><net_src comp="20" pin="0"/><net_sink comp="765" pin=0"/></net>

<net id="772"><net_src comp="214" pin="2"/><net_sink comp="765" pin=1"/></net>

<net id="773"><net_src comp="168" pin="0"/><net_sink comp="765" pin=2"/></net>

<net id="774"><net_src comp="172" pin="0"/><net_sink comp="765" pin=3"/></net>

<net id="781"><net_src comp="6" pin="0"/><net_sink comp="775" pin=0"/></net>

<net id="782"><net_src comp="214" pin="2"/><net_sink comp="775" pin=1"/></net>

<net id="783"><net_src comp="174" pin="0"/><net_sink comp="775" pin=2"/></net>

<net id="784"><net_src comp="176" pin="0"/><net_sink comp="775" pin=3"/></net>

<net id="791"><net_src comp="20" pin="0"/><net_sink comp="785" pin=0"/></net>

<net id="792"><net_src comp="214" pin="2"/><net_sink comp="785" pin=1"/></net>

<net id="793"><net_src comp="174" pin="0"/><net_sink comp="785" pin=2"/></net>

<net id="794"><net_src comp="178" pin="0"/><net_sink comp="785" pin=3"/></net>

<net id="801"><net_src comp="6" pin="0"/><net_sink comp="795" pin=0"/></net>

<net id="802"><net_src comp="214" pin="2"/><net_sink comp="795" pin=1"/></net>

<net id="803"><net_src comp="180" pin="0"/><net_sink comp="795" pin=2"/></net>

<net id="804"><net_src comp="182" pin="0"/><net_sink comp="795" pin=3"/></net>

<net id="811"><net_src comp="20" pin="0"/><net_sink comp="805" pin=0"/></net>

<net id="812"><net_src comp="214" pin="2"/><net_sink comp="805" pin=1"/></net>

<net id="813"><net_src comp="180" pin="0"/><net_sink comp="805" pin=2"/></net>

<net id="814"><net_src comp="184" pin="0"/><net_sink comp="805" pin=3"/></net>

<net id="821"><net_src comp="6" pin="0"/><net_sink comp="815" pin=0"/></net>

<net id="822"><net_src comp="214" pin="2"/><net_sink comp="815" pin=1"/></net>

<net id="823"><net_src comp="186" pin="0"/><net_sink comp="815" pin=2"/></net>

<net id="824"><net_src comp="188" pin="0"/><net_sink comp="815" pin=3"/></net>

<net id="831"><net_src comp="20" pin="0"/><net_sink comp="825" pin=0"/></net>

<net id="832"><net_src comp="214" pin="2"/><net_sink comp="825" pin=1"/></net>

<net id="833"><net_src comp="186" pin="0"/><net_sink comp="825" pin=2"/></net>

<net id="834"><net_src comp="190" pin="0"/><net_sink comp="825" pin=3"/></net>

<net id="841"><net_src comp="20" pin="0"/><net_sink comp="835" pin=0"/></net>

<net id="842"><net_src comp="214" pin="2"/><net_sink comp="835" pin=1"/></net>

<net id="843"><net_src comp="8" pin="0"/><net_sink comp="835" pin=2"/></net>

<net id="844"><net_src comp="192" pin="0"/><net_sink comp="835" pin=3"/></net>

<net id="851"><net_src comp="20" pin="0"/><net_sink comp="845" pin=0"/></net>

<net id="852"><net_src comp="214" pin="2"/><net_sink comp="845" pin=1"/></net>

<net id="853"><net_src comp="12" pin="0"/><net_sink comp="845" pin=2"/></net>

<net id="854"><net_src comp="194" pin="0"/><net_sink comp="845" pin=3"/></net>

<net id="859"><net_src comp="227" pin="1"/><net_sink comp="855" pin=0"/></net>

<net id="860"><net_src comp="196" pin="0"/><net_sink comp="855" pin=1"/></net>

<net id="865"><net_src comp="255" pin="4"/><net_sink comp="861" pin=0"/></net>

<net id="866"><net_src comp="196" pin="0"/><net_sink comp="861" pin=1"/></net>

<net id="871"><net_src comp="275" pin="4"/><net_sink comp="867" pin=0"/></net>

<net id="872"><net_src comp="196" pin="0"/><net_sink comp="867" pin=1"/></net>

<net id="877"><net_src comp="295" pin="4"/><net_sink comp="873" pin=0"/></net>

<net id="878"><net_src comp="196" pin="0"/><net_sink comp="873" pin=1"/></net>

<net id="883"><net_src comp="315" pin="4"/><net_sink comp="879" pin=0"/></net>

<net id="884"><net_src comp="196" pin="0"/><net_sink comp="879" pin=1"/></net>

<net id="889"><net_src comp="335" pin="4"/><net_sink comp="885" pin=0"/></net>

<net id="890"><net_src comp="196" pin="0"/><net_sink comp="885" pin=1"/></net>

<net id="895"><net_src comp="355" pin="4"/><net_sink comp="891" pin=0"/></net>

<net id="896"><net_src comp="196" pin="0"/><net_sink comp="891" pin=1"/></net>

<net id="901"><net_src comp="375" pin="4"/><net_sink comp="897" pin=0"/></net>

<net id="902"><net_src comp="196" pin="0"/><net_sink comp="897" pin=1"/></net>

<net id="907"><net_src comp="395" pin="4"/><net_sink comp="903" pin=0"/></net>

<net id="908"><net_src comp="196" pin="0"/><net_sink comp="903" pin=1"/></net>

<net id="913"><net_src comp="415" pin="4"/><net_sink comp="909" pin=0"/></net>

<net id="914"><net_src comp="196" pin="0"/><net_sink comp="909" pin=1"/></net>

<net id="919"><net_src comp="435" pin="4"/><net_sink comp="915" pin=0"/></net>

<net id="920"><net_src comp="196" pin="0"/><net_sink comp="915" pin=1"/></net>

<net id="925"><net_src comp="455" pin="4"/><net_sink comp="921" pin=0"/></net>

<net id="926"><net_src comp="196" pin="0"/><net_sink comp="921" pin=1"/></net>

<net id="931"><net_src comp="475" pin="4"/><net_sink comp="927" pin=0"/></net>

<net id="932"><net_src comp="196" pin="0"/><net_sink comp="927" pin=1"/></net>

<net id="937"><net_src comp="495" pin="4"/><net_sink comp="933" pin=0"/></net>

<net id="938"><net_src comp="196" pin="0"/><net_sink comp="933" pin=1"/></net>

<net id="943"><net_src comp="515" pin="4"/><net_sink comp="939" pin=0"/></net>

<net id="944"><net_src comp="196" pin="0"/><net_sink comp="939" pin=1"/></net>

<net id="949"><net_src comp="535" pin="4"/><net_sink comp="945" pin=0"/></net>

<net id="950"><net_src comp="196" pin="0"/><net_sink comp="945" pin=1"/></net>

<net id="955"><net_src comp="555" pin="4"/><net_sink comp="951" pin=0"/></net>

<net id="956"><net_src comp="196" pin="0"/><net_sink comp="951" pin=1"/></net>

<net id="961"><net_src comp="575" pin="4"/><net_sink comp="957" pin=0"/></net>

<net id="962"><net_src comp="196" pin="0"/><net_sink comp="957" pin=1"/></net>

<net id="967"><net_src comp="595" pin="4"/><net_sink comp="963" pin=0"/></net>

<net id="968"><net_src comp="196" pin="0"/><net_sink comp="963" pin=1"/></net>

<net id="973"><net_src comp="615" pin="4"/><net_sink comp="969" pin=0"/></net>

<net id="974"><net_src comp="196" pin="0"/><net_sink comp="969" pin=1"/></net>

<net id="979"><net_src comp="635" pin="4"/><net_sink comp="975" pin=0"/></net>

<net id="980"><net_src comp="196" pin="0"/><net_sink comp="975" pin=1"/></net>

<net id="985"><net_src comp="655" pin="4"/><net_sink comp="981" pin=0"/></net>

<net id="986"><net_src comp="196" pin="0"/><net_sink comp="981" pin=1"/></net>

<net id="991"><net_src comp="675" pin="4"/><net_sink comp="987" pin=0"/></net>

<net id="992"><net_src comp="196" pin="0"/><net_sink comp="987" pin=1"/></net>

<net id="997"><net_src comp="695" pin="4"/><net_sink comp="993" pin=0"/></net>

<net id="998"><net_src comp="196" pin="0"/><net_sink comp="993" pin=1"/></net>

<net id="1003"><net_src comp="715" pin="4"/><net_sink comp="999" pin=0"/></net>

<net id="1004"><net_src comp="196" pin="0"/><net_sink comp="999" pin=1"/></net>

<net id="1009"><net_src comp="735" pin="4"/><net_sink comp="1005" pin=0"/></net>

<net id="1010"><net_src comp="196" pin="0"/><net_sink comp="1005" pin=1"/></net>

<net id="1015"><net_src comp="755" pin="4"/><net_sink comp="1011" pin=0"/></net>

<net id="1016"><net_src comp="196" pin="0"/><net_sink comp="1011" pin=1"/></net>

<net id="1021"><net_src comp="775" pin="4"/><net_sink comp="1017" pin=0"/></net>

<net id="1022"><net_src comp="196" pin="0"/><net_sink comp="1017" pin=1"/></net>

<net id="1027"><net_src comp="795" pin="4"/><net_sink comp="1023" pin=0"/></net>

<net id="1028"><net_src comp="196" pin="0"/><net_sink comp="1023" pin=1"/></net>

<net id="1033"><net_src comp="815" pin="4"/><net_sink comp="1029" pin=0"/></net>

<net id="1034"><net_src comp="196" pin="0"/><net_sink comp="1029" pin=1"/></net>

<net id="1039"><net_src comp="235" pin="4"/><net_sink comp="1035" pin=0"/></net>

<net id="1040"><net_src comp="196" pin="0"/><net_sink comp="1035" pin=1"/></net>

<net id="1045"><net_src comp="245" pin="4"/><net_sink comp="1041" pin=0"/></net>

<net id="1046"><net_src comp="196" pin="0"/><net_sink comp="1041" pin=1"/></net>

<net id="1052"><net_src comp="208" pin="0"/><net_sink comp="1047" pin=2"/></net>

<net id="1056"><net_src comp="1047" pin="3"/><net_sink comp="1053" pin=0"/></net>

<net id="1062"><net_src comp="208" pin="0"/><net_sink comp="1057" pin=2"/></net>

<net id="1066"><net_src comp="1057" pin="3"/><net_sink comp="1063" pin=0"/></net>

<net id="1072"><net_src comp="208" pin="0"/><net_sink comp="1067" pin=2"/></net>

<net id="1076"><net_src comp="1067" pin="3"/><net_sink comp="1073" pin=0"/></net>

<net id="1082"><net_src comp="208" pin="0"/><net_sink comp="1077" pin=2"/></net>

<net id="1086"><net_src comp="1077" pin="3"/><net_sink comp="1083" pin=0"/></net>

<net id="1092"><net_src comp="208" pin="0"/><net_sink comp="1087" pin=2"/></net>

<net id="1096"><net_src comp="1087" pin="3"/><net_sink comp="1093" pin=0"/></net>

<net id="1102"><net_src comp="208" pin="0"/><net_sink comp="1097" pin=2"/></net>

<net id="1106"><net_src comp="1097" pin="3"/><net_sink comp="1103" pin=0"/></net>

<net id="1112"><net_src comp="208" pin="0"/><net_sink comp="1107" pin=2"/></net>

<net id="1116"><net_src comp="1107" pin="3"/><net_sink comp="1113" pin=0"/></net>

<net id="1122"><net_src comp="208" pin="0"/><net_sink comp="1117" pin=2"/></net>

<net id="1126"><net_src comp="1117" pin="3"/><net_sink comp="1123" pin=0"/></net>

<net id="1132"><net_src comp="208" pin="0"/><net_sink comp="1127" pin=2"/></net>

<net id="1136"><net_src comp="1127" pin="3"/><net_sink comp="1133" pin=0"/></net>

<net id="1142"><net_src comp="208" pin="0"/><net_sink comp="1137" pin=2"/></net>

<net id="1146"><net_src comp="1137" pin="3"/><net_sink comp="1143" pin=0"/></net>

<net id="1152"><net_src comp="208" pin="0"/><net_sink comp="1147" pin=2"/></net>

<net id="1156"><net_src comp="1147" pin="3"/><net_sink comp="1153" pin=0"/></net>

<net id="1162"><net_src comp="208" pin="0"/><net_sink comp="1157" pin=2"/></net>

<net id="1166"><net_src comp="1157" pin="3"/><net_sink comp="1163" pin=0"/></net>

<net id="1172"><net_src comp="208" pin="0"/><net_sink comp="1167" pin=2"/></net>

<net id="1176"><net_src comp="1167" pin="3"/><net_sink comp="1173" pin=0"/></net>

<net id="1182"><net_src comp="208" pin="0"/><net_sink comp="1177" pin=2"/></net>

<net id="1186"><net_src comp="1177" pin="3"/><net_sink comp="1183" pin=0"/></net>

<net id="1192"><net_src comp="208" pin="0"/><net_sink comp="1187" pin=2"/></net>

<net id="1196"><net_src comp="1187" pin="3"/><net_sink comp="1193" pin=0"/></net>

<net id="1202"><net_src comp="208" pin="0"/><net_sink comp="1197" pin=2"/></net>

<net id="1206"><net_src comp="1197" pin="3"/><net_sink comp="1203" pin=0"/></net>

<net id="1212"><net_src comp="208" pin="0"/><net_sink comp="1207" pin=2"/></net>

<net id="1216"><net_src comp="1207" pin="3"/><net_sink comp="1213" pin=0"/></net>

<net id="1222"><net_src comp="208" pin="0"/><net_sink comp="1217" pin=2"/></net>

<net id="1226"><net_src comp="1217" pin="3"/><net_sink comp="1223" pin=0"/></net>

<net id="1232"><net_src comp="208" pin="0"/><net_sink comp="1227" pin=2"/></net>

<net id="1236"><net_src comp="1227" pin="3"/><net_sink comp="1233" pin=0"/></net>

<net id="1242"><net_src comp="208" pin="0"/><net_sink comp="1237" pin=2"/></net>

<net id="1246"><net_src comp="1237" pin="3"/><net_sink comp="1243" pin=0"/></net>

<net id="1252"><net_src comp="208" pin="0"/><net_sink comp="1247" pin=2"/></net>

<net id="1256"><net_src comp="1247" pin="3"/><net_sink comp="1253" pin=0"/></net>

<net id="1262"><net_src comp="208" pin="0"/><net_sink comp="1257" pin=2"/></net>

<net id="1266"><net_src comp="1257" pin="3"/><net_sink comp="1263" pin=0"/></net>

<net id="1272"><net_src comp="208" pin="0"/><net_sink comp="1267" pin=2"/></net>

<net id="1276"><net_src comp="1267" pin="3"/><net_sink comp="1273" pin=0"/></net>

<net id="1282"><net_src comp="208" pin="0"/><net_sink comp="1277" pin=2"/></net>

<net id="1286"><net_src comp="1277" pin="3"/><net_sink comp="1283" pin=0"/></net>

<net id="1292"><net_src comp="208" pin="0"/><net_sink comp="1287" pin=2"/></net>

<net id="1296"><net_src comp="1287" pin="3"/><net_sink comp="1293" pin=0"/></net>

<net id="1302"><net_src comp="208" pin="0"/><net_sink comp="1297" pin=2"/></net>

<net id="1306"><net_src comp="1297" pin="3"/><net_sink comp="1303" pin=0"/></net>

<net id="1312"><net_src comp="208" pin="0"/><net_sink comp="1307" pin=2"/></net>

<net id="1316"><net_src comp="1307" pin="3"/><net_sink comp="1313" pin=0"/></net>

<net id="1322"><net_src comp="208" pin="0"/><net_sink comp="1317" pin=2"/></net>

<net id="1326"><net_src comp="1317" pin="3"/><net_sink comp="1323" pin=0"/></net>

<net id="1332"><net_src comp="208" pin="0"/><net_sink comp="1327" pin=2"/></net>

<net id="1336"><net_src comp="1327" pin="3"/><net_sink comp="1333" pin=0"/></net>

<net id="1342"><net_src comp="208" pin="0"/><net_sink comp="1337" pin=2"/></net>

<net id="1346"><net_src comp="1337" pin="3"/><net_sink comp="1343" pin=0"/></net>

<net id="1352"><net_src comp="208" pin="0"/><net_sink comp="1347" pin=2"/></net>

<net id="1356"><net_src comp="1347" pin="3"/><net_sink comp="1353" pin=0"/></net>

<net id="1362"><net_src comp="208" pin="0"/><net_sink comp="1357" pin=2"/></net>

<net id="1398"><net_src comp="210" pin="0"/><net_sink comp="1363" pin=0"/></net>

<net id="1399"><net_src comp="1357" pin="3"/><net_sink comp="1363" pin=1"/></net>

<net id="1400"><net_src comp="1353" pin="1"/><net_sink comp="1363" pin=2"/></net>

<net id="1401"><net_src comp="1343" pin="1"/><net_sink comp="1363" pin=3"/></net>

<net id="1402"><net_src comp="1333" pin="1"/><net_sink comp="1363" pin=4"/></net>

<net id="1403"><net_src comp="1323" pin="1"/><net_sink comp="1363" pin=5"/></net>

<net id="1404"><net_src comp="1313" pin="1"/><net_sink comp="1363" pin=6"/></net>

<net id="1405"><net_src comp="1303" pin="1"/><net_sink comp="1363" pin=7"/></net>

<net id="1406"><net_src comp="1293" pin="1"/><net_sink comp="1363" pin=8"/></net>

<net id="1407"><net_src comp="1283" pin="1"/><net_sink comp="1363" pin=9"/></net>

<net id="1408"><net_src comp="1273" pin="1"/><net_sink comp="1363" pin=10"/></net>

<net id="1409"><net_src comp="1263" pin="1"/><net_sink comp="1363" pin=11"/></net>

<net id="1410"><net_src comp="1253" pin="1"/><net_sink comp="1363" pin=12"/></net>

<net id="1411"><net_src comp="1243" pin="1"/><net_sink comp="1363" pin=13"/></net>

<net id="1412"><net_src comp="1233" pin="1"/><net_sink comp="1363" pin=14"/></net>

<net id="1413"><net_src comp="1223" pin="1"/><net_sink comp="1363" pin=15"/></net>

<net id="1414"><net_src comp="1213" pin="1"/><net_sink comp="1363" pin=16"/></net>

<net id="1415"><net_src comp="1203" pin="1"/><net_sink comp="1363" pin=17"/></net>

<net id="1416"><net_src comp="1193" pin="1"/><net_sink comp="1363" pin=18"/></net>

<net id="1417"><net_src comp="1183" pin="1"/><net_sink comp="1363" pin=19"/></net>

<net id="1418"><net_src comp="1173" pin="1"/><net_sink comp="1363" pin=20"/></net>

<net id="1419"><net_src comp="1163" pin="1"/><net_sink comp="1363" pin=21"/></net>

<net id="1420"><net_src comp="1153" pin="1"/><net_sink comp="1363" pin=22"/></net>

<net id="1421"><net_src comp="1143" pin="1"/><net_sink comp="1363" pin=23"/></net>

<net id="1422"><net_src comp="1133" pin="1"/><net_sink comp="1363" pin=24"/></net>

<net id="1423"><net_src comp="1123" pin="1"/><net_sink comp="1363" pin=25"/></net>

<net id="1424"><net_src comp="1113" pin="1"/><net_sink comp="1363" pin=26"/></net>

<net id="1425"><net_src comp="1103" pin="1"/><net_sink comp="1363" pin=27"/></net>

<net id="1426"><net_src comp="1093" pin="1"/><net_sink comp="1363" pin=28"/></net>

<net id="1427"><net_src comp="1083" pin="1"/><net_sink comp="1363" pin=29"/></net>

<net id="1428"><net_src comp="1073" pin="1"/><net_sink comp="1363" pin=30"/></net>

<net id="1429"><net_src comp="1063" pin="1"/><net_sink comp="1363" pin=31"/></net>

<net id="1430"><net_src comp="1053" pin="1"/><net_sink comp="1363" pin=32"/></net>

<net id="1434"><net_src comp="1363" pin="33"/><net_sink comp="1431" pin=0"/></net>

<net id="1435"><net_src comp="1431" pin="1"/><net_sink comp="220" pin=2"/></net>

<net id="1439"><net_src comp="231" pin="1"/><net_sink comp="1436" pin=0"/></net>

<net id="1440"><net_src comp="1436" pin="1"/><net_sink comp="1047" pin=1"/></net>

<net id="1444"><net_src comp="265" pin="4"/><net_sink comp="1441" pin=0"/></net>

<net id="1445"><net_src comp="1441" pin="1"/><net_sink comp="1057" pin=1"/></net>

<net id="1449"><net_src comp="285" pin="4"/><net_sink comp="1446" pin=0"/></net>

<net id="1450"><net_src comp="1446" pin="1"/><net_sink comp="1067" pin=1"/></net>

<net id="1454"><net_src comp="305" pin="4"/><net_sink comp="1451" pin=0"/></net>

<net id="1455"><net_src comp="1451" pin="1"/><net_sink comp="1077" pin=1"/></net>

<net id="1459"><net_src comp="325" pin="4"/><net_sink comp="1456" pin=0"/></net>

<net id="1460"><net_src comp="1456" pin="1"/><net_sink comp="1087" pin=1"/></net>

<net id="1464"><net_src comp="345" pin="4"/><net_sink comp="1461" pin=0"/></net>

<net id="1465"><net_src comp="1461" pin="1"/><net_sink comp="1097" pin=1"/></net>

<net id="1469"><net_src comp="365" pin="4"/><net_sink comp="1466" pin=0"/></net>

<net id="1470"><net_src comp="1466" pin="1"/><net_sink comp="1107" pin=1"/></net>

<net id="1474"><net_src comp="385" pin="4"/><net_sink comp="1471" pin=0"/></net>

<net id="1475"><net_src comp="1471" pin="1"/><net_sink comp="1117" pin=1"/></net>

<net id="1479"><net_src comp="405" pin="4"/><net_sink comp="1476" pin=0"/></net>

<net id="1480"><net_src comp="1476" pin="1"/><net_sink comp="1127" pin=1"/></net>

<net id="1484"><net_src comp="425" pin="4"/><net_sink comp="1481" pin=0"/></net>

<net id="1485"><net_src comp="1481" pin="1"/><net_sink comp="1137" pin=1"/></net>

<net id="1489"><net_src comp="445" pin="4"/><net_sink comp="1486" pin=0"/></net>

<net id="1490"><net_src comp="1486" pin="1"/><net_sink comp="1147" pin=1"/></net>

<net id="1494"><net_src comp="465" pin="4"/><net_sink comp="1491" pin=0"/></net>

<net id="1495"><net_src comp="1491" pin="1"/><net_sink comp="1157" pin=1"/></net>

<net id="1499"><net_src comp="485" pin="4"/><net_sink comp="1496" pin=0"/></net>

<net id="1500"><net_src comp="1496" pin="1"/><net_sink comp="1167" pin=1"/></net>

<net id="1504"><net_src comp="505" pin="4"/><net_sink comp="1501" pin=0"/></net>

<net id="1505"><net_src comp="1501" pin="1"/><net_sink comp="1177" pin=1"/></net>

<net id="1509"><net_src comp="525" pin="4"/><net_sink comp="1506" pin=0"/></net>

<net id="1510"><net_src comp="1506" pin="1"/><net_sink comp="1187" pin=1"/></net>

<net id="1514"><net_src comp="545" pin="4"/><net_sink comp="1511" pin=0"/></net>

<net id="1515"><net_src comp="1511" pin="1"/><net_sink comp="1197" pin=1"/></net>

<net id="1519"><net_src comp="565" pin="4"/><net_sink comp="1516" pin=0"/></net>

<net id="1520"><net_src comp="1516" pin="1"/><net_sink comp="1207" pin=1"/></net>

<net id="1524"><net_src comp="585" pin="4"/><net_sink comp="1521" pin=0"/></net>

<net id="1525"><net_src comp="1521" pin="1"/><net_sink comp="1217" pin=1"/></net>

<net id="1529"><net_src comp="605" pin="4"/><net_sink comp="1526" pin=0"/></net>

<net id="1530"><net_src comp="1526" pin="1"/><net_sink comp="1227" pin=1"/></net>

<net id="1534"><net_src comp="625" pin="4"/><net_sink comp="1531" pin=0"/></net>

<net id="1535"><net_src comp="1531" pin="1"/><net_sink comp="1237" pin=1"/></net>

<net id="1539"><net_src comp="645" pin="4"/><net_sink comp="1536" pin=0"/></net>

<net id="1540"><net_src comp="1536" pin="1"/><net_sink comp="1247" pin=1"/></net>

<net id="1544"><net_src comp="665" pin="4"/><net_sink comp="1541" pin=0"/></net>

<net id="1545"><net_src comp="1541" pin="1"/><net_sink comp="1257" pin=1"/></net>

<net id="1549"><net_src comp="685" pin="4"/><net_sink comp="1546" pin=0"/></net>

<net id="1550"><net_src comp="1546" pin="1"/><net_sink comp="1267" pin=1"/></net>

<net id="1554"><net_src comp="705" pin="4"/><net_sink comp="1551" pin=0"/></net>

<net id="1555"><net_src comp="1551" pin="1"/><net_sink comp="1277" pin=1"/></net>

<net id="1559"><net_src comp="725" pin="4"/><net_sink comp="1556" pin=0"/></net>

<net id="1560"><net_src comp="1556" pin="1"/><net_sink comp="1287" pin=1"/></net>

<net id="1564"><net_src comp="745" pin="4"/><net_sink comp="1561" pin=0"/></net>

<net id="1565"><net_src comp="1561" pin="1"/><net_sink comp="1297" pin=1"/></net>

<net id="1569"><net_src comp="765" pin="4"/><net_sink comp="1566" pin=0"/></net>

<net id="1570"><net_src comp="1566" pin="1"/><net_sink comp="1307" pin=1"/></net>

<net id="1574"><net_src comp="785" pin="4"/><net_sink comp="1571" pin=0"/></net>

<net id="1575"><net_src comp="1571" pin="1"/><net_sink comp="1317" pin=1"/></net>

<net id="1579"><net_src comp="805" pin="4"/><net_sink comp="1576" pin=0"/></net>

<net id="1580"><net_src comp="1576" pin="1"/><net_sink comp="1327" pin=1"/></net>

<net id="1584"><net_src comp="825" pin="4"/><net_sink comp="1581" pin=0"/></net>

<net id="1585"><net_src comp="1581" pin="1"/><net_sink comp="1337" pin=1"/></net>

<net id="1589"><net_src comp="835" pin="4"/><net_sink comp="1586" pin=0"/></net>

<net id="1590"><net_src comp="1586" pin="1"/><net_sink comp="1347" pin=1"/></net>

<net id="1594"><net_src comp="845" pin="4"/><net_sink comp="1591" pin=0"/></net>

<net id="1595"><net_src comp="1591" pin="1"/><net_sink comp="1357" pin=1"/></net>

<net id="1599"><net_src comp="855" pin="2"/><net_sink comp="1596" pin=0"/></net>

<net id="1600"><net_src comp="1596" pin="1"/><net_sink comp="1047" pin=0"/></net>

<net id="1604"><net_src comp="861" pin="2"/><net_sink comp="1601" pin=0"/></net>

<net id="1605"><net_src comp="1601" pin="1"/><net_sink comp="1057" pin=0"/></net>

<net id="1609"><net_src comp="867" pin="2"/><net_sink comp="1606" pin=0"/></net>

<net id="1610"><net_src comp="1606" pin="1"/><net_sink comp="1067" pin=0"/></net>

<net id="1614"><net_src comp="873" pin="2"/><net_sink comp="1611" pin=0"/></net>

<net id="1615"><net_src comp="1611" pin="1"/><net_sink comp="1077" pin=0"/></net>

<net id="1619"><net_src comp="879" pin="2"/><net_sink comp="1616" pin=0"/></net>

<net id="1620"><net_src comp="1616" pin="1"/><net_sink comp="1087" pin=0"/></net>

<net id="1624"><net_src comp="885" pin="2"/><net_sink comp="1621" pin=0"/></net>

<net id="1625"><net_src comp="1621" pin="1"/><net_sink comp="1097" pin=0"/></net>

<net id="1629"><net_src comp="891" pin="2"/><net_sink comp="1626" pin=0"/></net>

<net id="1630"><net_src comp="1626" pin="1"/><net_sink comp="1107" pin=0"/></net>

<net id="1634"><net_src comp="897" pin="2"/><net_sink comp="1631" pin=0"/></net>

<net id="1635"><net_src comp="1631" pin="1"/><net_sink comp="1117" pin=0"/></net>

<net id="1639"><net_src comp="903" pin="2"/><net_sink comp="1636" pin=0"/></net>

<net id="1640"><net_src comp="1636" pin="1"/><net_sink comp="1127" pin=0"/></net>

<net id="1644"><net_src comp="909" pin="2"/><net_sink comp="1641" pin=0"/></net>

<net id="1645"><net_src comp="1641" pin="1"/><net_sink comp="1137" pin=0"/></net>

<net id="1649"><net_src comp="915" pin="2"/><net_sink comp="1646" pin=0"/></net>

<net id="1650"><net_src comp="1646" pin="1"/><net_sink comp="1147" pin=0"/></net>

<net id="1654"><net_src comp="921" pin="2"/><net_sink comp="1651" pin=0"/></net>

<net id="1655"><net_src comp="1651" pin="1"/><net_sink comp="1157" pin=0"/></net>

<net id="1659"><net_src comp="927" pin="2"/><net_sink comp="1656" pin=0"/></net>

<net id="1660"><net_src comp="1656" pin="1"/><net_sink comp="1167" pin=0"/></net>

<net id="1664"><net_src comp="933" pin="2"/><net_sink comp="1661" pin=0"/></net>

<net id="1665"><net_src comp="1661" pin="1"/><net_sink comp="1177" pin=0"/></net>

<net id="1669"><net_src comp="939" pin="2"/><net_sink comp="1666" pin=0"/></net>

<net id="1670"><net_src comp="1666" pin="1"/><net_sink comp="1187" pin=0"/></net>

<net id="1674"><net_src comp="945" pin="2"/><net_sink comp="1671" pin=0"/></net>

<net id="1675"><net_src comp="1671" pin="1"/><net_sink comp="1197" pin=0"/></net>

<net id="1679"><net_src comp="951" pin="2"/><net_sink comp="1676" pin=0"/></net>

<net id="1680"><net_src comp="1676" pin="1"/><net_sink comp="1207" pin=0"/></net>

<net id="1684"><net_src comp="957" pin="2"/><net_sink comp="1681" pin=0"/></net>

<net id="1685"><net_src comp="1681" pin="1"/><net_sink comp="1217" pin=0"/></net>

<net id="1689"><net_src comp="963" pin="2"/><net_sink comp="1686" pin=0"/></net>

<net id="1690"><net_src comp="1686" pin="1"/><net_sink comp="1227" pin=0"/></net>

<net id="1694"><net_src comp="969" pin="2"/><net_sink comp="1691" pin=0"/></net>

<net id="1695"><net_src comp="1691" pin="1"/><net_sink comp="1237" pin=0"/></net>

<net id="1699"><net_src comp="975" pin="2"/><net_sink comp="1696" pin=0"/></net>

<net id="1700"><net_src comp="1696" pin="1"/><net_sink comp="1247" pin=0"/></net>

<net id="1704"><net_src comp="981" pin="2"/><net_sink comp="1701" pin=0"/></net>

<net id="1705"><net_src comp="1701" pin="1"/><net_sink comp="1257" pin=0"/></net>

<net id="1709"><net_src comp="987" pin="2"/><net_sink comp="1706" pin=0"/></net>

<net id="1710"><net_src comp="1706" pin="1"/><net_sink comp="1267" pin=0"/></net>

<net id="1714"><net_src comp="993" pin="2"/><net_sink comp="1711" pin=0"/></net>

<net id="1715"><net_src comp="1711" pin="1"/><net_sink comp="1277" pin=0"/></net>

<net id="1719"><net_src comp="999" pin="2"/><net_sink comp="1716" pin=0"/></net>

<net id="1720"><net_src comp="1716" pin="1"/><net_sink comp="1287" pin=0"/></net>

<net id="1724"><net_src comp="1005" pin="2"/><net_sink comp="1721" pin=0"/></net>

<net id="1725"><net_src comp="1721" pin="1"/><net_sink comp="1297" pin=0"/></net>

<net id="1729"><net_src comp="1011" pin="2"/><net_sink comp="1726" pin=0"/></net>

<net id="1730"><net_src comp="1726" pin="1"/><net_sink comp="1307" pin=0"/></net>

<net id="1734"><net_src comp="1017" pin="2"/><net_sink comp="1731" pin=0"/></net>

<net id="1735"><net_src comp="1731" pin="1"/><net_sink comp="1317" pin=0"/></net>

<net id="1739"><net_src comp="1023" pin="2"/><net_sink comp="1736" pin=0"/></net>

<net id="1740"><net_src comp="1736" pin="1"/><net_sink comp="1327" pin=0"/></net>

<net id="1744"><net_src comp="1029" pin="2"/><net_sink comp="1741" pin=0"/></net>

<net id="1745"><net_src comp="1741" pin="1"/><net_sink comp="1337" pin=0"/></net>

<net id="1749"><net_src comp="1035" pin="2"/><net_sink comp="1746" pin=0"/></net>

<net id="1750"><net_src comp="1746" pin="1"/><net_sink comp="1347" pin=0"/></net>

<net id="1754"><net_src comp="1041" pin="2"/><net_sink comp="1751" pin=0"/></net>

<net id="1755"><net_src comp="1751" pin="1"/><net_sink comp="1357" pin=0"/></net>

</net_list>

</model> 
---------------- Datapath Model END ------------------

* FSMD analyzer results:
  - Output states:
	Port: layer5_out | {2 }
 - Input state : 
	Port: relu<array<ap_fixed,32u>,array<ap_fixed<8,2,5,3,0>,32u>,relu_config5> : layer4_out | {1 }
  - Chain level:
	State 1
		icmp_ln1649 : 1
		icmp_ln1649_1 : 1
		icmp_ln1649_2 : 1
		icmp_ln1649_3 : 1
		icmp_ln1649_4 : 1
		icmp_ln1649_5 : 1
		icmp_ln1649_6 : 1
		icmp_ln1649_7 : 1
		icmp_ln1649_8 : 1
		icmp_ln1649_9 : 1
		icmp_ln1649_10 : 1
		icmp_ln1649_11 : 1
		icmp_ln1649_12 : 1
		icmp_ln1649_13 : 1
		icmp_ln1649_14 : 1
		icmp_ln1649_15 : 1
		icmp_ln1649_16 : 1
		icmp_ln1649_17 : 1
		icmp_ln1649_18 : 1
		icmp_ln1649_19 : 1
		icmp_ln1649_20 : 1
		icmp_ln1649_21 : 1
		icmp_ln1649_22 : 1
		icmp_ln1649_23 : 1
		icmp_ln1649_24 : 1
		icmp_ln1649_25 : 1
		icmp_ln1649_26 : 1
		icmp_ln1649_27 : 1
		icmp_ln1649_28 : 1
		icmp_ln1649_29 : 1
		icmp_ln1649_30 : 1
		icmp_ln1649_31 : 1
	State 2
		zext_ln1649 : 1
		zext_ln1649_1 : 1
		zext_ln1649_2 : 1
		zext_ln1649_3 : 1
		zext_ln1649_4 : 1
		zext_ln1649_5 : 1
		zext_ln1649_6 : 1
		zext_ln1649_7 : 1
		zext_ln1649_8 : 1
		zext_ln1649_9 : 1
		zext_ln1649_10 : 1
		zext_ln1649_11 : 1
		zext_ln1649_12 : 1
		zext_ln1649_13 : 1
		zext_ln1649_14 : 1
		zext_ln1649_15 : 1
		zext_ln1649_16 : 1
		zext_ln1649_17 : 1
		zext_ln1649_18 : 1
		zext_ln1649_19 : 1
		zext_ln1649_20 : 1
		zext_ln1649_21 : 1
		zext_ln1649_22 : 1
		zext_ln1649_23 : 1
		zext_ln1649_24 : 1
		zext_ln1649_25 : 1
		zext_ln1649_26 : 1
		zext_ln1649_27 : 1
		zext_ln1649_28 : 1
		zext_ln1649_29 : 1
		zext_ln1649_30 : 1
		or_ln57_s : 2
		zext_ln57 : 3
		write_ln57 : 4


============================================================
+ Verbose Summary: Datapath Resource usage 
============================================================

* Functional unit list:
|----------|-----------------------------|---------|---------|
| Operation|       Functional Unit       |    FF   |   LUT   |
|----------|-----------------------------|---------|---------|
|          |      icmp_ln1649_fu_855     |    0    |    11   |
|          |     icmp_ln1649_1_fu_861    |    0    |    11   |
|          |     icmp_ln1649_2_fu_867    |    0    |    11   |
|          |     icmp_ln1649_3_fu_873    |    0    |    11   |
|          |     icmp_ln1649_4_fu_879    |    0    |    11   |
|          |     icmp_ln1649_5_fu_885    |    0    |    11   |
|          |     icmp_ln1649_6_fu_891    |    0    |    11   |
|          |     icmp_ln1649_7_fu_897    |    0    |    11   |
|          |     icmp_ln1649_8_fu_903    |    0    |    11   |
|          |     icmp_ln1649_9_fu_909    |    0    |    11   |
|          |    icmp_ln1649_10_fu_915    |    0    |    11   |
|          |    icmp_ln1649_11_fu_921    |    0    |    11   |
|          |    icmp_ln1649_12_fu_927    |    0    |    11   |
|          |    icmp_ln1649_13_fu_933    |    0    |    11   |
|          |    icmp_ln1649_14_fu_939    |    0    |    11   |
|   icmp   |    icmp_ln1649_15_fu_945    |    0    |    11   |
|          |    icmp_ln1649_16_fu_951    |    0    |    11   |
|          |    icmp_ln1649_17_fu_957    |    0    |    11   |
|          |    icmp_ln1649_18_fu_963    |    0    |    11   |
|          |    icmp_ln1649_19_fu_969    |    0    |    11   |
|          |    icmp_ln1649_20_fu_975    |    0    |    11   |
|          |    icmp_ln1649_21_fu_981    |    0    |    11   |
|          |    icmp_ln1649_22_fu_987    |    0    |    11   |
|          |    icmp_ln1649_23_fu_993    |    0    |    11   |
|          |    icmp_ln1649_24_fu_999    |    0    |    11   |
|          |    icmp_ln1649_25_fu_1005   |    0    |    11   |
|          |    icmp_ln1649_26_fu_1011   |    0    |    11   |
|          |    icmp_ln1649_27_fu_1017   |    0    |    11   |
|          |    icmp_ln1649_28_fu_1023   |    0    |    11   |
|          |    icmp_ln1649_29_fu_1029   |    0    |    11   |
|          |    icmp_ln1649_30_fu_1035   |    0    |    11   |
|          |    icmp_ln1649_31_fu_1041   |    0    |    11   |
|----------|-----------------------------|---------|---------|
|          |     select_ln51_fu_1047     |    0    |    7    |
|          |    select_ln51_1_fu_1057    |    0    |    7    |
|          |    select_ln51_2_fu_1067    |    0    |    7    |
|          |    select_ln51_3_fu_1077    |    0    |    7    |
|          |    select_ln51_4_fu_1087    |    0    |    7    |
|          |    select_ln51_5_fu_1097    |    0    |    7    |
|          |    select_ln51_6_fu_1107    |    0    |    7    |
|          |    select_ln51_7_fu_1117    |    0    |    7    |
|          |    select_ln51_8_fu_1127    |    0    |    7    |
|          |    select_ln51_9_fu_1137    |    0    |    7    |
|          |    select_ln51_10_fu_1147   |    0    |    7    |
|          |    select_ln51_11_fu_1157   |    0    |    7    |
|          |    select_ln51_12_fu_1167   |    0    |    7    |
|          |    select_ln51_13_fu_1177   |    0    |    7    |
|          |    select_ln51_14_fu_1187   |    0    |    7    |
|  select  |    select_ln51_15_fu_1197   |    0    |    7    |
|          |    select_ln51_16_fu_1207   |    0    |    7    |
|          |    select_ln51_17_fu_1217   |    0    |    7    |
|          |    select_ln51_18_fu_1227   |    0    |    7    |
|          |    select_ln51_19_fu_1237   |    0    |    7    |
|          |    select_ln51_20_fu_1247   |    0    |    7    |
|          |    select_ln51_21_fu_1257   |    0    |    7    |
|          |    select_ln51_22_fu_1267   |    0    |    7    |
|          |    select_ln51_23_fu_1277   |    0    |    7    |
|          |    select_ln51_24_fu_1287   |    0    |    7    |
|          |    select_ln51_25_fu_1297   |    0    |    7    |
|          |    select_ln51_26_fu_1307   |    0    |    7    |
|          |    select_ln51_27_fu_1317   |    0    |    7    |
|          |    select_ln51_28_fu_1327   |    0    |    7    |
|          |    select_ln51_29_fu_1337   |    0    |    7    |
|          |    select_ln51_30_fu_1347   |    0    |    7    |
|          |    select_ln51_31_fu_1357   |    0    |    7    |
|----------|-----------------------------|---------|---------|
|   read   | layer4_out_read_read_fu_214 |    0    |    0    |
|----------|-----------------------------|---------|---------|
|   write  |   write_ln57_write_fu_220   |    0    |    0    |
|----------|-----------------------------|---------|---------|
|   trunc  |     in_data_data_fu_227     |    0    |    0    |
|          |     trunc_ln44_1_fu_231     |    0    |    0    |
|----------|-----------------------------|---------|---------|
|          |     trunc_ln44_2_fu_235     |    0    |    0    |
|          |     trunc_ln44_3_fu_245     |    0    |    0    |
|          |    in_data_data_8_fu_255    |    0    |    0    |
|          |     trunc_ln44_s_fu_265     |    0    |    0    |
|          |    in_data_data_9_fu_275    |    0    |    0    |
|          |     trunc_ln44_4_fu_285     |    0    |    0    |
|          |    in_data_data_10_fu_295   |    0    |    0    |
|          |     trunc_ln44_5_fu_305     |    0    |    0    |
|          |    in_data_data_11_fu_315   |    0    |    0    |
|          |     trunc_ln44_6_fu_325     |    0    |    0    |
|          |    in_data_data_12_fu_335   |    0    |    0    |
|          |     trunc_ln44_7_fu_345     |    0    |    0    |
|          |    in_data_data_13_fu_355   |    0    |    0    |
|          |     trunc_ln44_8_fu_365     |    0    |    0    |
|          |    in_data_data_14_fu_375   |    0    |    0    |
|          |     trunc_ln44_9_fu_385     |    0    |    0    |
|          |          tmp_fu_395         |    0    |    0    |
|          |     trunc_ln44_10_fu_405    |    0    |    0    |
|          |         tmp_1_fu_415        |    0    |    0    |
|          |     trunc_ln44_11_fu_425    |    0    |    0    |
|          |         tmp_2_fu_435        |    0    |    0    |
|          |     trunc_ln44_12_fu_445    |    0    |    0    |
|          |         tmp_3_fu_455        |    0    |    0    |
|          |     trunc_ln44_13_fu_465    |    0    |    0    |
|          |         tmp_4_fu_475        |    0    |    0    |
|          |     trunc_ln44_14_fu_485    |    0    |    0    |
|          |         tmp_5_fu_495        |    0    |    0    |
|          |     trunc_ln44_15_fu_505    |    0    |    0    |
|          |         tmp_6_fu_515        |    0    |    0    |
|          |     trunc_ln44_16_fu_525    |    0    |    0    |
|partselect|         tmp_7_fu_535        |    0    |    0    |
|          |     trunc_ln44_17_fu_545    |    0    |    0    |
|          |         tmp_8_fu_555        |    0    |    0    |
|          |     trunc_ln44_18_fu_565    |    0    |    0    |
|          |         tmp_9_fu_575        |    0    |    0    |
|          |     trunc_ln44_19_fu_585    |    0    |    0    |
|          |         tmp_s_fu_595        |    0    |    0    |
|          |     trunc_ln44_20_fu_605    |    0    |    0    |
|          |        tmp_10_fu_615        |    0    |    0    |
|          |     trunc_ln44_21_fu_625    |    0    |    0    |
|          |        tmp_11_fu_635        |    0    |    0    |
|          |     trunc_ln44_22_fu_645    |    0    |    0    |
|          |        tmp_12_fu_655        |    0    |    0    |
|          |     trunc_ln44_23_fu_665    |    0    |    0    |
|          |        tmp_13_fu_675        |    0    |    0    |
|          |     trunc_ln44_24_fu_685    |    0    |    0    |
|          |        tmp_14_fu_695        |    0    |    0    |
|          |     trunc_ln44_25_fu_705    |    0    |    0    |
|          |        tmp_15_fu_715        |    0    |    0    |
|          |     trunc_ln44_26_fu_725    |    0    |    0    |
|          |        tmp_16_fu_735        |    0    |    0    |
|          |     trunc_ln44_27_fu_745    |    0    |    0    |
|          |        tmp_17_fu_755        |    0    |    0    |
|          |     trunc_ln44_28_fu_765    |    0    |    0    |
|          |        tmp_18_fu_775        |    0    |    0    |
|          |     trunc_ln44_29_fu_785    |    0    |    0    |
|          |        tmp_19_fu_795        |    0    |    0    |
|          |     trunc_ln44_30_fu_805    |    0    |    0    |
|          |        tmp_20_fu_815        |    0    |    0    |
|          |     trunc_ln44_31_fu_825    |    0    |    0    |
|          |     trunc_ln44_32_fu_835    |    0    |    0    |
|          |       trunc_ln_fu_845       |    0    |    0    |
|----------|-----------------------------|---------|---------|
|          |     zext_ln1649_fu_1053     |    0    |    0    |
|          |    zext_ln1649_1_fu_1063    |    0    |    0    |
|          |    zext_ln1649_2_fu_1073    |    0    |    0    |
|          |    zext_ln1649_3_fu_1083    |    0    |    0    |
|          |    zext_ln1649_4_fu_1093    |    0    |    0    |
|          |    zext_ln1649_5_fu_1103    |    0    |    0    |
|          |    zext_ln1649_6_fu_1113    |    0    |    0    |
|          |    zext_ln1649_7_fu_1123    |    0    |    0    |
|          |    zext_ln1649_8_fu_1133    |    0    |    0    |
|          |    zext_ln1649_9_fu_1143    |    0    |    0    |
|          |    zext_ln1649_10_fu_1153   |    0    |    0    |
|          |    zext_ln1649_11_fu_1163   |    0    |    0    |
|          |    zext_ln1649_12_fu_1173   |    0    |    0    |
|          |    zext_ln1649_13_fu_1183   |    0    |    0    |
|          |    zext_ln1649_14_fu_1193   |    0    |    0    |
|   zext   |    zext_ln1649_15_fu_1203   |    0    |    0    |
|          |    zext_ln1649_16_fu_1213   |    0    |    0    |
|          |    zext_ln1649_17_fu_1223   |    0    |    0    |
|          |    zext_ln1649_18_fu_1233   |    0    |    0    |
|          |    zext_ln1649_19_fu_1243   |    0    |    0    |
|          |    zext_ln1649_20_fu_1253   |    0    |    0    |
|          |    zext_ln1649_21_fu_1263   |    0    |    0    |
|          |    zext_ln1649_22_fu_1273   |    0    |    0    |
|          |    zext_ln1649_23_fu_1283   |    0    |    0    |
|          |    zext_ln1649_24_fu_1293   |    0    |    0    |
|          |    zext_ln1649_25_fu_1303   |    0    |    0    |
|          |    zext_ln1649_26_fu_1313   |    0    |    0    |
|          |    zext_ln1649_27_fu_1323   |    0    |    0    |
|          |    zext_ln1649_28_fu_1333   |    0    |    0    |
|          |    zext_ln1649_29_fu_1343   |    0    |    0    |
|          |    zext_ln1649_30_fu_1353   |    0    |    0    |
|          |      zext_ln57_fu_1431      |    0    |    0    |
|----------|-----------------------------|---------|---------|
|bitconcatenate|      or_ln57_s_fu_1363      |    0    |    0    |
|----------|-----------------------------|---------|---------|
|   Total  |                             |    0    |   576   |
|----------|-----------------------------|---------|---------|

Memories:
N/A

* Register list:
+-----------------------+--------+
|                       |   FF   |
+-----------------------+--------+
|icmp_ln1649_10_reg_1646|    1   |
|icmp_ln1649_11_reg_1651|    1   |
|icmp_ln1649_12_reg_1656|    1   |
|icmp_ln1649_13_reg_1661|    1   |
|icmp_ln1649_14_reg_1666|    1   |
|icmp_ln1649_15_reg_1671|    1   |
|icmp_ln1649_16_reg_1676|    1   |
|icmp_ln1649_17_reg_1681|    1   |
|icmp_ln1649_18_reg_1686|    1   |
|icmp_ln1649_19_reg_1691|    1   |
| icmp_ln1649_1_reg_1601|    1   |
|icmp_ln1649_20_reg_1696|    1   |
|icmp_ln1649_21_reg_1701|    1   |
|icmp_ln1649_22_reg_1706|    1   |
|icmp_ln1649_23_reg_1711|    1   |
|icmp_ln1649_24_reg_1716|    1   |
|icmp_ln1649_25_reg_1721|    1   |
|icmp_ln1649_26_reg_1726|    1   |
|icmp_ln1649_27_reg_1731|    1   |
|icmp_ln1649_28_reg_1736|    1   |
|icmp_ln1649_29_reg_1741|    1   |
| icmp_ln1649_2_reg_1606|    1   |
|icmp_ln1649_30_reg_1746|    1   |
|icmp_ln1649_31_reg_1751|    1   |
| icmp_ln1649_3_reg_1611|    1   |
| icmp_ln1649_4_reg_1616|    1   |
| icmp_ln1649_5_reg_1621|    1   |
| icmp_ln1649_6_reg_1626|    1   |
| icmp_ln1649_7_reg_1631|    1   |
| icmp_ln1649_8_reg_1636|    1   |
| icmp_ln1649_9_reg_1641|    1   |
|  icmp_ln1649_reg_1596 |    1   |
| trunc_ln44_10_reg_1476|    7   |
| trunc_ln44_11_reg_1481|    7   |
| trunc_ln44_12_reg_1486|    7   |
| trunc_ln44_13_reg_1491|    7   |
| trunc_ln44_14_reg_1496|    7   |
| trunc_ln44_15_reg_1501|    7   |
| trunc_ln44_16_reg_1506|    7   |
| trunc_ln44_17_reg_1511|    7   |
| trunc_ln44_18_reg_1516|    7   |
| trunc_ln44_19_reg_1521|    7   |
| trunc_ln44_1_reg_1436 |    7   |
| trunc_ln44_20_reg_1526|    7   |
| trunc_ln44_21_reg_1531|    7   |
| trunc_ln44_22_reg_1536|    7   |
| trunc_ln44_23_reg_1541|    7   |
| trunc_ln44_24_reg_1546|    7   |
| trunc_ln44_25_reg_1551|    7   |
| trunc_ln44_26_reg_1556|    7   |
| trunc_ln44_27_reg_1561|    7   |
| trunc_ln44_28_reg_1566|    7   |
| trunc_ln44_29_reg_1571|    7   |
| trunc_ln44_30_reg_1576|    7   |
| trunc_ln44_31_reg_1581|    7   |
| trunc_ln44_32_reg_1586|    7   |
| trunc_ln44_4_reg_1446 |    7   |
| trunc_ln44_5_reg_1451 |    7   |
| trunc_ln44_6_reg_1456 |    7   |
| trunc_ln44_7_reg_1461 |    7   |
| trunc_ln44_8_reg_1466 |    7   |
| trunc_ln44_9_reg_1471 |    7   |
| trunc_ln44_s_reg_1441 |    7   |
|   trunc_ln_reg_1591   |    7   |
+-----------------------+--------+
|         Total         |   256  |
+-----------------------+--------+

* Multiplexer (MUX) list: 
|--------|------|------|------|--------|
|  Comp  |  Pin | Size |  BW  | S x BW |
|--------|------|------|------|--------|
|  Total |      |      |      |    0   |
|--------|------|------|------|--------|



* Summary:
+-----------+--------+--------+
|           |   FF   |   LUT  |
+-----------+--------+--------+
|  Function |    0   |   576  |
|   Memory  |    -   |    -   |
|Multiplexer|    -   |    -   |
|  Register |   256  |    -   |
+-----------+--------+--------+
|   Total   |   256  |   576  |
+-----------+--------+--------+
